,ppi,co-expression,BP,CC,MF,SM,PrP,"max(SM,PrP)",PR,OR,PP,GO,EP,Total,label
0,P49901:Q8N831,0.9999599158489236,0.1,0.35,0.9615384615384616,0.0,0.0,0.0,0.0,0.0,2.013,0.0,2.7714,5.5788282,0
1,O95231:P05106,0.2156811345703221,0.1518428477289236,0.3089118825100134,0.8414736164736164,0.29,0.0,0.29,0.9127,0.0,2.013,0.0,1.5818,0.8427939212022,0
2,P83110:Q53T59,0.5270482594955831,0.1428571428571428,0.2,0.85,0.68,3.86531,3.86531,0.0,0.0,2.013,0.17,2.7714,3.66586307305614,0
3,O00115:Q8WYK2,0.6107051864289558,0.1140993265993265,0.1857142857142857,0.5265432098765431,0.22,0.0,0.22,0.0,0.0,2.416,0.0,2.7714,1.473054528,0
4,P02792:Q96H20,0.2658207034765086,0.0836674236360565,0.4753809523809523,0.9732142857142856,0.15,3.66,3.66,0.5125,0.0,1.5978,0.0,3.9008,11.69098372368,0
5,Q13356:Q9Y3Q3,0.4783368685692088,0.1698412698412698,0.2751275510204081,0.0,0.41,0.0,0.41,0.0,0.0,2.013,0.0,2.7714,2.287319562,0
10,O43719:P14678,0.0828442445060721,0.7103174603174602,0.4851279317697229,0.9495370370370372,2.13,2.60197,2.60197,1.2535,0.6153,2.013,0.4,2.1077,3.40585457342931,1
11,Q96MT8:Q9NR11,0.60004206765584,0.1,0.25,0.8085470085470085,0.68,0.0,0.68,0.0,0.0,2.416,0.0,5.6875,9.34388,0
12,O95969:P61758,-0.1639342797339923,0.0,0.3291666666666666,0.0,0.54,0.0,0.54,1.2535,0.0,1.1933,0.0,0.8888,0.7179129455256,0
14,Q30KR1:Q9H299,0.0,0.1428571428571428,0.3388888888888888,0.2222222222222222,0.19,0.0,0.19,0.0,0.0,1.1933,0.0,0.4364,0.0989436628,0
15,P62851:Q96AE4,0.7804264893801858,0.0756410256410256,0.5800000000000001,0.845,0.94,0.0,0.94,1.2535,0.0,2.013,0.0,9.4687,22.458788414799,0
17,P05231:Q9BVM2,-0.0310197153073863,0.242063492063492,0.6,1.0,0.41,0.0,0.41,0.0,0.0,2.013,0.0,1.1757,0.970340481,0
19,P06899:P61077,0.2246876010890319,0.0914859993807362,0.7893939393939394,0.7918595679012346,0.19,0.0,0.19,4.2492,0.6153,0.993,0.0,2.1077,1.0396944672392,1
20,Q16540:Q9NPF7,0.1335251743909257,0.0756746654705838,0.39,0.8518518518518517,0.54,0.0,0.54,0.5125,0.0,1.1933,0.0,2.1077,0.6960590199675,0
21,O95169:O95178,0.5007467234236996,0.3844535094535095,0.6557692307692307,1.0,0.54,0.0,0.54,0.0,0.0,0.0,69.61,45.2798,1702.04051412,1
23,P98172:Q86UZ6,0.1851840882403453,0.1117424242424242,0.4666666666666666,0.1773809523809523,0.29,0.0,0.29,0.0,0.0,2.416,0.0,3.9008,2.733056512,0
25,P47813:Q9BXN6,-0.0752406204165022,0.0,0.6,1.0,0.17,0.0,0.17,0.0,0.0,0.0,0.0,0.4364,0.074188,0
29,P57738:Q9Y2L1,0.2566298136503943,0.0924783549783549,0.3954648526077097,0.6654761904761904,0.41,0.0,0.41,0.9127,0.0,1.5978,0.0,1.1757,0.70296037046622,0
31,P15509:Q01844,0.0347354599804683,0.125,0.3488888888888889,0.9083333333333334,0.41,3.84,3.84,2.3254,0.0,2.416,0.0,1.1757,25.3642684280832,0
33,Q99743:Q9NWU5,-0.0314229195917014,0.1339285714285714,0.1956168831168831,0.3333333333333333,0.68,0.0,0.68,0.0,0.0,2.013,0.0,0.7126,0.975435384,0
34,P10809:P50542,-0.0310422414192413,0.2478311189494499,0.4340722495894909,0.7466244725738397,0.54,9.47493,9.47493,0.0,0.6153,1.5978,5.86,9.4687,516.860466137875,0
35,Q9H410:Q9H9P8,0.2947364567664542,0.2291666666666666,0.35,0.1666666666666666,0.0,0.0,0.0,0.0,0.0,0.0,0.0,5.6875,5.6875,0
36,P35346:Q8IXH7,-0.0034783322688344,0.1111111111111111,0.3302277432712215,0.953125,0.0,0.0,0.0,0.0,0.0,2.013,0.0,0.7126,1.4344638,0
42,O94991:Q96IY1,0.3902170306908706,0.1555555555555555,0.269047619047619,1.0,0.41,0.0,0.41,0.0,0.0,2.416,0.0,1.5818,1.566867808,0
43,P20265:Q8IWT1,0.4676228746998546,0.1283752705627705,0.1825396825396825,0.4524350649350649,0.68,0.0,0.68,0.0,0.0,1.5978,0.0,2.7714,3.0111371856,0
44,A6NNW6:O60831,0.3989317786133603,0.0590277777777777,0.1661375661375661,0.1666666666666666,0.0,0.0,0.0,0.0,0.0,2.013,0.0,0.4364,0.8784732,0
45,Q8NG48:Q96AP0,0.5861305995790373,0.0887996776885666,0.0,0.0,0.41,2.59,2.59,0.0,0.0,2.416,0.0,1.1757,7.356872208,0
48,Q96D46:Q9BPX5,0.2161158651890303,0.1017316017316017,0.3388888888888888,0.2392857142857142,0.0,0.0,0.0,0.0,0.0,2.013,0.0,5.6875,11.4489375,0
49,Q08AD1:Q7L5N1,0.7339828501862705,0.0846560846560846,0.4812499999999999,0.9601190476190476,0.57,0.0,0.57,0.0,0.0,1.5978,0.0,2.1077,1.9195793442,0
51,Q13868:Q9UKT6,-0.0499705126605977,0.1380952380952381,0.7932291666666667,0.7083333333333334,0.41,0.0,0.41,0.0,0.0,1.5978,0.0,2.1077,1.3807500546,0
53,O60516:P06396,0.2286534130687133,0.0730924657395245,0.3893537414965986,0.9778751123090744,0.24,0.0,0.24,1.2535,0.0,2.013,0.0,0.4364,0.264279877488,0
54,O60437:P62318,0.2263899651614036,0.0995980210265924,0.3861382909328115,0.8857723577235771,27.3,0.0,27.3,0.0,0.0,1.1933,0.0,1.1757,38.300884713,0
56,Q96MT8:Q9NYW2,0.0945195319692997,0.1777777777777777,0.3809523809523809,0.3238095238095238,0.68,0.0,0.68,0.0,0.0,2.013,0.0,1.5818,2.165231112,0
59,O75683:P30050,0.697495994340429,0.1180555555555555,0.3864761904761905,0.4523809523809524,0.41,0.0,0.41,2.0764,0.0,1.1933,0.0,5.6875,5.777845534825,0
60,P62841:Q96CT7,0.4624581432098833,0.1444444444444444,0.5066666666666666,0.6041666666666666,0.15,0.0,0.15,0.0,0.0,0.0,0.0,18.4426,2.76639,1
64,P09936:Q14134,-0.1483303058577182,0.1303571428571428,0.1714285714285714,0.9527310924369746,0.22,0.0,0.22,0.0,0.0,2.013,0.0,1.1757,0.520670502,0
66,P62191:P62195,0.6221148358406389,0.4102443609022556,0.8179197994987469,0.9313822751322752,282.86,0.0,282.86,2.409,1850.0086,0.0,24.11,18.4426,560533330.379054,1
68,Q5XKL5:Q8WUW1,-0.0568471730821056,0.0838217338217338,0.3743589743589744,0.0,0.0,0.0,0.0,0.0,0.0,1.5978,0.0,1.1757,1.87853346,0
69,P56277:Q93077,-0.1638303360495414,0.0,0.3125,0.0,0.41,0.0,0.41,0.0,0.0,0.993,0.0,1.5818,0.643998234,0
70,P41219:P63000,-0.0770773767783821,0.1075112316358814,0.7630407124681935,0.9104813762626264,0.0,3.66,3.66,3.124,0.6153,1.5978,0.0,0.7962,8.95001196184537,0
71,P04637:P27694,0.849867766170528,0.4217790440012661,0.9057347670250896,0.8325060532687654,0.23,0.0,0.23,2.3254,0.0,1.5978,69.61,5.6875,338.330354967355,1
72,Q3ZCQ8:Q6A162,-0.0895483902624689,0.1625,0.4627450980392156,0.998501872659176,0.15,0.0,0.15,0.0,0.0,1.5978,0.0,1.1757,0.281780019,0
73,Q8IVW8:Q96FW1,0.2882642313917827,0.1108563154017699,0.3666666666666667,0.2400589101620029,0.0,0.0,0.0,0.0,0.0,2.013,0.0,1.5818,3.1841634,0
75,Q96MT8:Q9P2G1,0.6406539162198314,0.1180555555555555,0.3333333333333333,0.3968253968253968,2.49,0.0,2.49,0.0,0.0,2.416,0.0,3.9008,23.466588672,0
76,O95154:P51959,0.0135291818942589,0.1680184894470608,0.4271604938271605,0.9571428571428572,0.22,0.0,0.22,0.0,0.0,2.013,0.0,1.5818,0.700515948,0
79,P04921:Q00013,0.828786232228469,0.0,0.6763888888888889,0.9730639730639732,0.41,2.77721,2.77721,0.0,0.0,2.416,0.0,5.6875,38.16164261,1
80,P56749:Q9NP71,0.3030217665437659,0.0940712759462759,0.4574074074074074,0.2662698412698412,0.24,0.0,0.24,0.0,0.0,2.013,0.0,1.5818,0.764199216,0
81,P51991:Q16665,0.3480150541995943,0.0673849880290523,0.5529411764705883,0.8152679275019701,0.83,0.0,0.83,0.0,0.6153,2.416,0.0,2.7714,3.4194885199776,0
82,Q16795:Q17R89,0.2055166994557081,0.1103183853183853,0.2001082251082251,0.5119047619047619,0.23,0.0,0.23,0.0,0.0,2.013,0.0,1.1757,0.544337343,0
85,P62244:P62277,0.9771570112751672,0.6994047619047619,0.6767857142857142,0.6355555555555554,80.27,3.52956,80.27,4.2492,30.1977,1.5978,24.11,38.174,15146824.6739568,1
86,P59768:Q7Z7C7,0.3197258699552818,0.1471445221445221,0.275,1.0,0.0,0.0,0.0,0.0,0.0,2.013,0.0,0.6915,1.3919895,0
87,Q969Q6:Q96IY1,0.5850605456202389,0.1698412698412698,0.6505952380952381,1.0,0.0,0.0,0.0,0.0,0.0,1.5978,0.0,18.4426,29.46758628,0
91,P62807:Q9NUM3,0.3470961190727587,0.0877372627372627,0.3208333333333333,0.8709595959595959,0.94,0.0,0.94,0.0,0.0,0.0,0.0,1.5818,1.486892,0
92,Q96MW7:Q9UJV3,0.1862630284658113,0.0,0.1466666666666666,0.9852627257799672,0.54,3.51,3.51,0.0,0.0,1.5978,0.0,0.8888,4.9846374864,0
93,Q8WVK7:Q9HBF4,0.2764316606135608,0.1693650793650793,0.2630434782608695,0.5380952380952381,0.26,3.51,3.51,0.5125,0.0,2.013,0.0,1.1757,4.2573688603875,0
94,Q13620:Q9UID3,0.450942758409695,0.1280812324929972,0.3096153846153845,1.0,0.62,0.0,0.62,0.0,0.0,2.013,0.0,3.9008,4.868432448,0
95,P10721:Q9NPD3,-0.0310499439778363,0.1195233585858585,0.3172123015873015,0.9349587912087912,0.41,0.0,0.41,0.0,0.6153,1.5978,0.0,0.7126,0.28723609025244,0
96,P40306:Q8WZ04,-0.1014791138034073,0.1639430014430014,0.3333333333333333,0.125,0.3,0.0,0.3,0.0,0.0,2.013,0.0,1.1757,0.71000523,0
98,P57773:Q71UI9,-0.0081602670971794,0.1333333333333333,0.1349206349206349,0.1169642857142857,0.54,0.0,0.54,1.2535,0.0,1.1933,0.0,0.8888,0.7179129455256,0
99,P48061:Q13291,-0.1000105749592063,0.1895073815073815,0.3759920634920635,0.8386363636363636,1.52,0.0,1.52,0.9127,0.0,0.0,0.0,2.1077,2.9240206408,0
100,P14867:P47870,0.9869441586234592,0.325595238095238,0.4271164021164021,0.4831168831168831,869.75,3.51,869.75,0.0,13.3811,2.416,105.17,18.4426,54537748.4636257,1
101,P13639:Q99653,-0.0456807933436218,0.1012692952209081,0.5211484593837534,0.6368253968253968,0.29,0.0,0.29,0.0,0.0,2.013,0.0,9.4687,5.527542999,0
103,O60220:P60891,0.5796797987282347,0.251677615313979,0.1916666666666666,0.9563864087301588,0.0,0.0,0.0,0.0,0.0,2.013,0.0,18.4426,37.1249538,0
104,P62993:Q969Q6,0.5576477747125393,0.174582362082362,0.5083333333333333,0.9272727272727272,0.0,20.6262,20.6262,0.0,0.0,2.013,0.0,5.6875,236.1480746625,0
105,P13747:Q14457,0.3453634425666058,0.1439505347593582,0.3443036354326677,0.9707207207207208,0.41,3.51,3.51,0.0,0.0,0.9594,0.0,1.5818,5.3267020092,0
106,P28331:P49821,0.6595458466446616,0.6044683257918552,0.4863636363636363,0.8356812169312169,869.75,0.0,869.75,0.0,3.1392,1.5978,69.61,45.2798,13750293.6689607,1
107,P13747:P35557,-0.1972960635904438,0.1156143216804981,0.48,0.3281400966183574,0.41,56.9,56.9,0.0,0.0,0.9878,0.0,0.8888,49.955732816,0
108,P11940:Q9Y376,0.5885163589773506,0.1073502886002886,0.3827777777777778,0.8754578754578756,0.0,0.0,0.0,0.0,0.0,1.5978,0.0,9.4687,15.12908886,0
109,P42566:Q9H270,0.6263446533776347,0.2237911211595422,0.2400793650793651,0.931687242798354,2.08,3.67486,3.67486,0.0,0.0,2.013,2.07,2.7714,42.4379240800376,0
110,P21796:Q5UCC4,-0.0112331351803059,0.109700176366843,0.4222222222222223,0.2,0.54,0.0,0.54,0.0,0.0,2.013,0.0,3.9008,4.240247616,0
112,Q96NU0:Q9H0W8,0.1390710243499357,0.1277313955885384,0.5,0.0,0.15,5.43,5.43,0.0,0.0,2.416,0.0,0.4364,5.725079232,0
113,A6NIY4:P78552,0.1543188964391802,0.0,0.0,0.2896825396825396,0.0,2.59,2.59,0.0,0.0,2.416,0.0,0.8888,5.561612672,0
114,P06899:Q4FZB7,0.0776606281110762,0.5569444444444445,0.7416666666666667,0.2607239057239057,0.83,0.0,0.83,0.5125,0.0,2.416,0.0,0.6915,0.710658699,0
115,P0C0S5:Q9NSB8,-0.2943670775893439,0.1025635822510822,0.2877777777777778,0.7470238095238095,1.52,2.59,2.59,0.5125,0.0,1.5978,0.0,1.1757,2.4935183514675,0
117,P35452:Q96BF3,-0.0857437330549757,0.1063186813186813,0.2916666666666666,0.6,0.94,0.0,0.94,0.0,0.0,1.1933,0.0,3.9008,4.3755351616,0
118,P51970:Q6IQ26,0.1327854947751106,0.1174603174603174,0.1721428571428571,0.3523809523809523,0.54,0.0,0.54,0.0,0.0,2.416,0.0,1.5818,2.063679552,0
119,Q8NGF1:Q9BYQ8,-0.0205162781516132,0.125,0.2291666666666666,0.0,0.0,0.0,0.0,0.0,0.0,1.1933,0.0,2.7714,3.30711162,0
122,O15198:P60002,0.1241803284402978,0.1,0.3333333333333333,0.6125,0.0,0.0,0.0,0.0,0.0,1.1933,0.0,1.5818,1.88756194,0
125,Q8IWT0:Q9HBJ7,0.1268353561645477,0.0786670437405731,0.4666666666666666,0.3482142857142857,0.56,0.0,0.56,0.0,0.0,1.5978,0.0,0.5954,0.5327448672,0
126,P41567:Q53EL6,-0.0028687184524304,0.1067473498723498,0.6000000000000001,0.9605263157894736,0.41,0.0,0.41,0.9127,0.0,2.416,0.0,3.9008,3.5266513040896,0
127,O43699:P34910,0.2612836354286764,0.149037999037999,1.0,1.0,0.0,0.0,0.0,0.0,0.0,2.416,0.0,1.5818,3.8216288,0
128,O75386:Q8NEZ3,0.846724540471083,0.1581320726057568,0.5736111111111111,1.0,1.22,3.51,3.51,0.0,0.0,2.013,0.0,9.4687,66.902330781,1
130,Q17RC7:Q96J94,-0.0418952606249973,0.1063034188034188,0.1375,0.5005291005291006,0.0,0.0,0.0,0.0,0.0,2.416,0.0,1.5818,3.8216288,0
131,P49841:Q6ZMY9,0.5179370270997464,0.25,1.0,0.175,2.27,7.37,7.37,0.0,5.052,1.1933,0.0,1.5818,70.2800467268856,0
132,P62857:P84098,0.9186889134469356,1.0,0.6576719576719576,0.5384615384615384,0.19,0.0,0.19,2.409,0.6153,0.993,24.11,45.2798,305.301033752043,1
136,P63279:Q9BUZ4,0.0216512383453438,0.1698877919466154,0.4690476190476191,0.9633968253968256,10.86,5.00777,10.86,1.7951,0.0,1.5978,0.31,3.9008,37.6665867013268,1
137,Q8N5C7:Q9NVU0,0.5665966622207635,0.0625,0.1621301775147929,0.0,0.0,0.0,0.0,0.0,0.0,2.416,0.0,2.7714,6.6957024,0
140,Q00169:Q9H9F9,0.6040685797737919,0.1172669922669922,0.3777777777777777,1.0,0.17,0.0,0.17,0.5125,0.0,2.416,0.0,2.1077,0.4436582038,0
141,P02753:Q701N4,0.0,0.0,0.3333333333333333,1.0,0.0,0.0,0.0,0.0,0.0,1.1933,0.0,2.1077,2.51511841,0
142,Q15942:Q9P2G1,0.2640488996996817,0.0954545454545454,0.5833333333333334,0.3968253968253968,8.53,0.0,8.53,0.0,0.0,2.416,0.0,1.1757,24.229389936,0
143,P62891:Q8NBP7,-0.122826938107281,0.1406926406926406,0.3821789321789321,0.2212815990593768,0.0,0.0,0.0,0.0,0.0,0.9878,0.0,1.1757,1.16135646,1
144,P10809:Q8NHQ1,-0.0592080731946373,0.1384615384615384,0.9513888888888888,0.997979797979798,0.0,0.0,0.0,0.0,0.0,0.0,0.0,3.9008,3.9008,1
145,O43504:Q9NSA0,0.3546923982853101,0.1583333333333333,0.2777777777777778,0.3353571428571428,0.0,0.0,0.0,0.0,0.0,2.013,0.0,0.8888,1.7891544,0
148,O75396:Q9UNY5,0.2990704953900369,0.125,0.4666666666666666,0.926797385620915,1.52,0.0,1.52,0.5125,0.6153,1.1933,0.0,1.5818,0.904743735250278,0
149,P24928:Q15542,0.8042291311288929,0.2662820151984238,0.6851063829787236,0.8125,2.85,2.90474,2.90474,0.0,13.3811,2.013,69.61,5.6875,30976.7535020614,0
150,O15372:Q9Y262,0.9324128324243584,0.7208333333333333,0.5833333333333333,0.8333333333333334,0.19,0.0,0.19,1.0145,9.2808,2.013,24.11,38.174,3314.36031737839,1
152,P07306:Q8IWW8,0.2239683889524163,0.1111111111111111,0.2,0.3282828282828283,0.0,0.0,0.0,0.0,0.0,0.993,0.0,2.7714,2.7520002,0
153,P60153:Q6Y2X3,0.4804219373672296,0.0769230769230769,0.375,0.2777777777777777,0.15,0.0,0.15,0.0,0.0,2.013,0.0,0.8888,0.26837316,0
154,Q8IYJ0:Q9P0M4,0.0233052379915683,0.4259259259259259,0.5,0.3333333333333333,0.0,0.0,0.0,0.0,0.0,2.416,0.0,9.4687,22.8763792,0
156,Q8IVB4:Q9BUE0,0.1587285622979967,0.080532212885154,0.1802721088435374,0.9555555555555556,0.0,0.0,0.0,0.0,0.0,2.013,0.0,1.5818,3.1841634,0
157,Q9BRI3:Q9Y586,-0.0641745248600929,0.1214285714285714,0.625,1.0,0.0,0.0,0.0,0.0,0.0,2.013,0.0,1.5818,3.1841634,0
158,Q92624:Q9BYU1,0.2134248482726214,0.1236772486772486,0.4555555555555555,0.98,0.94,0.0,0.94,0.0,0.0,2.013,0.0,2.1077,3.988232094,0
159,P25791:Q5GJ75,0.1858028398953444,0.0705774853801169,0.5555555555555556,0.5071428571428571,0.15,0.0,0.15,0.0,0.0,2.416,0.0,2.1077,0.76383048,0
160,P09001:Q6VEQ5,0.15716864100973,0.1072222222222222,0.1865646258503401,0.1488095238095238,0.0,0.0,0.0,0.0,0.0,1.5978,0.0,0.0,1.5978,0
161,P13639:Q6NSI1,-0.0687070623747155,0.0,0.0,1.0,8.53,0.0,8.53,0.0,0.6153,0.993,0.0,0.4364,2.2744161823068,0
162,P53999:Q14005,0.3185747521433686,0.1096330437239527,0.3944444444444444,0.9838187702265372,0.45,3.84,3.84,0.9127,0.0,2.013,0.0,1.1757,8.2946786997888,0
163,Q96SF2:Q9NWA0,0.1502295834761199,0.0892857142857142,0.1611111111111111,0.9404761904761906,0.54,0.0,0.54,0.9127,0.0,1.5978,0.0,2.1077,1.65978953758548,0
164,P29353:Q99062,-0.069097260872798,0.2821022727272727,0.5772727272727273,0.6527777777777778,0.0,19.1399,19.1399,1.7951,0.6153,2.416,0.4,1.5818,32.316455351615,1
165,O60609:Q8WV16,0.1745856892364378,0.0909090909090909,0.3928571428571428,1.0,0.19,3.51,3.51,0.0,0.0,2.416,0.0,1.5818,13.413917088,0
166,P25786:P51788,0.0712003503516678,0.1560142238713667,0.3114718614718614,0.2294990723562152,0.41,0.0,0.41,0.0,0.0,1.5978,0.0,1.1757,0.7701987186,0
168,O95169:O96000,0.3144052367829738,0.3496969696969697,0.6803571428571428,0.1875,0.41,0.0,0.41,0.0,0.0,2.416,69.61,45.2798,3122.17268827168,1
169,Q02318:Q9H3P2,-0.1738683572419622,0.0603408029878618,0.2011904761904761,0.245,0.0,0.0,0.0,0.0,0.0,2.013,0.0,0.6688,1.3462944,0
171,P41235:Q15366,-0.2767389642371263,0.1583009371089866,0.6587962962962962,0.5965686274509804,0.22,0.0,0.22,0.0,0.0,2.416,0.0,2.1077,1.120284704,0
172,B7Z8K6:P04234,0.6533550701978066,0.2691094619666048,0.7244832041343667,0.0,0.15,2.59,2.59,0.9127,0.0,2.013,0.0,0.0,4.758516609,1
175,P09038:Q8WU67,-0.158957672592198,0.1085858585858585,0.3333333333333333,0.1116666666666666,0.0,0.0,0.0,0.0,0.0,0.0,0.0,0.7962,0.7962,0
177,O60678:P15880,0.6452727594929814,0.2027777777777778,0.7024363233665558,0.7480769230769231,0.68,0.0,0.68,0.0,15.4815,2.013,0.4,9.4687,80.2631265083208,1
178,Q9H9Y6:Q9UKS7,0.6847710814871103,0.0833333333333333,0.25,0.7290123456790123,0.68,0.0,0.68,0.0,0.0,2.013,0.0,1.5818,2.165231112,0
179,P50151:Q8N511,0.4204247134518482,0.1074603174603174,0.2107142857142857,0.95,0.0,0.0,0.0,0.0,0.0,2.416,0.0,5.6875,13.741,0
180,O95147:P19801,-0.2505475739191905,0.1111111111111111,0.0,0.4409013605442176,0.19,0.0,0.19,0.0,0.0,2.416,0.0,0.8888,0.407994752,0
181,Q6UW01:Q86YF9,0.3480466448934575,0.1098446692196692,0.3605263157894736,0.0,0.22,0.0,0.22,0.0,0.0,2.416,0.0,1.5818,0.840758336,0
183,P98172:Q13488,0.204129546525202,0.1561494738324006,0.2698888888888888,0.65,0.15,0.0,0.15,0.0,0.0,0.0,5.86,1.5818,1.3904022,0
184,P02686:P43155,-0.1477308161826328,0.1172619047619047,0.3194444444444445,0.1146384479717813,0.0,0.0,0.0,0.5125,0.0,0.0,0.0,1.5818,0.8106725,0
186,P08908:Q96NU0,-0.1753568743246241,0.2,1.0,0.0,0.41,0.0,0.41,0.0,0.0,2.416,0.0,1.1757,1.164601392,0
187,P61366:Q6NZY4,-0.1519733127382964,0.1272222222222222,0.3575757575757575,0.8511363636363636,0.0,0.0,0.0,0.0,0.0,2.013,0.0,0.8888,1.7891544,0
188,Q99719:Q9P0V9,-0.3503066568974111,0.5833333333333334,0.3535714285714285,0.6961805555555556,282.86,3.86531,282.86,0.0,0.6153,2.416,5.86,1.5818,3897.66553887356,1
189,O76080:P17980,0.5785355980305542,0.0858363858363858,0.4583959899749374,0.9108024691358024,0.61,0.0,0.61,2.409,0.0,1.1933,0.0,3.9008,6.8402182602336,1
190,P06307:Q9NQ88,-0.0200475943296567,0.1456825396825397,0.4208333333333333,0.7,0.15,0.0,0.15,0.0,0.0,2.416,0.0,1.5818,0.57324432,0
191,Q9BPX1:Q9HBH7,0.3127571229988984,0.0907212885154061,0.3166666666666666,0.8696078431372549,0.0,0.0,0.0,0.0,0.0,1.5978,0.0,1.5818,2.52740004,0
192,Q0VGL1:Q8WXS5,-0.161355894315513,0.1821332987999654,0.1505509641873278,0.1541666666666666,0.8,0.0,0.8,0.0,0.0,2.013,0.0,1.1757,1.89334728,0
193,P40933:Q9H0A9,-0.0262109716118531,0.1342592592592592,0.4166666666666666,0.9895833333333334,0.19,0.0,0.19,0.0,0.0,2.416,0.0,0.6688,0.307005952,0
194,O96004:P54317,-0.0528965785580682,0.1066242784992785,0.3785714285714285,0.1772875816993464,0.22,0.0,0.22,0.0,0.0,2.013,0.0,2.1077,0.933416022,0
195,Q8NHQ1:Q96LK8,0.7290957320749281,0.0833333333333333,0.5,0.8333333333333334,0.22,0.0,0.22,0.0,0.0,2.013,0.0,1.5818,0.700515948,0
197,Q9UNQ2:Q9Y2P8,0.498924900952928,0.3092948717948717,0.7277777777777779,0.2125,0.29,0.0,0.29,0.0,0.0,1.5978,10.8,18.4426,92.29248022896,1
198,Q8WVC0:Q9NX14,0.3244564651226179,0.0912037037037037,0.1868131868131868,1.0,0.0,0.0,0.0,0.0,0.0,0.0,0.0,1.5818,1.5818,0
199,P48552:Q8WXH4,0.0408640836772087,0.09507992007992,0.68125,0.25,0.83,0.0,0.83,0.0,0.0,2.416,0.0,1.1757,2.357607696,0
202,O75947:P08865,0.0565458837349576,0.0936147186147186,0.2074074074074073,0.782051282051282,0.54,0.0,0.54,4.2492,0.0,2.013,0.0,18.4426,85.1857309909584,0
203,P22681:Q6ZVT0,0.4180688172626322,0.1428571428571428,1.0,0.8874223602484471,0.15,3.51,3.51,0.0,0.0,2.013,0.0,2.7714,19.581686982,0
205,P13984:P51809,0.6224308129921002,0.0870843209078503,0.2327984817115251,0.8857142857142858,0.54,0.0,0.54,0.0,0.6153,2.013,0.0,3.9008,2.6090243581248,0
206,P11686:Q96G46,0.0112896851023972,0.0893939393939393,0.0,0.2873015873015873,0.22,0.0,0.22,0.9127,0.0,1.5978,0.0,1.5818,0.50748676363176,0
207,P50914:P62913,0.8828131189664384,0.3308206413469571,0.6087797619047619,0.8271103896103899,0.0,0.0,0.0,2.3254,3.1392,1.5978,181.01,38.174,80595.2242834802,1
209,Q15427:Q9HBI6,-0.2271464213953669,0.1299272486772486,0.25,0.2596560846560847,0.15,0.0,0.15,0.0,0.6153,1.1933,0.0,1.5818,0.1742125292523,0
211,Q8NBP7:Q96EF6,0.1919712061655046,0.3055555555555555,0.4807692307692308,0.9722222222222222,0.94,2.01576,2.01576,0.0,0.0,1.5978,5.86,2.7714,52.3067899623765,0
212,Q96I25:Q9UL45,0.7403635988115158,0.0730513957087144,0.2616071428571428,0.9567099567099566,0.0,0.0,0.0,0.5125,0.0,2.013,0.0,5.6875,5.86758046875,0
213,O14818:P49721,0.7809661522426701,0.6944444444444443,0.8010849909584088,1.0,118.38,0.0,118.38,3.124,400.8352,1.5978,24.11,45.2798,258570717.635365,1
214,P62750:Q99574,-0.316569142835848,0.0914529914529914,0.3380952380952381,0.125,0.15,0.0,0.15,0.9127,0.0,2.416,0.0,2.1077,0.697148079096,0
217,P02042:Q15907,-0.0858396984275193,0.1383958633958633,0.2858465608465608,0.8039562289562291,0.24,0.0,0.24,0.0,0.0,0.993,0.0,1.5818,0.376974576,0
218,P22897:Q13564,0.0493319695907927,0.0865949706858797,0.4351851851851852,0.816017316017316,0.24,0.0,0.24,0.0,0.0,2.013,0.0,0.4364,0.210833568,0
220,Q12874:Q9BSY4,0.4789114544108609,0.1428571428571428,0.3703703703703704,1.0,0.61,0.0,0.61,0.0,0.0,1.1933,0.0,2.1077,1.5342222301,0
223,P30260:Q9UKT4,0.6979605630646439,0.1824089905820675,0.692156862745098,0.746790890269151,0.54,3.67486,3.67486,1.0145,0.0,2.416,24.11,18.4426,4005.06101971558,1
224,P06746:Q9BRR6,-0.0076651365917814,0.1089743589743589,0.3299999999999999,0.325,0.41,0.0,0.41,0.0,0.0,2.416,0.0,2.1077,2.087803312,0
225,Q5TEU4:Q86YL7,0.2364283210127724,0.1429304954304954,0.2342664092664092,0.7434920634920634,0.0,0.0,0.0,0.0,0.0,1.1933,0.0,1.1757,1.40296281,0
226,O75037:P68036,0.0990948642211208,0.1194251581751582,0.5126984126984127,0.7402777777777777,8.53,3.84,8.53,0.0,0.6153,1.5978,0.0,1.1757,9.85949977161114,0
228,Q06265:Q8IWU6,0.1506412051486337,0.1248079877112135,0.3833333333333333,0.1771604938271604,0.68,0.0,0.68,0.0,0.0,2.013,0.0,0.7962,1.089870408,0
230,P17980:P29322,-0.1159537545518989,0.0810402046513157,0.8433333333333333,0.1423160173160173,1.22,0.0,1.22,0.0,0.6153,0.993,0.0,0.6688,0.4985311028544,0
231,Q5VTR2:Q6P1J9,0.806570565213911,0.1969619473663591,0.7590909090909093,0.9805194805194806,0.22,0.0,0.22,0.0,3.1392,2.416,181.01,18.4426,5570.10410031152,1
232,Q00987:Q92831,0.1147686886132633,0.1881856500365506,0.7416666666666666,0.5305250627925048,0.71,6.7087,6.7087,0.5125,0.6153,2.013,10.8,2.1077,96.938318517975,1
233,Q9NZ63:Q9UNP9,0.6075758689407342,0.3809941520467836,0.6574646074646076,0.6701058201058201,0.41,0.0,0.41,0.5125,0.0,2.416,0.0,3.9008,1.9802879296,0
237,Q6B0B8:Q96A56,0.2012993481709363,0.0,0.3615384615384615,0.9583333333333331,0.0,0.0,0.0,0.0,0.0,2.013,0.0,1.5818,3.1841634,0
238,P06899:Q9NX76,0.3392924625359361,0.1309523809523809,0.6642857142857144,1.0,0.68,0.0,0.68,0.0,0.0,2.416,0.0,1.1757,1.931534016,0
239,P19883:Q7Z5A4,-0.0657135927690713,0.4444444444444445,0.5833333333333333,0.1428571428571428,16.01,3.52956,16.01,0.0,0.0,2.013,0.31,1.1757,11.74608985671,0
240,Q9H875:Q9Y314,0.552362746515635,0.1342592592592592,0.4428571428571429,0.6157407407407408,0.0,0.0,0.0,0.0,0.0,2.013,5.86,5.6875,67.09077375,0
242,Q13324:Q969E3,0.06961474923629,0.2186507936507936,0.5555555555555556,0.4066666666666666,0.28,3.84,3.84,0.5125,158.1204,2.416,24.11,3.9008,70706.7413871862,1
243,O94832:Q9Y3C7,0.0550501691838011,0.1081349206349206,0.2583333333333333,0.7851851851851851,0.0,0.0,0.0,0.0,0.0,2.013,0.0,1.1757,2.3666841,0
246,Q9HB90:Q9Y2Q5,0.4210779883296407,0.4078266178266178,0.7029261518623224,0.9435626102292768,80.27,0.0,80.27,1.7951,0.0,2.013,0.0,5.6875,1649.70805318069,1
248,P39019:P62269,0.9612739821212366,1.0,0.6919501133786847,0.62,80.27,0.0,80.27,3.8142,0.0,1.1933,24.11,45.2798,398848.603430401,1
249,O60671:P31751,0.6079535946048416,0.111972417171997,0.4761363636363637,0.5270833333333333,0.94,4.96,4.96,0.0,0.6153,2.416,0.0,3.9008,28.7620081803264,0
252,Q9UBZ9:Q9Y253,0.4705670889456177,0.3072655122655122,0.8438596491228069,0.5775,2.49,14.2424,14.2424,0.9127,30.1977,2.013,181.01,3.9008,557936.948528493,1
253,A0PJE2:Q8IUQ4,0.4980022175830879,0.0,0.0,0.2405102040816326,0.24,5.22,5.22,0.5125,0.0,1.5978,0.0,1.5818,6.76142695701,0
257,P19429:P45379,0.9700159757083294,0.3729166666666666,0.6978395061728395,0.6,0.0,0.0,0.0,0.5125,15.4815,0.0,181.01,18.4426,26486.9299030722,1
258,P04908:Q99496,0.3357049796454705,0.2219877344877345,0.2248999208676627,0.9554391932211482,7.06,0.0,7.06,0.9127,5.2693,2.416,0.0,1.5818,129.758010439034,1
259,Q6AI08:Q9NQ50,0.3529527754014736,0.0,0.0,0.34375,0.23,0.0,0.23,0.0,0.0,2.013,0.0,2.7714,1.283130486,0
260,P01210:Q96LB2,0.2398538607551506,0.645,0.6666666666666666,0.1833333333333333,0.17,0.0,0.17,0.0,0.0,2.013,0.0,1.5818,0.541307778,1
261,Q08E93:Q8N6M3,0.0023389044375273,0.0,0.0,0.6845238095238094,0.0,0.0,0.0,0.0,0.0,0.9594,0.0,0.4364,0.41868216,0
264,P06733:P60842,0.6683820877110973,0.1382936507936507,0.667063492063492,0.6450680272108844,0.22,0.0,0.22,0.0,0.6153,1.1933,0.0,45.2798,7.31414787393444,0
266,O95198:Q9H7Y0,-0.0648803550140572,0.0,0.5,0.0,0.15,3.66,3.66,0.0,0.0,2.013,0.0,0.7962,5.866067196,0
267,O60271:P62330,0.0859961312585258,0.1816797968113757,0.3172619047619047,0.6935185185185184,7.68,3.51,7.68,2.0764,3.3154,0.993,0.0,2.1077,110.653770603075,1
268,P46779:P57737,0.449794104532133,0.1209096459096459,0.4928571428571428,0.875,1.22,5.22,5.22,0.0,0.6153,2.013,0.0,1.5818,10.2271061629044,0
270,P0DI81:Q9UNA4,0.4784948723432665,0.0991161616161616,0.8333333333333334,0.8404761904761904,0.62,0.0,0.62,0.0,0.0,1.5978,0.0,3.9008,3.8642729088,0
271,P49642:Q9BVW5,0.8877297370889045,0.1185504201680672,0.5142857142857143,0.925,0.19,0.0,0.19,0.0,0.0,1.5978,24.11,45.2798,331.419248393196,0
272,Q969W1:Q9NRX2,0.6633682990784894,0.2,0.2322344322344322,0.8125,0.15,0.0,0.15,0.0,0.0,2.013,0.0,9.4687,2.859073965,0
273,Q96DF8:Q9P013,0.8065645947834206,1.0,0.4203869047619047,0.7857142857142857,0.0,0.0,0.0,0.0,3.1392,2.013,0.0,5.6875,35.9405046,0
276,Q5QNW6:Q8IXJ9,0.2388064157383304,0.0,0.4999999999999999,0.3856516290726817,0.54,5.22,5.22,0.0,0.0,2.416,0.0,1.1757,14.827364064,0
277,O60341:Q13351,-0.1632655852255846,0.4830149893965683,0.5800000000000001,0.7569380440348182,0.54,0.0,0.54,0.0,0.6153,2.013,0.0,1.1757,0.7863591924342,0
278,P29377:Q9H2A2,-0.0331608466235985,0.0,0.3333333333333333,0.1428571428571428,0.24,0.0,0.24,0.0,0.0,1.5978,0.0,1.5818,0.6065760096,0
279,O75593:P26651,-0.1841929660482679,0.1301419929909461,0.3515238095238095,0.7418898809523811,0.17,0.0,0.17,0.0,0.6153,2.013,0.0,1.1757,0.2475575235441,0
280,P02760:Q86SJ2,-0.1351279091066276,0.2367724867724867,0.7222222222222223,1.0,0.89,2.59,2.59,0.0,0.0,2.416,0.0,1.1757,7.356872208,0
282,O15205:Q13111,0.0,0.1636363636363636,0.3261904761904762,0.9696969696969696,1.22,5.22,5.22,0.9127,0.0,1.5978,0.0,0.8888,6.76589130160416,0
285,P57054:Q99697,0.3282780576030293,0.0676302527881475,0.2766233766233766,0.7796072101156847,6.9,0.0,6.9,0.9127,0.0,2.013,0.0,1.5818,20.052682952742,0
286,P62068:Q4KMZ1,0.3243806611691865,0.0,0.0,1.0,0.0,0.0,0.0,0.0,0.0,0.0,0.0,0.7962,0.7962,0
287,P08621:P62304,0.4012379888334786,0.6498168498168497,0.4571986607142857,0.9791666666666666,0.94,0.0,0.94,1.2535,5.2693,2.013,24.11,5.6875,1713.82909748166,1
288,Q9H2Z4:Q9UHQ4,0.3729027214956833,0.3185714285714285,0.4166666666666667,1.0,6.9,0.0,6.9,0.0,0.0,2.416,0.0,0.7749,12.91789296,0
289,O15212:Q9NQP4,0.8146906756621205,0.82,0.5595238095238095,0.9333333333333332,35.64,0.0,35.64,1.7951,15.4815,2.013,10.8,9.4687,203890.629457094,1
290,O95563:P14678,-0.1774407265849714,0.0887457912457912,0.2147670737222975,0.9495370370370372,0.54,0.0,0.54,1.2535,0.6153,1.5978,0.0,9.4687,6.30112052813146,0
291,P62308:Q9H5V9,0.5414484185876545,0.1114996114996115,0.5990196078431372,0.75,0.8,0.0,0.8,0.0,0.0,1.5978,0.0,5.6875,7.26999,0
292,P30511:P43629,0.4641731838289185,0.5714285714285714,1.0,0.7992424242424242,80.27,9.47493,80.27,0.5125,5.5574,2.416,2.07,1.1757,1344.2578554404,1
293,Q2WGJ6:Q8IXM3,0.2110455564256045,0.1417748917748917,0.1796875,0.5,0.41,0.0,0.41,0.0,0.0,2.013,0.0,1.5818,1.305506994,0
294,O00548:Q9BPX1,-0.0780062267131788,0.1428571428571428,0.5,0.9547413793103448,0.0,0.0,0.0,0.0,0.0,1.5978,0.0,2.1077,3.36768306,0
295,P40426:Q9Y2W6,-0.1023330611929646,0.146938775510204,0.1585714285714285,0.1918367346938775,0.54,0.0,0.54,0.0,0.0,2.013,0.0,1.5818,1.719448236,0
296,P11908:Q8WUA2,0.5457405633538053,0.0714285714285714,0.5333333333333333,0.4583333333333333,0.26,0.0,0.26,0.0,0.6153,2.013,0.0,9.4687,3.0492595651518,0
297,P01116:Q9H0L4,0.4955266804920144,0.125,0.4416666666666667,0.908,0.54,3.66,3.66,0.5125,0.6153,2.416,0.0,5.6875,15.859161065475,0
298,Q969E3:Q9UKI3,-0.0218354261006003,0.3333333333333333,0.4833333333333333,0.0,0.54,0.0,0.54,0.0,0.0,2.416,0.0,2.1077,2.749789728,0
299,O43513:Q92805,0.8077243947424323,0.0,0.3161111111111111,1.0,0.81,0.0,0.81,0.5125,0.0,2.013,0.0,2.1077,1.7612923915125,0
300,P16104:Q70YC5,0.1760692579089809,0.1494732741581481,0.7777777777777777,0.7833333333333333,2.89,0.0,2.89,0.5125,0.0,2.416,0.0,1.5818,5.6603099564,0
301,P05198:Q92570,0.3231763625025785,0.1276879601879602,0.4204081632653061,0.7958520515124291,0.0,5.22,5.22,0.0,0.0,1.5978,0.0,1.1757,9.8059446612,0
302,P51668:Q14318,0.360659342745901,0.1350555970365659,0.4481481481481481,0.9335858585858586,0.41,0.0,0.41,2.3254,0.0,1.1933,0.0,2.1077,2.39794910375174,0
303,Q3SYB3:Q9NV70,-0.0976515918317086,0.1420238095238095,0.3833333333333333,0.9693877551020408,0.19,5.22,5.22,0.0,0.0,1.5978,0.0,0.8888,7.4130506208,0
304,A6NN73:O43660,-0.0496293549758216,0.0859788359788359,0.2393467643467643,0.0,0.74,0.0,0.74,1.0145,0.0,0.9594,0.0,0.4364,0.3143172579768,0
305,Q8N5X7:Q9H0R8,0.4923714541221981,0.1519047619047619,0.4974358974358975,0.9638694638694636,0.24,0.0,0.24,3.7695,0.0,1.5978,0.0,2.7714,4.0060523368656,0
306,Q0ZGT2:Q9P278,0.4356084271713082,0.1337920016491445,0.4309523809523809,0.9272727272727272,0.28,0.0,0.28,0.0,0.0,2.416,0.0,2.1077,1.425816896,0
307,P09884:Q9HAW4,0.5851090298842934,0.1717929292929292,0.7333333333333331,0.7866666666666666,0.0,0.0,0.0,0.0,0.0,1.5978,0.0,45.2798,72.34806444,0
308,O43172:P62306,0.880926844028594,0.7349816849816849,0.4880541871921182,0.9776119402985076,0.41,0.0,0.41,1.2535,13.3811,0.0,24.11,18.4426,3057.8724676515,1
309,Q16548:Q6P1L6,-0.0455071091138683,0.1,0.2,0.875352733686067,0.0,0.0,0.0,0.0,0.0,2.013,0.0,0.7962,1.6027506,0
310,P01920:P78346,0.484997189850321,0.0916666666666666,0.2434240362811791,0.75,0.15,0.0,0.15,0.0,0.0,1.5978,0.0,1.1757,0.281780019,0
311,Q8IYD1:Q9P086,0.2102942646040643,0.0938057040998217,0.2599206349206349,0.8944444444444444,0.94,0.0,0.94,0.0,0.0,2.013,0.0,2.1077,3.988232094,0
313,O95169:Q9HCR9,-0.132037258870909,0.0896915584415584,0.2,0.084042624042624,0.15,0.0,0.15,0.0,0.0,2.416,0.0,1.1757,0.42607368,0
315,P59998:Q9UL16,0.0088136287214995,0.0924603174603174,0.3458333333333334,0.78125,0.19,0.0,0.19,0.0,0.0,0.993,0.0,1.1757,0.221819319,0
318,P47893:Q9UQ16,0.0118994465005702,0.134347442680776,0.2757440476190476,0.1456379268879268,0.41,0.0,0.41,0.0,0.0,2.013,0.0,1.5818,1.305506994,0
321,P43629:Q96N64,-0.1132187152450511,0.1079545454545454,0.1666666666666666,0.7962962962962963,0.19,5.22,5.22,0.0,0.0,0.9878,0.0,0.8888,4.5829336608,0
322,O75530:Q8N4S9,-0.0401443883121451,0.1181397306397306,0.2906249999999999,1.0,1.55,7.37,7.37,0.0,0.0,2.013,0.0,1.5818,23.467284258,0
327,Q15370:Q96LW9,0.5221179365105256,0.125,0.2,0.3355555555555555,10.86,0.0,10.86,0.0,0.0,1.1933,0.0,1.1757,15.2361761166,0
328,P01730:P10114,-0.0174831769725417,0.1876204813704813,0.3788888888888889,0.5202777777777777,1.05,0.0,1.05,0.0,0.0,1.5978,0.0,2.1077,3.536067213,0
329,Q9NW64:Q9NZ63,0.7312403418469551,0.540625,0.6047619047619047,0.7222222222222222,0.41,0.0,0.41,0.9127,0.0,2.416,0.0,9.4687,8.5605012312944,0
331,P62805:Q96HA7,0.6304888168434779,0.1564983164983165,0.4137254901960784,0.7500000000000001,18.4,0.0,18.4,0.9127,0.6153,0.993,0.0,1.1757,12.063645186196,1
333,Q96JP9:Q9Y5S9,0.1435878061862193,0.10368722186904,0.2537001287001286,0.1629979035639412,0.94,0.0,0.94,0.0,0.0,1.5978,0.0,1.1757,1.7658214524,0
334,Q5VZ19:Q9HCU8,-0.0143975433860668,0.0,0.4802631578947368,0.4692307692307692,0.17,0.0,0.17,0.0,0.0,0.993,0.0,0.8888,0.150038328,0
335,P20042:Q8IXL9,0.0612946188460425,0.0,0.0,1.0,0.68,0.0,0.68,0.0,0.0,2.013,0.0,1.1757,1.609345188,0
336,P16860:Q9NW08,-0.1171779749723417,0.1085874222097132,0.3777777777777777,0.1363155363155363,1.52,0.0,1.52,0.5125,0.0,0.0,0.0,1.1757,0.9158703,0
337,P05161:P60763,-0.1206098605724475,0.1442111222111222,0.3346153846153845,0.5726220538720538,11.35,0.0,11.35,0.9127,0.6153,1.5978,0.31,1.5818,4.99397666829061,0
338,Q13616:Q7L945,0.6689080659437121,0.1,1.0,0.6464285714285715,0.87,0.0,0.87,0.0,0.6153,0.993,0.0,2.1077,1.1203770697371,0
339,A6ND01:Q68DV7,-0.1339673222034025,0.154040404040404,0.8583333333333332,0.6392592592592591,0.0,0.0,0.0,0.0,0.0,2.416,0.0,1.1757,2.8404912,0
340,O75448:P19957,0.0162808170452035,0.0723557692307692,0.4393939393939394,0.1726190476190476,0.0,0.0,0.0,0.0,0.0,1.1933,0.0,0.8888,1.06060504,0
341,A4D2B0:Q8NCP5,0.4584913632090864,0.0,1.0,0.8807692307692307,0.28,0.0,0.28,0.0,0.0,1.5978,0.0,1.5818,0.7076720112,0
344,P62280:P62851,0.9700707861055656,0.7834821428571428,0.6813186813186813,0.6785714285714286,0.54,0.0,0.54,2.0764,0.0,2.013,24.11,38.174,2077.36798587537,1
346,Q15393:Q6ZS82,-0.1323111198264669,0.1253968253968254,0.3611111111111111,0.0,0.54,0.0,0.54,0.0,0.0,1.1933,0.0,1.1757,0.7575999174,0
347,P05000:Q8N5C6,-0.0914978531484186,0.1339285714285714,0.0,0.225,0.54,0.0,0.54,0.0,0.0,1.1933,0.0,0.5954,0.3836650428,0
348,P63272:Q6P9B9,0.7105270418365175,0.2888157894736842,0.509375,1.0,0.0,0.0,0.0,0.0,0.0,1.1933,0.0,1.5818,1.88756194,0
349,Q92624:Q9C0B1,0.6785020036842173,0.10380291005291,0.5280701754385965,0.6071428571428571,0.17,5.22,5.22,0.0,0.0,2.013,0.0,9.4687,99.495773982,0
350,P39023:Q9H2X6,-0.375394037747189,0.119319840787232,0.4699792960662525,0.3923180592991914,0.0,3.51,3.51,0.0,0.6153,2.013,0.0,1.5818,6.8768472474702,0
351,P53673:P62380,0.9232156267331244,0.0954040404040404,0.0,0.7817460317460317,0.94,0.0,0.94,0.0,0.0,2.013,0.0,0.7749,1.466281278,0
352,P50222:Q7Z698,0.6298247658097569,0.1061367644700978,0.3333333333333333,0.9504310344827588,0.24,2.59,2.59,0.0,0.0,2.416,0.0,1.5818,9.898018592,0
353,A6NNE9:O43543,0.3461253322249829,0.0819232238349885,0.1894688644688645,0.133985963531418,0.0,0.0,0.0,0.0,0.0,2.013,0.0,1.5818,3.1841634,0
354,P10747:P62993,0.6174335428109091,0.2207808605535878,0.9351473922902496,0.9809264069264068,0.15,20.6262,20.6262,20.9141,5.2693,2.013,2.07,1.5818,14982.24937648,1
356,P02766:Q12767,-0.1790174720262892,0.0939393939393939,0.25,0.1,0.0,0.0,0.0,0.0,0.0,2.416,0.0,1.5818,3.8216288,0
357,P53365:P62330,0.2947876622010074,0.1469924081766186,0.3718253968253968,0.6935185185185184,18.4,0.0,18.4,2.409,0.6153,1.1933,181.01,1.5818,9318.48516818751,1
358,P31946:Q92934,0.4873091832362559,0.2083526906697638,0.5644444444444443,0.9460408684546616,0.22,296.581,296.581,1.7092,95.437,0.0,105.17,3.9008,19847168.0194036,1
359,P14621:Q969H6,-0.3781046407682591,0.10625,0.1395622895622895,0.8968750000000001,3.82,0.0,3.82,0.0,0.0,2.013,0.0,5.6875,43.73494125,0
365,Q5SQN1:Q9NQP4,0.548308515834129,0.1428571428571428,0.3222222222222222,0.9333333333333332,0.45,0.0,0.45,0.0,0.0,2.013,0.0,2.1077,1.909260045,0
366,Q9BYD1:Q9GZT3,0.5708173578699045,0.1105555555555555,0.535515873015873,0.9166666666666666,0.22,0.0,0.22,0.0,0.0,1.5978,0.0,45.2798,15.9165741768,0
369,P28067:P55081,0.3285409631076207,0.0833333333333333,0.338095238095238,0.9869565217391304,0.15,0.0,0.15,0.0,0.0,1.5978,0.0,1.5818,0.379110006,0
371,P57075:Q99828,0.4839866450807283,0.1094817745385927,0.424390243902439,0.8719498910675381,0.83,0.0,0.83,0.0,0.0,2.416,0.0,2.1077,4.226528656,0
372,P55317:Q5TD94,-0.1015848955639418,0.1516754850088183,0.3151515151515152,0.0,0.15,0.0,0.15,0.0,0.0,2.013,0.0,1.5818,0.47762451,0
374,O00311:Q9Y394,-0.1232916949681354,0.1111111111111111,0.3333333333333333,0.2878787878787878,0.0,2.59,2.59,0.0,0.0,2.013,0.0,1.1757,6.129711819,0
375,Q8N122:Q9H944,0.6357054658300515,0.1745614035087719,0.4611111111111112,0.9311111111111112,1.22,0.0,1.22,0.0,0.0,2.013,0.0,1.5818,3.884679348,0
376,P60409:Q99459,0.1787865055036352,0.0,0.3446428571428571,0.9252314814814816,0.0,0.0,0.0,0.0,0.0,1.1933,0.0,0.5954,0.71049082,0
378,Q8TAE8:Q9NY28,-0.0121801674943582,0.1833333333333333,0.3125,0.2375,0.0,0.0,0.0,0.0,0.0,2.013,0.0,2.1077,4.2428001,0
379,Q9H875:Q9ULR0,0.6347256617905737,0.5370879120879122,0.7703809523809524,0.9791666666666666,0.0,0.0,0.0,0.0,0.0,2.013,0.0,5.6875,11.4489375,0
380,Q969H6:Q9NZN5,0.2452957929394866,0.0799783549783549,0.4743589743589744,0.6766917293233083,2.31,5.43,5.43,0.0,0.0,2.013,0.0,0.6915,7.558502985,0
381,Q13620:Q8NH05,0.1458845745925176,0.1428571428571428,0.3333333333333333,0.1666666666666666,0.0,0.0,0.0,0.0,0.6153,1.1933,0.0,0.8888,0.652590281112,0
383,P54619:Q9NSB2,0.1472293085600099,0.1491269841269841,0.8584656084656084,0.25,0.54,0.0,0.54,0.0,0.0,2.013,0.0,0.6688,0.726998976,0
384,O60831:P80188,-0.1954574759244935,0.0937179487179487,0.4268707482993198,0.9357142857142856,0.0,0.0,0.0,0.0,0.0,2.013,0.0,1.1757,2.3666841,0
386,P48595:Q92558,-0.1092297989099737,0.0664841694253459,0.3316666666666666,0.1203388047138047,0.0,0.0,0.0,0.0,0.0,2.416,0.0,0.8888,2.1473408,0
387,O43566:Q9NSC2,0.027545296856626,0.1391814204314204,0.5452380952380953,0.5253968253968255,2.34,0.0,2.34,0.9127,0.0,2.416,0.0,1.1757,6.0664881846816,0
388,P09693:Q8N6H7,0.2675979801257937,0.5416666666666666,0.6606060606060605,0.1714285714285714,0.15,0.0,0.15,0.0,0.0,2.416,0.0,1.1757,0.42607368,0
392,O00244:Q7L5N1,0.486245558852915,0.0811965811965812,0.4812499999999999,0.9601190476190476,2.49,0.0,2.49,3.124,0.0,1.5978,0.0,9.4687,117.685551260614,0
393,Q08AG5:Q53GS7,0.6436172888822295,0.0569078947368421,0.1865914786967418,0.9759562841530056,0.83,0.0,0.83,0.0,0.0,2.013,0.0,1.5818,2.642855622,0
394,P04921:Q8NEB9,0.1089143194524743,0.0,0.3828643578643578,0.8773699294532628,0.41,0.0,0.41,0.9127,0.0,2.013,0.0,1.1757,0.8856297570087,0
395,P01911:Q5T2E6,0.4450188026509874,0.25,0.4666666666666666,1.0,0.0,2.59,2.59,0.0,0.0,0.9878,0.0,1.1757,3.0079132314,0
397,O00522:P18124,0.7497208517034311,0.1066757316757316,0.413860544217687,0.4966666666666667,2.32,0.0,2.32,0.0,0.0,2.416,0.0,3.9008,21.864452096,0
398,Q92585:Q9UJ70,0.6417374590620275,0.1384589266942208,0.3333333333333333,0.8679653679653679,0.19,0.0,0.19,0.0,0.0,2.013,0.0,1.1757,0.449669979,0
399,Q71SY5:Q99732,0.1990075768473777,0.2615854733501792,0.3950113378684807,0.9562610229276894,0.8,0.0,0.8,0.0,0.0,2.013,0.0,1.1757,1.89334728,0
400,Q15431:Q9UHA4,-0.0231432706324558,0.1471320346320346,0.1577507598784194,0.2374444444444444,0.94,0.0,0.94,0.0,0.0,1.5978,0.0,0.6688,1.0044921216,0
402,Q9GZT3:Q9NVS2,0.4611977904506943,0.1180555555555555,0.2378246753246753,0.2499999999999999,0.57,0.0,0.57,0.5125,0.0,0.0,0.0,18.4426,5.387544525,0
404,P27348:Q96RK0,0.6339010990565866,0.295558608058608,0.6,0.7749999999999999,0.41,157.377,157.377,0.5125,0.6153,2.013,0.4,1.5818,63.2087765810111,1
407,Q13155:Q92804,0.5619572775531144,0.1263888888888888,0.4639999999999999,0.5583333333333333,0.41,0.0,0.41,0.0,0.0,2.416,0.0,2.1077,2.087803312,0
411,P20248:Q13415,0.9274367730017016,0.1529411764705882,0.7385057471264366,0.8131587301587301,0.83,6.7087,6.7087,0.5125,0.6153,2.416,0.4,38.174,78.0447595217454,1
413,P07766:Q6PII3,0.2211456764144117,0.0,0.3999999999999999,1.0,0.15,0.0,0.15,0.0,0.0,2.013,0.0,1.1757,0.355002615,0
414,Q9H467:Q9UJ72,-0.176061255766188,0.0,0.3208333333333333,0.7407407407407408,0.24,3.51,3.51,0.0,0.0,2.416,0.0,1.1757,9.970124112,0
415,O76021:P27635,0.8400604254553046,0.2144886363636363,0.3976190476190476,0.5069444444444444,0.62,0.0,0.62,0.0,0.0,1.5978,0.0,18.4426,18.2699034936,0
416,P01780:P47813,-0.156985142138962,0.1703703703703703,0.4022222222222222,0.3976190476190476,0.15,0.0,0.15,0.9127,0.0,0.9594,0.0,0.4364,0.0573196811148,0
418,P56179:Q9Y6M9,0.2129505055877769,0.1144179894179894,0.183673469387755,0.234375,0.71,0.0,0.71,0.5125,0.0,2.416,0.0,1.1757,1.0335837354,0
419,Q2NKJ3:Q9P126,-0.1029401024695953,0.1904761904761904,0.3611111111111111,0.7375,0.0,0.0,0.0,0.0,0.0,2.416,0.0,1.1757,2.8404912,0
420,P40937:Q9HAK2,0.0820274537573764,0.0958994708994708,0.6,0.4864197530864197,0.63,0.0,0.63,0.0,0.0,1.5978,0.0,0.7126,0.7173131364,0
421,Q16661:Q9H270,-0.136526209420412,0.10318774792459,0.156641604010025,0.931687242798354,0.54,0.0,0.54,0.0,0.0,1.5978,0.0,1.1757,1.0144080684,0
422,Q15797:Q9H4D5,0.0824937488834253,0.0969696969696969,0.4416666666666666,0.9558823529411764,0.94,0.0,0.94,0.0,0.0,2.013,0.0,2.1077,3.988232094,0
424,Q96NB2:Q99436,0.0925008942471786,0.0833333333333333,0.2032360166288737,0.953042328042328,0.0,0.0,0.0,0.0,0.0,0.0,0.0,3.9008,3.9008,0
425,Q16559:Q6ZRY4,-0.2095915104659002,0.1111590790162218,0.3685714285714285,0.97,0.0,0.0,0.0,0.0,0.0,2.416,0.0,1.5818,3.8216288,0
426,Q5T447:Q96D46,0.4468788724923857,0.0646217888864947,0.3999999999999999,0.2199999999999999,0.62,0.0,0.62,0.0,0.0,1.5978,0.0,1.1757,1.1646907452,0
427,D6R9N7:Q9UK41,0.0,0.1242628898878898,0.2221513605442177,0.1245762711864406,0.0,0.0,0.0,0.0,0.0,1.5978,0.0,0.4364,0.69727992,0
429,P62266:Q5T4F4,0.2931857778907038,0.1141386391386391,0.4924369747899159,0.982608695652174,0.24,0.0,0.24,0.0,0.0,0.993,0.0,1.1757,0.280192824,0
430,P18621:P55287,0.6103644863466423,0.1269650284356166,0.3444444444444444,0.5555555555555556,0.41,0.0,0.41,0.0,0.0,2.416,0.0,1.5818,1.566867808,0
431,P07202:P53803,0.0698044744929272,0.1129807692307692,0.4710743801652892,0.1435185185185185,0.26,0.0,0.26,0.0,0.0,1.1933,0.0,0.7126,0.2210898508,0
432,P34998:Q96FC9,0.0810908379349508,0.1368095238095238,0.3409090909090909,0.3996119929453262,0.22,0.0,0.22,0.0,0.0,2.416,0.0,1.5818,0.840758336,0
433,P32238:Q96GJ1,0.0058674773848268,0.0916666666666666,0.2,0.1515151515151515,0.24,0.0,0.24,0.0,0.0,2.013,0.0,1.1757,0.568004184,0
435,P40227:Q8NCT1,0.0431673252951921,0.1333864548150262,0.4130952380952381,0.375,0.0,0.0,0.0,0.0,0.0,1.5978,0.0,1.1757,1.87853346,0
436,P12755:Q13291,-0.1101467442863395,0.140023088023088,0.2395833333333333,0.8386363636363636,0.68,3.84,3.84,0.5125,0.0,2.013,0.0,0.6915,2.739435336,0
437,Q9BZE1:Q9NQ25,0.5726617139538058,0.133531746031746,0.2083333333333333,0.2,0.15,0.0,0.15,0.0,0.0,2.013,0.0,0.8888,0.26837316,0
438,P58062:Q15796,0.0504186434918598,0.098964650373101,0.4386178861788618,0.8221471471471472,0.68,0.0,0.68,4.0064,0.0,1.5978,0.0,1.1757,5.11778638881792,0
439,P29401:Q71UI9,0.0069611533117429,0.1269841269841269,0.3027210884353741,0.3333333333333333,0.28,0.0,0.28,0.0,0.6153,2.013,0.0,3.9008,1.3528274449536,0
440,P62249:Q9UBT7,0.3832057073298071,0.1272727272727273,0.5666666666666667,0.9416666666666668,0.0,0.0,0.0,0.5125,0.0,1.5978,0.0,1.5818,1.2952925205,0
443,P48169:Q96HA7,-0.2443897139702645,0.0914430014430014,0.3549019607843137,0.1494047619047619,7.68,5.22,7.68,0.0,0.0,2.416,0.0,1.5818,29.350109184,0
444,Q9H8S9:Q9HA77,0.7459049473398475,0.0714285714285714,0.4666666666666666,0.3311688311688311,0.0,0.0,0.0,0.0,0.0,1.5978,0.0,2.1077,3.36768306,0
445,A1KZ92:Q4G0W2,-0.0418409522705383,0.1442307692307692,0.0,0.1428571428571428,0.54,0.0,0.54,0.0,0.0,2.013,0.0,1.1757,1.278009414,0
450,P49770:Q9BPX1,0.2925326788245136,0.2,1.0,0.9547413793103448,0.0,0.0,0.0,0.0,0.6153,1.1933,0.0,1.1757,0.863243016993,0
451,O43660:Q9Y314,0.2592790028887887,0.0911495911495911,0.4428571428571429,0.6157407407407408,2.49,0.0,2.49,0.0,0.0,2.013,0.0,9.4687,47.460627819,1
452,O75155:O95298,0.2171220458036794,0.1139929398332759,0.2178787878787878,0.7083333333333334,0.54,0.0,0.54,0.0,0.0,2.013,0.0,1.1757,1.278009414,0
454,P57060:Q71F23,0.2263860420630354,0.0,0.0,1.0,0.19,0.0,0.19,0.0,0.0,2.013,0.0,2.1077,0.806132019,0
455,P29084:Q8NG80,-0.0397982754698694,0.0773809523809523,0.3333333333333333,0.1666666666666666,0.0,0.0,0.0,0.0,0.0,1.5978,0.0,0.8888,1.42012464,0
458,P47874:P50222,-0.0527183273186269,0.1241208791208791,0.5133333333333333,0.4839414040906578,0.0,0.0,0.0,0.0,0.0,0.993,0.0,1.5818,1.5707274,0
459,Q6AZY7:Q9GZQ8,0.2243152975839455,0.1616732804232804,0.2521494708994709,0.9673202614379084,0.62,0.0,0.62,0.0,0.0,2.013,0.0,1.1757,1.467344142,0
460,Q96K17:Q9NW64,0.6979364278188518,0.0,0.0,0.6520833333333333,1.55,0.0,1.55,0.9127,0.0,2.013,0.0,18.4426,52.520115266553,0
461,Q14119:Q9Y4E5,0.6505846222426797,0.2068713450292397,0.7222222222222223,0.4888888888888889,80.27,0.0,80.27,0.5125,0.0,0.0,0.0,3.9008,160.4725732,0
464,P35249:Q9P2N7,0.1382291591607976,0.0994505494505494,0.359375,0.8055555555555556,1.52,0.0,1.52,0.0,0.0,2.013,0.0,1.5818,4.839928368,0
465,P56556:Q9Y5H7,0.0104442068372718,0.1559523809523809,0.3333333333333333,0.0833333333333333,0.0,0.0,0.0,0.0,0.0,1.5978,0.0,0.8888,1.42012464,0
466,O43609:Q6P2C8,0.4338224488726186,0.092009842009842,0.4694444444444444,0.8055555555555557,0.54,0.0,0.54,0.0,0.0,2.416,0.0,1.5818,2.063679552,0
467,Q13485:Q9NP78,0.2210266571517174,0.1770833333333333,0.3364285714285714,0.5338624338624338,0.19,2.59,2.59,0.0,0.0,2.416,0.0,1.5818,9.898018592,0
468,Q15762:Q6XPR3,-0.035659622049244,0.0,0.4814814814814814,0.1666666666666666,0.24,0.0,0.24,0.0,0.0,2.416,0.0,1.1757,0.681717888,0
470,P30405:Q9Y376,-0.1080116342623585,0.1474796037296037,0.3827777777777778,0.8754578754578756,0.0,0.0,0.0,0.0,0.0,2.013,0.0,9.4687,19.0604931,0
471,P21728:Q05901,-0.0612908382874663,0.1987301587301587,0.6131944444444445,0.2047222222222222,0.19,3.52956,3.52956,0.0,0.0,2.416,5.86,2.1077,105.323167217829,0
472,O75586:P59646,-0.0996024867349962,0.0818903318903318,0.65625,0.1322751322751322,0.0,0.0,0.0,0.0,0.0,1.5978,0.0,0.5954,0.95133012,0
474,P51553:Q9NP55,0.0607987307015133,0.1003314393939393,0.2,0.9897959183673468,0.15,0.0,0.15,0.0,0.0,1.5978,0.0,1.1757,0.281780019,0
475,Q13617:Q15370,0.718380117276372,0.2277777777777777,0.6172839506172839,0.9393939393939392,39.6,3.51,39.6,2.3254,9.2808,2.013,0.31,2.7714,1478.02897916539,1
476,O75976:Q8WVK7,-0.0461472312346015,0.1708008658008658,0.3818095238095237,0.1342857142857142,0.54,2.59,2.59,0.0,0.0,2.416,0.0,2.1077,13.188806288,0
477,Q96DZ9:Q96PE7,-0.3100530566659498,0.0944444444444444,0.2,0.7642857142857142,0.15,0.0,0.15,0.0,0.0,1.5978,0.0,1.1757,0.281780019,1
478,P46781:Q9H741,0.0123118828670624,0.2,0.3333333333333333,1.0,0.17,0.0,0.17,0.0,0.0,1.1933,0.0,2.1077,0.4275701297,0
480,O00206:Q99836,0.627030213172732,0.1952950490354582,0.5753424657534246,0.8642708333333333,0.0,0.0,0.0,0.9127,9.2808,2.416,181.01,3.9008,14449.9600561373,1
481,Q2M3X9:Q9P0N9,0.4221811148991785,0.0781202131202131,0.1746031746031746,0.1936991869918699,0.0,0.0,0.0,0.0,0.0,1.5978,0.0,1.5818,2.52740004,0
484,Q16543:Q8IYA8,0.1036701435293147,0.146031746031746,0.1428571428571428,1.0,0.54,0.0,0.54,0.0,0.0,2.013,0.0,1.1757,1.278009414,0
486,Q6P161:Q9GZT3,0.307932558057869,0.0991666666666666,0.535515873015873,0.9166666666666666,0.17,0.0,0.17,0.0,0.0,1.5978,0.0,18.4426,5.0094896676,0
487,P29373:Q96K19,0.0840287073719937,0.1166680541680541,0.25,0.8793650793650792,0.19,0.0,0.19,0.0,0.0,2.013,0.0,1.1757,0.449669979,0
488,A6NIV6:Q9NX24,0.0017973528068795,0.0,0.3043083900226758,0.0,0.24,0.0,0.24,0.0,0.6153,1.5978,0.0,0.7962,0.18786364605792,0
489,P52747:Q05086,0.8086335132208738,0.10185323765287,0.2423280423280423,0.90546875,0.0,0.0,0.0,0.0,0.6153,2.416,0.0,9.4687,14.07583612176,0
490,O43181:P56556,0.65378262517662,0.3099326599326599,0.6416666666666665,1.0,118.38,0.0,118.38,0.9127,0.0,2.013,69.61,45.2798,685529.731178027,1
491,P41732:Q96C74,-0.0755206617601329,0.0,0.2466666666666666,1.0,0.0,0.0,0.0,0.0,0.0,2.416,0.0,1.1757,2.8404912,0
492,O95198:Q9UN66,0.038918850245308,0.0904558404558404,0.3333333333333333,0.5833333333333334,3.02,0.0,3.02,0.0,0.0,1.5978,0.0,0.8888,4.2887764128,0
495,Q15369:Q712K3,0.4373462002633899,0.6527777777777778,1.0,0.6080246913580246,0.19,0.0,0.19,0.0,0.6153,2.013,0.0,2.1077,0.4960130312907,0
496,P0C862:Q8NE86,-0.0410439577781924,0.1084106369820655,0.1641762452107279,0.6439296439296439,0.41,0.0,0.41,0.0,0.0,2.013,0.0,1.1757,0.970340481,0
498,Q15427:Q5MJ68,0.0195706270644936,0.0,0.6,0.6666666666666666,0.0,0.0,0.0,0.0,0.0,1.1933,0.0,2.1077,2.51511841,0
501,O95684:Q49AG3,0.4889898962376939,0.0,0.0,0.225,0.15,0.0,0.15,0.0,0.0,1.5978,0.0,5.6875,1.363123125,0
502,O14964:Q96MT8,0.814426541560919,0.1643644234553325,0.8413793103448275,0.9927536231884058,0.54,3.51,3.51,0.0,0.0,2.416,0.0,1.5818,13.413917088,1
503,P62316:Q9BYZ6,0.1228298860258652,0.125535113035113,0.2555555555555555,0.5949074074074074,2.31,3.84,3.84,0.0,0.6153,1.1933,0.0,1.5818,4.45984074885888,0
504,Q9H2W6:Q9NQ50,0.6509091467140816,0.5625,0.4763368983957219,0.2395833333333333,0.54,0.0,0.54,0.0,30.1977,2.416,0.0,45.2798,1783.89404598637,1
506,Q16633:Q9BXL6,-0.048318423669443,0.1238636363636363,0.1772486772486772,0.9,0.68,0.0,0.68,0.0,0.0,2.416,0.0,2.1077,3.462698176,0
507,P01877:Q15759,-0.2287943201424521,0.1343377382851067,0.4833333333333333,0.3771241830065359,0.29,3.51,3.51,0.5125,0.6153,1.1933,0.0,0.4364,0.576397759249085,0
508,Q03188:Q9Y276,0.8250637547085107,0.2018518518518518,0.3472222222222222,0.7060185185185185,0.94,0.0,0.94,0.0,0.0,1.1933,0.0,1.1757,1.3187850414,0
509,P53041:Q8IUK8,0.0433913353919888,0.1595238095238095,0.4066666666666666,0.0,0.19,0.0,0.19,0.0,0.0,1.5978,0.0,1.1757,0.35692135739999997,0
511,Q969Z0:Q9BRJ2,0.7416490313802281,0.2,0.3492424242424242,0.71875,0.19,0.0,0.19,0.0,0.0,2.013,0.0,5.6875,2.175298125,0
512,P60709:Q9BY64,0.0344779992339333,0.1393939393939393,0.3625,0.1428571428571428,0.0,0.0,0.0,0.0,0.0,1.1933,0.0,1.1757,1.40296281,0
516,P60412:Q9NQX5,0.0,0.0,0.3333333333333333,1.0,0.0,0.0,0.0,0.0,0.0,1.5978,0.0,2.7714,4.42814292,0
517,P56750:Q9Y2D2,0.061108164013379,0.25,0.2361111111111111,0.5025510204081632,0.62,0.0,0.62,0.0,0.0,2.013,0.0,0.7126,0.889367556,0
519,Q8WTS6:Q96I36,0.4057030135175419,0.1666666666666666,0.2941919191919191,1.0,0.0,0.0,0.0,0.0,0.0,1.5978,0.0,2.7714,4.42814292,0
521,A0FGR9:Q16540,0.0646928214322799,0.1309523809523809,0.2274603174603175,0.75,0.54,0.0,0.54,0.0,0.0,2.013,0.0,1.5818,1.719448236,0
522,O43889:P01374,-0.0313747544059306,0.1893293840662261,0.9285714285714286,0.8425925925925926,0.17,0.0,0.17,0.0,0.0,2.416,0.0,1.1757,0.482883504,1
523,O96014:P28335,-0.1303850147529716,0.2724292615596963,0.3,0.6432407407407407,0.0,0.0,0.0,0.0,0.0,2.416,5.86,2.1077,29.840310752,0
524,O43567:Q5T619,-0.0648750438658778,0.0871212121212121,1.0,0.9598566308243728,2.34,0.0,2.34,0.0,0.6153,2.013,0.0,0.8888,2.5760280834288,0
525,P04637:Q68CP4,0.5055519258840593,0.3282828282828283,0.1739926739926739,0.1555555555555555,0.41,0.0,0.41,0.0,0.0,2.013,0.0,2.1077,1.739548041,0
527,P45844:P60709,0.0098162022171917,0.1518152706831952,0.364577497665733,0.9115181992337166,1.05,0.0,1.05,4.2492,0.6153,2.013,0.0,2.1077,11.6475868483603,0
530,P68871:Q9Y693,-0.1188576087369908,0.0,0.5,0.0,0.0,0.0,0.0,0.0,0.0,1.5978,0.0,1.5818,2.52740004,0
532,O15144:Q9BPX5,0.5015394395039289,0.4053030303030303,0.4212962962962963,0.9333333333333332,0.0,0.0,0.0,0.5125,606.3917,0.0,69.61,18.4426,398970.604461979,1
533,O00623:P02747,-0.0372345544987178,0.1028257456828885,0.3859999999999999,1.0,0.94,0.0,0.94,0.0,0.0,2.416,0.0,0.7962,1.808202048,0
534,Q9HB96:Q9UGM5,-0.1486296299562229,0.082070707070707,0.3333333333333333,0.7083333333333334,0.0,0.0,0.0,0.0,0.0,2.416,0.0,1.1757,2.8404912,0
535,A8MPY1:Q86YF9,0.3931367990830207,0.1153273809523809,0.3675438596491228,0.140018315018315,0.54,3.84,3.84,0.0,0.0,2.416,0.0,1.1757,10.907486208,0
536,P15498:P61586,0.2403878974430286,0.2151822841383281,0.6089710884353742,0.8714893500219587,292.74,22.0744,292.74,2.3254,5.2693,1.5978,10.8,9.4687,586096.585164961,1
538,Q13351:Q8IXQ9,-0.2262203349057731,0.1111111111111111,0.2722222222222222,0.2888888888888888,0.24,0.0,0.24,0.0,0.0,2.013,0.0,1.1757,0.568004184,0
539,Q02535:Q92917,0.5637466377733579,0.0909090909090909,0.5428571428571429,0.9779411764705882,0.17,3.84,3.84,0.0,0.0,2.416,0.0,1.5818,14.675054592,0
540,O60235:P0CG47,-0.0931885178126964,0.1232796615149556,0.4866475462077756,0.9742424242424242,0.89,0.0,0.89,2.0764,0.0,1.1933,0.0,1.1757,2.59266966102876,0
543,P33402:Q5T2W1,-0.1499888265806583,0.1479707792207792,0.2520833333333333,0.8782608695652173,0.26,3.51,3.51,0.0,0.0,2.416,0.0,1.1757,9.970124112,0
545,Q6P1J9:Q8WVC0,0.4753129435108508,0.3002200924075924,0.7384615384615386,0.9603174603174603,0.28,0.0,0.28,0.0,30.1977,2.416,181.01,18.4426,68195.158472908,1
548,P02654:Q5T1C6,-0.0920885786386942,0.1444444444444444,0.2777777777777778,0.9111111111111112,0.24,0.0,0.24,0.0,0.0,1.5978,0.0,1.1757,0.4508480304,0
549,Q13501:Q969Q1,0.3134841490206955,0.1874242424242424,0.6238095238095239,0.7760770975056689,3.16,0.0,3.16,1.7951,0.6153,2.416,5.86,2.1077,104.151609606256,1
554,Q3SXM0:Q92934,0.0852084371034037,0.0,0.1082611832611832,0.0,0.28,0.0,0.28,0.0,0.0,0.0,0.0,1.1757,0.329196,0
556,O95295:Q9UBY9,0.2180766111039676,0.1527777777777777,0.3458333333333334,0.9833333333333332,0.41,0.0,0.41,0.0,0.0,2.416,0.0,1.1757,1.164601392,0
557,P82673:Q04725,0.0753097014354446,0.0902447089947089,0.1975155279503106,0.4444444444444445,2.72,0.0,2.72,0.0,0.0,2.013,0.0,0.6688,3.661920768,0
558,P09936:P0CG48,-0.2489626194969445,0.3,0.836025641025641,0.9823848238482384,869.75,0.0,869.75,20.9141,0.6153,0.993,0.0,2.1077,23424.9448333628,1
559,P08637:Q92843,-0.1837654760997178,0.1635298563869992,0.2733333333333333,0.9607843137254902,0.68,0.0,0.68,0.0,0.0,2.013,0.0,0.7962,1.089870408,0
560,P17980:Q9UNE7,0.7588376045314627,0.2649642621079273,0.6238888888888889,0.8448388203017833,7.06,7.40526,7.40526,0.9127,0.6153,1.5978,24.11,45.2798,7254.03094678819,0
562,P11177:Q6Y288,0.2649967771084123,0.1408730158730158,0.25,0.1809523809523809,0.0,0.0,0.0,0.0,0.0,1.5978,0.0,2.7714,4.42814292,0
566,P61601:Q9BTK6,0.0003574769874804,0.1503401360544217,0.2772321428571428,0.8545454545454544,0.0,0.0,0.0,0.0,0.0,1.5978,0.0,1.1757,1.87853346,0
568,Q16555:Q5VTR2,0.2822800451751585,0.1555114638447971,0.2835978835978836,0.788562091503268,0.17,0.0,0.17,0.0,0.0,2.416,0.0,5.6875,2.33597,0
569,O14594:Q9Y294,0.2437939890067741,0.1775297619047619,0.3727272727272727,0.474074074074074,0.68,3.51,3.51,0.0,0.0,1.5978,0.0,0.6688,3.7508163264,0
570,P40938:P62380,0.2633640524514661,0.142051282051282,0.2703703703703703,0.7817460317460317,0.41,0.0,0.41,0.0,0.0,2.013,0.0,5.6875,4.694064375,0
571,P09132:Q8IZC4,0.1357546647013676,0.0898869648869648,0.3444444444444444,0.0,0.41,0.0,0.41,0.0,0.0,2.013,0.0,1.1757,0.970340481,0
573,P62701:Q9NYZ4,-0.0813784901495657,0.238095238095238,1.0,0.4666666666666667,0.8,0.0,0.8,0.0,0.0,1.1933,0.0,0.8888,0.848484032,0
574,P53794:Q6A162,-0.067394870770044,0.1214285714285714,0.4627450980392156,0.998501872659176,0.0,0.0,0.0,0.0,0.0,1.5978,0.0,1.1757,1.87853346,0
575,E5RQL4:P50914,-0.2840226502249895,0.0,0.2268518518518518,0.230392156862745,0.41,0.0,0.41,2.0764,0.0,1.1933,0.0,0.4364,0.44333218310288,0
577,P05000:P48551,-0.0769794030595708,0.3762176095509428,0.3771929824561402,0.7155797101449275,118.38,0.0,118.38,1.7951,0.6153,1.5978,10.8,1.1757,2652.75161832552,1
578,P47870:Q8TAM1,0.25460964859673,0.1589002267573696,0.25,0.1468253968253968,0.41,2.59,2.59,0.0,0.0,2.013,0.0,1.5818,8.246983206,0
580,Q13098:Q9BT78,0.7148327037697588,0.5756578947368421,0.4338888888888887,0.961038961038961,7.06,0.0,7.06,1.7951,158.1204,2.013,0.0,9.4687,38195.7800720678,1
581,O00219:P08708,0.2631585483698036,0.2162698412698412,0.4371148459383753,0.25,0.68,0.0,0.68,0.0,0.6153,1.5978,0.0,1.1757,0.78598591379784,0
582,Q03111:Q8IZP9,0.0503687904751891,0.0949494949494949,0.6033333333333334,0.1666666666666666,0.63,0.0,0.63,0.0,0.6153,2.013,0.0,1.1757,0.9174190578399,0
585,Q5SWA1:Q96MR9,-0.0468321331680006,0.2,0.5,0.175,0.89,0.0,0.89,0.0,0.0,2.416,0.0,1.1757,2.528037168,0
586,P30085:Q9NY12,0.5048119891508149,0.1349206349206349,0.5706004140786748,0.2705128205128205,0.17,0.0,0.17,0.0,0.0,1.5978,0.0,5.6875,1.544872875,0
587,Q8N4V1:Q9Y3B6,0.2493013480406809,0.8,0.6685714285714286,0.8545454545454546,0.19,0.0,0.19,0.0,0.0,2.013,0.0,3.9008,1.491938976,1
592,P05198:Q9ULV4,0.8063528321314749,0.1246709956709956,0.3064102564102564,0.7777777777777777,2.09,0.0,2.09,1.2535,0.6153,1.5978,0.0,18.4426,47.5009289857,0
593,O60711:P57768,-0.0396459489979607,0.147089947089947,0.3964646464646465,0.5,0.43,0.0,0.43,0.0,0.0,2.416,0.0,1.5818,1.643300384,0
594,O43660:Q13356,0.6631098834543446,0.3029914529914529,0.6285714285714284,0.6098765432098765,2.49,0.0,2.49,0.0,0.6153,2.013,0.0,9.4687,29.2025242970307,1
596,O95232:Q96J92,-0.0564580259192271,0.1036698068956133,0.3809523809523809,0.2477994227994228,0.41,5.43,5.43,0.5125,0.6153,2.013,0.0,1.1757,4.05248025489875,0
598,O95670:Q15762,-0.063953847832773,0.1100420875420875,0.3472222222222222,0.8525641025641024,0.0,0.0,0.0,0.0,0.0,1.5978,0.0,0.6915,1.1048787,0
599,O15273:P50461,0.8280432237730322,0.1596711393181981,0.5900000000000001,0.7176470588235294,0.41,0.0,0.41,0.9127,0.0,2.013,24.11,45.2798,822.351317277805,1
601,O43364:Q8TAX7,-0.1043833031546165,0.1909090909090909,0.2047619047619047,0.2,0.0,0.0,0.0,0.0,0.0,0.993,0.0,1.5818,1.5707274,0
604,P10321:Q96S95,-0.3377109790008719,0.0,0.3444444444444444,0.2222222222222222,0.24,5.22,5.22,0.0,0.0,0.9594,0.0,2.7714,13.8793596552,0
606,P08708:P15880,0.9564845294214932,0.8431372549019608,0.7024363233665558,0.3121794871794872,0.24,0.0,0.24,4.2492,0.6153,1.5978,24.11,45.2798,1094.53450385506,1
608,P24588:Q9H6W3,-0.0553438709487939,0.1577380952380952,0.2599999999999999,0.2621598639455782,0.0,0.0,0.0,0.0,0.0,1.1933,2.07,1.5818,3.9072532158,0
609,P25788:P31431,0.2057822261888742,0.0803666401928434,0.2537414965986395,0.9138888888888888,0.0,0.0,0.0,0.0,0.0,1.5978,0.0,1.5818,2.52740004,0
610,Q96J92:Q9H4A5,0.2480183738976882,0.1688688295831153,0.4363636363636363,0.725925925925926,0.15,3.66,3.66,0.0,0.6153,1.5978,0.0,1.1757,4.23045359485308,0
611,P63104:Q6UUV9,0.1329972654384194,0.1701963619455879,0.5266666666666666,0.7291666666666666,0.41,141.35,141.35,0.9127,0.6153,2.013,0.31,1.5818,78.3551990789414,1
612,P19388:P52435,0.5897382500880217,1.0,0.974257425742574,0.8311728395061728,0.61,0.0,0.61,0.0,9.2808,2.013,69.61,45.2798,35919.9031781446,1
614,P41223:Q9NZ63,0.6017919733592212,0.540625,0.6047619047619047,0.7222222222222222,0.23,0.0,0.23,0.5125,0.0,0.0,0.0,9.4687,1.1161230125,0
616,O15198:P60568,-0.0851982299951757,0.1230305255460054,0.5,0.5119047619047619,0.15,0.0,0.15,0.0,0.0,2.013,0.0,1.1757,0.355002615,0
620,P30260:Q96J02,0.7447954465980167,0.266093193071275,0.6426256613756614,0.7929761904761904,0.89,9.47493,9.47493,0.5125,0.6153,2.416,5.86,18.4426,780.14169196743,0
627,O60921:Q9BYS1,0.3414272106955001,0.0,0.5714285714285714,1.0,0.0,0.0,0.0,0.0,0.0,1.1933,0.0,1.1757,1.40296281,0
628,P54105:Q9BQ89,0.0438849650626858,0.125,0.4182539682539682,1.0,0.24,3.86531,3.86531,0.9127,0.0,2.013,0.0,1.1757,8.34935013673975,0
629,P68363:Q9Y535,0.5002959879046432,0.1388888888888889,0.3416666666666665,0.4537037037037037,4.13,0.0,4.13,0.0,0.0,0.0,0.0,2.7714,11.445882,0
630,Q86UU9:Q9BWT1,-0.0183644748899803,0.162037037037037,0.4000000000000001,0.5,0.0,0.0,0.0,0.0,0.0,2.013,0.0,1.1757,2.3666841,0
632,O43760:O60883,-0.4339797093956156,0.0926184926184926,0.7833333333333333,0.9063492063492063,6.88,0.0,6.88,0.0,0.0,2.416,0.0,1.1757,19.542579456,0
634,O94972:O95149,0.3080798608946694,0.1476190476190476,0.5933333333333334,0.7714285714285715,0.62,20.9024,20.9024,0.0,0.0,2.013,0.0,3.9008,164.13213290496,0
636,O00584:Q86XT4,-0.0137451598987907,1.0,0.5,0.2397953897953897,0.15,0.0,0.15,0.0,0.0,2.013,0.0,1.5818,0.47762451,0
637,A6NCQ9:Q9Y248,0.0339769480817724,0.0,0.2238095238095238,0.2,2.49,0.0,2.49,0.9127,0.0,0.0,0.0,0.6915,1.5715188045,0
638,Q92797:Q9UKF6,0.7578699623747533,0.5117647058823529,0.7277777777777776,0.5196428571428571,7.06,0.0,7.06,0.0,5.2693,2.416,5.86,5.6875,2995.52936900308,1
639,A1A4Y4:P04234,0.7861729172093984,0.1498917748917749,0.279485049833887,0.6000000000000001,0.54,0.0,0.54,0.0,0.0,2.013,0.0,1.1757,1.278009414,0
641,P62807:Q53T59,-0.0261062319173388,0.0833333333333333,0.5,0.85,0.15,0.0,0.15,0.5125,0.0,2.416,0.0,1.1757,0.218362761,0
642,Q96MF7:Q9NWA0,0.0805152813132255,0.1041666666666666,0.3916666666666666,0.9428571428571428,0.54,0.0,0.54,0.9127,0.0,2.013,0.0,1.5818,1.5693404049972,0
643,Q15629:Q9BYQ4,-0.0016049526530209,0.0,0.3214285714285714,1.0,0.39,0.0,0.39,0.0,0.0,1.1933,0.0,0.8888,0.4136359656,0
645,O95299:Q16718,0.3384171491975037,0.3410005027652086,0.6557692307692307,0.1979166666666666,52.16,0.0,52.16,0.0,0.0,2.013,69.61,9.4687,69205.9362318826,1
646,Q14145:Q99687,0.1753790974775245,0.1203210678210678,0.5,0.8551282051282052,0.54,0.0,0.54,0.0,0.0,2.013,0.0,2.1077,2.291112054,0
648,P23396:Q99633,0.7052046204562417,0.1726190476190476,0.3930059523809524,1.0,0.15,0.0,0.15,0.0,0.0,2.013,0.0,5.6875,1.717340625,0
650,Q96DI7:Q9H5V9,0.8195567095731956,0.1226190476190476,0.5990196078431372,0.75,0.54,0.0,0.54,0.0,0.0,2.013,0.0,5.6875,6.18242625,0
651,Q2NL82:Q86WV1,0.3804029140964895,0.0625675527140161,0.4590136054421768,0.8939393939393938,0.8,2.59,2.59,0.0,0.0,2.013,0.0,1.1757,6.129711819,0
652,Q96GR4:Q9BYV2,-0.1985588597960091,0.125079365079365,0.1979166666666666,0.1425324675324674,0.15,0.0,0.15,0.5125,0.0,2.013,0.0,1.5818,0.244782561375,0
654,Q9GZQ3:Q9H0A8,0.7163300695182425,0.0,0.4916666666666667,1.0,3.02,0.0,3.02,0.0,0.0,2.416,0.0,18.4426,134.563111232,1
655,P62906:Q9H0R5,0.4524627200984635,0.127075702075702,0.4733333333333333,0.8133541295306002,0.54,0.0,0.54,0.0,0.0,0.993,0.0,1.1757,0.630433854,0
656,O14610:P62851,0.3775958217425063,0.1172664141414141,0.1515466015466015,0.6571428571428571,0.54,0.0,0.54,2.409,0.0,2.013,0.0,2.1077,5.519288938086,0
657,O95971:Q16773,0.0830205948955466,0.1813725490196078,0.3999999999999999,0.4402380952380952,0.17,0.0,0.17,0.0,0.0,1.1933,0.0,1.1757,0.2385036777,0
659,Q8IUK5:Q9Y6G3,0.4350626618150208,0.1180555555555555,0.2378472222222222,0.25,0.22,0.0,0.22,0.0,0.0,2.013,0.0,0.7126,0.315582036,0
661,P62987:Q8NBP7,-0.2747485451257194,0.1406926406926406,0.3821789321789321,0.625705467372134,3.44,0.0,3.44,0.9127,0.6153,0.993,0.0,0.7962,1.52737201808254,0
662,Q15393:Q92917,0.6675757891983413,1.0,0.5428571428571429,0.9779411764705882,0.56,0.0,0.56,0.0,0.0,1.5978,0.0,5.6875,5.088993,1
665,Q9UBW8:Q9UNS2,0.4875295392192993,0.2124538016807753,0.557142857142857,1.0,52.16,0.0,52.16,3.7695,111.3431,2.416,0.0,9.4687,500808.770473077,1
666,P53999:Q9HAK2,0.0768084929037697,0.3892094017094017,0.6,0.4864197530864197,0.41,0.0,0.41,0.0,0.0,2.013,0.0,1.1757,0.970340481,0
668,Q9BZI7:Q9Y5S9,0.800743144043462,0.206024531024531,0.4912483912483913,0.9415094339622644,4.13,0.0,4.13,3.7695,0.6153,1.5978,69.61,9.4687,10088.001121545,1
669,P07550:Q8N8E2,0.0577017276843341,0.376750700280112,1.0,0.5336734693877551,0.19,0.0,0.19,0.0,0.0,2.416,0.0,1.5818,0.726109472,0
672,P09693:P20963,0.9257747856847518,0.3386104636104636,0.8681623931623932,0.9233333333333332,0.15,0.0,0.15,1.7951,0.0,2.416,0.0,38.174,24.83387581776,1
674,P15882:Q6QEF8,0.0504560917618775,0.1125,0.0,0.8666666666666666,1.22,15.8041,15.8041,0.0,0.6153,2.416,0.0,1.5818,37.1625225077346,0
675,O14678:P40855,0.52933442839622,0.464327485380117,0.3974358974358974,0.9697222222222224,0.17,0.0,0.17,0.5125,0.6153,2.013,0.0,2.7714,0.299069891880952,0
679,P50213:P51553,0.6278395666646387,0.55,0.6498015873015872,0.655952380952381,2091.17,0.0,2091.17,0.5125,9.0954,0.0,181.01,9.4687,16706979.4414714,1
680,P30153:Q9Y570,0.7763741738370897,0.2222222222222222,0.5,0.4077838827838828,0.26,0.0,0.26,0.0,158.1204,2.013,0.89,18.4426,1358.3671828754,1
681,O15504:Q53GS7,0.8826962144996086,0.4479166666666667,0.4096491228070175,0.9759562841530056,0.68,0.0,0.68,0.0,0.0,2.416,24.11,5.6875,225.2809468,1
682,P05546:Q8N0W7,-0.0267413354692616,0.0,0.5,0.0,0.0,0.0,0.0,0.0,0.0,0.0,0.0,1.5818,1.5818,0
683,Q15762:Q9UHB6,-0.0328325995526394,0.1531385281385281,0.3610204081632652,0.7944444444444444,0.19,0.0,0.19,0.9127,0.0,2.416,0.0,2.1077,0.8830542335216,0
684,P59768:P62873,0.3790777170483375,0.4726220538720538,0.494059405940594,0.8865740740740741,0.0,3.51,3.51,0.0,158.1204,1.5978,69.61,5.6875,351083.549943958,1
685,P37231:Q9Y5L4,0.1930040352948841,0.2128205128205128,0.3232142857142857,0.7857142857142857,0.0,0.0,0.0,0.0,0.0,0.993,0.0,1.1757,1.1674701,0
686,Q13868:Q9BXL6,0.1471253733507962,0.1235714285714285,0.5648148148148148,0.9,3.02,3.51,3.51,0.0,0.0,1.5978,0.0,2.7714,15.5427816492,0
687,P62314:Q9UHP6,0.0846195208461509,0.0,0.2291666666666666,1.0,0.68,0.0,0.68,0.0,0.0,1.1933,0.0,1.1757,0.9540147108,0
689,P51665:Q96G46,0.3578547003239343,0.0750777000777,0.0,0.2873015873015873,0.41,0.0,0.41,0.0,0.0,2.013,0.0,2.7714,2.287319562,0
691,O00400:Q9HC62,0.2696211769895975,0.1188620902906617,0.4148148148148148,0.8863287250384024,0.0,0.0,0.0,0.0,0.0,2.013,0.0,18.4426,37.1249538,0
693,P22674:Q9NNZ6,0.5148137940957818,0.2118055555555555,0.4666666666666666,0.25,0.0,0.0,0.0,0.0,0.0,1.5978,0.0,5.6875,9.0874875,0
694,P0CG48:Q13200,0.5912306534523184,0.3571428571428571,0.8153822055137846,0.9884615384615384,3.82,4.96,4.96,0.0,114.5243,1.1933,0.0,0.0,677.8427620624,1
698,P82673:Q12905,0.553905440057934,0.0625,0.2030612244897959,0.695,0.41,0.0,0.41,4.0064,0.0,2.013,0.0,18.4426,60.9823401107712,0
700,O43504:Q6IAA8,0.6962619160700398,0.2946850640399028,0.6842207792207793,0.8364810330912027,118.38,0.0,118.38,1.7951,0.0,0.0,0.0,5.6875,1208.616147375,1
705,E9PI22:Q13330,0.0,0.0,0.0,0.89004329004329,0.42,0.0,0.42,0.0,0.0,0.9594,0.0,0.4364,0.1758465072,0
706,Q7Z7E8:Q9Y328,-0.0820730297194413,0.1559523809523809,0.1957936507936508,0.9285714285714286,0.28,0.0,0.28,0.0,0.0,2.013,0.0,1.5818,0.891565752,0
707,O43809:Q12908,-0.0384109972509842,0.125,0.2611111111111111,0.8472222222222223,0.0,0.0,0.0,0.0,0.0,1.1933,0.0,0.6688,0.79807904,0
709,P02724:Q8IYT2,-0.1836255618287895,0.0892857142857142,0.35,0.1111111111111111,0.0,0.0,0.0,0.0,0.0,0.9878,0.0,1.1757,1.16135646,0
713,Q86VP6:Q9UI40,-0.1656341286770185,0.1184613997113997,0.7857142857142857,0.0999278499278499,0.28,2.59,2.59,0.0,0.0,2.416,0.0,0.7962,4.982173728,0
715,O60939:P43354,-0.0037489181219596,0.1146055531769817,0.3375000000000001,0.1147031980365313,0.19,7.40526,7.40526,0.0,0.0,2.416,0.89,2.1077,33.5610889152605,0
716,Q9NP66:Q9Y4E5,0.7468433789114334,0.3734848484848485,0.7222222222222223,0.4888888888888889,0.41,0.0,0.41,0.5125,0.0,2.416,0.0,18.4426,9.3626072012,0
719,Q15366:Q96HR9,-0.0774908323379289,0.1444444444444444,0.4303571428571429,1.0,0.41,0.0,0.41,0.0,0.0,2.013,0.0,2.1077,1.739548041,0
720,Q15029:Q9Y314,0.4653002322312845,0.1053030303030303,0.5142857142857143,0.6157407407407408,0.94,0.0,0.94,0.0,0.0,2.013,0.0,9.4687,17.916863514,1
722,O15042:Q9UBQ5,0.6068153274297408,0.2365079365079364,0.3825396825396826,0.8111111111111112,0.8,0.0,0.8,1.2535,0.0,2.416,0.0,3.9008,9.45072093184,0
723,Q13304:Q16633,-0.1834471056460764,0.1006572131572131,0.1666666666666666,0.896590909090909,0.0,0.0,0.0,0.0,0.0,0.0,0.0,2.1077,2.1077,0
726,P10144:Q15185,-0.1224690480494204,0.1543290043290043,0.7146341463414634,0.8273273273273273,0.22,5.24327,5.24327,0.0,0.0,2.013,0.89,1.1757,11.0441557294962,1
727,P53999:Q8IZP6,-0.0303114918257786,0.1666666666666666,0.25,0.2,1.22,3.84,3.84,0.0,0.0,1.5978,0.0,2.1077,12.9319029504,0
728,Q13510:Q96CE8,0.4393272414641424,0.0,1.0,1.0,0.15,0.0,0.15,0.0,0.0,2.416,0.0,1.5818,0.57324432,0
729,P61326:Q9UNN5,0.5131549193920265,0.1217922600275541,0.4048611111111111,0.7543859649122806,0.24,0.0,0.24,0.0,0.0,1.5978,0.0,9.4687,3.6309813264,0
730,P06127:P50552,0.4570141539074243,0.1235569985569985,0.319047619047619,0.9558823529411764,0.23,0.0,0.23,0.0,0.0,2.013,0.0,1.5818,0.732357582,0
731,P29372:Q9UPN6,0.7557627457023969,0.0810359231411863,0.6285714285714287,0.6545454545454545,0.22,0.0,0.22,0.0,0.0,1.5978,0.0,0.5954,0.2092926264,0
732,O75015:P01857,0.0630636649780375,0.394047619047619,0.8461538461538465,0.2309523809523809,118.38,3.52956,118.38,2.3588,0.6153,2.013,2.07,0.0,715.929882793576,1
735,P62987:Q6ISU1,0.4190714120474281,0.0666666666666666,1.0,1.0,0.83,0.0,0.83,0.9127,0.0,0.9878,0.0,1.1757,0.87977513406486,0
736,Q15819:Q6P1J9,0.4676696139452969,0.1099106857195092,0.7590909090909093,0.9805194805194806,0.54,0.0,0.54,1.2535,0.0,2.416,0.0,18.4426,30.160405417824,0
737,P35269:Q8N271,0.0413655878467794,0.1056397306397306,0.2566666666666667,0.6000000000000001,0.0,0.0,0.0,0.0,0.0,2.416,0.0,1.5818,3.8216288,0
738,Q8IYP9:Q96NB3,0.2752267214041247,0.1033854042782614,0.2109848484848485,0.8984126984126983,0.24,0.0,0.24,0.0,0.0,2.013,0.0,1.5818,0.764199216,0
739,P08865:P62249,0.8454894855148656,0.5594877344877344,0.7003759398496241,0.5625,0.54,0.0,0.54,0.0,0.6153,1.1933,24.11,38.174,364.917923632079,1
740,P62807:Q71DI3,0.6521464697148827,0.7777777777777777,0.9,0.9166666666666666,869.75,3.52956,869.75,2.3254,111.5878,1.1933,24.11,5.6875,36929810.7081749,1
743,P61353:Q6UVM3,0.1761534184314545,0.0858585858585858,1.0,0.0893939393939393,0.54,5.22,5.22,0.0,0.0,1.5978,0.0,1.1757,9.8059446612,0
745,O75506:P05111,0.2575589585238084,0.1774018379281537,0.39,0.7564102564102565,0.0,0.0,0.0,0.0,0.0,1.5978,0.0,0.7126,1.13859228,0
746,O95168:O95298,0.5490447023981173,0.2043349507635222,0.480892857142857,0.4166666666666667,0.41,0.0,0.41,0.0,0.0,2.416,69.61,18.4426,1271.67041419616,1
747,P51504:Q70Z53,0.1685279966802784,0.0526315789473684,1.0,0.934065934065934,0.24,0.0,0.24,0.0,0.0,0.0,0.0,1.5818,0.379632,0
749,Q01718:Q96S53,-0.1051011009601799,0.1097222222222222,0.4888888888888889,0.4405612244897958,0.19,0.0,0.19,0.0,0.0,2.416,0.0,0.6915,0.31742616,0
751,O75380:Q5DT21,-0.20852264329878,0.0,0.2,0.2857142857142857,0.22,0.0,0.22,0.0,0.0,0.0,0.0,0.8888,0.195536,0
752,P28566:P34897,-0.2356817200234097,0.1137659562659562,0.1896551724137931,0.569642857142857,0.0,0.0,0.0,1.2535,0.6153,2.013,0.0,0.8888,1.37993641135812,0
753,Q8N159:Q8TCU3,0.0408311690668059,0.0975378787878787,0.1428571428571428,0.0858585858585858,0.0,0.0,0.0,0.0,0.0,2.013,0.0,2.1077,4.2428001,0
754,O60921:O95259,-0.1195476670095501,0.1301623376623376,0.2774691358024691,0.4819444444444444,1.22,0.0,1.22,0.0,0.0,2.013,0.0,1.5818,3.884679348,0
755,P50990:Q9H6F2,-0.0055099264772752,0.1261363636363636,0.2944444444444444,0.3555555555555555,0.0,0.0,0.0,0.0,0.0,2.013,0.0,0.7962,1.6027506,0
756,P53803:Q8IWV1,0.1628577225271653,0.0846209346209346,0.4756410256410256,0.8703703703703703,0.0,0.0,0.0,0.9127,0.0,0.0,0.0,1.1757,1.07306139,0
757,Q13936:Q9NPA0,0.2974239499036678,0.0909090909090909,0.475,0.8384615384615385,0.54,3.84,3.84,0.0,0.0,1.5978,0.0,0.7962,4.8851265024,0
759,Q9BUR4:Q9NPE3,0.5632491976403177,0.490249433106576,0.502721088435374,0.7344444444444442,0.45,0.0,0.45,0.5125,0.6153,0.0,0.0,5.6875,0.80707651171875,1
760,Q03468:Q13637,0.3027711323193369,0.1574206349206349,0.2320728291316526,0.7200292397660819,1.22,3.84,3.84,0.0,0.6153,1.5978,0.0,0.7962,3.00581833692672,0
761,O95251:P62805,0.2681220063451732,0.2862337662337662,0.8918279569892472,0.9662698412698412,2.34,119.068,119.068,4.2492,0.6153,0.9878,5.86,0.4364,786.394606906938,1
762,P62081:Q86SG7,-0.0207942558173865,0.1015151515151515,0.5,0.4285714285714285,0.19,0.0,0.19,0.0,0.0,1.5978,0.0,1.1757,0.35692135739999997,0
763,P62310:Q4L235,0.6914019339910166,0.1083333333333333,0.0,0.1458333333333333,1.55,0.0,1.55,0.0,0.0,1.1933,0.0,5.6875,10.5196853125,0
764,Q9H2F3:Q9H3R5,-0.0992689049864468,0.0907814407814407,0.2630952380952381,0.9666666666666668,0.54,0.0,0.54,0.0,0.0,2.013,0.0,0.7126,0.774610452,0
765,P62495:Q70HW3,0.6505929418083094,0.143023643023643,0.3392857142857143,0.1527777777777777,0.19,0.0,0.19,0.0,0.0,1.5978,0.0,9.4687,2.8745268834,0
766,P07766:Q14247,-0.2142041329338042,0.2228079110432051,0.3444057297715834,0.9791666666666666,0.15,14.0753,14.0753,1.7092,0.0,2.013,0.0,1.1757,56.9365092677981,0
767,P60410:P63096,0.0,0.0,0.3428571428571428,0.521326164874552,0.0,0.0,0.0,0.0,0.0,1.1933,0.0,0.8888,1.06060504,0
769,Q16540:Q8NC06,0.1475215893777939,0.1428571428571428,0.5,0.9166666666666666,0.0,0.0,0.0,0.5125,0.0,2.013,0.0,2.7714,2.8591494525,0
772,P29374:Q9HCU9,0.5658574943655442,0.3893523143523144,0.4777777777777777,0.2419871794871795,0.54,0.0,0.54,0.0,0.0,2.416,0.17,1.1757,0.26075709216,1
773,P06312:Q9HAU8,0.5048790866599058,0.1428571428571428,0.0,0.1294642857142857,0.15,0.0,0.15,0.0,0.0,1.5978,0.0,0.4364,0.104591988,0
774,Q01718:Q8TCY5,0.9292073875559426,0.15,0.3777777777777777,0.6499999999999999,0.22,0.0,0.22,0.9127,0.6153,2.416,105.17,9.4687,297.246539398931,1
776,O75636:P32856,0.1367830572758019,0.1362734487734487,0.365,0.9763440860215054,0.0,0.0,0.0,0.0,0.0,2.013,0.0,1.1757,2.3666841,0
781,Q99259:Q9NNX6,-0.2769997603395754,0.1376783710117043,0.6730769230769231,0.8537037037037037,0.15,0.0,0.15,0.0,0.0,1.5978,0.0,1.5818,0.379110006,0
782,P33402:Q9BPX6,0.3505120117017558,0.0986120604541657,0.1738505747126436,0.612189440993789,0.0,0.0,0.0,0.0,0.0,2.416,0.0,1.1757,2.8404912,0
783,Q9P013:Q9Y274,-0.171715869979371,0.0987012987012986,0.2388888888888889,0.1476190476190476,0.0,0.0,0.0,0.0,0.0,1.5978,0.0,1.5818,2.52740004,0
784,P62304:P62306,0.9268913408959742,0.7349816849816849,0.4880541871921182,0.9776119402985076,292.74,0.0,292.74,1.7092,925.0043,1.5978,69.61,38.174,1965080852.72854,1
790,P62314:Q9Y314,0.2148436759451978,0.0951178451178451,0.5142857142857143,0.6157407407407408,0.81,3.84,3.84,0.0,0.0,2.013,0.0,9.4687,73.192293504,0
793,P18124:Q9Y3C1,0.6128261721458287,1.0,0.5599999999999999,1.0,0.19,0.0,0.19,0.0,0.0,2.013,0.0,18.4426,7.053741222,0
794,O14607:P49721,0.4360085719430495,0.0989010989010989,0.5162748643761303,0.2,1.05,0.0,1.05,0.0,0.6153,0.993,0.0,2.1077,1.3521792220965,0
796,P08865:P46782,0.8918684784850897,0.6599999999999999,0.7040726817042606,0.5769230769230769,0.43,0.0,0.43,0.0,0.6153,0.0,24.11,38.174,243.51193416606,1
797,P02748:Q9BRD0,-0.2287176682411688,0.1138888888888888,0.3271062271062271,0.9166666666666666,0.19,0.0,0.19,0.0,0.0,2.416,0.0,0.7126,0.327111904,0
798,P53597:Q8N2W9,-0.045436704199827,0.1123616767847537,0.2168439716312055,0.7864922723475357,0.24,3.66,3.66,2.0764,0.0,1.1933,0.0,2.1077,19.1139542314778,0
799,P29373:Q8TD30,0.1544558175661821,0.1482142857142857,0.25,0.1704545454545454,0.0,0.0,0.0,0.0,0.0,0.0,0.0,1.1757,1.1757,0
801,P19447:Q9BZI7,0.8781809279035141,0.1141233766233766,0.6092592592592593,0.9093023255813952,0.54,0.0,0.54,0.5125,0.0,1.5978,0.0,5.6875,2.514962165625,0
802,A6NDX5:P02760,-0.1619760891491218,0.0736101398601398,0.1916125541125541,0.1549158249158249,1.52,0.0,1.52,0.0,0.0,2.013,0.0,0.0,3.05976,0
806,P16410:P50461,-0.0506233547234377,0.1318854478854478,0.44,0.7176470588235294,0.15,0.0,0.15,0.0,0.0,2.013,0.0,2.1077,0.636420015,0
808,Q96RI1:Q9NPE2,-0.3214098966857003,0.3941798941798942,0.3927083333333333,0.54,0.22,3.84,3.84,0.0,0.0,1.5978,0.0,0.6915,4.242734208,0
809,Q15910:Q8TEW6,0.1210203370429315,0.2166666666666666,0.5,1.0,0.54,3.84,3.84,0.0,0.0,2.416,0.0,1.1757,10.907486208,0
812,P58499:Q9Y376,-0.3037273387203019,0.3443121693121693,0.3827777777777778,0.8754578754578756,0.0,0.0,0.0,0.0,0.0,0.0,0.0,1.1757,1.1757,0
813,Q96JC1:Q9H6R0,0.6902997004481533,0.1240460157126823,0.3375,0.4327122153209108,0.24,3.66,3.66,0.0,0.0,2.416,0.0,2.7714,24.506270784,0
815,A2RU67:O60888,0.1774602875501722,0.0,0.3466666666666667,0.9047619047619048,0.41,0.0,0.41,0.0,0.0,2.013,0.0,2.1077,1.739548041,0
816,P29373:Q5XX13,-0.0355326322195849,0.0,1.0,0.0,2.31,2.59,2.59,0.0,0.0,0.0,0.0,1.1757,3.045063,0
817,P53004:Q96HF1,0.4875618494537366,0.0876823053680638,0.4375,0.6904761904761904,0.41,0.0,0.41,0.0,0.0,2.416,0.0,1.1757,1.164601392,0
818,P61218:Q92917,0.6707758862374379,0.1666666666666666,0.5428571428571429,0.2573529411764705,2.72,0.0,2.72,0.5125,0.0,1.5978,0.0,9.4687,21.08994987084,0
819,Q8WXS4:Q9UKL0,-0.0214025211877954,0.0684141838553603,0.1738888888888889,0.1101010101010101,0.54,0.0,0.54,0.5125,0.0,2.013,0.0,3.9008,2.1731269032,0
820,P40429:Q9H6F5,0.3158369015346174,0.0,0.5772727272727273,0.75,0.19,0.0,0.19,0.0,0.0,1.1933,0.0,2.7714,0.6283512078,0
824,A6NML5:P62072,0.0238174536744881,0.0,0.2261904761904762,0.0,0.0,0.0,0.0,0.0,0.0,0.0,0.0,0.7126,0.7126,0
825,P0C6S8:Q16540,-0.187630045544629,0.0,0.2622222222222222,0.0,0.22,0.0,0.22,0.0,0.0,2.013,0.0,5.6875,2.51876625,0
826,P62191:Q99218,0.0937834736712551,0.0666666666666666,0.3333333333333333,0.4444444444444445,0.0,0.0,0.0,0.0,0.0,0.9878,0.0,0.7962,0.78648636,0
827,O75629:Q92806,-0.4170552260027753,0.1228956228956229,0.2611111111111111,0.1422619047619047,0.0,0.0,0.0,0.0,0.0,2.013,0.0,0.6688,1.3462944,0
828,P01584:Q8IYS0,0.0193536354573917,0.1875,0.3055555555555555,0.6317460317460317,0.19,0.0,0.19,0.0,0.0,2.416,0.0,0.7962,0.365487648,0
830,P01857:P58004,0.0779065881744733,0.1253759820426487,0.3716021825396825,0.679404761904762,0.0,0.0,0.0,0.5125,0.0,2.013,0.0,0.4364,0.450217515,0
832,P17181:Q9UNX3,0.3090583939647086,0.0954545454545454,0.1339285714285714,0.5,0.34,0.0,0.34,0.0,0.0,1.5978,0.0,1.5818,0.8593160136,0
835,Q16630:Q9ULX6,0.7294548549847565,0.2250554270291112,0.4708333333333333,0.9368055555555556,1.52,5.43,5.43,0.9127,0.0,0.0,0.0,5.6875,28.1870281875,0
837,Q16181:Q4VXA5,0.4602065080859399,0.0,0.5,0.25,0.23,0.0,0.23,0.0,0.0,1.1933,0.0,1.1757,0.3226814463,0
838,O95926:Q9H5V9,0.8200092894008313,0.0981481481481481,0.5990196078431372,0.75,0.0,0.0,0.0,0.0,0.0,0.0,0.0,9.4687,9.4687,0
839,O94907:Q96MU8,0.0226633150052826,0.3112433862433862,0.75,0.8666666666666667,21.37,0.0,21.37,0.0,0.0,0.0,10.8,1.1757,271.3468572,1
841,Q9ULR0:Q9Y421,0.7469529161954462,0.1111111111111111,0.6363636363636365,0.625,0.23,0.0,0.23,0.0,0.0,2.013,0.0,45.2798,20.964094602,0
842,P68431:Q9Y294,0.1177183800345197,0.3707264957264957,0.509090909090909,0.9416666666666668,118.38,8.95024,118.38,1.7951,318.6126,1.5978,24.11,2.7714,7228509.71427736,1
843,Q13356:Q13573,0.7018867775651919,0.1977288271461204,0.8085581085581085,0.9504273504273504,7.86,0.0,7.86,3.8142,0.6153,2.013,0.0,9.4687,351.598533271307,1
844,P61247:Q6IWH7,0.0167750990768642,0.1291666666666666,0.4095238095238095,0.2491582491582491,0.0,0.0,0.0,0.0,0.0,2.013,0.0,1.1757,2.3666841,0
845,P11836:Q8N9W6,-0.0273505181230219,0.1207070707070707,0.5,0.9493055555555556,0.17,2.59,2.59,0.0,0.0,2.416,0.0,1.5818,9.898018592,0
846,P17693:P62805,0.10625412756447,0.1621918767507003,0.4660215053763442,0.9662698412698412,0.19,4.96,4.96,4.2492,0.0,0.3129,0.0,0.4364,2.87792289614592,0
847,P06400:P20248,0.7704310555958263,0.2051962676962676,0.3725829725829725,0.9209726443769,2.31,5.24327,5.24327,1.0145,0.6153,2.416,69.61,5.6875,3130.62581385378,1
848,P52630:Q16236,0.5349005529052934,0.2192181125853791,0.55354609929078,0.8845513122740846,2.49,30.4453,30.4453,0.0,0.0,2.416,2.07,2.7714,421.97502333695,0
849,Q8N0X7:Q9ULR5,-0.0470449013290488,0.0954545454545454,1.0,0.4833333333333333,0.54,0.0,0.54,0.0,0.0,2.416,0.0,1.5818,2.063679552,0
851,O60431:P62166,-0.1716190892906237,0.2111111111111111,0.458974358974359,0.1576121794871794,0.15,0.0,0.15,0.9127,0.0,0.993,0.0,2.7714,0.376762587381,0
852,P63104:Q9P0N9,0.5091614777911057,0.448003663003663,0.4047619047619047,0.9256678281068526,0.0,72.805,72.805,0.0,0.6153,2.416,0.31,5.6875,190.821873184215,1
854,P49207:Q9Y3C1,0.5369163070589875,0.125,0.5599999999999999,1.0,0.24,0.0,0.24,0.0,0.0,1.5978,0.0,18.4426,7.0722207072,0
855,P62753:Q1W6H9,0.2253447992041252,0.2533333333333333,0.5333333333333333,0.8333333333333333,0.15,0.0,0.15,0.0,0.0,1.5978,0.0,1.1757,0.281780019,0
857,Q9BPX6:Q9UP79,0.0343458919339867,0.1285714285714285,0.2611111111111111,0.2212301587301587,0.54,0.0,0.54,0.0,0.0,2.416,0.0,0.6688,0.872543232,0
859,Q92952:Q9HAY2,0.0858416227639768,0.0709523809523809,0.2,1.0,0.0,0.0,0.0,0.0,0.0,2.416,0.0,1.1757,2.8404912,0
860,P62805:Q9HCL2,-0.1262475280310284,0.1002490895348038,0.3428571428571429,0.2708333333333333,0.0,0.0,0.0,0.0,0.0,0.9878,0.0,0.4364,0.43107592,0
862,Q6P2Q9:Q9Y314,0.4292372201549252,0.0951178451178451,0.4428571428571429,0.6157407407407408,0.68,0.0,0.68,0.0,0.0,2.013,0.0,5.6875,7.7852775,1
864,A4D2P6:Q16552,0.0125798634441032,0.1204906204906204,0.1933333333333333,0.0,0.22,0.0,0.22,0.0,0.0,2.416,0.0,1.5818,0.840758336,0
866,Q6ZUU3:Q9P1W9,-0.0545155575385768,0.0,0.5,0.0,0.0,5.22,5.22,0.0,0.0,0.0,0.0,0.4364,2.278008,0
867,O75054:P05106,-0.0242391846281398,0.0974859001757735,0.6474521584334667,0.0,1.22,0.0,1.22,0.0,0.0,2.416,0.0,2.1077,6.212487904,0
868,P02778:P59768,0.1314895851236026,0.3613636363636363,0.321285140562249,1.0,0.0,0.0,0.0,0.5125,0.0,2.013,0.0,2.1077,2.17443505125,0
870,P62263:Q9NRX1,0.6231402648809283,1.0,0.4666666666666667,0.875,1.22,0.0,1.22,1.2535,0.0,1.5978,0.0,18.4426,45.0638956704156,1
873,P63279:Q9H2X6,-0.2579525054834969,0.1481653008826921,0.6004140786749482,0.3923180592991914,0.62,7.35495,7.35495,0.5125,5.2693,1.1933,5.86,2.1077,292.740339244319,1
874,P53041:Q9UBL3,0.7192999889339583,0.2486772486772487,0.7413079975579977,0.9685714285714284,0.41,0.0,0.41,0.5125,0.6153,2.013,0.0,5.6875,1.48023212759297,0
880,O75683:P32969,0.7267906983548073,0.1145833333333333,0.3890873015873016,0.9071428571428573,0.54,0.0,0.54,2.0764,0.0,2.013,0.0,2.1077,4.7572650689256,0
881,O95147:Q7RTU5,-0.1443419179245698,1.0,0.0,0.38125,0.19,0.0,0.19,0.0,0.0,2.416,0.0,0.4364,0.200325056,0
882,Q8NGL6:Q9HBM6,0.0,0.1410263347763347,0.297948428383211,0.1607142857142857,0.15,0.0,0.15,0.0,0.0,1.5978,0.0,0.4364,0.104591988,0
883,P08476:Q9H3U7,0.5231773040983109,0.1766152828652828,0.675,0.4791666666666667,0.28,0.0,0.28,0.0,0.0,2.416,0.0,2.7714,1.874796672,0
884,P19957:Q8IUW3,-0.0712369060383183,0.0,0.5,0.25,0.0,0.0,0.0,0.0,0.0,2.416,0.0,1.5818,3.8216288,0
886,Q5SXM8:Q99496,0.6522216745843673,0.1682814407814407,0.6379928315412186,0.9512258209626632,2.32,0.0,2.32,0.0,0.0,0.0,0.0,1.1757,2.727624,0
887,P0C0S8:Q71DI3,0.5090753541549359,0.1507936507936507,0.2283333333333333,0.9166666666666666,292.74,0.0,292.74,2.3254,5.5574,1.1933,24.11,5.6875,619041.342222291,1
889,P53990:Q8WVK2,0.5339280501098461,0.1111111111111111,0.4,0.8666666666666666,0.15,0.0,0.15,0.0,0.0,2.013,0.0,9.4687,2.859073965,0
890,O94906:O95363,0.6556891604587408,0.163095238095238,0.365,0.95,0.41,0.0,0.41,0.0,0.0,2.013,0.0,9.4687,7.814802171,0
892,Q8IXH7:Q9H3P2,0.8061340203826654,0.575,0.8107142857142858,0.8833333333333332,715.03,0.0,715.03,0.0,0.0,0.0,0.4,5.6875,1626.69325,1
893,P62314:P62316,0.8358827904790556,0.6212585034013605,0.4364087301587301,0.9821428571428572,292.74,0.0,292.74,3.124,9.2808,0.0,69.61,45.2798,26751900.5429463,1
894,P20036:P57727,0.3146448009899517,0.1309523809523809,0.5138888888888888,0.125,1.55,0.0,1.55,0.0,0.0,2.416,0.0,1.1757,4.40276136,0
895,Q96PC2:Q9BV86,0.1489603228951538,0.144717011383678,0.65,0.3801020408163265,0.0,0.0,0.0,0.0,0.0,2.013,0.0,0.7126,1.4344638,0
898,A6ND01:Q13002,-0.0565495345823462,0.1338985088985088,0.5935374149659864,0.1141666666666666,0.0,0.0,0.0,0.0,0.0,2.416,0.0,1.1757,2.8404912,0
899,P61960:P62750,0.7002831102377254,0.1547619047619047,0.4179047619047618,0.6391666666666667,0.83,0.0,0.83,4.0064,0.0,0.993,0.0,5.6875,18.780323016,0
900,P61086:Q0ZLH3,0.1094157381755111,0.0964285714285714,0.4365079365079364,0.0,0.41,0.0,0.41,0.0,0.0,0.0,0.0,1.1757,0.482037,0
902,P62701:Q9H9D4,0.6783603250154255,0.1666666666666666,0.25,0.9713920817369094,0.83,0.0,0.83,0.5125,0.6153,1.5978,0.0,1.1757,0.491674644237877,0
904,P04150:P48552,0.5959732556525211,0.4892094017094017,0.5901960784313726,0.695899470899471,0.24,161.514,161.514,3.124,0.6153,2.416,2.07,2.7714,4303.0322517408,1
907,O43172:Q9UK45,0.6798954313128849,0.7333333333333334,0.3502801120448179,0.9631782945736432,0.94,0.0,0.94,0.0,9.2808,2.013,24.11,9.4687,4009.07895657663,1
909,O60234:Q9UIR0,0.3918049791545509,0.1535714285714285,0.3333333333333333,0.4166666666666666,0.94,0.0,0.94,0.0,0.0,1.5978,0.0,0.8888,1.3349171616,0
913,P30518:Q4KMZ1,0.0487884580634063,0.0,0.0,1.0,0.0,0.0,0.0,0.0,0.0,0.0,0.0,9.4687,9.4687,0
914,P61088:Q8TBB1,0.0837690540036033,0.396011396011396,0.5666666666666667,0.995570264765784,263.49,3.52956,263.49,2.3254,0.6153,1.1933,5.86,2.7714,7306.26112785323,1
917,Q86WV5:Q8NFX7,-0.2873760772690666,0.0925099206349206,0.3999999999999999,0.25,0.24,0.0,0.24,0.0,0.0,2.416,0.0,1.5818,0.917190912,0
918,O60939:Q96A49,-0.360338098149248,0.1265151515151515,0.3114583333333333,0.1428571428571428,0.24,0.0,0.24,0.0,0.0,2.416,0.0,0.6688,0.387796992,0
920,P09210:Q96L46,-0.0982166177982489,0.0,0.5583333333333333,0.8101851851851851,0.22,3.84,3.84,0.0,0.0,2.013,0.0,1.1757,9.088066944,0
921,P68036:Q8WWY8,-0.17857118223679,0.2142857142857142,0.4166666666666666,0.325,0.22,0.0,0.22,0.0,0.0,1.5978,0.0,1.1757,0.4132773612,0
923,Q8NB91:Q9Y6Y9,0.4326795494753077,0.0831347531037933,0.2566666666666666,0.7625,0.0,0.0,0.0,0.0,0.0,0.0,0.0,1.1757,1.1757,0
924,P22455:Q0VGL1,-0.0711922259163661,0.170616883116883,0.1609410430839002,0.8599439775910364,0.64,0.0,0.64,0.0,0.6153,2.013,0.0,1.5818,1.2538980736128,0
925,Q13501:Q9H0R8,0.2407438571925902,0.3172222222222222,0.4974358974358975,0.9638694638694636,11.35,161.514,161.514,3.7695,3.1392,1.5978,0.0,18.4426,56319.328755459,1
926,O60232:Q75N03,0.831636402091808,0.1485890652557319,0.3652380952380952,0.5087301587301588,0.54,0.0,0.54,0.9127,0.0,2.013,0.0,2.1077,2.0910979716858,0
929,P06396:P60709,0.539667298072441,0.1343699277661541,0.4317821067821069,0.9115181992337166,869.75,0.0,869.75,4.2492,3.1392,2.013,10.8,2.7714,699016.357909128,1
930,P50895:Q9HB15,-0.0904668179032708,0.125,0.6190476190476191,0.4277777777777778,0.24,5.22,5.22,0.0,0.0,2.013,0.0,1.5818,16.621332948,0
931,P19957:Q5T4F4,-0.086442641645473,0.0934149184149184,0.4924369747899159,0.2465838509316769,0.41,0.0,0.41,0.9127,0.0,2.416,0.0,1.1757,1.0629316904784,0
933,Q96S82:Q9BPX1,0.1000082605704983,0.125,1.0,0.9547413793103448,0.0,0.0,0.0,0.0,0.0,1.5978,0.0,1.5818,2.52740004,0
934,Q15032:Q9BTT4,0.3662497261130877,0.0,0.0,0.8632478632478632,0.19,0.0,0.19,0.5125,0.0,1.5978,0.0,2.1077,0.3279281379675,0
936,Q49A26:Q7RTU3,-0.0425048274549962,0.0994005994005993,0.6,0.912280701754386,2.62,0.0,2.62,0.0,0.0,2.416,0.0,1.1757,7.442086944,0
937,O60262:P62873,0.1601866901010868,0.4726220538720538,0.3565535124941067,0.8865740740740741,0.0,0.0,0.0,0.0,9.7902,1.5978,69.61,3.9008,4247.55781034675,1
938,P47813:Q6QHF9,-0.0068333899919178,0.1606060606060606,0.5,0.1357142857142857,0.24,0.0,0.24,0.0,0.0,1.1933,0.0,1.5818,0.4530148656,0
939,P59768:Q9NR61,0.0762433564865149,0.171921280473912,1.0,0.611111111111111,0.0,0.0,0.0,0.0,0.0,2.416,0.0,1.5818,3.8216288,0
940,P01374:Q9BRI3,-0.0390369413817473,0.0989875864875864,0.2928819444444445,0.9444444444444444,0.17,0.0,0.17,0.0,0.0,0.0,0.0,1.5818,0.268906,1
942,P39748:Q6IBS0,0.3308834724661654,0.1158985112110112,0.3041666666666666,0.3601190476190476,0.54,0.0,0.54,0.0,0.0,1.5978,0.0,2.7714,2.3911971768,0
945,P20309:Q12829,-0.0163824751090334,0.3664772727272727,0.3616666666666667,0.412037037037037,0.61,0.0,0.61,0.0,0.0,2.013,0.0,1.5818,1.942339674,0
946,Q13077:Q6UXV4,0.4424081906775424,0.1507936507936507,0.2079365079365079,1.0,0.19,29.7697,29.7697,0.0,0.0,2.416,0.0,1.5818,113.76874288736,0
949,Q15762:Q4V348,-0.0149784498907115,0.1547619047619047,0.2,0.1592592592592592,0.83,0.0,0.83,0.0,0.0,2.416,0.0,0.0,2.00528,0
950,P06899:Q9UHE8,-0.0214041215384851,0.0,0.5875,0.5185714285714286,0.24,0.0,0.24,0.0,0.0,2.416,0.0,1.1757,0.681717888,0
953,P15880:P46781,0.8863563797596774,0.6023809523809525,0.669426406926407,0.5533333333333333,80.27,0.0,80.27,2.3254,0.6153,1.1933,24.11,45.2798,149619.843833363,1
954,P62993:Q5TKA1,0.3673788333893233,0.2072222222222222,0.95,0.8928571428571429,3.45,3.51,3.51,0.5125,0.0,2.416,0.0,2.1077,9.1602370314,0
955,P56817:Q99062,-0.1566475655987641,0.1358180014430014,0.6166666666666667,0.6527777777777778,0.0,3.66,3.66,0.0,0.0,2.416,0.0,1.5818,13.987161408,0
956,P50539:Q96B97,-0.072649050136084,0.0768823768823768,0.7628042328042329,0.9857723577235772,0.54,7.37,7.37,1.2535,0.0,2.416,0.0,1.5818,35.305334234896,0
957,Q8NBF2:Q9BRI3,-0.1919869080179499,0.0,0.2159970238095238,0.9444444444444444,0.94,0.0,0.94,0.0,0.0,2.013,0.0,1.5818,2.993113596,0
958,Q9H6A0:Q9ULP0,-0.282648425190489,0.0,0.5871212121212122,0.9893617021276596,0.22,42.1689,42.1689,0.0,0.0,2.416,0.0,0.6688,68.13738573312,0
960,P28845:Q8TDP1,-0.1741560898265246,0.1369047619047619,0.3571428571428571,0.5,0.0,0.0,0.0,0.0,0.0,2.013,0.0,1.1757,2.3666841,0
961,A6NLU0:O95402,0.6520500178444163,0.3136904761904762,0.2761904761904762,0.8648148148148148,0.94,0.0,0.94,0.0,0.0,2.013,0.0,1.5818,2.993113596,0
963,A6NHJ4:Q86XR7,0.1826393219448903,0.0828730093435975,0.1634259259259259,0.8222222222222223,0.45,0.0,0.45,0.0,0.0,2.013,0.0,0.4364,0.39531294,0
970,Q9H2X9:Q9HCU9,-0.3636882513656582,0.1080289368750907,0.3041666666666666,0.326007326007326,0.0,0.0,0.0,0.0,0.0,2.013,0.0,0.7126,1.4344638,0
971,P61978:Q5T0D9,0.118582397048214,0.18125,0.296875,1.0,0.41,0.0,0.41,0.0,0.0,2.416,0.0,1.5818,1.566867808,0
972,Q9BYX4:Q9NZC7,-0.0136921614352963,0.1366269841269841,0.4313492063492063,0.9886091127098324,2.34,0.0,2.34,0.0,0.0,2.013,0.0,1.1757,5.538040794,0
974,Q6PJ69:Q9BYX4,0.2691154171511729,0.2575650890267991,0.9138888888888888,0.1704064297284636,18.4,0.0,18.4,0.0,0.0,2.416,0.0,1.1757,52.26503808,1
975,O00391:P60568,0.1371851994850532,0.1407091811697075,0.9545454545454546,0.1303571428571429,0.41,0.0,0.41,0.0,0.0,2.013,0.0,1.5818,1.305506994,0
976,O75396:Q15436,0.804714461431735,0.3416666666666666,0.4642512077294686,0.965714285714286,80.27,0.0,80.27,0.0,9.2808,2.013,69.61,45.2798,4726705.94772077,1
979,P29373:P35914,-0.0361566644339565,0.1287037037037036,0.3484848484848485,0.1654761904761904,0.0,0.0,0.0,0.0,0.0,1.5978,0.0,1.1757,1.87853346,0
982,P14210:P19388,0.420070657839215,0.1194444444444444,0.4695121951219512,0.8393004115226339,2.79,0.0,2.79,0.0,0.0,1.1933,0.0,1.1757,3.9142662399,0
984,Q15382:Q9H3S1,-0.2291420338299597,0.1824404761904761,1.0,0.5833333333333333,1.52,0.0,1.52,0.0,0.0,1.1933,0.0,1.1757,2.1325034712,0
985,P05198:Q9NR50,0.756553853301268,0.4786147186147186,0.4625,0.4412878787878788,1.52,0.0,1.52,0.9127,5.2693,2.013,181.01,45.2798,120607.803129146,1
988,P43699:Q9NUQ3,0.0776143822543123,0.2166666666666666,0.375,0.6,0.0,0.0,0.0,0.0,0.0,2.416,0.0,1.1757,2.8404912,0
989,Q86U06:Q8NC69,0.3683746370609927,0.1188095238095237,0.5,0.9897959183673468,0.94,0.0,0.94,0.0,0.0,2.013,0.0,1.5818,2.993113596,0
990,P14373:P60709,0.3852448813733128,0.1739099116705869,0.4317821067821069,0.9115181992337166,1.52,0.0,1.52,4.2492,0.0,1.1933,0.0,1.5818,12.191354857081,0
991,D6R901:Q8WVC0,0.0,0.112702922077922,0.4307692307692307,0.1224489795918367,0.0,0.0,0.0,0.0,0.0,2.416,0.0,0.4364,1.0543424,0
992,O75554:P17098,0.577483671917798,0.0729166666666666,1.0,0.5291383219954648,10.86,0.0,10.86,0.9127,0.6153,2.013,0.0,1.1757,14.4339462581311,0
993,Q13451:Q8NGL3,0.0,0.1559523809523809,1.0,0.2777777777777777,0.19,2.59,2.59,0.0,0.0,2.013,0.0,0.8888,4.633909896,0
994,A0AVT1:Q9UJV9,0.8160601634290633,0.1385040885040885,0.563888888888889,0.5272256728778466,0.64,3.51,3.51,0.0,0.6153,2.013,0.0,1.5818,6.8768472474702,0
996,P19957:Q8N108,-0.0017487321378837,0.077712912087912,0.4452380952380952,0.2268170426065162,0.24,0.0,0.24,0.0,0.0,2.013,0.0,1.1757,0.568004184,0
999,Q5SWA1:Q8WXT5,-0.0578750616284315,0.146031746031746,0.35,0.3777777777777777,0.24,5.43,5.43,0.0,0.0,0.0,0.0,1.1757,6.384051,0
1001,Q6P1L8:Q9GZT3,0.4208660034363641,0.0991666666666666,0.535515873015873,0.3333333333333333,0.94,0.0,0.94,0.0,0.0,1.5978,0.0,45.2798,68.0071805736,0
1002,P62487:Q9BV97,0.6915713435276363,0.2,0.0,0.9,0.28,0.0,0.28,0.0,0.0,0.9878,0.0,2.1077,0.5829560968,0
1004,P42285:Q96R67,0.0,0.1428571428571428,0.3333333333333333,0.1666666666666666,0.0,0.0,0.0,0.0,0.0,1.1933,0.0,0.8888,1.06060504,0
1005,P62081:P62244,0.9682599812023568,0.6027777777777777,0.739021164021164,0.6911764705882353,263.49,0.0,263.49,0.0,30.1977,0.0,24.11,38.174,7323233.52610075,1
1006,O15372:Q9UBQ5,0.7602546628308624,0.6403846153846154,0.6444444444444444,0.8111111111111112,0.68,0.0,0.68,1.0145,9.2808,2.416,69.61,45.2798,48755.0315132322,1
1007,P09668:Q7L523,0.0073054467437206,0.1683842546342546,0.7590367965367965,0.7608688930117501,0.19,0.0,0.19,0.0,0.0,1.1933,0.0,1.5818,0.3586367686,0
1008,P50461:Q9H9A6,-0.2052603243752176,0.5,0.5,1.0,5.87,0.0,5.87,0.0,0.0,2.416,0.0,1.5818,22.432961056,0
1012,Q9H867:Q9NVM4,0.5853445063652306,0.2472892187177901,0.5222222222222223,0.436671335200747,2.32,0.0,2.32,0.0,0.6153,2.013,0.0,3.9008,11.2091416867584,0
1013,P57727:Q7Z5A7,-0.1003748678637122,0.0909209837781266,0.5,0.1265873015873015,11.64,8.9,11.64,0.0,0.0,2.416,0.0,1.1757,33.063317568,0
1014,A4D1E9:Q7Z6M4,0.7947405341956043,0.0928159142444856,0.5693181818181818,0.8545454545454544,0.0,2.59,2.59,0.0,0.0,2.013,0.0,5.6875,29.652748125,0
1015,P63279:Q6ZRP7,0.5412966392508404,0.5,0.4138888888888889,0.1339285714285714,0.83,0.0,0.83,0.0,0.6153,1.5978,0.0,2.7714,2.26144816110108,0
1016,P54619:P78386,0.1025033096298724,0.1559523809523809,0.9201680672268908,0.9475308641975309,0.22,0.0,0.22,0.0,0.0,2.013,0.0,0.5954,0.263678844,0
1018,P22459:Q8WUW1,-0.235987072761062,0.1119451255814892,0.3743589743589744,0.9837962962962964,0.0,0.0,0.0,0.0,0.0,1.1933,0.0,1.1757,1.40296281,0
1019,Q8NFP4:Q92905,0.1060675364643028,0.1173251585016291,0.3652263374485596,0.0,0.24,0.0,0.24,0.0,0.0,1.5978,0.0,1.1757,0.4508480304,0
1020,P42285:Q9NPD3,0.3155919963764339,0.3634386446886447,0.3745866402116402,0.9349587912087912,0.26,0.0,0.26,0.5125,0.6153,1.5978,5.86,9.4687,7.26883017741258,1
1021,P54727:P62993,0.268852030153648,0.0888212166621257,0.9351473922902496,0.9809264069264068,0.0,34.1624,34.1624,20.9141,0.6153,2.416,0.89,9.4687,8950.59202801971,0
1022,Q9BRI3:Q9BXW7,-0.2561214088504903,0.0909090909090909,1.0,0.0,0.62,0.0,0.62,0.0,0.0,2.013,0.0,0.8888,1.109275728,0
1024,P40855:Q6P9G4,-0.1598559633867764,0.0,1.0,1.0,0.19,0.0,0.19,0.0,0.0,2.013,0.0,1.1757,0.449669979,0
1025,Q9NPF5:Q9Y265,0.2982802029509406,0.2141012557456407,0.4211473711473711,0.7845238095238095,0.94,0.0,0.94,1.7951,21.926,1.5978,181.01,18.4426,197343.598184775,1
1027,Q9BZJ0:Q9NY28,-0.2103836893447292,0.0954545454545454,0.3125,0.2375,0.22,2.59,2.59,0.0,0.0,1.1933,0.0,0.8888,2.7469670536,0
1029,P01116:Q8NHY2,0.6549834833697868,0.1097222222222222,0.5726495726495726,0.7968954248366013,8.53,0.0,8.53,0.0,0.6153,2.013,0.0,9.4687,100.039169579788,0
1030,P15880:P62269,0.9605101206355396,1.0,0.6919501133786847,0.62,0.41,0.0,0.41,4.2492,0.6153,0.993,24.11,45.2798,1162.06093940238,1
1031,P17302:Q9Y2Y1,-0.0457716787751834,0.1,0.6166666666666667,0.5978835978835979,0.81,0.0,0.81,0.0,0.0,1.1933,0.0,1.5818,1.5289251714,0
1033,Q8NBT3:Q9H3D4,-0.0753592747044745,0.1339851719162064,0.4479166666666667,0.0,0.26,0.0,0.26,0.0,0.0,2.416,0.0,1.1757,0.738527712,0
1034,Q9NX70:Q9Y2X0,0.2188167820292241,0.5122023809523809,0.5466666666666666,0.7666666666666666,0.94,0.0,0.94,1.2535,9.2808,0.0,0.4,9.4687,41.4178884292234,1
1035,O43660:Q15029,0.7394073968391955,0.6324675324675325,0.5955920205920205,0.867831541218638,399.5,3.52956,399.5,2.409,9.2808,2.013,5.86,45.2798,4770730.54864034,1
1036,Q71SY5:Q9H204,0.5132727725025573,0.4405263157894737,0.4585034013605442,0.9897959183673468,0.19,0.0,0.19,0.0,0.0,2.416,0.4,1.5818,0.2904437888,1
1037,P0C0S5:Q8IYW5,0.6083824518465213,0.171855767689101,0.2914746543778801,0.5848484848484848,2.34,0.0,2.34,1.7951,0.0,1.5978,5.86,9.4687,372.404477572344,1
1038,P50750:Q8NEQ6,-0.2111656158315104,0.1428571428571428,0.6,0.8,0.28,5.22,5.22,0.0,0.0,0.993,0.0,1.1757,6.094193922,0
1041,P13861:Q14586,0.2669850757459912,0.1055555555555555,0.2,0.1592592592592592,0.22,0.0,0.22,0.0,0.6153,1.5978,0.0,2.1077,0.45586978509996,0
1042,P20309:P59768,-0.0110638341244075,0.3444444444444444,0.9186746987951806,1.0,0.0,0.0,0.0,1.7951,0.0,2.416,0.0,1.5818,6.86020585888,0
1045,O43915:P07814,0.0399781846797607,0.0978379645046311,0.4717391304347825,0.7430555555555556,0.19,3.51,3.51,0.0,0.0,2.416,0.0,0.8888,7.537166208,0
1046,P83876:Q9BV90,0.4222206392910043,0.6666666666666666,0.6848484848484849,1.0,0.3,0.0,0.3,0.0,0.0,0.993,0.0,18.4426,5.49405054,0
1049,P39748:Q96NZ9,0.0424021212924517,0.1076318742985409,0.35,0.9555555555555556,0.0,0.0,0.0,0.0,0.0,0.993,0.0,1.1757,1.1674701,0
1051,P62495:P62841,0.6411876760954778,0.1443650793650793,0.7455026455026454,0.5428571428571428,0.62,0.0,0.62,0.0,0.0,1.5978,0.0,18.4426,18.2699034936,1
1052,O75608:Q9UH03,-0.3538565947003805,0.1111111111111111,0.282312925170068,0.9131944444444444,2.14,0.0,2.14,0.0,0.0,2.013,0.0,3.9008,16.803944256,0
1053,P23945:P50991,0.2185473937367726,0.1359057609057609,0.3764880952380952,0.7445987654320988,0.24,0.0,0.24,0.0,0.0,1.1933,0.0,2.1077,0.6036284184,0
1054,P0CAP1:Q93009,-0.0732121879447511,0.1190479554115917,0.399074074074074,0.8575072886297376,0.54,0.0,0.54,2.3588,0.0,2.013,0.0,1.1757,3.0145686057432,0
1055,P40938:Q9BRQ3,0.3709149107476504,0.0,1.0,0.9019230769230768,0.17,0.0,0.17,0.0,0.0,1.5978,0.0,2.1077,0.5725061202,0
1056,P51553:Q8WWX0,-0.0297580244868162,0.1279761904761904,0.2,0.0,0.19,0.0,0.19,0.0,0.6153,2.013,0.0,1.5818,0.3722509906038,0
1059,P32249:Q5VZV1,-0.159451759553994,0.1361952861952862,0.25,0.16,0.0,0.0,0.0,0.0,0.0,2.416,0.0,0.8888,2.1473408,0
1061,Q8NBP7:Q9UMX2,-0.0143390543889643,0.3470006184291899,0.4888888888888889,0.913793103448276,1.22,0.0,1.22,0.0,0.0,2.013,0.0,1.5818,3.884679348,0
1062,O60291:P80108,0.4659793188051779,0.1285886335886336,0.4804421768707483,0.1053968253968254,0.58,0.0,0.58,0.0,0.0,2.416,0.0,1.1757,1.647484896,0
1064,O95156:P58215,-0.2039091219294561,0.0996059496059496,0.45625,0.4947916666666667,0.8,0.0,0.8,0.0,0.0,2.416,0.0,2.1077,4.07376256,0
1066,P52630:Q9BZZ5,0.6951757756787706,0.2185185185185185,0.3814814814814815,0.725,2.08,2.59,2.59,0.5125,0.0,2.013,0.0,2.7714,7.405197081975,0
1067,O15145:P59998,0.8726433305554843,0.8125,0.754320987654321,0.8768115942028984,0.0,0.0,0.0,0.0,1850.0086,1.5978,24.11,45.2798,3226991.89333131,1
1068,Q96KR6:Q9BU19,0.2483120582632949,0.0797535797535797,0.35,0.3064814814814814,0.24,0.0,0.24,0.0,0.0,2.013,0.0,1.1757,0.568004184,0
1069,O00206:Q86XR7,0.3603050200740625,0.2875394213629507,0.7165193602693604,0.8222222222222223,3.82,0.0,3.82,0.5125,9.2808,2.416,24.11,0.4364,461.871887050553,1
1071,P60880:P63027,0.816318779679344,0.2300413795606103,0.4261574074074074,0.9254901960784314,0.0,5.22,5.22,0.0,225.1333,2.416,2.07,5.6875,33427.1172992866,1
1072,O94907:P17028,0.0562934115253137,0.7133333333333333,0.3999999999999999,0.9406961178045516,0.19,0.0,0.19,0.0,0.0,2.013,0.0,1.1757,0.449669979,0
1074,P12830:Q70J99,-0.0094951675462554,0.1125190466099557,0.3253968253968254,0.7333333333333334,3.17,3.67486,3.67486,0.0,0.0,2.416,5.86,1.5818,82.2975517581325,0
1076,P02763:Q6ZNB7,0.972267519889774,0.1130050505050505,0.2166666666666666,0.3142857142857142,0.0,0.0,0.0,0.0,0.0,1.5978,0.0,2.1077,3.36768306,0
1079,Q9BUR4:Q9NY12,0.7778138312950158,0.775,0.5706004140786748,0.7884615384615384,7.06,3.84,7.06,0.0,0.6153,1.5978,0.0,5.6875,39.476209274775,1
1080,P68431:Q9NXA8,0.1867613728562605,0.1411999458874459,0.4303819444444444,0.1383928571428571,0.41,0.0,0.41,0.5125,0.6153,1.5978,0.0,1.1757,0.242875426671722,1
1081,P01579:Q86V20,0.2460007386032408,0.1345017636684303,0.3153846153846154,1.0,0.0,0.0,0.0,0.0,0.0,2.416,0.0,1.1757,2.8404912,0
1084,P16519:P63104,-0.09231265061584,0.1167933562164331,0.4585416666666667,0.9900379506641366,0.0,72.805,72.805,0.0,0.6153,2.416,5.86,3.9008,2473.98095012749,0
1085,P51685:P62873,0.1422052535267766,0.4726220538720538,0.3565535124941067,0.3025462962962963,2.89,3.52956,3.52956,2.409,0.0,1.1933,10.8,0.7126,78.0866125257847,1
1086,P48730:Q9BZL1,0.4211967343822453,0.3925925925925926,0.5888888888888889,0.9825581395348836,3.82,0.0,3.82,0.9127,0.6153,1.1933,0.0,1.1757,3.00970886414833,0
1087,Q9BQE9:Q9UKL0,0.2155913033639742,0.352145473574045,0.525,0.956989247311828,0.68,0.0,0.68,0.9127,0.0,2.013,0.0,2.7714,3.4624216187352,0
1089,P01597:P60228,-0.0056054805777862,0.1269408831908831,0.3511494252873562,0.4707207207207206,0.24,0.0,0.24,1.7092,0.0,0.9878,0.0,0.0,0.4052034624,0
1091,P38117:Q16651,-0.1993045563008614,0.1634615384615384,0.1904761904761904,0.4365079365079365,0.15,0.0,0.15,0.0,0.0,1.1933,0.0,1.5818,0.283134291,0
1092,P62136:Q5T5C0,0.2410226525088253,0.1366780045351474,0.5170274170274171,0.3273809523809524,0.62,0.0,0.62,0.0,0.0,2.013,0.0,1.5818,1.974181308,0
1093,Q16552:Q6XYQ8,-0.0778706970208219,0.1539682539682539,0.2499999999999999,0.3720238095238095,0.0,0.0,0.0,0.0,0.0,2.416,0.0,2.7714,6.6957024,0
1094,P54725:Q92752,-0.2238287950122151,0.1524159415463763,0.3257575757575757,0.0,6.9,0.0,6.9,0.0,0.0,2.416,0.0,0.6915,11.5275816,0
1095,Q5VTE0:Q92499,0.5207391738546143,0.1109304856363679,0.4276942355889724,0.1469666136332802,0.94,2.59,2.59,0.0,0.6153,2.013,0.0,0.0,3.207971151,0
1096,P0C7I0:P60568,0.0,0.1587295014926593,0.5,0.1038419913419913,0.0,0.0,0.0,0.0,0.0,2.013,0.0,0.4364,0.8784732,0
1097,Q8NFY4:Q9UBY9,-0.1517037393421118,0.1583333333333333,0.4291666666666667,0.4916666666666666,0.68,2.59,2.59,0.0,0.0,2.416,0.0,3.9008,24.409021952,0
1098,P62244:P62280,0.9410924388114582,0.8541666666666666,0.7208494208494208,0.6545454545454545,80.27,0.0,80.27,0.0,15.4815,1.5978,24.11,38.174,1827484.05530743,1
1099,P05165:P05166,0.4854145144627918,0.611111111111111,0.6148351648351649,0.5684523809523809,52.16,0.0,52.16,0.0,114.5243,1.5978,0.0,18.4426,176027.204703768,1
1100,P20248:Q99741,0.9541817821629656,0.2292723616253028,0.7024691358024692,0.7580605158730158,0.54,13.2959,13.2959,1.2535,0.6153,2.416,24.11,38.174,22802.9378173427,1
1102,Q8WUQ7:Q96DF8,0.8120996241131478,0.6923076923076924,0.7083333333333334,1.0,0.0,0.0,0.0,0.0,0.0,2.013,0.0,45.2798,91.1482374,0
1103,P10826:Q9NYG2,0.2057738819381119,0.148228079110432,0.425,0.1626984126984127,0.19,7.41566,7.41566,0.5125,0.0,2.013,0.0,2.1077,16.1248710321526,0
1105,Q16665:Q9BYE3,0.0030411586350697,0.25,1.0,1.0,0.0,0.0,0.0,0.0,0.0,0.993,0.0,1.1757,1.1674701,0
1106,O43823:Q9Y294,0.3983515708148696,0.149454365079365,0.509090909090909,0.9416666666666668,0.24,0.0,0.24,0.0,0.0,2.013,0.0,2.7714,1.338918768,0
1107,Q13620:Q6XPS3,0.1568566012666442,0.1339285714285714,0.44,0.1112554112554112,0.0,0.0,0.0,0.0,0.0,2.013,0.0,0.8888,1.7891544,0
1109,Q13324:Q6PIJ6,-0.0984883567685739,0.1009271978021978,0.2430555555555555,0.5833333333333334,0.22,0.0,0.22,0.0,0.0,2.416,0.0,0.7749,0.411874848,0
1111,Q13237:Q15906,0.0940104495552465,0.1859126984126984,0.2804713804713805,0.8222222222222221,0.54,0.0,0.54,0.5125,0.6153,2.416,0.0,1.1757,0.48369098463588,0
1112,O43592:P01571,-0.0814421789992294,0.0855992492356128,0.5,0.3333333333333333,2.31,0.0,2.31,0.0,0.0,0.993,0.0,0.5954,1.365746382,0
1113,Q8NC26:Q9NR50,0.0571320828297958,0.0762133699633699,0.1620535714285714,0.2630952380952381,0.54,0.0,0.54,0.0,0.0,1.5978,0.0,1.1757,1.0144080684,0
1114,O95721:Q86YJ7,0.2039722218618877,0.0909090909090909,0.4479166666666666,0.3333333333333333,0.45,0.0,0.45,0.5125,0.0,2.416,0.0,2.7714,1.544196366,0
1116,Q03188:Q9H081,0.7865293957060692,0.4583333333333332,0.6574074074074074,1.0,0.41,0.0,0.41,0.0,13.3811,2.013,0.0,5.6875,62.8117448083125,1
1117,P61247:P62249,0.9641970887040232,0.5594877344877344,0.7003759398496241,0.5625,0.22,0.0,0.22,3.5815,15.4815,1.5978,24.11,38.174,17938.5762015495,1
1118,P50914:P61960,0.7185713935052808,0.1365559787434787,0.5428571428571428,1.0,3.16,5.22,5.22,0.0,0.0,1.1933,0.0,9.4687,58.9807784862,0
1121,O75558:Q9NR55,0.5360449682511517,0.0924107142857142,0.3,0.8926954732510288,0.0,3.84,3.84,0.0,0.0,2.416,0.0,3.9008,36.189437952,0
1125,O75901:P12830,0.2201132086918594,0.1486590038314176,0.3119533527696792,0.9671985815602836,1.05,0.0,1.05,2.409,0.0,2.416,5.86,1.5818,56.6463871534176,0
1128,O95147:Q86WW8,0.1150316463172994,0.1221428571428571,0.0,1.0,0.0,0.0,0.0,0.0,0.0,1.1933,0.0,1.1757,1.40296281,0
1129,A1L168:P0C7M3,0.221817591203399,0.0,0.0,0.0,0.0,0.0,0.0,0.0,0.0,1.1933,0.0,1.1757,1.40296281,0
1130,Q15788:Q9UQF0,0.1774565636038437,0.2352380952380952,1.0,0.0,0.41,0.0,0.41,0.0,0.0,1.1933,0.0,1.1757,0.5752147521,0
1131,Q53GS7:Q9UMR2,0.8666374895125122,0.5416666666666666,0.3803571428571428,0.5777056277056276,715.03,0.0,715.03,0.0,0.6153,2.416,69.61,2.7714,205059.056589108,1
1132,Q5T2W1:Q8N163,-0.1471414025203806,0.1152318640955004,0.2407407407407407,0.8183333333333334,0.34,7.37,7.37,0.0,0.0,2.416,0.0,0.7962,14.177073504,0
1134,O43586:P62487,0.2282849242355244,0.1058080808080808,0.4858529819694869,0.9428571428571428,2.34,0.0,2.34,0.9127,0.0,1.1933,0.0,1.1757,2.99633292664758,0
1137,P51582:Q9NZL4,-0.0238095166071831,0.1333333333333333,0.25,0.8666666666666665,0.19,0.0,0.19,0.5125,0.0,0.0,0.0,2.1077,0.2052372875,0
1139,P22607:Q5VYX0,-0.2823413423484265,0.1431277056277056,0.875,0.2954081632653061,0.19,3.51,3.51,0.0,0.0,2.013,0.0,1.1757,8.307061191,0
1140,Q1W6H9:Q5SSJ5,0.0878523709524173,0.1163281163281163,0.375,0.6458333333333333,0.19,0.0,0.19,0.0,0.0,2.416,0.0,1.1757,0.539693328,0
1144,P62191:Q8N9F8,0.2927104437061527,0.1,1.0,0.1696428571428571,0.58,0.0,0.58,0.0,0.6153,0.9878,0.0,0.4364,0.15383978787408,0
1145,Q9HBT7:Q9UK45,0.423307644627044,0.1225490196078431,0.2384729649435532,0.1966039128829826,1.52,0.0,1.52,0.0,0.0,0.9878,0.0,0.8888,1.3344940928,0
1146,O95573:P19793,-0.1282771480487451,0.1176878676878677,0.415,0.7294763840495547,0.0,4.98492,4.98492,0.0,0.0,2.013,10.8,1.5818,171.426238012022,0
1147,O60243:Q9BXU0,0.1207333945585591,0.101010101010101,0.2777777777777777,1.0,0.0,0.0,0.0,0.0,0.0,1.5978,0.0,1.1757,1.87853346,0
1148,P09564:P29375,0.2336115275821029,0.1378401360544217,0.3357142857142857,0.3867195767195767,0.15,3.84,3.84,0.5125,0.0,1.5978,0.0,1.1757,3.69695384928,0
1150,Q16654:Q9P278,0.1892186607728352,0.1500618429189857,0.1811111111111111,0.9272727272727272,0.19,0.0,0.19,0.0,0.0,2.416,0.0,2.1077,0.967518608,0
1151,Q3B7J2:Q99741,0.0042612918156232,0.0949002794591029,0.4432098765432098,0.2750270562770562,0.22,0.0,0.22,0.0,0.0,2.416,0.0,1.5818,0.840758336,0
1152,Q9H2H8:Q9P013,0.7699067822576035,1.0,0.5037202380952381,0.7857142857142857,2.34,0.0,2.34,0.5125,0.0,0.0,0.0,45.2798,54.30180015,0
1154,O14807:Q6NVV3,-0.3273892164632119,0.0801282051282051,0.4722222222222221,0.125,0.81,0.0,0.81,0.0,0.0,1.5978,0.0,1.1757,1.5216121026,0
1155,P46778:P61960,0.703929523914949,0.1365559787434787,0.5428571428571428,1.0,3.16,0.0,3.16,1.0145,0.0,0.993,0.0,5.6875,18.10546954125,0
1157,P49427:Q13617,0.5221311737790367,0.4774392274392274,0.7192307692307692,0.9313172043010752,18.4,7.35495,18.4,3.8142,9.7902,2.416,69.61,3.9008,450749.336784318,1
1159,Q92831:Q9BPX7,0.3165041165466626,0.0,0.0,1.0,0.0,0.0,0.0,0.0,0.0,2.416,0.0,3.9008,9.4243328,0
1160,O15173:P62304,0.4971511961661217,0.0806437152590998,0.4571986607142857,0.9791666666666666,0.54,0.0,0.54,1.2535,0.0,1.5978,0.0,9.4687,10.2407289584454,0
1162,P08621:Q96LI6,-0.0342670984529382,0.0,0.7222222222222222,0.9519607843137255,0.41,0.0,0.41,0.0,0.0,1.5978,0.0,0.4364,0.2858847672,0
1164,Q9BYX4:Q9H816,0.4801395445510728,0.1243604879968516,0.4444444444444444,0.8080400782013685,0.62,0.0,0.62,0.0,0.6153,2.416,0.0,1.1757,1.0836076259232,0
1167,P25788:Q8WWH5,0.5115046040967902,0.079004329004329,0.675,0.2697916666666666,0.41,0.0,0.41,0.0,0.0,1.1933,0.0,5.6875,2.7826264375,0
1168,Q8IZ73:Q9NP92,0.876394056691175,0.1125,0.0,0.5833333333333334,0.0,0.0,0.0,0.0,0.0,0.0,0.0,5.6875,5.6875,0
1169,P35228:P62280,-0.0868774032487283,0.2125,0.7208494208494208,0.6545454545454545,0.22,0.0,0.22,0.0,0.0,1.5978,0.0,1.1757,0.4132773612,0
1171,Q13098:Q92905,0.6073129407068557,0.2178756880222915,0.4578189300411522,0.8775827280064568,0.68,0.0,0.68,3.124,1850.0086,2.013,0.89,9.4687,66668.0609201098,1
1172,P13984:P35269,0.5064094745752239,0.3673160173160173,0.9400383141762454,0.7212643678160918,60.92,0.0,60.92,1.0145,3.1392,2.013,69.61,9.4687,257416.687412587,1
1173,P29375:Q5JTJ3,-0.1156354597928513,0.1333333333333333,0.4538461538461539,0.8538961038961038,6.88,2.59,6.88,0.0,0.0,1.1933,0.0,1.5818,12.9864261472,0
1174,Q8N8G2:Q9ULP0,-0.0585604325432465,0.0959354371119077,0.4734848484848485,0.9893617021276596,0.54,0.0,0.54,0.0,0.0,2.416,0.0,2.1077,2.749789728,0
1175,O95251:Q6PH85,0.5177425950251066,0.1060363247863247,0.5022222222222223,0.9047619047619048,1.05,0.0,1.05,0.0,0.0,2.013,0.0,2.7714,5.85776961,0
1176,Q99828:Q9HCU8,0.7355408799744794,0.2041666666666666,0.9539473684210528,0.9326923076923076,0.41,0.0,0.41,0.0,0.0,1.1933,5.86,18.4426,52.875350633908,0
1177,Q8IY81:Q9NVX2,0.6582645374170302,0.083421250466705,0.6799999999999999,1.0,0.68,3.66,3.66,0.0,0.6153,2.013,0.0,18.4426,83.6053217076924,0
1178,O60814:Q71DI3,0.5231163309875981,0.1296296296296296,0.9,0.9166666666666666,2091.17,3.52956,2091.17,2.3254,111.5878,0.993,24.11,9.4687,123010034.165185,1
1179,P11831:P28324,0.3654244347058489,0.6428571428571428,0.65,0.4937301587301587,118.38,0.0,118.38,0.5125,0.0,2.416,0.89,3.9008,508.877004254592,1
1180,P02753:Q03111,-0.2298677539069106,0.1666666666666666,0.4625,0.8541666666666666,0.41,0.0,0.41,0.0,0.0,2.013,0.0,1.5818,1.305506994,0
1182,Q03188:Q9H410,0.5958069067221304,0.5,0.5896501457725948,1.0,0.54,0.0,0.54,0.0,13.3811,0.0,0.0,5.6875,41.096703375,1
1183,Q9NY64:Q9UL46,0.0401804829469402,0.0954545454545454,0.4891012743125419,0.2300925925925926,0.15,2.59,2.59,0.0,0.0,2.416,0.0,1.5818,9.898018592,0
1184,P46976:Q53HC0,0.1860423662979163,0.069047619047619,0.3999999999999999,1.0,0.19,0.0,0.19,0.0,0.0,2.416,0.0,1.1757,0.539693328,0
1185,P01579:Q9Y287,0.184803264290872,0.2083333333333333,0.3293650793650793,0.899621212121212,0.0,0.0,0.0,0.0,0.0,2.013,0.0,1.1757,2.3666841,0
1186,P0CG48:P61086,0.41910446015437,0.2191240628805128,0.55,0.946741452991453,269.74,0.0,269.74,0.0,9.7902,1.1933,0.0,2.7714,8733.44863528613,1
1187,P52797:Q9UBZ9,0.0690762223797537,0.0925925925925925,0.5,0.4763392857142857,0.41,0.0,0.41,0.0,0.0,2.013,0.0,0.8888,0.733553304,0
1188,P31146:Q96JD6,-0.0970188722032014,0.0,1.0,0.1589285714285714,0.17,0.0,0.17,0.0,0.6153,2.416,0.0,1.5818,0.3997461941088,0
1189,P32780:P51948,0.7501751015278396,0.2148447957271486,0.9263492063492064,0.8656898656898656,0.83,2.60197,2.60197,0.0,5.2693,2.416,105.17,18.4426,64248.9687125549,1
1190,O94823:P35269,-0.0972382193520285,0.0803475935828877,0.4802681992337164,0.7212643678160918,0.8,3.51,3.51,0.0,0.6153,2.416,0.0,2.1077,10.9976465276496,0
1191,P31946:Q9NP71,-0.3330843675785309,0.1458152958152958,0.587037037037037,0.2662698412698412,18.4,96.2413,96.2413,0.0,5.2693,2.013,24.11,2.1077,51875.7258793571,1
1193,P61088:Q9NX52,0.1191828550196611,0.25,0.3333333333333333,0.5714285714285714,0.15,0.0,0.15,0.0,0.0,1.5978,0.0,1.1757,0.281780019,0
1195,P63104:Q16613,0.0620434704201352,0.1472010016127663,0.8333333333333334,0.7037037037037037,869.75,201.511,869.75,0.0,3.1392,2.013,5.86,1.1757,37866.1658059893,1
1196,P08700:Q9Y6Y9,-0.0549781337140687,0.1861671661671662,0.272051282051282,0.7625,0.15,0.0,0.15,0.0,0.0,1.5978,0.0,0.7962,0.190825254,0
1197,P61601:Q16613,-0.0669908942891122,0.1274064171122994,0.8333333333333334,0.7037037037037037,0.19,0.0,0.19,0.0,0.0,1.5978,0.0,2.1077,0.6398597814,0
1198,P20963:P30408,0.0202572872047213,0.1666666666666666,1.0,1.0,0.15,0.0,0.15,0.0,0.0,2.416,0.0,1.1757,0.42607368,0
1199,P62805:Q6FI13,0.2213080348846136,0.1666666666666666,0.5472222222222223,0.6666666666666666,282.86,0.0,282.86,0.0,5.052,0.9594,24.11,0.4364,14425.0240314928,1
1203,P20248:P61024,0.8168858378498925,0.3634199134199134,0.7795138888888888,0.9760981912144704,0.41,3.52956,3.52956,0.9127,225.1333,2.013,5.86,38.174,326585.889677009,1
1204,Q15750:Q6PCB6,-0.0790854621978063,0.1744444444444444,0.36875,0.8928571428571428,0.15,0.0,0.15,0.0,0.0,0.0,0.0,1.5818,0.23727,0
1205,P37231:Q6UXG8,0.8401066068750468,0.2916666666666667,0.3333333333333333,1.0,0.28,7.41566,7.41566,0.0,0.0,2.416,0.0,2.7714,49.653052459584,0
1206,O43889:Q9Y6I9,0.3986227697024739,0.1388888888888888,0.3778344671201813,0.9758064516129032,0.15,0.0,0.15,0.0,0.0,2.416,0.0,3.9008,1.41364992,0
1207,Q06495:Q6Y7W6,-0.1348581084618118,0.1682898891232224,0.5060224089635854,0.9077380952380952,0.17,0.0,0.17,0.0,0.0,2.416,0.0,1.1757,0.482883504,0
1211,P09001:Q9HBE4,0.0495657717558039,0.0864784025498311,0.1999999999999999,0.175595238095238,0.0,0.0,0.0,0.0,0.0,2.013,0.0,1.1757,2.3666841,0
1213,Q13077:Q9GZY0,-0.0414398404031823,0.0890151515151515,0.4333333333333334,0.55,0.62,3.51,3.51,0.0,0.0,2.416,0.0,0.8888,7.537166208,0
1214,P49207:Q8NBP7,-0.2299832791383225,0.1406926406926406,0.3367243867243867,0.625705467372134,0.71,0.0,0.71,0.0,0.0,1.1933,0.0,0.7962,0.6745748766,0
1216,P15407:P40261,0.2612306420213686,0.2907936507936508,0.5,0.125,0.0,0.0,0.0,0.0,0.0,0.0,0.0,2.7714,2.7714,0
1217,Q16613:Q9H252,0.0199881554033553,0.1125,0.2777777777777777,0.0833333333333333,0.41,0.0,0.41,0.0,0.0,2.416,0.0,9.4687,9.379315472,0
1219,P19404:P49821,0.3930282779475871,0.6044683257918552,0.4863636363636363,0.8356812169312169,2091.17,0.0,2091.17,1.0145,0.6153,2.013,69.61,18.4426,3373384.63094983,1
1221,P19835:Q9NX14,-0.2606869030523905,0.1228956228956229,0.2688644688644688,1.0,0.0,0.0,0.0,0.0,0.0,2.013,0.0,1.1757,2.3666841,0
1222,Q96LA8:Q9BYQ3,-0.0559941127758411,0.0,0.3214285714285714,1.0,0.17,0.0,0.17,0.0,0.0,1.1933,0.0,0.8888,0.1803028568,0
1223,P09936:P63279,-0.1549027100356661,0.1763331940963519,0.9103286384976528,0.8845899470899472,0.62,0.0,0.62,0.0,0.6153,0.0,5.86,5.6875,12.7144515225,1
1224,O95299:P55039,0.5244657236228591,0.125,0.55625,0.1135394017746959,0.19,2.59,2.59,0.0,0.0,1.5978,0.0,9.4687,39.1843401474,0
1225,O00305:Q01094,0.0368165324789862,0.1679246998212515,0.434108527131783,0.8254629629629631,0.64,13.23,13.23,2.0764,0.0,2.416,0.0,1.1757,78.0304861232064,0
1227,P09038:Q9UJW0,0.5564287381037456,0.0,0.4406249999999999,1.0,0.22,0.0,0.22,0.0,0.0,2.416,0.0,2.1077,1.120284704,0
1228,O14598:Q9Y2Q5,-0.1249100290481912,0.0982970732970733,0.0,0.9435626102292768,0.0,0.0,0.0,0.0,0.0,0.9594,0.0,0.4364,0.41868216,0
1230,Q99832:Q9NQ75,-0.0110263485372469,0.189278083028083,0.6222222222222223,0.9318181818181818,3.02,0.0,3.02,0.0,0.0,1.5978,0.0,0.7126,3.4385486856,0
1233,P13639:Q14642,0.3349584260708858,0.1102971102971103,0.8400000000000001,0.3801652892561983,0.0,0.0,0.0,0.0,0.0,2.013,0.0,2.7714,5.5788282,0
1236,P01584:P10696,0.0028040492706295,0.0,0.5,0.14375,0.0,0.0,0.0,0.0,0.0,2.416,0.0,0.6915,1.670664,0
1237,Q15070:Q7Z309,0.5502240478407969,0.0,0.0,0.125,0.0,0.0,0.0,0.0,0.0,2.013,0.0,1.5818,3.1841634,0
1238,Q16534:Q9BYC9,0.2219269369834894,0.1428571428571428,0.2175662878787878,0.425,0.19,0.0,0.19,0.0,0.0,1.5978,0.0,1.5818,0.4802060076,0
1240,Q969Y0:Q9UI95,0.2439464915092132,0.0,0.362121212121212,0.976388888888889,0.0,3.51,3.51,0.0,0.0,2.416,0.0,1.5818,13.413917088,0
1241,A6ND01:Q9Y484,0.3774647873292533,0.1722655122655122,0.4444444444444444,0.7339682539682538,0.29,0.0,0.29,0.0,0.0,2.013,0.0,0.6915,0.403676955,0
1243,P25398:Q9C0D7,0.4305877333129113,0.2,0.5,0.4049999999999999,0.22,0.0,0.22,0.0,0.0,1.1933,0.0,1.1757,0.3086518182,0
1244,Q92667:Q9P255,0.482888024231212,0.0741758241758241,0.5,0.1703703703703703,3.82,0.0,3.82,0.0,0.0,2.013,0.4,1.1757,3.6162933048,0
1248,Q15847:Q8N0Y2,0.0977381890687032,1.0,1.0,0.918970189701897,0.0,0.0,0.0,0.0,0.0,1.5978,0.0,1.5818,2.52740004,0
1250,P13646:Q9Y2T5,-0.0452260077932434,0.1297619047619047,0.3333333333333333,0.4365079365079365,0.24,0.0,0.24,0.0,0.0,0.0,0.0,1.1757,0.282168,0
1252,Q16514:Q96F83,0.458227085490575,0.1,0.1964285714285714,1.0,0.94,0.0,0.94,0.0,0.0,1.1933,0.0,1.5818,1.7743082236,0
1253,Q2NKJ3:Q9Y2D9,0.6126984082375806,0.1428571428571428,1.0,0.4125,0.0,0.0,0.0,0.0,0.0,2.013,0.0,2.7714,5.5788282,0
1254,O75489:Q8IWZ5,0.0088136585952044,0.125,0.0,0.9882816661340152,1.22,0.0,1.22,0.0,0.0,1.5978,0.0,0.7126,1.3890825816,0
1258,P10809:Q9NR28,0.0078394996285009,0.2208874458874458,0.4953869047619047,1.0,0.19,3.51,3.51,0.0,0.0,1.5978,24.11,5.6875,769.03862592375,1
1260,O60880:P78413,-0.1041870222299562,0.1217452300785634,0.35,0.3694444444444444,0.41,0.0,0.41,0.0,0.0,2.416,0.0,1.1757,1.164601392,0
1263,Q5FBB7:Q86XP6,-0.0263859577273097,0.1547619047619047,0.5,1.0,0.19,3.84,3.84,0.0,0.0,2.416,0.0,1.1757,10.907486208,0
1265,O75920:O96008,0.2996240204066431,0.0986952861952862,0.3355889724310777,0.5178571428571428,0.0,0.0,0.0,0.0,0.0,1.1933,0.0,0.4364,0.52075612,0
1266,O60814:Q9NX58,0.4694669604471815,0.1536121553884711,0.3727272727272727,0.7782608695652173,2.34,0.0,2.34,1.7092,0.0,2.013,0.0,2.7714,22.3126795930896,0
1267,P01374:Q7RTV2,-0.0138290412663368,0.1777777777777777,0.3888888888888888,0.761904761904762,0.22,0.0,0.22,0.0,0.0,2.416,0.0,0.4364,0.231955328,0
1268,Q8NGZ0:Q96A08,0.1239609215354476,0.1096275252525252,0.2453703703703703,0.1398809523809523,0.0,0.0,0.0,0.0,0.0,0.0,0.0,0.0,1.0,0
1269,P25205:Q6IE38,-0.039748376916108,0.0,0.5,0.125,0.41,0.0,0.41,0.0,0.0,0.0,0.0,0.8888,0.364408,0
1270,O14964:Q99732,0.2679006007248857,0.2077380952380952,0.2607709750566894,0.9562610229276894,0.22,0.0,0.22,0.0,0.0,2.013,0.0,3.9008,1.727508288,1
1274,P78417:Q9BYQ0,0.0,0.0,0.5714285714285714,1.0,0.54,0.0,0.54,0.0,0.0,1.5978,0.0,0.8888,0.7668673056,0
1275,Q6P1S2:Q8N565,0.0249945410133288,0.0671218487394958,0.3614583333333333,0.625,0.0,0.0,0.0,0.0,0.0,2.416,0.0,1.5818,3.8216288,0
1276,Q7Z4H3:Q9Y543,-0.1292844541033649,0.0,0.0,0.3074074074074074,0.41,0.0,0.41,0.0,0.0,1.5978,0.0,2.1077,1.3807500546,0
1277,P17980:P43686,0.7242609217840132,0.4771929824561403,0.8628180039138943,0.9338450292397662,0.0,0.0,0.0,2.3254,400.8352,0.0,69.61,45.2798,2937917.89552499,1
1278,P07998:Q96GA3,0.098885808648429,0.0763888888888888,0.1619047619047619,1.0,0.0,0.0,0.0,0.0,0.0,0.0,0.0,0.7126,0.7126,0
1279,O75907:P21580,0.1375771701990392,0.0956465965899927,0.413968253968254,0.801209372637944,0.0,0.0,0.0,1.0145,0.0,2.013,0.0,1.1757,2.40100101945,0
1280,Q68DY9:Q96SW2,0.3654996147916672,0.0737525632262474,0.2809523809523809,0.9529411764705882,263.49,0.0,263.49,0.0,0.0,1.5978,0.0,1.5818,665.9446365396,0
1282,Q5HYI7:Q86YP4,0.4289099224061015,0.1017857142857142,0.2611111111111111,0.0,0.41,0.0,0.41,0.0,0.0,2.416,0.0,1.5818,1.566867808,0
1284,Q8IYL3:Q93015,0.4666305775606112,0.0,0.5,0.3858333333333333,0.15,0.0,0.15,0.5125,0.0,2.013,0.0,1.1757,0.1819388401875,0
1285,Q2M3G0:Q7Z4W1,-0.0708127111311531,0.1129929098679098,0.3494047619047619,0.1454184704184704,0.23,0.0,0.23,0.0,0.0,1.5978,0.0,0.8888,0.3266286672,0
1287,O14828:P16104,0.4231247789060799,0.1109558370922007,0.3618629908103592,0.3182482993197278,0.56,0.0,0.56,3.5815,0.0,2.416,0.0,3.9008,18.901818836992,0
1288,Q06323:Q86YR5,-0.1463344331829733,0.1158128908128908,0.4227891156462585,0.9183673469387754,3.82,5.43,5.43,0.0,0.0,2.416,0.0,2.1077,27.650663376,0
1290,A6NIZ1:P06734,0.2495884587471631,0.0967478701853701,0.6919642857142857,0.1087662337662337,0.0,0.0,0.0,0.0,0.0,1.1933,0.0,0.0,1.1933,0
1291,P04040:Q9UQB8,-0.1090132299211187,0.1421147565884408,0.541693722943723,0.9595238095238096,0.68,5.24327,5.24327,0.0,0.0,2.013,5.86,1.1757,72.717699522301,0
1294,Q86VP6:Q96G61,0.1938362164288633,0.0975378787878787,0.8142857142857143,0.2607142857142857,0.22,0.0,0.22,0.0,0.0,2.416,0.0,2.1077,1.120284704,0
1295,O75937:P62314,0.6883917895506829,0.0,0.4132488479262672,0.8574074074074074,0.0,0.0,0.0,0.0,0.0,2.013,0.0,45.2798,91.1482374,0
1296,P23769:Q494U1,0.1027056125985682,0.1691919191919192,0.2619047619047618,0.9020512820512822,0.64,5.22,5.22,0.0,0.0,1.5978,0.0,2.7714,23.1149060424,0
1297,O75608:Q9BXA7,0.4440857053511726,0.1583333333333333,0.2083333333333333,0.361036036036036,0.15,0.0,0.15,0.0,0.6153,2.013,0.0,1.5818,0.293882361003,0
1298,A6NLU5:Q15369,0.2826211203393733,0.0,0.4095911949685535,0.0,0.22,0.0,0.22,0.0,0.0,1.1933,0.0,0.7962,0.2090232012,0
1299,O75015:P62136,0.2386684802868182,0.1380133755133755,0.3513655462184873,0.2355892520178234,0.24,0.0,0.24,3.8142,0.0,0.993,0.0,1.5818,1.4378564277792,0
1300,Q8N766:Q9Y3B6,0.461954024997281,0.8,0.6685714285714286,0.8545454545454546,0.0,0.0,0.0,0.0,9.7902,2.416,0.0,5.6875,134.5271382,1
1304,Q2NKJ3:Q86WV5,0.3734654735093325,0.6842105263157894,0.5920634920634922,0.8900000000000001,0.29,0.0,0.29,0.0,0.0,0.0,0.0,1.5818,0.458722,1
1305,Q01718:Q96E09,0.0608798488318099,0.1726190476190476,0.55,0.3698979591836734,0.22,0.0,0.22,0.0,0.0,2.416,0.0,1.1757,0.624908064,0
1306,O15392:Q9NQS7,0.7812288430231533,0.3278493941955481,0.6003401360544218,0.9797297297297296,0.54,5.22,5.22,0.5125,3.1392,2.013,69.61,45.2798,53284.7910390778,1
1307,O43502:O43543,0.623653506138233,0.2432737197443079,0.8006410256410257,0.845508658008658,60.92,0.0,60.92,0.5125,0.0,2.013,24.11,5.6875,8618.19188198719,1
1310,A0JLT2:O15514,0.6830204110743672,0.0666666666666666,0.9555555555555556,0.8928571428571429,0.24,0.0,0.24,0.0,0.0,2.416,2.07,5.6875,6.8265288,1
1311,Q9BU19:Q9UK22,0.0380702674598943,0.0852071063468122,0.3908333333333333,0.7745726495726496,0.28,0.0,0.28,0.5125,0.0,2.416,0.0,1.1757,0.4076104872,0
1314,P34998:Q15393,0.0998918802925902,0.1010439213564213,0.293073593073593,0.925925925925926,0.54,0.0,0.54,0.0,0.0,1.1933,0.0,1.5818,1.0192834476,0
1315,Q8N5F7:Q9H5V9,0.8865744200415343,0.1226190476190476,0.5990196078431372,0.75,0.0,0.0,0.0,0.5125,0.0,2.013,0.0,18.4426,19.0265388225,0
1316,P06312:P60893,-0.1134876553343081,0.1547619047619047,0.7222222222222223,0.3333333333333333,0.54,0.0,0.54,0.0,0.0,1.5978,0.0,0.0,0.862812,0
1318,P62910:Q9H6Y2,0.7183344077143085,0.1428571428571428,0.4333333333333333,0.0,0.54,0.0,0.54,0.0,0.6153,2.013,0.0,2.7714,1.8536326153884,0
1319,P01909:Q9H4I0,-0.0430959089440553,0.15625,0.2,0.5,0.24,13.23,13.23,0.0,0.0,2.013,0.0,0.8888,23.670512712,0
1320,Q9BXS1:Q9HB31,-0.0476174419533672,0.0881734006734006,1.0,0.25,0.0,0.0,0.0,0.0,0.0,1.5978,0.0,1.5818,2.52740004,0
1321,P0C0S5:Q6RFH8,0.1716165565991525,0.5817307692307692,0.8,0.4935714285714286,0.97,0.0,0.97,0.0,0.0,1.1933,0.0,0.4364,0.5051334364,0
1322,O60671:Q5SRH9,0.1239747864962218,0.0,0.3333333333333333,1.0,0.0,0.0,0.0,0.0,0.6153,0.0,0.0,1.1757,0.72340821,0
1323,Q15118:Q9Y2B1,0.4389106046630478,0.125,0.3559523809523809,0.7264957264957264,0.41,0.0,0.41,0.0,0.0,2.416,0.0,2.7714,2.745237984,0
1324,P00414:P14406,0.2518683740384469,0.3803418803418803,0.6335034013605442,0.625,2.49,0.0,2.49,0.0,0.0,0.3129,0.0,1.5818,1.2324135978,1
1325,O75131:Q8NCN4,0.8836495414247125,0.1152557319223986,0.4484848484848484,0.557051282051282,2.14,0.0,2.14,0.0,0.0,2.416,0.0,2.7714,14.328803136,0
1326,P19876:P62701,0.032706270627651,0.1277281746031746,0.3822023809523809,0.2059178743961352,1.05,0.0,1.05,3.8142,0.0,1.5978,0.0,1.1757,7.5233574392886,0
1327,P02766:P21108,-0.0205164015830823,0.1166666666666666,0.3214285714285714,0.2531179138321995,0.17,0.0,0.17,0.0,0.0,1.5978,0.0,1.1757,0.3193506882,0
1328,P62891:Q9NRC8,0.5215427135046208,0.1357614607614607,0.3416666666666667,0.1668881506090808,0.0,0.0,0.0,0.0,0.0,1.1933,0.0,1.1757,1.40296281,0
1332,Q86X95:Q8NHQ1,0.4168770621639448,0.0916666666666666,0.4930555555555555,0.997979797979798,0.54,0.0,0.54,0.0,0.0,0.0,0.0,3.9008,2.106432,0
1334,P57103:Q92934,-0.0961512040026893,0.1439100195197756,0.3740740740740741,0.943486590038314,18.4,0.0,18.4,0.0,0.0,2.013,0.0,1.5818,58.58860656,0
1335,Q5VZV1:Q9NQ79,0.1641182720350223,0.0833333333333333,0.2,0.8958333333333334,0.54,0.0,0.54,0.0,0.0,2.416,0.0,2.1077,2.749789728,0
1336,P0CG12:P78552,0.0,0.0,0.3122710622710622,0.0,0.0,9.75,9.75,0.0,0.0,2.013,0.0,0.4364,8.5651137,0
1337,P59533:Q8WUY8,-0.1660112815156305,0.101010101010101,0.6,0.1125,0.17,0.0,0.17,0.0,0.0,2.416,0.0,1.5818,0.649676896,0
1338,O00757:P62877,-0.1204960235172017,0.0975085689546473,0.6313668992012942,0.6543730158730158,0.0,0.0,0.0,0.0,0.0,1.1933,0.0,0.6688,0.79807904,0
1339,O60930:Q9UG56,0.3491995813346471,0.1162126068376068,0.5483333333333335,0.4285714285714285,0.15,0.0,0.15,0.0,0.0,2.013,0.0,2.1077,0.636420015,0
1340,Q15843:Q9UPQ0,0.196666781186004,0.134047619047619,0.39,0.4714285714285715,7.68,0.0,7.68,0.0,0.6153,0.9878,0.0,1.1757,5.48799459715584,0
1344,Q68DK7:Q7Z5A8,0.2198815709547197,0.0921328671328671,0.5,0.5,0.54,0.0,0.54,0.0,0.0,2.416,0.0,0.7962,1.038754368,0
1345,Q8TCC3:Q9NX20,0.7160868564633686,1.0,0.5856643356643356,0.5714285714285714,52.16,0.0,52.16,0.0,0.0,2.013,0.0,45.2798,4754.292062784,1
1346,P58005:Q96H22,-0.0880763148822935,0.1333333333333333,0.4803571428571428,1.0,0.0,0.0,0.0,0.0,0.0,2.416,0.0,1.5818,3.8216288,0
1347,P43630:Q96NZ1,-0.0327742450435381,0.1187301587301587,0.2222222222222222,0.5022727272727273,0.15,0.0,0.15,0.0,0.0,0.993,0.0,2.7714,0.41280003,0
1348,Q14974:Q16181,0.427275032564527,0.1227891156462584,0.358390022675737,0.8972222222222221,4.13,0.0,4.13,0.0,0.0,2.013,0.0,9.4687,78.719836503,0
1349,O95297:Q99590,0.7668240793738509,0.118015873015873,0.3999999999999999,0.7125,0.45,0.0,0.45,0.0,0.0,2.416,0.0,9.4687,10.29437064,0
1351,O43660:Q9NW64,0.8082263086392617,0.3752879673932305,0.5636243386243387,0.6520833333333333,52.16,1.52208,52.16,0.0,15.4815,2.013,5.86,18.4426,175676.697119438,1
1353,P62873:Q96LB2,-0.073315377175298,0.645,0.75,0.1833333333333333,7.06,3.51,7.06,0.0,0.0,0.0,0.0,0.7126,5.030956,1
1354,P54727:Q9NT99,-0.1937789641089816,0.0853846153846153,0.2416666666666666,1.0,3.82,0.0,3.82,0.0,0.6153,2.416,0.0,1.1757,6.6764211790752,0
1355,Q06265:Q9Y2L1,0.9444387280929576,0.5333333333333333,0.5621315192743763,0.6654761904761904,18.4,0.0,18.4,1.7951,15.4815,2.013,24.11,45.2798,1123737.80626457,1
1356,P61956:Q9NX78,0.6818674900643023,0.1547619047619047,0.25,0.125,1.22,0.0,1.22,0.0,0.0,2.416,0.0,3.9008,11.497686016,0
1362,Q86VV4:Q8IYN2,0.06796583050159,0.0,0.0,1.0,0.0,0.0,0.0,0.0,0.0,1.5978,0.0,1.1757,1.87853346,0
1363,O75586:Q13503,0.6968775849029786,0.5300908521303258,0.4763888888888889,0.9168021680216802,0.83,0.0,0.83,0.0,158.1204,2.416,5.86,45.2798,84132.7418412707,1
1365,P0C0S8:P62805,0.2914380615283714,0.1277218614718614,0.257168458781362,0.9662698412698412,282.86,0.0,282.86,4.0064,5.052,0.9594,24.11,2.7714,367016.275155275,1
1371,P17302:P28908,-0.1194969675941133,0.3247354497354497,0.6428571428571428,0.35,0.63,0.0,0.63,0.5125,0.0,2.013,0.0,1.1757,0.7641431287875,0
1372,Q8NC69:Q8WWY3,0.4171029208602803,0.1173051948051948,0.2507301587301587,0.970352564102564,0.3,0.0,0.3,0.5125,0.0,1.5978,0.0,2.1077,0.517781270475,1
1373,Q96IY1:Q99572,0.53009848738869,0.1425095737595737,0.3468253968253968,0.8159937888198757,0.0,0.0,0.0,0.0,0.0,0.0,0.0,1.1757,1.1757,0
1374,O60934:P49959,0.7395903829082283,0.4713685686518503,0.8338797814207649,0.571975916803503,0.41,3.39809,3.39809,2.409,9.2808,2.416,181.01,18.4426,612743.532911176,1
1375,P19429:Q86UZ6,-0.0419012542517347,0.1148046398046397,0.3999999999999999,0.1773809523809523,0.54,0.0,0.54,0.5125,0.0,2.416,0.0,2.7714,1.8530356392,0
1376,P50897:Q8IWS0,0.3688503400787217,0.1357142857142857,0.3666666666666666,0.7833333333333333,0.0,0.0,0.0,0.0,0.0,2.013,0.0,3.9008,7.8523104,0
1381,P63272:P67775,0.5872262847481156,0.1251869391292468,0.3680803571428571,0.8664093466308656,0.0,0.0,0.0,4.2492,0.6153,2.013,0.0,18.4426,97.0644079235865,0
1382,Q14507:Q9NPH5,-0.0274247688986603,0.1102886311219644,0.3305555555555555,0.2293898809523809,0.15,0.0,0.15,0.0,0.0,1.5978,0.0,1.1757,0.281780019,0
1383,P31749:Q99496,0.5833336690968125,0.2187301587301587,0.6379928315412186,0.9554391932211482,1.22,6.02483,6.02483,0.9127,0.6153,2.416,5.86,2.1077,100.963199366626,0
1386,Q8TAE8:Q9UGI6,0.2932237217580939,0.0833333333333333,0.35,0.6314102564102564,0.68,0.0,0.68,0.5125,0.0,2.013,0.0,1.5818,1.1096809449,0
1389,O14807:P62136,-0.3792325179425939,0.1008910248248483,0.3386321195144724,0.9148777866124804,52.16,0.0,52.16,4.2492,0.6153,2.013,0.0,1.5818,434.237191093234,1
1391,O75610:P38919,-0.0665472356734408,0.0957950779379351,0.4015664160401002,0.2937225639857219,0.0,0.0,0.0,0.0,0.0,0.993,0.0,0.7962,0.7906266,0
1393,O14681:Q8WXX5,0.1454829486133519,0.1180555555555555,0.4818181818181818,1.0,0.22,0.0,0.22,0.0,0.0,2.416,0.0,5.6875,3.02302,0
1394,P01909:Q15777,-0.1442841589687966,0.0,0.0,0.8267857142857142,0.24,0.0,0.24,0.0,0.0,1.1933,0.0,0.6915,0.198040068,0
1395,P51946:Q9H1R3,-0.1330099213336475,0.1088203463203463,0.4066666666666666,0.7317251461988304,25.34,3.51,25.34,0.0,0.6153,2.013,0.0,0.6688,20.9910210890688,0
1396,Q16181:Q96JA1,0.2985249529375666,0.1694444444444444,0.3666666666666666,1.0,0.68,0.0,0.68,0.0,0.6153,2.013,0.0,2.1077,1.7752045330404,0
1397,O43633:P29972,0.4367216722383957,0.1484916103586989,0.6654545454545455,0.836815534892458,0.62,0.0,0.62,0.0,0.6153,1.1933,0.0,1.5818,0.72007845424284,0
1399,P0CG48:P68036,0.532208247046381,0.3133061821219715,0.7507936507936508,0.7402777777777777,118.38,0.0,118.38,0.0,0.0,2.013,0.0,0.0,238.29894,1
1401,O60941:Q8N5N7,0.054287679377398,0.125,0.2176470588235294,0.0,2.89,0.0,2.89,0.0,0.0,2.416,0.0,1.1757,8.209019568,0
1402,P11245:Q96PE7,0.1689721794405045,0.1322751322751322,0.2,0.7642857142857142,0.0,0.0,0.0,0.0,0.0,0.0,0.0,1.5818,1.5818,0
1403,P03950:P62308,0.0235600047962263,0.1691522762951334,0.3454184704184704,0.903125,0.24,0.0,0.24,0.0,0.0,0.993,0.0,0.8888,0.211818816,0
1404,Q5JS54:Q92851,0.145293991228495,0.1034289784289784,0.3333333333333333,0.3938311688311687,2.14,0.0,2.14,0.0,0.0,2.013,0.0,2.1077,9.079592214,0
1405,O94906:Q99502,-0.0481453057081403,0.1257463023088023,0.5964285714285714,0.3003455608718766,0.83,6.7087,6.7087,0.0,0.0,1.5978,2.07,2.1077,46.7670449633675,0
1406,O14511:Q9UMR2,0.1278516401567365,0.1149891774891774,0.3178571428571428,0.5666486291486291,0.19,2.59,2.59,0.5125,0.0,2.416,0.0,1.1757,3.7703970066,0
1407,P10321:P13747,0.9326915170396604,0.1878023363317481,0.4678780284043442,0.6666666666666666,292.74,8.95024,292.74,0.9127,5.5574,0.0,24.11,45.2798,1621001.75876638,1
1408,O15234:Q86VQ1,0.3184876476419377,0.0,0.5,1.0,0.24,0.0,0.24,0.0,0.0,2.013,0.0,1.5818,0.764199216,0
1411,O43504:Q0VGL1,0.376093922184375,0.499950554496009,0.7421837421837422,0.8599439775910364,292.74,0.0,292.74,0.9127,0.0,2.013,0.0,9.4687,5092.65493821079,1
1412,P19429:Q9GZU7,-0.1558754398226702,0.103577441077441,0.3444444444444444,0.7931818181818184,0.15,0.0,0.15,0.0,0.0,0.0,0.0,1.5818,0.23727,0
1413,B1ATL7:Q9GZQ3,-0.1490929014901306,0.0,0.0,1.0,0.0,0.0,0.0,0.0,0.0,1.5978,0.0,2.7714,4.42814292,0
1415,Q5THR3:Q92843,-0.0280953872143483,0.098457362743077,0.2733333333333333,0.9607843137254902,0.15,5.22,5.22,0.0,0.0,2.013,0.0,1.5818,16.621332948,0
1416,P12830:Q75N03,-0.0955384694121162,0.2435626102292769,0.3652380952380952,0.5087301587301588,0.83,5.43,5.43,0.0,0.6153,2.416,5.86,1.5818,74.8226114547247,1
1417,Q16832:Q9BYD2,0.5205189269966559,0.225,0.1916666666666666,0.7,0.23,0.0,0.23,0.0,0.0,2.013,0.0,1.1757,0.544337343,0
1418,O75521:Q969L4,-0.0370459972322276,0.0858262108262108,0.42,0.7030303030303031,0.19,0.0,0.19,0.0,0.0,2.013,0.0,3.9008,1.491938976,0
1420,O75461:P62913,0.4831576558885698,0.0826378514846007,0.4212797619047618,0.8271103896103899,0.0,0.0,0.0,3.124,0.0,0.993,0.0,1.5818,4.9069523976,0
1421,P62304:Q9NZ63,0.3286023122801085,0.540625,0.6047619047619047,0.7222222222222222,0.29,0.0,0.29,0.5125,0.0,2.013,0.0,18.4426,5.517696258525,0
1423,Q86XN8:Q8IWP9,0.1919140412128879,0.0,0.0,0.25,0.24,0.0,0.24,0.0,0.0,2.416,0.0,0.7126,0.413193984,0
1424,O60784:P0DM35,-0.0415849798200874,0.1342857142857142,0.6,0.2,0.0,0.0,0.0,0.0,0.0,2.013,0.0,2.1077,4.2428001,0
1427,P08253:P80098,0.4391560632525464,0.2217632675966009,0.75,0.55,2.32,0.0,2.32,0.9127,0.6153,2.013,0.89,2.1077,4.91977824309025,1
1429,P01597:Q92543,-0.0548205557590349,0.1365151515151515,0.2976190476190476,0.3055555555555555,0.15,0.0,0.15,0.0,0.0,2.013,0.0,0.4364,0.13177098,0
1430,O14508:Q15370,0.1061704926393922,0.2277777777777777,0.6172839506172839,0.9393939393939392,80.27,3.66,80.27,2.0764,13.3811,2.013,0.0,1.5818,7101.52214344902,1
1433,Q9GZT3:Q9NRX2,0.5303358571199648,0.1111111111111111,0.2491258741258741,0.8125,3.16,0.0,3.16,0.0,0.0,2.013,0.0,45.2798,288.028430184,0
1434,Q8IXH7:Q8WX92,0.7263927801921726,0.5389880952380952,0.848,0.9625,0.54,0.0,0.54,0.0,13.3811,2.416,2.07,18.4426,666.461396041835,1
1435,P20338:P28062,-0.2752032393728209,0.3371212121212121,0.4699239417989418,0.9436507936507936,0.15,0.0,0.15,0.0,0.6153,1.5978,0.0,3.9008,0.5752468840608,0
1436,P08949:P62873,0.2035829199425485,0.423015873015873,0.4464639321074963,0.8865740740740741,0.74,0.0,0.74,2.3254,0.0,0.0,0.0,1.5818,2.7219551128,0
1437,Q99525:Q9UNE7,0.0,0.0724352303679226,0.2304100529100528,0.8448388203017833,1.52,0.0,1.52,0.5125,0.0,1.1933,0.0,1.5818,1.47041075126,0
1438,Q9UKA1:Q9UL46,0.0728143182153139,0.2166666666666666,0.8623407109322602,0.9285714285714284,3.16,0.0,3.16,0.0,0.0,2.416,10.8,1.5818,130.4245476864,0
1439,P09488:Q96E93,0.0475936813348693,0.138095238095238,0.3166666666666666,0.8777777777777778,0.22,0.0,0.22,0.0,0.0,2.416,0.0,1.1757,0.624908064,0
1442,Q6IEE8:Q9NNZ6,-0.0598738944713,0.0,0.3,0.0,0.0,0.0,0.0,0.0,0.0,2.013,0.0,0.4364,0.8784732,0
1443,Q6PJ21:Q71DI3,0.4262296140376725,0.0846153846153846,0.4642857142857144,0.9166666666666666,1.52,0.0,1.52,0.0,0.0,1.1933,0.0,1.5818,2.8690941488,0
1444,B7Z8K6:P78337,-0.0874226455455497,0.1189957264957265,0.24,0.0,0.15,5.43,5.43,0.5125,0.0,1.5978,0.0,0.0,4.446477675,0
1446,Q99879:Q9NPE3,0.4447597013186106,0.0838827838827838,0.502721088435374,0.3813492063492064,0.61,0.0,0.61,0.0,0.0,0.993,0.0,2.1077,1.276697121,0
1447,Q8N668:Q9NUR3,-0.1464847997503655,0.0,0.5,0.0,0.0,0.0,0.0,0.0,0.0,2.416,0.0,0.6688,1.6158208,0
1448,Q96DV4:Q9P0M9,0.5497965793813183,1.0,0.5503246753246753,0.5,27.7,0.0,27.7,0.0,0.0,0.0,0.0,45.2798,1254.25046,1
1449,P09382:Q92791,0.7072073831059774,0.1480820105820105,0.2220238095238095,0.3333333333333333,0.0,0.0,0.0,0.0,0.0,2.416,0.0,5.6875,13.741,0
1450,Q71DI3:Q9P2Y4,0.1781151161091671,0.0919039294039294,0.68,0.5924382716049382,1.05,0.0,1.05,0.0,0.6153,1.1933,0.0,1.5818,1.2194877047661,0
1455,Q2M3G0:Q96HR3,0.4112209355298858,0.0961063627730294,0.1957671957671957,0.1714852607709751,1.22,0.0,1.22,0.0,0.0,2.416,0.0,1.1757,3.465399264,0
1458,P49721:P51157,0.4012247361568463,0.1,0.5666666666666667,0.4143518518518518,0.68,0.0,0.68,0.0,0.6153,1.5978,0.0,3.9008,2.60778587440896,0
1459,O00311:Q6ZMR5,-0.0164124838689982,0.2,0.4166666666666666,0.1666666666666666,0.23,3.51,3.51,0.0,0.0,2.416,0.0,1.1757,9.970124112,0
1460,P61956:Q9Y4E5,0.7543475965785668,0.5256769374416432,0.7222222222222223,0.4888888888888889,3.17,5.24327,5.24327,1.7951,0.6153,0.0,0.4,5.6875,13.1752597204594,1
1462,O95391:Q9H5V9,0.8697084568187005,0.4333333333333334,0.5990196078431372,0.75,0.15,0.0,0.15,0.0,0.0,0.0,0.0,9.4687,1.420305,0
1463,O75525:P15880,-0.2744541639128098,0.1214285714285714,0.5047619047619047,0.7480769230769231,0.94,0.0,0.94,3.8142,0.0,2.013,0.0,2.1077,15.2119148529348,0
1465,P59998:Q9P0K1,-0.1390023150321977,0.1171717171717171,0.3518518518518518,0.8766233766233765,0.0,0.0,0.0,0.0,0.0,0.993,0.0,1.1757,1.1674701,0
1467,P49221:P50213,0.0077974390598599,0.0,0.327020202020202,0.1974242424242424,0.15,0.0,0.15,0.0,0.0,1.1933,0.0,1.1757,0.2104444215,0
1468,P08621:Q9Y3C1,0.1176332934475152,0.125,0.4599999999999999,1.0,0.41,0.0,0.41,0.9127,0.0,2.013,0.0,5.6875,4.2842725550625,0
1469,O14733:P08887,0.2029932900391311,0.2233717483717483,0.3925667828106852,0.6634199134199134,1.02,3.84,3.84,0.9127,0.0,1.5978,0.0,2.1077,11.8029478228301,0
1470,P05121:Q9BZW2,-0.0508764023468105,0.1316798941798941,0.7777777777777777,0.1,0.0,0.0,0.0,0.0,0.0,2.416,0.0,1.1757,2.8404912,0
1471,P51946:Q5TC12,0.047304600549365,0.0833333333333333,0.375,0.8666666666666666,0.24,3.02953,3.02953,0.0,3.1392,2.013,2.07,2.7714,109.826609400801,0
1473,P54652:P58658,0.0449407034098411,0.0,0.6666666666666666,0.3333333333333333,0.41,0.0,0.41,0.0,0.0,2.013,0.0,2.1077,1.739548041,0
1474,P13639:Q96G30,-0.0377978784555741,0.1132756132756132,0.5800000000000001,0.6022727272727271,0.54,0.0,0.54,0.0,0.0,1.5978,0.0,1.1757,1.0144080684,0
1477,Q9HC62:Q9NPG4,0.1501476232188556,0.1744708994708994,0.25,0.1666666666666666,0.54,0.0,0.54,0.0,0.0,2.416,0.0,1.1757,1.533865248,0
1478,P04217:Q86WT6,-0.2153661670061714,0.0982142857142857,0.4296296296296296,0.0,0.41,2.59,2.59,0.0,0.0,2.416,0.0,1.1757,7.356872208,0
1483,O00217:Q9Y3P4,0.3353641461668701,0.083448297734012,0.3333333333333333,0.1428571428571428,0.19,0.0,0.19,0.0,0.0,0.993,0.0,9.4687,1.786459629,0
1484,P49736:Q71DI3,0.3313446232078984,0.7777777777777777,0.9,0.9166666666666666,0.68,0.0,0.68,0.0,21.926,2.013,24.11,9.4687,6851.72091012094,1
1485,P62841:Q8NBP7,-0.297281772823433,0.1406926406926406,0.3460317460317459,0.625705467372134,0.83,0.0,0.83,0.0,0.0,0.993,0.0,1.1757,0.969000183,0
1486,O43181:Q9UI09,0.6146809566237446,0.2504088504088503,0.40625,0.78125,80.27,2.60197,80.27,0.9127,0.0,2.013,10.8,45.2798,72119.6057267206,1
1488,O00116:P62070,0.7226422825481852,0.1089223276723276,0.5571428571428572,0.6587024087024087,0.15,0.0,0.15,0.0,0.6153,0.0,0.0,5.6875,0.5249278125,0
1489,O60682:Q4LDR2,-0.1028611414023661,0.0,0.5,1.0,0.0,0.0,0.0,0.0,0.0,2.416,0.0,0.6915,1.670664,0
1490,O95156:Q5GH77,-0.0050734816813833,0.0,0.3333333333333333,0.0,0.0,0.0,0.0,0.0,0.0,2.416,0.0,1.1757,2.8404912,0
1491,P49848:Q9Y535,0.6291654870869722,0.3433333333333333,0.536111111111111,0.4537037037037037,0.54,0.0,0.54,0.0,0.0,2.013,0.0,5.6875,6.18242625,0
1494,P50991:Q9ULX5,0.0063198853365444,0.163495670995671,0.4049062049062049,0.8242063492063492,0.29,0.0,0.29,0.0,0.0,1.1933,0.0,1.1757,0.4068592149,0
1497,P06753:Q8TE99,-0.1615831618804885,0.0933080808080808,0.375,0.5714285714285714,0.0,0.0,0.0,0.0,0.0,2.416,0.0,1.1757,2.8404912,0
1498,P00709:Q9P086,0.0214505598471623,0.0977272727272727,0.3611111111111111,0.15758547008547,0.24,0.0,0.24,0.0,0.0,1.5978,0.0,0.7962,0.3053204064,0
1499,O95391:Q9H2H8,0.7254618546327357,0.3879142300194931,0.761904761904762,0.712962962962963,0.19,0.0,0.19,0.0,0.0,2.013,5.86,18.4426,41.33492356092,1
1501,O60682:Q9C0K0,-0.1097137715616232,0.154193925120362,0.4142857142857143,0.6578703703703704,0.0,0.0,0.0,0.0,0.0,0.0,0.0,1.5818,1.5818,0
1503,Q4G0W2:Q96CW6,0.3925328716397243,0.1402116402116402,0.0,0.0,0.15,0.0,0.15,0.0,0.0,2.013,0.0,1.5818,0.47762451,0
1505,Q06265:Q86UP6,-0.2029895795871699,0.2222222222222222,0.4107142857142857,0.0,1.55,7.37,7.37,0.0,0.0,2.013,0.0,1.5818,23.467284258,0
1506,O95848:Q6UB28,-0.0337610470684121,0.2166666666666666,0.2,0.2892857142857142,0.22,0.0,0.22,0.0,0.0,0.0,0.0,2.1077,0.463694,0
1508,P62841:Q2NL82,0.5900044028492862,0.75,0.5666666666666667,0.4421296296296296,0.41,0.0,0.41,0.0,0.0,1.5978,10.8,18.4426,130.48247204784,1
1509,P62851:Q8N697,0.5727680660639551,0.0818807515236086,0.1810515873015873,0.4374649859943977,0.15,0.0,0.15,0.0,0.0,2.013,0.0,1.5818,0.47762451,0
1511,Q9H2H8:Q9Y421,0.5376997071342561,0.25,0.6363636363636365,0.625,0.15,0.0,0.15,0.0,0.0,1.5978,0.0,9.4687,2.269363329,0
1512,P40937:Q09FC8,0.0859554901086021,0.1111111111111111,0.3375,0.5851851851851853,0.54,0.0,0.54,0.0,0.6153,0.9878,0.0,1.1757,0.38587462011252,0
1518,O43837:P50213,0.5942474930277182,0.725,0.5542929292929292,0.5273504273504274,2091.17,0.0,2091.17,0.5125,668.0587,0.0,181.01,45.2798,5868199931.74122,1
1519,P51668:Q86XT4,-0.2822362602173275,0.0666666666666666,0.8333333333333334,0.9552299552299554,80.27,7.35495,80.27,1.7951,0.6153,0.993,0.0,1.5818,139.26104337527,1
1520,P33681:Q13489,0.759930583873035,0.2250188964474678,0.4751937984496123,0.6777777777777778,1.02,2.59,2.59,0.0,0.0,2.416,0.0,5.6875,35.58919,0
1521,O95999:Q9UGN4,0.2719092294320898,0.2111792528459194,0.3285714285714285,0.7999999999999999,0.28,0.0,0.28,0.0,0.0,2.416,0.0,1.5818,1.070056064,0
1522,O15205:Q9HC29,0.0,0.1654335189292816,0.6676356589147286,0.7615238095238095,3.82,0.0,3.82,1.7951,0.0,2.013,0.0,1.5818,21.8347063678788,0
1523,P63279:Q16665,0.366780096606543,0.1576522191625221,0.5529411764705883,0.8152679275019701,0.83,0.0,0.83,2.409,0.0,1.1933,0.0,3.9008,9.3071822229408,1
1524,P01579:Q9NUJ7,0.2940116170750402,0.1666666666666666,0.5,0.1428571428571428,0.0,0.0,0.0,0.0,0.0,1.5978,0.0,1.1757,1.87853346,0
1525,Q8TES7:Q8WWY3,0.4391393962522857,0.1079545454545454,0.2507301587301587,0.970352564102564,0.54,3.84,3.84,0.9127,0.0,1.5978,0.0,3.9008,21.8441613452083,0
1526,O95147:P05187,-0.0096261082420882,0.0,0.0,0.8589424141749725,0.0,0.0,0.0,0.0,0.0,2.013,0.0,1.1757,2.3666841,0
1527,O95255:P63146,-0.3841758571729655,0.1343582071523248,0.6742296918767507,0.1500455684666211,0.41,0.0,0.41,0.0,0.6153,1.1933,0.0,2.1077,0.63449646664593,0
1529,Q96IY1:Q9H410,0.3666453826927648,0.5,0.5896501457725948,1.0,0.54,0.0,0.54,0.0,3.1392,0.0,24.11,18.4426,753.758292152448,1
1530,P41223:Q9H5V9,0.7444063548839168,0.0756410256410256,0.5990196078431372,0.75,0.0,0.0,0.0,0.0,0.0,1.5978,0.0,9.4687,15.12908886,0
1531,P21580:Q8NFK1,-0.020770006138879,0.1755555555555555,0.3333333333333333,0.6431818181818182,0.24,0.0,0.24,0.0,0.0,2.416,0.0,0.8888,0.515361792,0
1533,Q8N2W9:Q8N6T3,0.4395427178875122,0.1291666666666666,0.4333333333333333,0.8742857142857142,1.22,0.0,1.22,0.0,0.0,2.013,0.0,9.4687,23.253801582,0
1534,O14543:O75792,-0.0210063084154085,0.0939393939393939,0.42,0.3989795918367347,0.54,0.0,0.54,0.0,0.0,1.5978,0.0,0.6915,0.596634498,0
1535,P35249:Q15459,0.615554998154608,0.1417059131344845,0.3705069124423961,0.8636363636363636,2.27,3.51,3.51,2.3254,0.0,2.013,0.0,9.4687,155.574679998137,0
1540,Q53GS7:Q9UII5,0.526721740876985,0.0606617647058823,0.25,0.5796296296296296,0.41,0.0,0.41,0.0,0.0,2.013,0.0,2.1077,1.739548041,0
1541,Q8IV56:Q96A35,-0.1498006190888099,0.0,0.0,0.25,0.54,13.23,13.23,0.9127,0.0,1.5978,0.0,1.1757,22.6833309787027,0
1542,Q8WXX5:Q96NJ3,0.4389459978339997,0.0909090909090909,1.0,0.425,0.63,0.0,0.63,0.0,0.6153,1.5978,0.0,1.1757,0.72819283190094,0
1544,O95243:Q96DZ9,-0.1298293620007704,0.1226190476190476,0.5,0.9961240310077518,0.3,0.0,0.3,0.0,0.0,2.416,0.0,0.6688,0.48474624,0
1545,Q16864:Q9NS75,0.1342126382671279,0.0959595959595959,1.0,0.7617243867243867,0.0,0.0,0.0,0.0,0.0,0.993,0.0,0.7962,0.7906266,0
1546,O75348:P62280,0.6084758978083643,0.1203703703703703,0.7208494208494208,0.6545454545454545,0.0,0.0,0.0,0.0,0.0,2.013,0.0,18.4426,37.1249538,0
1547,P62244:Q5JXB2,0.1324184754654826,0.1369047619047619,0.6,0.1111111111111111,0.24,0.0,0.24,0.0,0.6153,1.5978,0.0,1.5818,0.37322621870688,0
1548,P51843:P62807,0.0881916798426465,0.1325396825396825,0.5393939393939395,0.6944444444444444,0.62,3.51,3.51,1.0145,0.0,2.416,0.0,0.8888,7.646455118016,0
1550,Q99471:Q9BZD2,0.6871641583400534,0.1338477366255144,0.3198412698412698,0.206704260651629,0.0,0.0,0.0,0.0,0.0,1.5978,0.0,1.5818,2.52740004,0
1551,Q9H3P2:Q9NWW5,0.581186813400975,0.1204008954008954,0.418984962406015,0.9397058823529412,0.0,0.0,0.0,0.5125,0.0,0.0,0.0,2.7714,1.4203425,0
1552,P68431:Q9GZN1,0.2811686761695519,0.292051282051282,0.3193181818181818,0.925925925925926,0.54,0.0,0.54,0.9127,0.6153,2.013,0.0,1.1757,0.717710034934694,0
1553,Q13257:Q9H1A4,0.804937327111378,0.1792809042809043,0.7125,0.3333333333333333,0.19,16.4873,16.4873,0.0,3.1392,1.5978,24.11,18.4426,36771.4114413512,1
1554,P15880:P62249,0.8837072168623819,0.5594877344877344,0.7003759398496241,0.5625,1.59,0.0,1.59,4.2492,15.4815,1.1933,24.11,38.174,114876.674359449,1
1556,O43865:Q9H095,0.0801352829562573,0.1696428571428571,0.4077922077922078,0.75,0.41,0.0,0.41,0.0,0.0,2.013,0.0,2.1077,1.739548041,0
1557,Q15762:Q93099,-0.0572232846364971,0.0909090909090909,0.2777777777777777,0.6408163265306123,0.24,0.0,0.24,0.0,0.0,1.1933,0.0,1.5818,0.4530148656,0
1558,P28340:P39748,0.8166392571165368,0.4334392879847424,0.7,0.5637806637806638,0.54,3.51,3.51,0.0,158.1204,1.5978,24.11,45.2798,968097.609862877,1
1559,P14678:P62316,0.8637999713615875,0.6212585034013605,0.4364087301587301,0.9821428571428572,60.92,3.86531,60.92,2.409,3.1392,1.1933,69.61,45.2798,1732772.13215243,1
1560,P04233:Q9Y6M9,-0.2239770170857156,0.1592382154882154,0.2598639455782313,0.890625,0.56,0.0,0.56,0.5125,0.0,2.013,0.0,1.1757,0.6792383367,0
1561,P06734:Q8N682,0.308780025553076,0.1458333333333333,0.1875,1.0,0.0,0.0,0.0,0.0,0.0,2.013,0.0,1.1757,2.3666841,0
1562,Q8NGY5:Q9NPI8,0.0393865948331178,0.1168831168831168,0.3020833333333333,0.1666666666666666,0.0,0.0,0.0,0.0,0.0,2.013,0.0,0.8888,1.7891544,0
1563,O75822:Q9H7R5,0.2475988745257584,0.0769230769230769,0.2,0.1703703703703703,0.24,0.0,0.24,0.0,0.0,1.1933,0.0,0.8888,0.2545452096,0
1564,P11831:P35269,0.3178488674604093,0.3121753246753246,0.9400383141762454,0.7212643678160918,0.41,0.0,0.41,1.2535,0.0,2.013,24.11,5.6875,141.863473723847,1
1565,P62070:Q8NBI2,0.1930906361413422,0.1333333333333333,0.415,0.903,1.02,0.0,1.02,0.0,0.0,2.013,0.0,2.1077,4.327656102,0
1566,Q96DF8:Q9H5V9,0.7075416815027009,0.0981481481481481,0.3005602240896359,0.75,0.0,0.0,0.0,0.0,0.0,2.416,0.0,5.6875,13.741,0
1567,Q15418:Q99732,0.6916121183396121,0.2770833333333333,0.3321995464852608,0.9562610229276894,0.62,6.44772,6.44772,0.0,0.0,2.416,2.07,5.6875,183.3981094764,0
1568,O75534:P08172,0.3154428893662586,0.1217261904761904,0.6256756756756757,0.4166666666666667,0.24,6.56,6.56,0.0,0.0,2.416,0.0,2.1077,33.404852992,0
1570,P34820:Q6P4F2,0.0257665136550845,0.1519047619047619,0.205,0.2261904761904762,0.19,0.0,0.19,0.0,0.0,1.1933,0.0,2.1077,0.4778724979,0
1572,Q13501:Q9UHD2,0.4980732209509493,0.144821154650876,0.9020833333333332,0.7347137791286726,11.35,6.44772,11.35,3.7695,0.6153,2.416,10.8,5.6875,3906.68701802406,1
1573,P25398:P63244,0.9500019462360366,0.1253572224344283,0.5023809523809524,0.8351882613510518,0.83,0.0,0.83,0.0,3.1392,1.5978,0.0,45.2798,188.50548642874,1
1574,P26378:Q5H9J7,0.868360663637961,0.1666666666666666,1.0,0.9703703703703704,0.0,5.24327,5.24327,0.0,0.0,1.5978,0.0,2.1077,17.6576715580062,0
1575,O00482:P35226,-0.3067347621974665,0.1611238192937539,0.5852272727272726,0.9612768184196756,0.41,3.51,3.51,0.0,0.0,2.416,0.0,1.5818,13.413917088,0
1576,Q13144:Q9NQ38,0.1391513918779204,0.1672682641432641,0.440625,0.1428571428571428,0.45,0.0,0.45,0.0,0.0,2.013,0.0,1.1757,1.065007845,0
1577,Q9BUI4:Q9NW08,0.6433794194806205,0.6138755980861244,0.5,0.6113816738816739,2.89,0.0,2.89,0.0,3.1392,1.5978,181.01,18.4426,48390.9291051525,1
1579,Q16548:Q96P66,-0.0599719622025013,0.1458333333333333,0.2916666666666666,0.9583333333333334,0.0,3.51,3.51,0.0,0.0,2.416,0.0,0.6915,5.86403064,0
1580,O75694:Q9UBW8,0.1639232931241187,0.1083333333333333,0.5615384615384615,1.0,0.54,0.0,0.54,0.0,0.0,2.416,0.0,2.7714,3.615679296,0
1581,P51116:Q9H3H5,-0.0407749407526503,0.1081818181818181,0.6785714285714286,0.3090909090909091,0.17,0.0,0.17,0.0,0.0,1.5978,0.0,2.1077,0.5725061202,0
1582,O75787:Q15904,0.5422902121495268,0.4700655114116652,0.4079861111111111,0.7733333333333333,0.15,0.0,0.15,0.0,0.6153,0.0,0.0,18.4426,1.702159767,1
1583,Q8N4E4:Q96FM1,-0.019795615160556,0.1157407407407407,0.2333333333333333,0.0,0.0,0.0,0.0,0.0,0.0,2.013,0.0,2.7714,5.5788282,0
1584,Q8IYS1:Q9P086,0.2988991759951685,0.0970238095238095,0.3222222222222222,0.8944444444444444,0.34,0.0,0.34,0.0,0.0,1.1933,0.0,1.5818,0.6417710596,0
1585,O60671:P59910,0.3394661230845315,0.1428571428571428,0.3185714285714286,1.0,0.15,0.0,0.15,0.0,0.0,2.013,0.0,0.6688,0.20194416,0
1586,O14772:Q96MU8,0.2844140927609888,0.0919055164153203,0.3888888888888888,0.1226851851851851,0.0,0.0,0.0,0.0,0.0,2.013,0.0,1.1757,2.3666841,0
1587,Q96HR3:Q9NPJ6,0.9049254815763748,0.5139455782312925,0.5871794871794873,0.9388690476190475,0.54,0.0,0.54,1.7092,9.2808,2.416,69.61,18.4426,26568.238941964,1
1588,Q14566:Q5T0N1,0.02460860532475,0.1547619047619047,0.2326530612244897,0.0,0.83,0.0,0.83,0.0,0.0,1.5978,0.0,1.1757,1.5591827718,0
1589,P61224:Q5H913,0.014846246483195,0.2051282051282051,0.2444444444444444,0.5333333333333333,16.6,0.0,16.6,0.0,0.6153,1.1933,0.0,0.8888,10.8329986664592,0
1590,P08887:Q02246,-0.2978355854315948,0.1164441709084566,0.3869047619047619,0.611111111111111,0.54,3.84,3.84,0.9127,0.0,2.416,5.86,1.1757,58.3378391995638,0
1591,P0C1H6:P48304,-0.0300460242699588,0.0,0.2,0.3066666666666667,0.28,0.0,0.28,0.0,0.0,2.013,0.0,0.4364,0.245972496,0
1592,Q86TN4:Q9BZZ5,0.2604521770133193,0.0687499999999999,0.0,0.725,0.0,0.0,0.0,0.0,0.0,1.5978,0.0,1.5818,2.52740004,0
1594,P07288:Q15018,0.0435853142660758,0.1444047619047619,0.3516666666666667,0.7407407407407407,0.0,4.96,4.96,0.0,0.0,2.013,0.0,0.5954,5.944759392,0
1595,Q13323:Q96BU1,0.0754425580463568,0.0,0.3666666666666666,1.0,0.54,0.0,0.54,0.0,0.0,0.0,0.0,1.1757,0.634878,0
1597,P20226:Q8IZF3,0.0429225170734182,0.0944444444444444,0.5,0.5833333333333334,0.63,0.0,0.63,0.0,0.0,1.5978,0.0,1.1757,1.1834760798,0
1598,O14807:Q6ZUT1,0.1759648159191795,0.0,0.0,1.0,0.36,5.22,5.22,0.0,0.0,0.0,0.0,1.1757,6.137154,0
1600,O00160:Q9GZQ3,0.0257129989851797,0.0,0.5666666666666667,1.0,2.34,0.0,2.34,0.0,0.0,2.416,0.0,2.1077,11.915755488,0
1601,Q8WUM4:Q9BYX4,0.3152610340045692,0.1012563416975181,0.9138888888888888,0.7071428571428573,0.68,5.24327,5.24327,0.0,0.0,2.416,5.86,2.7714,205.729220563889,0
1603,Q15797:Q9BWQ8,-0.1232629729857136,0.2249999999999999,0.4277777777777778,0.7037037037037037,0.0,0.0,0.0,0.0,0.0,2.416,0.0,1.1757,2.8404912,0
1604,O96000:P15529,-0.0618793026568508,0.0761976358790084,0.2123737373737373,0.8409090909090909,0.41,0.0,0.41,0.0,0.0,2.013,0.0,1.5818,1.305506994,0
1606,O60609:Q16656,0.3351329300216825,0.1157407407407407,0.5156862745098039,0.8492337164750958,0.0,0.0,0.0,0.0,0.0,2.013,0.0,1.1757,2.3666841,0
1608,P01594:Q01826,0.1405614864973408,0.1039377289377289,0.4611111111111111,0.5442328042328042,0.17,3.86531,3.86531,0.0,0.0,0.993,0.89,0.4364,1.49076204616068,0
1610,Q9HBL7:Q9P2R7,0.1284042166555331,0.1110080395794681,0.6851010101010101,0.8078703703703705,0.19,0.0,0.19,0.0,0.0,1.1933,0.0,5.6875,1.2895098125,0
1611,O95136:Q6P1J9,0.5926826300269245,0.1798629148629149,0.418181818181818,0.9805194805194806,0.15,0.0,0.15,0.0,0.0,2.013,0.0,2.1077,0.636420015,0
1612,Q9P0N9:Q9UK17,0.0196429045717367,0.1025724275724275,0.235042735042735,0.2892450142450142,0.68,0.0,0.68,0.0,0.0,2.416,0.0,2.1077,3.462698176,0
1613,P20963:P43358,-0.0445176594466657,0.1833333333333333,0.5,0.9857142857142858,0.15,0.0,0.15,0.0,0.0,2.013,0.0,1.1757,0.355002615,0
1615,Q9NZ63:Q9ULR0,0.6136179777295273,0.5345238095238096,0.7703809523809524,0.9791666666666666,0.19,0.0,0.19,0.0,0.0,2.416,0.0,18.4426,8.465891104,0
1617,P02042:P28062,0.161075121666591,0.1458333333333333,0.8518683862433862,0.9436507936507936,0.0,0.0,0.0,0.0,0.0,0.0,0.0,1.1757,1.1757,0
1618,Q52LA3:Q92784,0.5685980112794214,0.2546885984385984,0.4746031746031746,0.8285714285714286,0.24,0.0,0.24,0.0,0.0,2.013,0.0,1.1757,0.568004184,0
1619,Q4G0W2:Q99759,0.2825305915994993,0.1247252747252747,0.0,0.1363811062674698,0.81,4.1527,4.1527,0.0,0.0,2.013,0.89,1.1757,8.7470348652423,0
1621,P53999:Q9UJW0,0.4203878673108217,0.0,0.3677083333333333,1.0,0.71,0.0,0.71,0.5125,0.0,0.0,0.0,9.4687,3.4454232125,0
1622,P19087:Q96E93,0.0681100897157486,0.2459415584415584,0.5200000000000001,0.4513888888888889,0.41,0.0,0.41,0.0,0.0,1.5978,0.0,1.1757,0.7701987186,0
1623,P56181:Q8NA77,0.2971682078903195,0.0942099567099567,0.35,0.9074074074074072,0.0,0.0,0.0,0.0,0.0,1.5978,0.0,1.1757,1.87853346,0
1624,A7XYQ1:Q13217,-0.1965892651250558,0.106900352733686,0.241025641025641,0.1916666666666666,0.54,5.22,5.22,0.0,0.0,2.013,0.0,1.1757,12.354091002,0
1627,Q13506:Q9Y248,0.025927174854133,0.0883838383838383,0.3777777777777777,0.2,0.19,0.0,0.19,0.0,0.0,2.013,0.0,2.1077,0.806132019,0
1628,Q99259:Q9NXS2,-0.1359917063991607,0.0909090909090909,0.3194444444444444,0.3877551020408162,0.17,0.0,0.17,0.0,0.0,2.416,0.0,1.5818,0.649676896,0
1629,P12830:Q96E93,-0.1608179479388768,0.1625,0.55,0.8958333333333334,39.6,3.66,39.6,0.0,0.0,2.416,0.0,1.1757,112.48345152,1
1630,P49639:P62913,0.4901624945247112,0.1152191375875586,0.3900297619047619,0.8271103896103899,0.0,0.0,0.0,2.3254,0.0,1.5978,0.0,1.1757,4.368341707884,0
1633,P62906:P62913,0.9364812129550304,0.3308206413469571,0.6087797619047619,0.8271103896103899,0.0,0.0,0.0,2.3254,15.4815,1.5978,24.11,38.174,52941.7144912406,1
1634,P57075:Q9UHA4,-0.0620456027446552,0.1192256817256817,0.1577507598784194,0.9057142857142856,0.62,0.0,0.62,0.0,0.0,2.416,0.0,0.7126,1.067417792,0
1635,Q8NE86:Q9BPX6,0.631121751934119,0.5398698953265516,0.4130964820619994,0.612189440993789,0.0,0.0,0.0,0.5125,0.0,2.416,0.0,18.4426,22.83562732,1
1637,P68871:Q9H0M4,-0.0401306697039234,0.1303656220322887,0.2,0.4142857142857142,0.0,0.0,0.0,0.0,0.0,2.416,0.0,1.1757,2.8404912,0
1638,O14792:Q8N0X7,0.3438980676556295,0.1105072052130875,0.159700176366843,0.1608187134502924,0.41,0.0,0.41,0.0,0.0,2.416,0.0,1.5818,1.566867808,0
1639,Q9UI95:Q9Y3A3,0.1640587249217421,0.25,0.4928571428571429,0.8892857142857142,0.0,0.0,0.0,1.0145,0.0,1.5978,0.0,2.1077,3.41651446437,0
1640,P50552:Q96T92,-0.3409771686275956,0.1017857142857143,0.3,0.1592592592592592,18.4,0.0,18.4,0.0,0.0,1.5978,0.0,2.1077,61.965368304,0
1641,O75616:Q8WVM0,0.5969546914320893,0.069047619047619,0.65,0.2658730158730158,0.94,0.0,0.94,0.0,0.0,2.013,0.0,5.6875,10.76200125,1
1642,P23396:P63244,0.9614509299555614,0.2003148587523587,0.5023809523809524,0.8351882613510518,52.16,2.83851,52.16,2.409,0.6153,1.1933,0.0,38.174,3521.9128701805,1
1643,Q13617:Q9UBQ6,0.5767153358670675,0.0976430976430976,0.49,0.4813988095238095,0.0,0.0,0.0,0.0,0.0,2.416,0.0,5.6875,13.741,0
1644,Q15345:Q9BPX1,0.4440688229657028,0.1111111111111111,1.0,0.9547413793103448,0.0,0.0,0.0,0.0,0.0,1.5978,0.0,1.5818,2.52740004,0
1646,P55010:Q52LA3,0.4869034272204527,0.2,0.4702380952380953,1.0,0.22,0.0,0.22,0.0,0.0,2.013,0.0,5.6875,2.51876625,0
1648,P05230:P21579,0.3017624168431928,0.140002886002886,0.2344627594627594,0.7462585034013606,0.0,0.0,0.0,0.0,0.0,2.416,2.07,2.7714,13.860103968,1
1649,P84074:Q9UNA4,-0.2611562642117819,0.1039772727272727,0.4444444444444444,0.8404761904761904,0.29,2.59,2.59,0.0,0.0,2.013,0.0,1.1757,6.129711819,0
1653,O60266:P15509,-0.014334905313134,0.3095238095238095,0.8961309523809524,0.415,0.56,6.56,6.56,0.0,0.0,1.5978,0.0,1.1757,12.3231794976,0
1654,P09471:Q9P289,-0.2216218537510514,0.1573038073038073,0.4644179894179895,0.5998991121872478,1.05,3.51,3.51,0.0,0.6153,2.013,0.0,2.1077,9.1631881043703,0
1655,P32242:P47813,-0.0376785206250732,0.1444444444444444,0.4022222222222222,0.7190476190476189,0.19,0.0,0.19,0.9127,0.0,0.993,0.0,1.1757,0.2024544924513,0
1657,P37840:P46783,-0.3745772329887885,0.4166666666666666,0.7668027210884354,0.7,0.0,0.0,0.0,0.0,0.6153,0.0,0.0,1.1757,0.72340821,0
1658,P52298:Q8IWV8,0.5712102490953606,0.0991660191660191,0.6518518518518519,0.4733766233766233,2.27,0.0,2.27,0.9127,0.6153,1.1933,2.07,2.7714,8.72690044269327,0
1659,P05181:Q8N127,0.0,0.1458333333333333,0.3333333333333333,0.4047619047619047,0.0,0.0,0.0,0.0,0.0,2.416,0.0,1.1757,2.8404912,0
1660,Q6GPH4:Q9Y2T5,-0.1302599481864567,0.1347222222222222,0.3333333333333333,0.4365079365079365,0.0,0.0,0.0,0.0,0.0,0.0,0.0,1.1757,1.1757,0
1663,A5PLL1:P01920,-0.1004639288492334,0.0,0.1378368096549914,0.0,3.44,0.0,3.44,0.0,0.0,2.013,0.0,0.4364,3.021947808,0
1666,Q7Z628:Q9Y3C7,0.0474887904641173,0.1227272727272727,0.2583333333333333,0.7851851851851851,0.0,0.0,0.0,1.0145,0.6153,1.1933,0.0,1.5818,1.17825740617639,0
1668,P40306:Q8IU81,-0.1162339267810935,0.0741758241758241,0.7333333333333334,0.3018518518518518,1.05,0.0,1.05,0.5125,0.0,2.013,0.0,1.5818,1.713477929625,0
1670,Q8IXM3:Q92617,-0.0897591772760636,0.0,0.2777777777777777,1.0,0.41,0.0,0.41,0.0,0.0,0.9594,0.0,1.1757,0.4624662978,0
1671,Q06265:Q96C36,0.6953351123712697,0.1134920634920634,0.425,0.5714285714285714,0.41,0.0,0.41,0.0,0.0,2.013,0.0,2.7714,2.287319562,0
1672,Q2NKJ3:Q8TDH9,0.4167020939121684,0.128059163059163,0.1636904761904761,1.0,0.0,0.0,0.0,0.0,0.0,2.013,0.0,2.1077,4.2428001,0
1673,P14210:Q15906,0.2341344026174081,0.2733134920634921,0.2804713804713805,0.8708333333333332,0.54,0.0,0.54,0.0,0.0,2.013,0.0,0.7126,0.774610452,0
1674,Q8NCN4:Q9Y6Q2,0.5157574512243728,0.1432098765432098,0.3134920634920635,0.1666666666666666,0.0,3.84,3.84,0.0,0.0,2.416,0.0,1.1757,10.907486208,0
1677,Q9UBP8:Q9Y3C7,-0.0731828746788947,0.0999594155844156,0.0,0.0,0.0,0.0,0.0,0.0,0.0,0.0,0.0,0.8888,0.8888,0
1679,O95990:Q9UNE7,0.2132800227002437,0.1322678389986082,0.4738888888888888,0.8448388203017833,0.71,5.22,5.22,3.7695,0.0,2.013,0.0,2.1077,83.484686579679,0
1681,Q8NCN4:Q93009,0.7469234502976234,0.154053363295553,0.6351851851851852,0.8575072886297376,0.68,33.4576,33.4576,2.3588,0.0,2.013,0.0,5.6875,903.54770750244,1
1682,P01848:Q30154,0.6991396823356634,0.2965151515151515,0.4816624895572264,0.0,52.16,0.0,52.16,0.0,0.0,1.1933,0.31,0.0,19.29518368,1
1683,P62249:P62899,0.9491114109422072,1.0,0.6769841269841269,0.7916666666666666,0.0,0.0,0.0,3.8142,15.4815,1.1933,24.11,45.2798,76925.0610939049,1
1685,Q13356:Q9ULR0,0.7258418096663855,0.5370879120879122,0.7703809523809524,0.9791666666666666,0.23,0.0,0.23,0.0,0.6153,2.013,0.0,9.4687,2.6974219230189,0
1686,Q8TEY7:Q96JC1,0.7441529692903903,0.1589105339105339,0.2608134920634921,1.0,0.68,0.0,0.68,0.0,0.0,2.416,0.0,5.6875,9.34388,0
1688,Q53GS7:Q9Y5E7,0.4563626797944974,0.112037037037037,0.7777777777777777,0.2,0.68,0.0,0.68,0.0,0.0,2.416,0.0,1.1757,1.931534016,0
1691,O96008:P22059,0.5868674918139303,0.1964257964257963,0.5351851851851852,0.7974999999999999,0.17,7.40526,7.40526,0.0,0.0,2.416,0.89,1.5818,25.1871378498643,0
1692,Q03188:Q96IY1,0.5538630491756191,0.4920634920634921,0.6505952380952381,1.0,0.19,0.0,0.19,0.0,9.7902,2.416,0.0,5.6875,25.560156258,1
1693,Q92917:Q9ULR0,0.682439417217824,0.5345238095238096,0.7703809523809524,0.9791666666666666,0.23,7.37,7.37,0.0,0.0,1.5978,0.0,18.4426,217.1761108836,0
1694,P07093:Q9NQS7,0.0876068998677906,0.1410237198698737,0.6003401360544218,0.9797297297297296,0.0,0.0,0.0,0.0,0.0,2.416,0.0,1.1757,2.8404912,0
1695,Q96H20:Q9UIV1,0.6767461147821114,0.2004329004329004,0.3793154761904762,0.8311432506887052,0.15,0.0,0.15,0.0,9.2808,0.0,0.0,5.6875,7.9176825,0
1696,Q7L5N1:Q99627,0.7997189890431443,0.2426574678454377,0.5246376811594201,1.0,2.49,0.0,2.49,0.5125,13.3811,2.013,0.0,18.4426,633.944086408009,1
1697,P59534:Q8TCJ2,-0.0919606747028508,0.1024864024864024,0.3185185185185185,0.1277777777777778,0.0,0.0,0.0,0.0,0.0,0.0,0.0,1.1757,1.1757,0
1698,P0C881:Q99496,0.348312140962551,0.0,0.3960573476702508,0.0,0.54,0.0,0.54,0.0,0.0,2.013,0.0,1.1757,1.278009414,0
1699,Q9BZJ0:Q9H2H8,0.7592811905358,0.3879142300194931,0.761904761904762,0.712962962962963,0.24,3.51,3.51,0.0,0.6153,2.013,0.0,18.4426,80.1788740967214,0
1700,P49721:Q8NBC4,-0.0253332796882638,0.0,1.0,0.0,0.0,0.0,0.0,0.0,0.0,0.6909,0.0,1.5818,1.09286562,0
1701,P83731:Q8IZS6,0.4858785742873472,0.1666666666666666,0.4583333333333333,1.0,0.54,0.0,0.54,0.0,0.0,1.5978,0.0,1.1757,1.0144080684,0
1702,Q15846:Q9GZQ3,0.1154967190524029,0.0,0.4666666666666666,1.0,0.26,0.0,0.26,0.9127,0.0,2.013,0.0,1.5818,0.7556083431468,0
1703,P0CG48:P54727,0.642556454407785,0.1503447532859297,0.792063492063492,0.8866255144032922,869.75,0.0,869.75,21.3884,114.5243,1.5978,0.0,0.0,3404025.44486418,1
1704,Q9NZ63:Q9UMS4,0.5140414004854845,0.3129755048872695,0.6279922779922781,0.9065058479532164,0.68,0.0,0.68,0.0,0.0,2.416,0.0,9.4687,15.555937856,0
1706,Q16718:Q8WW12,0.2534246798835112,0.1,0.275,1.0,0.24,0.0,0.24,0.0,0.0,2.013,0.0,45.2798,21.875576976,0
1707,A6NLP5:O75438,-0.0778994448834627,0.0929040404040404,0.0,0.0,0.0,0.0,0.0,0.0,0.0,1.1933,0.0,1.1757,1.40296281,0
1708,Q13573:Q9P0U1,0.6487768933779698,0.0968253968253968,0.2069444444444444,0.7916666666666666,0.41,0.0,0.41,0.0,0.0,1.1933,0.0,1.1757,0.5752147521,0
1709,Q8N141:Q9H3R5,0.3467370269069901,0.0661450477626948,0.288095238095238,0.2,18.4,0.0,18.4,0.0,0.0,2.416,0.0,1.5818,70.31796992,0
1710,P40933:Q8IWY4,0.0912696862246855,0.2697845804988662,0.5714285714285714,0.7916666666666667,0.41,0.0,0.41,0.0,0.0,2.013,5.86,1.1757,5.68619521866,0
1713,P21728:P29317,-0.1363579609808931,0.1418614812682609,0.682051282051282,0.6314439033189032,0.68,3.67486,3.67486,0.0,0.6153,2.416,10.8,1.1757,69.3657229970345,0
1715,P62308:Q96SB8,0.6828066456535082,0.1276640026640026,0.3764285714285714,0.8389814814814813,0.71,0.0,0.71,0.0,0.0,1.5978,0.0,9.4687,10.7416530906,0
1716,O95298:O95299,0.5793214452989112,0.4521116138763197,0.5125,1.0,0.24,0.0,0.24,0.0,0.0,2.013,69.61,18.4426,620.22432816432,1
1717,P56181:P57772,0.5729537357102544,0.0769230769230769,0.2809523809523809,0.3224025974025974,0.0,0.0,0.0,0.0,0.0,1.5978,0.0,2.7714,4.42814292,0
1719,P60568:Q2M243,-0.0372885437562026,0.0,0.0,1.0,0.24,0.0,0.24,0.0,0.0,2.416,0.0,1.5818,0.917190912,0
1720,P01850:Q9NVI7,0.0946439341343369,0.1482683982683982,0.2363636363636364,0.0,0.19,5.43,5.43,2.3254,0.0,1.1933,0.0,0.0,15.0677060226,0
1721,P28288:P40855,0.2747146755457144,0.464327485380117,0.5181318681318681,0.9697222222222224,0.17,0.0,0.17,0.5125,9.7902,2.013,105.17,5.6875,1027.04958987126,1
1723,P62304:Q13426,0.7671033850698341,0.115547619047619,0.4838435374149658,0.9736842105263158,0.41,0.0,0.41,0.5125,0.0,1.1933,0.0,9.4687,2.37420231406375,0
1724,Q16594:Q6JVE9,0.1916635790078491,0.25,0.5,0.5,0.0,0.0,0.0,0.0,0.0,0.0,0.0,0.6915,0.6915,0
1725,P62195:Q15942,0.4442270893485939,0.1404310966810966,0.3416666666666667,0.953030303030303,0.68,0.0,0.68,0.0,0.6153,1.1933,0.0,2.1077,1.05233560321764,0
1726,Q8TCC3:Q96DV4,0.5735160871011408,1.0,0.4860962566844919,0.25,0.41,0.0,0.41,0.9127,3.1392,2.013,0.0,9.4687,22.390563560268,1
1727,O95864:Q93015,-0.0005073892693094,0.1532467532467532,0.5,0.3858333333333333,0.41,0.0,0.41,0.0,0.0,1.5978,0.0,1.5818,1.0362340164,0
1729,Q8NEV9:Q9NWU5,0.0173649539617926,0.1339285714285714,0.1785714285714285,0.25,0.15,0.0,0.15,0.0,0.0,1.5978,0.0,0.5954,0.142699518,0
1730,Q1W4C9:Q9Y4Z0,0.2834318067323588,0.0867724867724867,0.3091036414565826,0.8988095238095238,0.54,0.0,0.54,0.5125,0.0,0.9878,0.0,1.1757,0.321405400305,0
1731,P02753:P02766,0.2084960597426369,0.1079545454545454,0.793040293040293,0.9906103286384976,263.49,0.0,263.49,1.0145,5.0289,2.416,0.4,18.4426,23958.9762396586,1
1733,O43586:Q6NXR4,0.0746893111654765,0.1547619047619047,0.2333333333333333,0.0,0.0,0.0,0.0,0.5125,0.0,2.416,0.0,1.1757,1.45575174,0
1734,P01861:Q92887,0.0574931691371549,0.1216730800064133,0.607142857142857,0.1939594356261023,1.05,0.0,1.05,1.0145,0.0,2.013,0.0,0.4364,0.93577161447,0
1738,O75899:Q9HCG1,-0.2095208726035708,0.1269841269841269,0.2,0.1703703703703703,0.41,0.0,0.41,0.0,0.0,1.5978,0.0,1.1757,0.7701987186,0
1741,Q8WVN8:Q96PE7,0.3908570793278066,0.0735042735042735,0.3125,0.7642857142857142,0.68,0.0,0.68,0.0,0.0,1.5978,0.0,2.7714,3.0111371856,0
1742,O43567:P62837,0.3506707842248617,0.5583333333333333,0.85,0.8641381766381769,80.27,5.00777,80.27,4.0064,0.6153,1.5978,5.86,9.4687,17543.0408626868,1
1743,Q96A72:Q9NQM4,0.0444852174886851,0.1152380952380952,0.4375,1.0,0.24,0.0,0.24,0.0,0.0,0.0,0.0,1.1757,0.282168,0
1744,O76075:Q9NR50,0.2243952615726536,0.112987012987013,0.6875,0.2630952380952381,0.23,0.0,0.23,0.9127,0.0,2.416,0.0,2.7714,1.4055685435104,0
1745,Q14181:Q14566,0.8965906914216322,0.2612978524743231,0.6586666666666667,0.7879456154046318,0.28,0.0,0.28,0.0,0.6153,2.013,0.0,38.174,13.239036834408,0
1747,A7MD48:P01763,-0.0992094085434063,0.1555555555555555,0.1935786435786435,0.5,0.0,0.0,0.0,0.0,0.0,1.5978,0.0,0.4364,0.69727992,0
1750,P40938:Q9NRQ2,0.0576435261629569,0.1272727272727273,0.3333333333333333,0.946969696969697,0.17,0.0,0.17,0.9127,0.0,1.1933,0.0,0.6688,0.12382914576736,0
1752,P04908:Q9NQR1,-0.0244029170549979,0.3624768089053802,0.28,0.5067059483726151,52.16,0.0,52.16,0.5125,0.6153,2.013,0.0,2.1077,69.7864229076999,1
1753,Q13099:Q8N3Y1,0.4537008622624705,0.1825501568148626,0.6711805555555556,0.8446969696969696,2.49,2.60197,2.60197,0.0,0.0,2.013,10.8,2.1077,119.228096622928,0
1754,P27348:Q9H0N0,0.2304502592669072,0.1988215488215488,0.4277777777777778,0.4694444444444444,1.05,65.3909,65.3909,0.0,0.6153,1.5978,5.86,2.1077,794.02295549404,0
1755,P43699:P55317,-0.0535070254168466,0.2461230354612708,0.7947368421052632,0.400564468211527,0.71,0.0,0.71,0.5125,0.6153,2.013,69.61,2.7714,86.9468304318912,1
1756,Q99933:Q9H112,0.2432787045653226,0.119047619047619,0.465079365079365,0.1428571428571428,0.54,0.0,0.54,0.0,0.0,2.416,0.0,1.1757,1.533865248,0
1759,P78552:Q8N806,0.0205365317784701,0.1222222222222222,0.0,0.2513227513227513,0.41,0.0,0.41,0.0,0.0,2.013,0.0,2.1077,1.739548041,0
1761,P29373:Q9BXC0,-0.0154954458878373,0.5833333333333334,0.3333333333333333,0.1666666666666666,0.15,0.0,0.15,0.0,0.0,2.416,0.0,1.5818,0.57324432,0
1762,O75683:Q6NXT4,0.7524710203638004,0.0757783882783882,0.2366071428571428,0.7763888888888889,0.23,0.0,0.23,0.0,0.0,2.013,0.0,2.1077,0.975844023,0
1763,O75899:P62873,0.5846276794145603,0.4726220538720538,0.4514144271570012,0.8865740740740741,0.87,3.98183,3.98183,0.0,0.0,2.416,2.07,1.5818,31.4993477437373,1
1764,P10275:Q8IY47,0.3285157462338222,0.1916139416139416,0.7083333333333334,0.3333333333333333,0.54,9.47493,9.47493,0.0,0.0,2.416,0.0,1.1757,26.913455285616,0
1766,P42285:P51178,0.6211288220001432,0.1527777777777777,0.3666666666666666,0.4102380952380952,0.41,0.0,0.41,0.0,0.0,2.013,0.0,3.9008,3.219447264,0
1767,O15198:Q13268,0.0378517726641045,0.1660430839002267,0.4410256410256411,0.3416666666666667,0.22,0.0,0.22,0.0,0.0,2.013,0.0,1.5818,0.700515948,0
1768,Q4G0W2:Q8NCU1,0.485184210339361,0.0,0.0,0.1428571428571428,0.0,0.0,0.0,0.0,0.0,0.993,0.0,0.4364,0.4333452,0
1769,Q01105:Q8IY49,-0.1987698885104342,0.1251082251082251,0.6,0.8928571428571428,0.41,0.0,0.41,0.0,0.0,2.416,0.0,1.5818,1.566867808,0
1771,P26373:Q7Z4P5,0.3370546977252451,0.1802238696975538,0.5,0.6666666666666666,0.17,0.0,0.17,0.0,0.0,2.013,0.0,1.1757,0.402336297,0
1772,Q9NV12:Q9UGM5,0.1010532440961948,0.0,0.3333333333333333,0.7083333333333334,0.23,0.0,0.23,0.0,0.0,2.416,0.0,1.5818,0.878974624,0
1773,P19793:Q96MA1,-0.1062212022103791,0.5357142857142857,0.6,0.7259259259259258,0.54,5.24327,5.24327,0.0,0.0,2.013,5.86,2.1077,130.362418374716,0
1774,O60269:P61218,-0.0443813459847776,0.0755494505494505,0.316210889381621,0.1374999999999999,0.0,0.0,0.0,0.0,0.0,1.1933,0.0,1.5818,1.88756194,0
1778,A0A5B9:P01848,0.924549371833124,0.3501082251082251,0.9153439153439152,0.0,0.36,0.0,0.36,0.5125,0.0,2.416,0.0,0.0,0.445752,1
1780,Q9BUR4:Q9UPY8,-0.0442197200642242,0.1587782587782588,0.3619047619047619,0.9745934959349594,0.41,0.0,0.41,0.0,0.6153,2.013,0.0,2.1077,1.0703439096273,0
1781,P62841:Q9H4I3,0.5649946806731078,0.1428571428571428,0.3055555555555556,0.1666666666666666,0.15,0.0,0.15,0.0,0.0,1.5978,0.0,3.9008,0.934904736,0
1784,O15164:Q71UI9,0.0851306277194489,0.1666666666666666,0.6357142857142858,0.3333333333333333,1.52,0.0,1.52,0.0,0.6153,1.5978,2.07,5.6875,17.593193323251,0
1785,P20226:Q9UN72,0.493714170410296,0.1276785714285714,0.3333333333333333,0.5833333333333334,0.83,0.0,0.83,0.5125,0.0,1.1933,0.0,0.4364,0.221516634545,0
1786,P62857:P63244,0.9022354525200648,0.1232658069055127,0.5023809523809524,0.8351882613510518,0.97,1.03634,1.03634,3.124,7.4748,1.5978,0.0,38.174,1476.05639000542,1
1787,P62249:P62847,0.9411949649373929,0.4883928571428571,0.7233766233766233,0.6476190476190476,0.62,0.0,0.62,3.8142,15.4815,1.5978,181.01,38.174,404204.219472917,1
1788,Q15393:Q7RTV0,0.7931497560742532,0.7463824851384661,0.4858843537414964,0.7589285714285714,52.16,0.0,52.16,0.0,9.2808,1.5978,24.11,9.4687,176576.531043766,1
1790,P52435:Q9Y5Z0,0.2088696849172025,0.0939114540430329,0.262797619047619,0.9591836734693876,0.15,0.0,0.15,0.9127,0.0,1.1933,0.0,1.5818,0.2584166673957,0
1791,O43623:P21554,0.1760862329269188,0.1515042196860379,0.3141666666666666,0.7886904761904763,0.0,0.0,0.0,0.0,0.6153,2.416,0.0,1.1757,1.74775423536,0
1792,Q9H204:Q9P0W0,0.3399668891047969,0.1101445429570429,0.5,0.3333333333333333,2.79,0.0,2.79,0.0,0.0,2.013,0.0,1.1757,6.603048639,0
1795,P25101:Q13356,0.3731618141921307,0.2183333333333333,0.3197278911564626,0.6098765432098765,0.15,3.51,3.51,0.0,0.0,1.1933,0.0,1.1757,4.9243994631,0
1797,Q15418:Q9UK45,0.3399648719726847,0.1074074074074074,0.3502801120448179,0.9631782945736432,0.94,3.84,3.84,0.5125,0.6153,1.1933,0.0,2.1077,3.04558303990046,0
1798,P05186:Q9Y570,-0.2102538898771379,0.1666666666666666,0.5,0.138034188034188,0.0,0.0,0.0,0.0,0.0,2.013,0.0,1.5818,3.1841634,0
1799,P51149:P57772,0.510615386623852,0.1428571428571428,0.3166666666666666,0.3434065934065934,8.53,0.0,8.53,0.0,0.0,1.1933,0.0,2.7714,28.2096621186,0
1800,B5MD39:Q8WUW1,0.1028096626810919,0.0924216306569247,0.2161172161172161,0.1420138888888888,0.0,0.0,0.0,0.0,0.0,1.1933,0.0,0.0,1.1933,0
1802,O96000:Q5TG30,-0.1080823401417766,0.0875686813186813,0.2,0.1428571428571428,0.15,0.0,0.15,0.0,0.0,2.416,0.0,0.0,0.3624,0
1803,O76076:P59768,-0.0564974279609765,0.3399999999999999,0.321285140562249,1.0,0.0,0.0,0.0,0.5125,0.0,2.416,0.0,1.1757,1.45575174,0
1804,P04637:P62875,0.3876186211906644,0.3771929824561403,0.9303278688524588,0.7838151927437643,0.0,0.0,0.0,0.5125,0.0,0.9594,0.0,2.1077,1.03634028225,0
1805,O43927:Q7RTV0,0.2600277323240079,0.0994490358126721,0.307312925170068,0.3923611111111111,0.23,0.0,0.23,0.5125,0.0,0.0,0.0,1.1757,0.1385856375,0
1808,P43652:Q92917,-0.3515452705841231,0.0769230769230769,0.3285714285714286,0.9779411764705882,0.17,3.51,3.51,0.0,0.0,2.013,0.0,0.6915,4.885883145,0
1809,P43699:Q6ZV73,0.2767086902206354,0.1488095238095238,0.3166666666666666,0.5595238095238095,0.24,7.37,7.37,0.5125,0.0,2.416,10.8,1.1757,115.87201549704,0
1810,P33316:Q9UNA4,0.7064308181132931,0.4875,0.8333333333333334,0.8404761904761904,0.26,0.0,0.26,0.0,0.0,1.5978,0.0,2.1077,0.8755975956,0
1811,A6NCW0:A8K4G0,0.0,0.1666666666666666,0.3333333333333333,0.1217948717948718,0.24,0.0,0.24,0.0,0.0,2.013,0.0,0.4364,0.210833568,0
1813,O00154:Q9P0M9,0.1587733401834101,0.1547619047619047,0.2378246753246753,0.5,0.54,0.0,0.54,0.0,0.0,1.5978,0.0,5.6875,4.90724325,0
1816,O60814:P04908,0.4176470235454191,0.1152777777777777,0.5202020202020202,0.8823529411764706,2091.17,0.0,2091.17,2.3254,111.5878,2.013,24.11,18.4426,485698604.449457,1
1818,P25787:Q14320,0.3966715237055626,0.0929914529914529,0.6000000000000001,0.75,0.0,0.0,0.0,0.0,0.0,2.013,0.0,3.9008,7.8523104,0
1820,Q9UGQ3:Q9UKS7,0.32110736782367,0.125,0.2,0.7290123456790123,0.15,0.0,0.15,0.0,0.0,2.416,0.0,0.8888,0.32210112,0
1821,P08253:Q9BXX0,0.62707015551788,0.2034832451499118,0.7268518518518519,0.3333333333333333,0.54,0.0,0.54,0.0,0.0,2.416,0.0,2.7714,3.615679296,0
1822,Q53H82:Q5VWG9,0.112857526065076,0.0,0.2119841269841269,0.7964285714285714,0.19,0.0,0.19,0.0,0.0,1.5978,0.0,2.1077,0.6398597814,0
1823,P02675:Q9NYY8,-0.1031292528364261,0.1364512471655328,0.3295454545454545,0.61875,0.41,0.0,0.41,0.0,0.0,2.416,0.0,1.1757,1.164601392,0
1825,O43903:Q96DV4,-0.1608699088573787,0.125,0.2764705882352941,1.0,0.17,3.84,3.84,0.0,0.0,2.416,0.0,1.1757,10.907486208,0
1826,P35225:Q9NRD5,0.3207671954901245,0.121254825421492,0.3486772486772486,0.9839080459770114,0.62,0.0,0.62,0.5125,0.0,1.1933,0.0,3.9008,1.47907052936,0
1827,Q6UWJ8:Q86VD7,-0.1496459162980156,0.0,0.2888888888888888,0.4777777777777777,0.17,0.0,0.17,0.0,0.0,1.5978,0.0,2.7714,0.7527842964,0
1831,Q96JC1:Q9UJ41,0.7508567460043295,0.1409692386408072,0.2648351648351648,0.8814667842445623,0.63,0.0,0.63,0.0,0.0,2.416,0.0,2.7714,4.218292512,0
1832,Q96BM1:Q9NQT5,-0.1609621317384728,0.0952655187949305,0.4145337301587301,0.1628333333333333,0.15,0.0,0.15,0.0,0.0,1.5978,0.0,1.5818,0.379110006,0
1833,A0PJZ3:P19634,0.2232251360769863,0.0773767374882935,0.6202380952380953,0.1042115564174387,0.0,0.0,0.0,0.0,0.0,2.416,0.0,1.1757,2.8404912,0
1834,P62837:Q9UKP5,0.4599301702567135,0.2246031746031746,0.4166666666666666,0.1698412698412698,2.72,0.0,2.72,0.0,0.0,1.1933,0.0,2.7714,8.9953436064,0
1835,P01210:Q9Y5Y0,-0.0735723101006393,0.1484848484848485,0.6979166666666667,0.2489010989010989,0.41,0.0,0.41,0.0,0.0,0.0,0.0,1.5818,0.648538,0
1836,P61960:Q96L21,-0.160650971087031,0.123054723054723,0.355,0.25,3.17,0.0,3.17,2.409,0.0,1.1933,0.0,2.1077,19.2067771915173,0
1837,Q03167:Q15382,0.5785105149753941,0.2495263995263994,0.2374458874458874,0.5303854875283448,0.17,0.0,0.17,0.0,0.0,0.993,0.0,1.5818,0.267023658,0
1838,Q8NC69:Q9BX93,-0.1668947702056376,0.099023199023199,0.5,0.1388888888888889,0.22,0.0,0.22,0.0,0.0,2.416,0.0,1.1757,0.624908064,0
1839,O15143:Q8WWY8,0.0332229378066186,0.1018518518518518,0.4166666666666666,0.325,0.22,3.51,3.51,0.0,0.0,2.416,0.0,1.5818,13.413917088,0
1842,P30153:Q9NUG4,0.0333053851859449,0.238095238095238,0.5,0.9,3.82,0.0,3.82,0.0,0.0,2.013,0.0,1.1757,9.040733262,0
1843,Q9NQP4:Q9ULV1,0.1038979754005088,0.1710103785103784,0.2883333333333333,0.6583333333333333,0.24,0.0,0.24,0.0,0.0,2.013,0.0,0.7126,0.344271312,0
1845,O43290:Q9H3Z4,0.066238320397186,0.089216735645307,0.3271728271728271,1.0,0.0,0.0,0.0,0.0,0.6153,2.013,0.0,9.4687,11.72792140443,0
1850,O95857:P54257,0.3840609232267388,0.0980328102060128,0.2547766019988242,0.1397052154195011,0.83,0.0,0.83,0.0,0.0,0.0,0.0,1.1757,0.975831,0
1852,Q15118:Q8NHH9,0.3443458278555518,0.1744047619047619,0.3607142857142857,0.7789351851851851,0.0,0.0,0.0,0.0,0.0,2.416,0.0,5.6875,13.741,0
1855,Q96EI5:Q9BTK6,0.4713419597688143,0.0,0.2465909090909091,0.8545454545454544,0.0,0.0,0.0,0.0,0.0,2.013,0.0,1.5818,3.1841634,0
1856,Q7L576:Q92558,-0.2568608055583264,0.1973899917591868,0.4202380952380952,0.9027777777777776,0.0,0.0,0.0,0.0,81.5138,2.013,0.89,1.5818,231.002400113879,1
1858,P29376:Q01718,-0.0570515878464287,0.5277777777777778,0.9285714285714286,0.7638888888888888,0.17,0.0,0.17,0.0,0.0,2.013,0.0,2.7714,0.948400794,0
1861,P20042:Q13112,0.5567818621172037,0.1666666666666666,0.4152777777777778,0.9444444444444444,1.55,1.52208,1.55,0.0,0.0,2.013,0.4,9.4687,11.817505722,0
1862,P02786:Q13322,-0.2586105262562325,0.1680307539682539,0.5333333333333333,0.9523809523809524,0.68,23.2116,23.2116,0.0,0.0,2.416,2.07,2.1077,244.670240460038,0
1864,P06400:Q16254,0.6840294166952963,0.323020619731146,0.8904761904761904,0.7834834834834834,0.68,104.371,104.371,1.0145,13.3811,2.416,181.01,3.9008,2417001.35834294,1
1865,P19404:Q96RQ1,0.163274784345932,0.1428571428571428,0.3142857142857143,1.0,0.61,0.0,0.61,0.0,0.0,1.5978,0.0,9.4687,9.2287442046,0
1866,Q8N0X7:Q9BRU2,0.2207274636865483,0.0857142857142857,0.625,0.0,0.0,0.0,0.0,0.0,0.0,2.416,0.0,2.1077,5.0922032,0
1867,P03897:P56556,0.3603069063640631,0.3099326599326599,0.6416666666666665,1.0,52.16,0.0,52.16,0.0,0.0,0.9878,0.0,0.4364,22.4849199872,1
1868,Q9NX24:Q9UJT1,0.5022711040966679,0.1120535714285714,0.6322916666666667,0.4583333333333333,0.15,0.0,0.15,0.0,0.0,2.013,0.0,3.9008,1.17784656,0
1869,Q00169:Q9NPC3,0.4278910420000464,0.1369047619047619,0.3333333333333333,0.9232323232323232,0.41,0.0,0.41,0.0,0.0,2.013,0.0,1.1757,0.970340481,0
1870,P15884:Q16559,0.1790530113336159,0.2628205128205128,1.0,0.5373015873015874,0.0,0.0,0.0,0.0,5.052,2.013,0.4,1.1757,4.78259522928,1
1871,P29371:P82980,-0.0738170261879985,0.0909090909090909,0.2888888888888889,0.4654761904761905,0.0,0.0,0.0,0.0,0.0,2.416,0.0,1.5818,3.8216288,0
1872,P68431:Q96Q05,0.0700819648104036,0.2369047619047618,0.3816666666666666,1.0,0.0,0.0,0.0,0.0,0.0,1.5978,0.0,1.1757,1.87853346,0
1873,P08514:P17752,-0.0687376975653524,0.1455266955266955,0.4166666666666667,0.8095238095238095,3.16,0.0,3.16,0.0,0.0,2.416,0.0,1.1757,8.975952192,0
1874,P01135:Q99062,0.0669341403344683,0.365435606060606,0.5772727272727273,0.6527777777777778,0.0,2.59,2.59,0.5125,0.0,2.416,0.0,1.5818,5.0727345284,0
1875,P30876:Q9UQF2,-0.2469605381249454,0.064656279178338,0.4341269841269841,0.820294784580499,0.62,0.0,0.62,0.0,0.0,2.013,0.0,0.7126,0.889367556,0
1879,P46695:Q9P1W9,0.0441790972614711,0.2230459355459355,0.5,0.2061728395061728,0.0,7.13229,7.13229,0.0,0.6153,2.013,5.86,1.1757,60.8630647685078,0
1880,O75593:Q13477,0.4128185997566997,0.1315628815628815,0.3888888888888888,0.25,0.41,0.0,0.41,0.0,0.0,2.416,0.0,18.4426,18.268501856,0
1881,Q8N3Y7:Q9NYJ8,0.0599918649547532,0.097111420325706,0.4343786295005808,0.8795238095238096,0.28,0.0,0.28,0.0,0.0,2.416,0.0,0.7962,0.538613376,0
1882,P62191:P62333,0.7082093163595349,0.36639325586694,0.8288253968253969,0.94182769726248,282.86,0.0,282.86,1.7092,158.1204,0.0,24.11,18.4426,33991605.8978781,1
1883,P22415:Q0VGL1,0.5687018929401608,0.1123442214351305,0.1499433106575963,0.8599439775910364,0.71,0.0,0.71,0.0,0.0,2.416,0.0,3.9008,6.691276288,0
1885,Q6PIF2:Q9BXU0,0.9828209224816712,0.55,0.7333333333333334,1.0,0.0,0.0,0.0,0.0,9.7902,2.013,0.0,2.1077,41.53786153902,1
1886,B7Z8K6:Q96RP8,-0.0543059386552703,0.1112554112554112,0.7000000000000001,0.0,0.19,2.59,2.59,0.0,0.0,2.013,0.0,0.0,5.21367,0
1887,P09455:P13639,0.4067751675833157,0.1174450549450549,0.514,0.5008169934640522,0.41,0.0,0.41,2.0764,0.0,1.5978,0.0,1.1757,1.59924061930104,0
1889,O60636:P42773,0.5387500282361728,0.2583412799321891,0.38,0.9585687382297552,0.41,0.0,0.41,0.5125,0.0,2.416,0.0,1.1757,0.5968582134,0
1890,O95841:P62851,0.4960448404630443,0.0948426573426573,0.3864468864468864,0.6571428571428571,0.41,0.0,0.41,2.3254,0.0,2.013,0.0,1.5818,3.0358259638476,0
1892,P62249:P62701,0.9398527310339024,0.6614583333333334,0.669702380952381,0.7369565217391304,0.68,0.0,0.68,3.8142,15.4815,1.1933,24.11,38.174,44100.1363057066,1
1893,Q15904:Q9H3U5,0.2494294777134081,0.1200396825396825,0.3888888888888888,0.3125,0.0,0.0,0.0,0.0,0.6153,2.013,0.0,5.6875,7.04453124375,0
1894,P01911:Q8NHH9,0.0550830283554639,0.3368055555555556,0.4476190476190476,0.7789351851851851,0.19,0.0,0.19,0.0,0.0,0.993,0.0,0.8888,0.167689896,0
1895,O75530:Q8NGL2,0.0,0.1203703703703703,0.3333333333333333,0.2777777777777777,0.68,0.0,0.68,0.0,0.0,1.1933,0.0,0.8888,0.7212114272,0
1896,Q8NF37:Q9H492,-0.035543119113397,0.128637882585251,0.3359053497942386,0.1606084656084656,0.22,0.0,0.22,0.0,0.0,2.013,0.0,1.5818,0.700515948,0
1897,Q96L50:Q9UKF6,0.8857974903168002,0.0878205128205128,0.3944444444444445,0.5196428571428571,0.8,0.0,0.8,0.0,0.0,2.416,0.0,18.4426,35.64585728,0
1899,P47813:P62266,0.7253756210996448,0.2141666666666666,0.6914053426248548,0.6590909090909091,80.27,0.0,80.27,4.2492,0.0,1.5978,5.86,18.4426,58898.2804456235,1
1900,O75452:P62913,-0.1689837330603264,0.1497144152716908,0.2345486111111111,0.8163149350649351,0.0,0.0,0.0,2.3254,0.0,1.1933,0.0,1.5818,4.389336535276,0
1902,Q96DF8:Q9HCS7,0.8268546391903853,0.497108843537415,0.2701814058956915,1.0,0.15,0.0,0.15,0.0,3.1392,1.5978,0.0,18.4426,13.8756970275264,0
1904,Q86TS9:Q9BQC6,0.6282835009780331,1.0,0.5540584415584415,0.625,0.84,0.0,0.84,0.0,0.0,1.5978,5.86,45.2798,356.126112399456,1
1906,O43557:Q96KF7,-0.3252341875583984,0.0,0.5833333333333334,0.0,0.15,0.0,0.15,0.0,0.0,2.013,0.0,0.7126,0.21516957,0
1907,P61326:Q9NUJ1,0.3262809962316754,0.1136363636363636,0.3875,0.2589285714285714,0.15,0.0,0.15,0.0,0.0,0.993,0.0,9.4687,1.410362865,0
1909,A5A3E0:Q9Y577,0.5685607301951259,0.143015873015873,0.5714285714285714,0.8394746787603931,11.35,0.0,11.35,0.0,0.0,2.416,0.0,2.7714,75.99622224,0
1910,P53041:Q9NP56,0.183787999505639,0.246685606060606,0.6666666666666666,0.2615384615384615,0.15,0.0,0.15,0.0,0.0,2.013,0.0,1.5818,0.47762451,0
1911,P09471:Q13480,-0.1455303070512901,0.1705026455026455,0.5028089887640449,0.9884057971014492,0.94,5.45912,5.45912,0.0,0.0,1.5978,2.07,2.7714,50.0396906052809,0
1912,Q9BQC6:Q9Y4H2,0.3785259659472324,0.0870187359617506,0.2083333333333333,0.8120082815734989,0.19,0.0,0.19,0.0,0.0,2.013,0.0,0.7126,0.272548122,0
1916,Q9HB96:Q9NPI8,0.3350164309761224,0.625,0.7875,1.0,0.0,0.0,0.0,0.0,0.0,2.013,5.86,1.5818,18.659197524,1
1919,Q03468:Q13216,0.7789617074782241,0.2291172879408173,0.7600198412698412,0.9602272727272728,0.83,3.98183,3.98183,0.0,0.6153,2.013,181.01,2.1077,1881.58901196438,1
1920,O75396:Q9Y5K3,-0.2967272997873114,0.090569153069153,0.4642857142857142,0.6357142857142858,0.29,0.0,0.29,0.0,0.6153,2.013,0.0,3.9008,1.4011427108448,0
1922,Q2NL82:Q9BX93,-0.2105615168721002,0.0890977443609022,0.5,0.1388888888888889,0.15,3.66,3.66,0.0,0.0,2.013,0.0,1.1757,8.662063806,0
1923,P62826:Q6ZMI0,0.417316295789257,0.0,0.40625,0.9797297297297296,0.17,0.0,0.17,0.0,0.0,1.1933,0.0,2.7714,0.5622089754,0
1924,O96000:P08243,-0.0588000430883126,0.0828536542822257,0.1999999999999999,0.4529220779220779,0.41,0.0,0.41,1.2535,0.0,2.013,0.0,1.1757,1.2163217929335,0
1926,O94907:P51164,-0.0282926521389059,0.1253431753431753,0.5925925925925927,0.604040404040404,0.19,0.0,0.19,0.0,0.0,2.416,0.0,1.1757,0.539693328,0
1927,P29372:Q96EK9,0.6598239095728528,0.1111111111111111,0.0,0.5625,0.41,0.0,0.41,0.0,0.0,0.993,0.0,2.1077,0.858107901,0
1928,P43630:Q15910,0.0149521246510278,0.1313245234297865,0.2578643578643578,0.7660828717280329,0.68,9.75,9.75,0.0,0.0,0.9594,0.0,0.8888,8.31396852,0
1930,O43920:Q969Q6,0.1833043652311431,0.1030764442529148,0.2666666666666666,0.9272727272727272,0.0,0.0,0.0,0.0,0.0,0.0,0.0,2.7714,2.7714,0
1931,O75386:Q96JC1,0.7210352651238792,0.1133718133718133,0.2426917989417989,1.0,0.54,0.0,0.54,0.0,0.0,2.416,0.0,2.7714,3.615679296,0
1932,B4DU55:Q99627,0.3562145073860929,0.0749582289055973,0.2532608695652174,0.2,0.54,0.0,0.54,0.0,0.0,1.5978,0.0,2.1077,1.8185488524,0
1934,O75899:Q9P1W3,0.545381738434229,0.1055555555555555,0.7777777777777777,0.1388888888888888,0.41,3.84,3.84,0.0,0.0,2.416,0.0,2.7714,25.711497216,0
1937,Q9Y314:Q9Y5S9,0.3150244385543112,0.1268791814246359,0.4912483912483913,0.9415094339622644,2.79,0.0,2.79,0.5125,0.0,2.013,0.0,9.4687,27.2541225713625,0
1938,Q9H0H0:Q9NRY2,0.7898273618321626,0.1245748299319727,0.4111111111111111,1.0,0.0,0.0,0.0,0.0,0.0,0.0,0.0,3.9008,3.9008,0
1939,P19419:Q9Y3I0,0.1263937995552486,0.1584249084249084,0.3873015873015873,0.5508928571428572,0.0,0.0,0.0,1.7092,0.0,1.1933,0.0,1.1757,2.397944034852,0
1940,Q15070:Q9P202,-0.0053361138106433,0.1068078746650175,0.3822981366459627,1.0,0.0,0.0,0.0,0.0,0.0,2.013,0.0,1.1757,2.3666841,0
1941,Q00987:Q86VL8,-0.1329119674972998,0.1669642857142857,0.8333333333333334,0.1946428571428571,0.0,0.0,0.0,0.0,0.0,2.416,0.0,1.1757,2.8404912,0
1942,Q13444:Q96HE9,-0.0886502791385812,0.25,0.4,0.0,0.15,0.0,0.15,0.0,0.0,2.416,0.0,1.1757,0.42607368,0
1943,O75394:Q96CB9,0.1070229380798155,0.11,0.4545454545454545,0.158044733044733,52.16,0.0,52.16,0.9127,0.0,0.9878,0.0,2.1077,99.1159277903379,1
1945,Q8WUU8:Q9BU19,-0.0633873221647795,0.0738095238095238,0.1964285714285714,0.3064814814814814,0.24,0.0,0.24,0.0,0.0,2.013,0.0,1.1757,0.568004184,0
1949,O75899:Q6UXH1,-0.2634301865946303,0.0,0.3,0.8792517006802721,0.19,5.43,5.43,0.0,0.0,2.416,0.0,1.1757,15.423867216,0
1950,P30566:Q71DI3,0.3359115615230738,0.1142857142857142,0.4642857142857144,0.9055555555555556,0.28,0.0,0.28,0.0,0.0,1.1933,0.0,5.6875,1.90033025,0
1951,Q8ND04:Q9H0W8,0.6272829888834943,0.3374999999999999,1.0,1.0,36.49,0.0,36.49,0.0,0.0,0.0,69.61,2.1077,5353.70322053,1
1953,Q6IQ49:Q9UNP9,0.6695311680666064,0.3775219298245614,0.6574646074646076,0.6701058201058201,0.54,0.0,0.54,0.0,0.6153,2.416,0.0,2.1077,1.6919456196384,0
1956,Q9NPD3:Q9Y3B2,0.178600025947137,0.5666666666666667,0.4705882352941176,0.96875,52.16,0.0,52.16,1.7951,30.1977,2.013,24.11,18.4426,2530831.48200479,1
1958,Q13951:Q15370,0.2210821556406374,0.2234813797313797,0.5617283950617284,0.9393939393939392,0.94,3.52956,3.52956,0.0,0.0,2.013,2.07,1.5818,23.2641002441153,1
1960,O76003:Q9BUI4,0.8826912221671238,0.0898767898767898,0.3777777777777777,0.9675213675213676,0.54,0.0,0.54,0.0,0.0,2.013,0.0,45.2798,49.220048196,0
1962,Q14566:Q9P209,0.6383777271396414,0.1322665429808287,0.4777777777777777,1.0,0.71,0.0,0.71,0.0,0.0,1.5978,0.0,5.6875,6.452116125,0
1963,O15145:Q9NVJ2,0.2788917743289308,0.1417460317460317,0.3198621553884712,0.5827160493827162,0.0,0.0,0.0,0.0,0.6153,2.013,0.0,5.6875,7.04453124375,0
1965,O95168:O95169,0.4117485849655792,0.3496969696969697,0.4868421052631578,1.0,0.61,0.0,0.61,0.5125,0.0,0.0,69.61,18.4426,401.34465679825,1
1966,P49916:Q9H3D4,0.1866637695455018,0.1630837553251346,0.8072916666666667,0.8242374727668846,0.81,0.0,0.81,0.0,0.0,2.416,5.86,1.5818,18.13974326208,0
1968,P25786:P28074,0.6400081669568479,0.5833333333333333,0.792102206736353,0.9308201058201058,52.16,0.0,52.16,3.124,21.926,1.5978,24.11,45.2798,6232067.44617493,1
1969,P02545:Q6ZMY3,0.4022821962041409,0.1616792929292929,0.75,0.625,1.22,0.0,1.22,0.0,0.0,2.416,0.0,3.9008,11.497686016,0
1970,Q99832:Q9NQP4,0.7416780366010494,0.82,0.4333333333333333,0.9333333333333332,3.82,0.0,3.82,0.0,0.6153,0.0,10.8,9.4687,240.36121483416,1
1972,P08473:Q96MK2,-0.0550763937816933,0.0,0.0,1.0,0.15,0.0,0.15,0.0,0.0,0.0,0.0,1.1757,0.176355,0
1973,Q8N5N7:Q9Y6Q6,0.0639994289795219,0.0896946789686228,0.4611111111111109,0.0,0.24,0.0,0.24,0.5125,0.0,2.416,0.0,1.1757,0.3493804176,0
1974,O95299:Q5VXU3,0.6169237460716658,0.0,0.25,0.0,0.0,0.0,0.0,0.0,0.0,2.416,0.0,1.5818,3.8216288,0
1976,P46781:P62847,0.8966698782361002,0.4883928571428571,0.7233766233766233,0.6476190476190476,52.16,0.0,52.16,0.0,15.4815,1.1933,24.11,45.2798,1051966.64743802,1
1977,Q7Z388:Q9Y4E5,0.6407552124759498,0.0,0.1619047619047619,0.4888888888888889,0.0,0.0,0.0,0.0,0.0,0.0,0.0,9.4687,9.4687,0
1978,O60921:P53803,0.4680312187352572,0.1397058823529411,0.9297520661157024,0.2821428571428572,0.19,0.0,0.19,0.0,0.0,0.0,0.0,9.4687,1.799053,0
1980,Q9H0A8:Q9P0V9,0.5032274805642709,0.1666666666666666,0.2519047619047619,0.6961805555555556,0.24,0.0,0.24,0.9127,0.0,2.013,0.0,2.1077,0.9293768763048,0
1981,O15212:Q99471,0.3132167954789192,0.3074242424242424,0.4902597402597402,0.9879032258064516,35.64,3.51,35.64,2.3588,1850.0086,0.0,10.8,9.4687,15904377.4521447,1
1982,P39905:Q9HCU8,-0.0459420834425838,0.1826923076923076,0.4802631578947368,0.9326923076923076,0.15,0.0,0.15,0.0,0.0,1.5978,0.0,1.5818,0.379110006,0
1985,O14893:P62304,0.7953748016380271,0.6540152155536769,0.4571986607142857,0.9791666666666666,18.4,0.0,18.4,0.0,0.0,1.5978,69.61,45.2798,92665.1372882986,1
1986,Q8IW35:Q8IXM3,0.1030789126103988,0.144345238095238,0.2291666666666666,0.5,0.19,0.0,0.19,0.0,0.0,2.013,0.0,1.1757,0.449669979,0
1988,P62837:P68431,0.5011642023304166,0.1216530383197049,0.8444444444444446,0.9709302325581396,1.22,0.0,1.22,2.409,3.1392,1.1933,0.0,1.5818,17.4147333164902,0
1989,O75717:P49642,0.9045271663905954,0.275,0.8291666666666666,0.3996336996336997,0.41,11.2326,11.2326,0.5125,0.6153,1.5978,0.0,45.2798,256.264232774474,0
1990,P42773:Q8WTS1,0.2439103401050417,0.1341390091390091,0.44375,0.8007478632478633,0.17,0.0,0.17,0.0,0.6153,2.013,0.0,2.1077,0.4438011332601,0
1991,Q6EBC2:Q9HC62,0.6259220512177643,0.1508065347351062,0.387037037037037,0.8863287250384024,0.0,0.0,0.0,0.0,0.0,1.5978,0.0,1.1757,1.87853346,0
1992,P61077:Q8IYW5,0.6292328180478223,0.327415364038171,0.7451612903225806,0.5848484848484848,35.64,7.37036,35.64,0.9127,0.0,0.993,5.86,3.9008,738.356826210424,1
1995,Q8IV56:Q9BZI7,-0.1081587993687143,0.0,0.0,0.9093023255813952,0.54,0.0,0.54,1.7951,0.0,1.5978,0.0,1.1757,1.82096392358484,0
1996,Q8N0X7:Q96KQ7,0.5410851657135908,0.1683537477015738,0.4333333333333333,0.8460571112914863,2.72,3.66,3.66,0.0,0.0,2.416,0.0,2.7714,24.506270784,0
1999,Q16543:Q8NFH5,0.5808008645991388,0.1338888888888889,0.3439024390243902,0.7685185185185185,0.41,5.24327,5.24327,0.0,0.0,2.416,2.07,5.6875,149.1388902549,0
2000,O60500:Q9Y2W6,-0.0784239800632989,0.1447845804988662,0.1585714285714285,0.8928571428571429,0.22,0.0,0.22,0.0,0.0,2.416,0.0,0.7126,0.378761152,0
2001,P04908:Q92831,-0.1408285950568143,0.1595015464333646,0.230991124260355,0.529658810182066,0.68,7.40526,7.40526,3.7695,5.052,2.013,5.86,0.8888,1478.53918072445,1
2002,P08708:P23396,0.942663597412224,0.1954234424822659,0.5660110420979988,0.2593253968253968,118.38,0.0,118.38,3.8142,3.1392,2.013,24.11,45.2798,3114915.48936122,1
2003,P01594:P49279,0.1830003022033365,0.1401092447604075,0.4080065359477124,0.1759259259259259,0.24,0.0,0.24,0.0,0.0,0.993,0.0,0.4364,0.104002848,0
2004,Q30KP9:Q9ULG1,0.0700130163626394,0.0766443669542409,0.2722222222222222,0.0,0.24,0.0,0.24,0.0,0.0,1.1933,0.0,0.8888,0.2545452096,0
2005,Q8IYR2:Q9P0M9,0.3596094670006114,0.225,0.1732142857142857,0.5,0.54,0.0,0.54,0.0,0.0,2.013,0.0,2.1077,2.291112054,0
2007,P61964:Q9ULZ0,0.5518719782890056,0.0,0.6,0.0,0.0,0.0,0.0,0.0,0.0,0.8011,0.0,0.4364,0.34960004,0
2008,O60814:P62805,0.2143991230519693,0.113525641025641,0.8918279569892472,0.9662698412698412,2091.17,0.0,2091.17,4.0064,15.4815,0.8011,24.11,1.5818,3962709.14817134,1
2011,P06340:Q8NCA5,0.1994293841645785,0.1306216931216931,0.2083333333333333,0.8186813186813187,0.0,5.43,5.43,0.0,0.0,2.013,0.0,1.1757,12.851094663,0
2014,Q30154:Q96H55,0.3703381912556548,0.112037037037037,0.2653439153439153,0.2646825396825397,0.45,3.66,3.66,0.0,0.0,0.9878,0.0,0.8888,3.2133213024,0
2015,Q6PJ21:Q99877,0.0681829934659805,0.0769230769230769,0.403030303030303,0.3333333333333333,2.32,0.0,2.32,0.0,0.0,2.013,0.0,1.5818,7.387259088,0
2016,P57738:Q9NV70,0.3314803388081584,0.11,0.5916666666666667,0.9693877551020408,0.54,0.0,0.54,1.2535,0.0,1.5978,0.0,2.1077,2.2795509864834,0
2017,Q15797:Q6ULP2,0.5851619041199623,0.1714285714285714,0.4638655462184874,1.0,0.19,0.0,0.19,0.0,0.0,2.416,0.0,3.9008,1.790623232,0
2019,O95810:P50750,0.4229861588208637,0.0859898043133337,0.7212121212121215,0.8185134310134311,0.54,5.22,5.22,4.0064,0.0,1.5978,0.0,2.1077,70.4297298484685,0
2021,Q8WUQ7:Q9Y314,0.5178713872323785,0.1124338624338624,0.5142857142857143,0.6157407407407408,0.54,0.0,0.54,0.0,0.0,2.013,0.0,9.4687,10.292666274,0
2024,A6PVC2:O43663,0.4340984615183595,0.1775030525030525,0.3960061443932411,0.1789285714285714,0.0,0.0,0.0,0.0,0.0,2.013,0.0,0.0,2.013,0
2025,Q96A08:Q9BZZ2,-0.0446412537015048,0.2845238095238095,0.3194444444444444,0.4166666666666666,3.44,0.0,3.44,0.0,0.0,2.416,0.0,1.1757,9.771289728,0
2026,A6ND01:Q96HJ3,0.1324724991182821,0.1666666666666666,0.5,1.0,0.0,0.0,0.0,0.0,0.0,2.013,0.0,1.1757,2.3666841,0
2027,P24298:P51553,-0.3162009185339844,0.2571428571428571,0.1952380952380952,0.1857575757575757,0.23,0.0,0.23,0.0,3.1392,2.013,0.0,2.7714,4.0280032216512,0
2029,P13807:Q86TI2,0.473204012693385,0.1111111111111111,0.7333333333333334,0.7669552669552668,0.94,0.0,0.94,0.0,0.0,2.013,0.0,9.4687,17.916863514,0
2030,O43809:Q8TEQ8,0.5777468077804934,0.1,0.3333333333333333,0.1428571428571428,0.0,0.0,0.0,0.0,0.0,0.0,0.0,2.7714,2.7714,0
2031,O43586:Q5T2D3,-0.090613355551721,0.1366013071895425,0.675,0.3,0.15,0.0,0.15,0.5125,0.0,2.416,0.0,1.5818,0.293787714,0
2036,Q01780:Q9Y6Q6,-0.012957750857738,0.127894506926765,0.7777777777777779,0.7096938775510203,0.24,0.0,0.24,0.0,0.0,2.416,0.0,1.1757,0.681717888,0
2039,P09661:Q9H5V9,0.6858719647290693,0.109006734006734,0.5990196078431372,0.75,0.15,0.0,0.15,0.0,0.0,0.0,0.0,9.4687,1.420305,0
2040,P46782:Q6ZU35,-0.1920631673950496,0.1048400673400673,1.0,1.0,0.0,0.0,0.0,0.5125,0.0,0.993,0.0,0.8888,0.45232143,0
2041,P01861:Q15067,0.0617277693837067,0.1049081035923141,0.2363945578231292,0.1808823529411765,0.19,0.0,0.19,0.9127,0.0,2.013,0.0,0.0,0.349080369,0
2045,P78552:Q9H019,0.1583639608519737,0.1111111111111111,0.1777777777777777,1.0,2.49,0.0,2.49,0.0,0.0,2.416,0.0,2.1077,12.679585968,0
2046,P62244:P62266,0.89513768569615,0.7725,0.6914053426248548,0.6590909090909091,52.16,0.0,52.16,4.2492,7.4748,1.5978,24.11,38.174,2436304.84467521,1
2048,O95295:Q6QNY1,0.1349441635780038,0.2399377932991377,0.3848506069094304,0.967479674796748,0.0,0.0,0.0,0.0,5.0289,2.013,0.17,9.4687,16.2950633376003,1
2049,P35269:Q16348,0.0704145899038346,0.0901351426351426,0.2899659863945578,0.7502040816326531,0.19,3.51,3.51,0.0,0.0,2.416,0.0,0.7126,6.042962016,0
2050,Q9UK45:Q9Y4Y9,0.7228303903922748,0.7202380952380952,0.3973809523809525,0.956896551724138,292.74,0.0,292.74,0.9127,1850.0086,2.013,5.86,45.2798,264015702.22777,1
2053,O94855:Q8IVS8,0.0629179439946546,0.0972222222222222,0.575,0.9347943722943725,0.62,0.0,0.62,0.0,0.0,2.416,0.0,1.1757,1.761104544,0
2055,Q5VZV1:Q9HB89,-0.1196625960657259,0.198063973063973,0.3416666666666667,0.1607142857142857,0.0,0.0,0.0,0.0,0.0,2.416,0.0,1.5818,3.8216288,0
2056,Q8TDY3:Q9UQ84,0.2312356689099733,0.0,0.4688888888888889,0.6246413717001954,0.83,0.0,0.83,0.0,0.6153,1.1933,0.0,1.1757,0.71649170410419,0
2059,P01730:Q6ZMM2,-0.0564248463039643,0.2,0.25,0.7976190476190476,0.54,5.43,5.43,0.0,0.0,2.013,0.0,2.1077,23.038404543,0
2060,P33981:P42677,0.105215449951235,0.1439594356261022,0.4372380952380952,0.5811688311688312,0.17,0.0,0.17,3.124,0.6153,1.5978,0.0,1.5818,0.825887417628541,0
2061,O95210:Q5TFE4,0.0253040884336261,0.0,0.0,0.5777777777777778,0.41,0.0,0.41,0.0,0.0,0.0,0.0,1.1757,0.482037,0
2062,Q5QNW6:Q86VZ1,0.0850961881618866,0.0,0.3333333333333333,0.1458333333333333,0.0,0.0,0.0,0.0,0.0,2.013,0.0,0.4364,0.8784732,0
2069,O00483:Q9H633,-0.1371890719683822,0.1044823232323232,0.1619047619047619,0.5285714285714287,0.71,0.0,0.71,0.0,0.0,2.013,0.0,2.7714,3.960968022,0
2070,P0CG32:P51157,0.3864646671568337,0.0,0.1866666666666666,0.1519841269841269,0.15,0.0,0.15,0.0,0.0,1.1933,0.0,1.5818,0.283134291,0
2072,O60306:Q92917,0.7020010075778418,1.0,0.5428571428571429,0.9779411764705882,0.81,7.37,7.37,0.0,0.0,1.5978,0.0,3.9008,45.9349860288,0
2074,A5PLL1:Q71DI3,-0.1712789176231575,0.0,0.219642857142857,0.0,21.37,0.0,21.37,0.0,0.0,1.1933,0.0,1.1757,29.9813152497,0
2075,P45877:Q9NQ50,0.2314069115555708,0.2083333333333333,0.3549019607843137,0.90625,0.0,0.0,0.0,0.0,0.0,0.0,0.0,1.5818,1.5818,0
2080,P62829:Q9H6Y2,0.7118317870149055,0.1428571428571428,0.6,0.0,2.34,3.51,3.51,0.0,0.6153,1.1933,0.0,2.7714,7.14237888704886,0
2081,P50539:Q92546,0.3735515261902205,0.0817927170868347,0.4785714285714286,0.7460317460317459,0.15,0.0,0.15,0.0,0.0,2.013,0.0,1.1757,0.355002615,0
2082,P51668:Q8WUX1,-0.1430802141210685,0.072779304029304,0.3333333333333333,0.1243722943722943,0.15,0.0,0.15,0.0,0.0,1.1933,0.0,0.6915,0.1237750425,0
2083,A6BM72:Q5VYX0,-0.0295082404604229,0.1431277056277056,0.25,0.2954081632653061,0.54,0.0,0.54,0.0,0.0,2.013,0.0,1.1757,1.278009414,0
2084,P02671:Q9HD15,-0.065807356239903,0.1181818181818182,0.3374999999999999,0.3285714285714285,0.54,0.0,0.54,0.0,0.0,2.416,0.0,1.1757,1.533865248,0
2085,P61077:P68431,0.0724747457484159,0.1216530383197049,0.8444444444444446,0.9709302325581396,0.22,0.0,0.22,2.409,3.1392,1.1933,0.0,1.1757,2.3341277685535,0
2086,O14893:Q00005,-0.0822669871599496,0.1428571428571428,0.3419047619047619,0.9242424242424242,0.54,0.0,0.54,2.3254,0.0,0.0,0.0,1.1757,1.4763453012,0
2089,Q03188:Q6P1K2,0.7529151712407496,0.5017094017094017,0.5941176470588235,0.9583333333333336,0.24,0.0,0.24,0.0,9.2808,2.013,0.0,1.1757,5.2715332308672,1
2090,P01909:Q96JA3,0.256495266620524,0.1320861678004534,0.3513888888888889,0.4052083333333333,2.31,3.51,3.51,0.0,0.0,1.5978,0.0,1.1757,6.5936524446,0
2091,P39019:P46782,0.9496248153649468,0.6599999999999999,0.7040726817042606,0.5769230769230769,1.52,0.0,1.52,2.3254,3.1392,0.0,24.11,38.174,10212.3366128674,1
2093,Q86YS3:Q9NYB9,0.5503657395157291,0.1186008436008436,0.2922222222222222,0.9787558685446008,0.54,0.0,0.54,0.5125,0.0,2.416,0.0,1.5818,1.0576357704,0
2094,P62316:Q5T2R2,0.4114383371454707,0.155,0.2672222222222222,0.3587301587301587,0.0,3.84,3.84,0.0,0.6153,1.5978,0.0,2.7714,10.4626035405158,0
2095,P15880:P23396,0.9244689049944668,0.1954234424822659,0.5660110420979988,0.6262049941927991,52.16,0.0,52.16,4.2492,9.2808,1.5978,24.11,38.174,3024944.88179773,1
2096,P20338:Q9UJQ7,-0.0126863762813848,0.0,0.5,0.0,0.28,0.0,0.28,0.0,0.0,2.013,0.0,1.1757,0.662671548,0
2097,Q13158:Q9H8M2,0.562330122920456,0.3979166666666667,0.3142857142857143,0.6,0.83,0.0,0.83,0.0,0.0,2.416,0.0,2.1077,4.226528656,0
2098,P17980:P25786,0.6286625704562526,0.5397058823529411,0.7778745644599303,0.9970887918486172,21.37,0.0,21.37,2.409,30.1977,1.5978,24.11,45.2798,2711685.47951528,1
2099,Q13501:Q9UKR8,-0.1115359698146263,0.0,0.4166666666666666,1.0,0.3,0.0,0.3,0.0,0.0,2.013,0.0,2.7714,1.67364846,0
2100,P35222:Q5DX21,-0.1595626249775076,0.2803571428571428,0.5619047619047619,0.75,3.02,8.68272,8.68272,0.0,0.0,2.013,2.07,1.1757,42.5369586133166,0
2101,O60412:Q9Y577,0.0,0.1748484848484848,0.2291666666666666,0.8394746787603931,0.17,0.0,0.17,0.0,0.0,2.416,0.0,2.7714,1.138269408,0
2105,P06733:Q9GZU0,0.3611256402586685,0.2,0.0,0.5,0.41,0.0,0.41,0.0,0.0,2.416,0.0,9.4687,9.379315472,0
2106,P62979:Q9H4B0,0.6241814654352598,0.1111111111111111,0.5,0.4000000000000001,0.94,0.0,0.94,0.0,0.0,1.1933,0.0,5.6875,6.379680125,0
2108,O95147:Q9BZF3,0.3771352536530258,0.0888888888888888,0.0,0.5916666666666667,0.22,0.0,0.22,0.0,0.0,2.416,0.0,2.1077,1.120284704,0
2109,O15234:Q14151,0.752526810052037,0.1624999999999999,0.4851851851851851,0.7444444444444445,0.19,0.0,0.19,0.9127,0.0,2.416,0.0,3.9008,1.6343018238464,0
2110,Q06330:Q9H293,0.1339694728774073,0.2511574074074074,0.5,0.3333333333333333,2.09,0.0,2.09,0.0,0.0,1.5978,0.0,0.6915,2.309196483,0
2111,P01574:Q9C004,-0.1028042189873438,0.1497150997150997,0.35,0.9809523809523808,0.0,0.0,0.0,0.0,0.0,2.013,0.0,1.5818,3.1841634,0
2112,O15212:Q9BYZ8,-0.0383212143030075,0.1428571428571428,0.75,0.2333333333333333,0.68,0.0,0.68,0.0,0.0,1.5978,0.0,1.1757,1.2774027528,0
2113,P53621:P62269,0.5454681515326407,0.1357142857142857,0.6919501133786847,0.62,0.26,0.0,0.26,0.0,0.6153,1.1933,0.0,9.4687,1.80759137560638,0
2114,P30518:Q5JWF2,-0.0333350957442911,0.3218544137022397,0.719991789819376,0.3993943191311612,11.35,0.0,11.35,1.7951,0.0,2.013,69.61,9.4687,27032.7528580104,0
2116,O00757:Q16637,-0.2146414012901852,0.1031746031746031,0.498015873015873,0.9951923076923076,0.94,0.0,0.94,0.0,0.0,2.013,0.0,1.1757,2.224683054,0
2117,O95777:P62310,0.6434436362285628,0.8839285714285714,0.3500400393257536,0.9441649899396376,292.74,0.0,292.74,1.7951,30.1977,2.013,5.86,45.2798,8475990.71955781,1
2119,P01574:Q569K4,-0.0834198576002114,0.25,0.2,0.492063492063492,0.41,0.0,0.41,0.0,0.0,2.013,0.0,1.5818,1.305506994,0
2120,A8MT69:Q14188,0.3086326467367128,0.1153846153846153,0.8467836257309941,0.7591269841269841,0.73,0.0,0.73,0.0,0.0,1.1933,0.0,2.7714,2.4141914826,0
2121,Q13427:Q9BYJ9,0.8288821257361322,0.1233699633699633,0.5714285714285714,0.6897058823529412,0.0,0.0,0.0,0.0,0.0,2.416,0.0,2.7714,6.6957024,0
2122,Q8NHY3:Q9HB96,-0.0611672984578512,0.0833333333333333,0.4016666666666666,1.0,0.0,0.0,0.0,0.0,0.0,2.013,0.0,0.6915,1.3919895,0
2123,Q8TCY5:Q9UN79,0.0434420719726015,0.1025623366532457,0.5,0.6533635676492818,0.19,0.0,0.19,0.0,0.0,2.416,0.0,2.1077,0.967518608,0
2126,P43699:Q7Z7B0,-0.0069003843651065,0.125,0.2513888888888888,0.0,0.41,8.9,8.9,0.5125,0.0,2.416,0.0,2.1077,23.226811846,0
2127,P52298:P57679,0.4174219092648979,0.1046296296296296,0.3638888888888889,0.0,0.0,0.0,0.0,0.0,0.0,0.9878,0.0,1.1757,1.16135646,0
2128,O15079:P61024,-0.412171571996936,0.1609401709401709,0.4045138888888889,0.9760981912144704,0.41,0.0,0.41,0.9127,0.0,1.1933,0.0,0.6688,0.29864676332128,0
2129,O14936:P30153,0.5735914339839384,0.1627005347593583,0.7334183673469388,0.9836601307189542,25.34,11.7156,25.34,4.0064,0.6153,2.416,2.07,3.9008,1218.62137684573,0
2130,P40337:Q9NQ69,0.0512798108028205,0.3044039294039294,0.6,0.657638888888889,2.85,0.0,2.85,0.0,0.0,2.013,0.0,2.1077,12.091980285,0
2131,P27635:P62249,0.9506872708770688,0.5594877344877344,0.7003759398496241,0.5625,0.54,0.0,0.54,3.8142,15.4815,1.5978,24.11,38.174,46891.8703030638,1
2132,P10114:Q96H22,0.0954151051556723,0.1555555555555555,0.7482142857142857,1.0,1.55,3.51,3.51,0.5125,0.0,2.013,0.0,2.7714,10.035614578275,0
2133,Q8WWI5:Q99856,-0.0685744382521003,0.069047619047619,0.5900000000000001,0.1610863095238095,0.0,0.0,0.0,0.0,0.0,2.013,0.0,1.1757,2.3666841,0
2134,P08294:Q9BVG4,0.3561559934934937,0.0,0.0,1.0,0.23,0.0,0.23,0.0,0.0,1.5978,0.0,0.7126,0.2618762244,0
2135,P59541:Q96A65,0.4650230629207336,0.1188888888888888,0.482051282051282,0.1650641025641026,0.0,0.0,0.0,0.5125,0.0,0.9878,0.0,0.0,0.5062475,0
2136,Q96PG8:Q99732,0.452576707181627,0.1826118326118326,0.3712018140589569,0.9562610229276894,0.0,0.0,0.0,0.0,0.0,0.0,0.0,1.1757,1.1757,0
2137,Q14596:Q9BWJ5,0.4588232377393796,0.0926184926184926,0.4757142857142856,0.925,0.68,0.0,0.68,0.9127,0.0,1.1933,0.0,1.5818,1.17148889219384,0
2139,O14893:P62306,0.8146115365337208,0.7344885883347421,0.4880541871921182,0.9776119402985076,18.4,0.0,18.4,1.2535,0.0,1.1933,69.61,18.4426,35333.4124235232,1
2140,Q15935:Q9GZQ8,0.3769176433100293,0.064813842203548,0.2363756613756613,0.9673202614379084,1.52,0.0,1.52,0.0,0.6153,1.5978,0.0,1.1757,1.75690968966576,0
2141,Q6DKI7:Q71U36,0.3775774745974576,0.0829066766566766,0.2771571021571021,0.7982638888888888,0.15,0.0,0.15,0.0,0.0,0.993,0.0,0.8888,0.13238676,0
2142,P05161:Q8TF09,-0.0451549655914575,0.1428571428571428,0.3571428571428571,0.625,0.41,0.0,0.41,0.9127,0.6153,1.1933,0.0,1.1757,0.3230315796599,0
2143,P17987:P63261,0.7924406528776549,0.1541005291005291,0.5224747474747474,0.9053819444444444,1.52,0.0,1.52,0.0,3.1392,1.1933,0.0,18.4426,105.010895313055,1
2144,I6L899:Q13573,0.5475712116242762,0.0803613053613053,0.2265246861400707,0.0,1.52,0.0,1.52,4.0064,0.0,0.8011,0.0,0.4364,2.12896915238912,0
2145,O43615:Q5SY16,0.7274641142428385,0.069047619047619,0.3083333333333333,0.57,0.22,0.0,0.22,0.0,0.0,2.013,0.0,3.9008,1.727508288,0
2146,Q86TS9:Q9ULT6,0.0779709938761862,0.1449938949938949,0.3333333333333333,0.6428362573099415,0.24,0.0,0.24,0.0,0.0,2.013,0.0,0.8888,0.429397056,0
2147,O94906:P55769,0.7053884075427297,0.65,0.4259424603174603,0.5475000000000001,7.06,0.0,7.06,0.0,0.6153,1.5978,10.8,5.6875,426.34306016757,1
2148,Q9BYD2:Q9Y6K1,0.6157803452936883,0.101293860739562,0.2560846560846561,0.6940277777777778,1.02,0.0,1.02,1.0145,0.0,2.416,0.0,2.1077,5.269360949328,0
2151,Q92791:Q92917,0.4934837432221369,0.1111111111111111,0.4336734693877551,0.3294117647058822,0.0,0.0,0.0,0.0,0.0,2.416,0.0,2.1077,5.0922032,0
2152,P00740:P29084,-0.1388222481130276,0.125,0.4753086419753086,0.8,0.57,3.51,3.51,0.0,0.0,2.013,0.0,1.1757,8.307061191,0
2153,P05165:Q9P242,-0.1068944671534881,0.0833333333333333,0.0,1.0,0.24,0.0,0.24,0.0,0.0,2.416,0.0,1.5818,0.917190912,0
2154,P40227:Q6ZQY3,0.10408198524938,0.1666666666666666,0.8333333333333334,0.1722222222222222,0.0,0.0,0.0,0.0,0.6153,2.013,0.0,0.7126,0.88262557614,0
2155,P33151:Q71UI9,0.1082437592818894,0.175,0.1952380952380952,0.3333333333333333,0.54,0.0,0.54,0.0,0.0,1.1933,0.0,1.1757,0.7575999174,0
2157,O43567:P18085,0.1650090648416858,0.1513125763125763,0.7528985507246376,0.4529478458049886,0.41,0.0,0.41,0.9127,0.6153,2.013,0.0,3.9008,1.80799107033483,0
2158,O95813:Q9BZI7,0.4252689383955477,0.1174613265522356,0.4287037037037036,0.4595791805094131,0.41,0.0,0.41,0.0,0.0,2.416,0.0,0.7126,0.705873056,0
2160,P43657:Q9UBZ9,0.4512028873728765,0.0846153846153846,0.3333333333333333,0.4763392857142857,0.15,0.0,0.15,0.0,0.0,2.416,0.0,2.7714,1.00435536,0
2162,P08579:Q92917,0.6550854027637758,1.0,0.5428571428571429,0.9779411764705882,1.22,0.0,1.22,0.9127,0.0,2.013,0.0,5.6875,12.748323212625,0
2164,Q16778:Q8IXJ9,0.2050018912954938,0.0997714703597056,0.4999999999999999,0.7535087719298246,0.54,5.22,5.22,0.5125,0.0,2.416,0.0,0.8888,5.7446734752,0
2171,P63000:Q5FYA8,0.2460112629411929,0.0,0.6,0.1619047619047619,0.36,2.59,2.59,0.0,0.6153,1.5978,0.0,1.1757,2.99368164225942,0
2172,P62906:Q9Y639,0.2452388898998737,0.0969635523206951,0.4638888888888888,0.7638888888888888,0.54,0.0,0.54,0.0,0.0,1.1933,0.0,1.5818,1.0192834476,0
2174,O94788:Q13620,0.3597724903343287,0.1569464486131152,0.4709444444444444,0.1966666666666666,0.24,0.0,0.24,3.5815,0.6153,2.013,0.0,0.6915,0.736205523739686,0
2175,Q8NBV8:Q8WTS6,0.0541501277346054,0.1323297914207004,0.1999999999999999,0.7003584229390681,2.32,0.0,2.32,1.0145,0.0,2.416,0.0,1.5818,8.994738408832,0
2177,P60709:Q6ZMT9,0.1244782411209906,0.5,0.0,0.0,0.17,0.0,0.17,0.0,0.0,1.5978,0.0,0.8888,0.2414211888,0
2178,Q99832:Q9H211,0.5387360158788057,0.1565746753246753,0.3714285714285714,0.9166666666666666,0.41,0.0,0.41,0.0,0.0,1.5978,0.0,18.4426,12.0817103748,0
2179,P40337:P61964,0.5700332207221317,0.3878986209868562,0.7325396825396827,0.985111111111111,80.27,0.0,80.27,2.409,0.0,0.993,0.0,3.9008,749.019277730592,1
2180,Q9NTX5:Q9NVU0,0.4444523782454474,0.0588235294117647,0.4153846153846153,0.0,0.0,0.0,0.0,0.0,0.0,2.416,0.0,1.5818,3.8216288,0
2181,P06748:P17707,0.3374447297893784,0.1944444444444444,1.0,0.5301587301587302,0.17,0.0,0.17,0.0,0.0,0.0,0.0,5.6875,0.966875,0
2186,P08754:P61981,-0.0534663769087646,0.1648436748436748,0.485,0.9800032020493116,0.22,106.929,106.929,4.2492,5.2693,2.013,10.8,3.9008,203037.761960684,0
2188,Q1XH10:Q495A1,-0.2331670957420588,0.1241987179487179,0.0,0.2416666666666667,0.94,0.0,0.94,0.0,0.0,2.416,0.0,0.8888,2.018500352,0
2189,P30153:Q9Y223,0.0238688377704079,0.1358843537414966,1.0,0.8792429792429792,0.54,3.66,3.66,0.0,0.0,2.013,0.0,2.7714,20.418511212,0
2190,P62805:Q71UI9,0.4723498599301317,0.5833333333333334,0.6357142857142858,0.4166666666666666,282.86,0.0,282.86,1.0145,111.3431,1.5978,24.11,2.7714,3411188.64180002,1
2194,P62879:Q7Z553,-0.3193215222556099,0.1111111111111111,0.6666666666666666,0.0,3.44,0.0,3.44,0.0,0.0,2.013,0.0,0.7126,4.934555472,0
2196,P35542:Q00597,0.4824957755736019,0.1035786435786435,0.4249999999999999,1.0,0.23,0.0,0.23,1.2535,0.0,2.416,0.0,1.5818,1.101794691184,0
2197,Q16594:Q5VWG9,0.5681374696492807,0.3821180555555555,0.699761904761905,0.7964285714285714,60.92,0.0,60.92,1.7951,0.0,2.416,0.0,2.7714,732.225221642381,1
2198,Q8N187:Q9BRK4,0.7090591155453768,0.1091968637423182,0.3472222222222221,1.0,0.0,0.0,0.0,0.0,0.0,2.013,0.0,1.5818,3.1841634,0
2199,P61218:Q6P1M0,0.1787000146286049,0.0676872419519478,0.2708333333333333,0.1239057239057239,0.22,0.0,0.22,0.5125,0.0,1.5978,0.0,3.9008,0.70273672656,0
2200,P48552:Q8NHZ8,0.583162377205781,0.1118048618048618,0.698170731707317,1.0,0.0,0.0,0.0,0.0,0.0,2.416,0.0,1.5818,3.8216288,0
2203,P52435:Q6ZMV9,-0.0354179165476037,0.1,0.2888888888888889,0.4699074074074074,0.15,0.0,0.15,0.0,0.6153,1.1933,0.0,1.5818,0.1742125292523,0
2205,Q8N8I0:Q9H7S9,-0.300000627893337,0.157766439909297,0.4125,0.7833333333333333,0.24,0.0,0.24,0.0,0.0,2.013,0.0,1.1757,0.568004184,0
2206,P48380:Q15185,0.5760194894065723,0.1374515695944267,0.4585365853658537,0.8273273273273273,0.15,0.0,0.15,0.0,0.0,2.416,0.0,2.1077,0.76383048,0
2207,P62837:P62877,0.7066582529033985,0.3178459638534458,0.6313668992012942,0.6543730158730158,0.0,0.0,0.0,3.124,43.6808,1.1933,5.86,45.2798,43206.9256420469,1
2208,P11836:P17031,0.5442441272172426,0.0,0.0,0.8857142857142858,0.94,0.0,0.94,0.0,0.0,2.416,0.0,1.1757,2.670061728,0
2210,P20248:Q8NHZ8,0.5108454147020448,0.1893742621015348,0.698170731707317,1.0,0.0,0.0,0.0,0.5125,0.0,2.416,0.0,3.9008,4.82997056,0
2211,Q96DI7:Q9H2H8,0.901654582306323,0.3879142300194931,0.761904761904762,0.712962962962963,0.24,0.0,0.24,0.0,0.6153,2.013,0.0,18.4426,5.4823161775536,0
2213,P28340:Q6PDB4,0.5734588153043195,0.0714285714285714,1.0,0.4027777777777777,3.02,0.0,3.02,0.0,0.6153,0.993,0.0,0.8888,1.6400124783504,0
2214,O95190:P11926,0.1517677107207079,0.2806008806008806,0.8571428571428571,0.7008928571428571,117.65,0.0,117.65,0.5125,0.6153,2.416,181.01,1.1757,19075.1838674442,1
2215,P15880:P46782,0.9237941457953772,0.6599999999999999,0.7040726817042606,0.5769230769230769,0.54,0.0,0.54,2.0764,3.1392,1.5978,24.11,38.174,5176.20016300901,1
2219,P06748:Q5JQS5,-0.0698877379765829,0.5555555555555556,1.0,0.2,0.17,0.0,0.17,0.0,0.0,2.416,0.0,1.5818,0.649676896,0
2220,Q3ZLR7:Q96EV8,0.1684735251990138,0.0752802964281887,0.0859665334665334,0.2,0.17,5.45912,5.45912,0.0,0.0,2.416,0.0,0.0,13.18923392,0
2221,Q86V81:Q96FV9,0.5826924027619039,0.3937229437229437,0.5083333333333333,0.9482758620689656,0.22,7.40526,7.40526,0.0,0.0,2.013,181.01,9.4687,25549.1826702721,1
2224,Q93077:Q96N58,-0.1061967791343913,0.1666666666666666,1.0,0.834074074074074,1.52,0.0,1.52,0.0,0.0,1.1933,0.0,1.5818,2.8690941488,0
2226,P46781:Q9NUG6,0.1054150962806668,0.1428571428571428,0.425,1.0,0.68,0.0,0.68,0.0,0.0,1.1933,0.0,3.9008,3.1652807552,0
2228,P13945:P40227,0.0958020113713538,0.1774290524290524,0.2517006802721089,0.7876157407407408,0.0,0.0,0.0,0.0,0.6153,1.5978,0.0,0.6688,0.657514896192,0
2229,O75143:O75380,0.0306303925240411,0.1004629629629629,0.215007215007215,0.1944444444444444,0.41,0.0,0.41,0.0,0.0,2.013,0.0,1.5818,1.305506994,0
2230,O75496:Q9BQI3,0.142953921549161,0.1388744588744588,0.74,0.2749206349206349,0.0,6.257,6.257,0.5125,0.0,2.416,2.07,2.7714,44.4453686454852,0
2232,P04908:Q71DI3,0.5575140366624973,0.5555555555555555,0.2283333333333333,0.9166666666666666,292.74,0.0,292.74,2.3254,5.5574,1.1933,24.11,9.4687,1030596.35289674,1
2237,Q13503:Q96B36,0.6693787527735332,0.0929663770572861,0.4880952380952381,0.8167293233082706,0.41,0.0,0.41,1.7951,0.0,0.0,0.0,1.1757,0.8653046187,0
2238,P22314:P28066,0.5460252713408905,1.0,0.7919965576592082,1.0,0.24,0.0,0.24,0.0,0.6153,1.5978,0.0,18.4426,4.35153740114016,0
2239,P54105:Q6UUV9,-0.0012918916528357,0.1032738095238095,0.5266666666666666,0.7291666666666666,0.19,5.43,5.43,0.5125,0.0,2.416,0.0,1.1757,7.9047319482,0
2240,P08253:Q8IVV8,-0.3897598204130352,0.125,1.0,1.0,0.54,0.0,0.54,0.0,0.0,2.416,0.0,2.1077,2.749789728,0
2245,P50750:Q15040,0.7085827120177697,0.2666666666666666,0.8333333333333334,0.946969696969697,0.0,4.96,4.96,0.0,0.0,2.416,0.0,5.6875,68.15536,0
2246,Q96D71:Q9H3M7,-0.0199785310890623,0.1164302802460697,0.8333333333333334,0.8358974358974359,0.41,5.43,5.43,0.0,0.0,2.416,0.0,1.5818,20.751444384,0
2248,Q9UBY9:Q9UJY1,0.4972030339061512,0.6923076923076922,0.53,0.9623015873015872,1.52,3.84,3.84,0.9127,0.0,2.416,24.11,9.4687,1933.05304681998,1
2251,P14678:P52298,0.7222038062718805,0.2894682293970219,0.8261261261261261,0.8148936170212768,0.94,0.0,0.94,0.5125,3.1392,2.013,69.61,18.4426,3908.21335681855,1
2253,P17181:Q9BY50,-0.0037940630158376,0.0833333333333333,0.2,0.9428571428571428,0.22,0.0,0.22,0.0,0.0,1.1933,0.0,2.7714,0.7275645564,0
2254,P61024:P63208,0.0543863428110984,0.1099567099567099,0.5364583333333333,0.9854413702239788,0.68,0.0,0.68,2.409,0.6153,1.5978,2.07,9.4687,31.565723423678,1
2255,Q8NBD8:Q92585,0.1772043980257035,0.0888964884062923,0.4601010101010101,0.85,0.23,0.0,0.23,0.0,0.0,2.416,0.0,1.5818,0.878974624,0
2256,Q6UW56:Q6UWE0,0.4034191646526958,0.1231060606060606,0.5,0.8624444444444443,0.83,0.0,0.83,0.0,0.0,2.013,0.0,1.5818,2.642855622,0
2257,P62263:P84098,0.9699866149732732,1.0,0.6576719576719576,0.5384615384615384,0.41,3.52956,3.52956,2.409,15.4815,1.5978,24.11,38.174,193578.75949922,1
2259,Q16637:Q5U5Q3,0.5195415998851163,0.1263227513227513,0.6,0.5623456790123457,2.32,18.6302,18.6302,1.2535,0.0,2.416,0.0,0.4364,24.6220113598317,0
2260,P47870:Q5SNT2,0.2350386374025788,0.1393650793650793,0.2629629629629629,0.163059163059163,4.13,5.22,5.22,0.0,0.0,2.416,0.0,2.1077,26.581300704,0
2261,Q14168:Q8WVC0,0.0517664067060448,0.0884965728715728,0.4307692307692307,0.9603174603174603,0.23,3.84,3.84,0.0,0.0,2.416,0.0,0.6688,6.204751872,0
2262,Q8N0X7:Q9NT22,0.4622301596096277,0.0,0.45,0.781818181818182,2.49,3.84,3.84,0.0,0.0,2.416,0.0,1.5818,14.675054592,0
2263,Q04743:Q30154,-0.0287729887110052,0.1381818181818181,0.2342522974101921,0.5833333333333334,0.24,3.84,3.84,0.0,0.0,0.9878,0.0,0.8888,3.3713534976,0
2264,Q86T90:Q9UNE7,0.5299188767957886,0.0,0.0,0.8448388203017833,0.61,4.96,4.96,1.7951,0.0,1.5978,0.0,1.1757,16.7258908536682,0
2266,Q00987:Q16665,0.6695742055802562,0.1982707752174965,0.5529411764705883,0.8152679275019701,0.45,5.24327,5.24327,2.0764,9.7902,2.416,69.61,5.6875,101951.772246953,1
2267,O15145:Q13950,0.5420259792900007,0.1436745073108709,0.505,0.670580808080808,0.0,0.0,0.0,1.0145,0.0,1.1933,0.0,1.5818,1.91493158813,0
2268,P19397:Q9UH17,0.5720545365954157,0.0976430976430976,0.3428571428571428,0.4910714285714285,0.24,0.0,0.24,0.0,0.0,1.5978,0.0,1.1757,0.4508480304,0
2270,P01574:Q7L9L4,0.0992191725756519,0.28125,0.4508771929824561,0.838938492063492,0.22,0.0,0.22,0.0,0.0,0.0,0.0,1.1757,0.258654,0
2271,P18507:P47870,0.9293832021220358,0.325595238095238,0.4153174603174603,0.4783549783549783,869.75,0.0,869.75,0.0,0.6153,2.416,105.17,9.4687,1287539.35696395,1
2272,Q8IZP0:Q9Y4Z0,0.3229466370782116,0.1169871794871794,0.3973389355742296,0.8988095238095238,11.35,20.2096,20.2096,0.5125,0.0,0.993,0.31,2.1077,6.72003175646922,0
2273,Q5GJ75:Q5VTH2,0.0754178313191941,0.1703703703703703,0.2574404761904761,0.0,0.0,0.0,0.0,0.0,0.0,0.0,0.0,1.1757,1.1757,0
2274,O95251:Q5VXU1,-0.1153293041319754,0.1428571428571428,0.3333333333333333,0.0,0.26,0.0,0.26,0.0,0.0,0.0,0.0,1.1757,0.305682,0
2276,P83105:Q5VST6,0.14527280573262,0.1389848246991104,0.2678571428571428,0.2,0.44,6.56,6.56,0.0,0.0,2.013,0.0,0.7962,10.514043936,0
2277,O43809:Q15545,0.6862897572477306,0.1469363153186682,0.5917768959435628,0.4938095238095237,0.17,0.0,0.17,0.5125,0.0,2.013,0.0,9.4687,1.6606454613375,0
2278,Q9NZ63:Q9Y314,0.3878005741486623,0.1179894179894179,0.5142857142857143,0.6157407407407408,0.54,0.0,0.54,0.0,0.0,2.416,0.0,5.6875,7.42014,0
2279,Q8N720:Q9HB96,0.555912943941076,0.0588235294117647,0.4016666666666666,1.0,0.0,0.0,0.0,0.0,0.0,0.0,0.0,0.8888,0.8888,0
2280,O15165:Q5QNW6,-0.0505514191053074,0.0,0.3666666666666667,0.3333333333333333,0.68,0.0,0.68,0.9127,0.0,2.416,0.0,1.5818,2.3718404119168,0
2281,A6ND01:Q8N6D5,0.1112665689554245,0.0,0.0,1.0,0.0,0.0,0.0,0.0,0.0,2.013,0.0,0.6915,1.3919895,0
2282,P0CAP1:P15923,-0.1456531913428786,0.1164224664224664,0.350574712643678,0.6514770723104056,0.68,0.0,0.68,3.124,0.0,2.416,0.0,1.1757,6.034112265984,0
2283,P06396:P13929,-0.0617598416629479,0.1017316017316017,0.6138888888888888,0.4325396825396825,0.41,0.0,0.41,0.0,0.0,2.416,0.0,2.7714,2.745237984,0
2284,P49703:Q9Y2W6,0.170603089426174,0.1259637188208617,0.2299999999999999,0.8928571428571429,0.83,0.0,0.83,0.0,0.0,2.416,0.0,1.1757,2.357607696,0
2285,O60880:Q16820,0.2361126884479002,0.3055555555555556,0.3444444444444444,0.7551020408163265,0.73,3.51,3.51,0.5125,0.0,2.416,0.0,1.1757,5.1096886074,0
2291,P62256:Q96B33,-0.2556554525258202,0.0957792207792207,0.2222222222222222,0.7777777777777777,1.02,0.0,1.02,0.0,0.0,0.993,0.0,1.5818,1.602141948,0
2293,P19388:P30876,0.7028014589568025,0.5416666666666666,0.9637820512820512,0.5423407002354371,0.83,0.0,0.83,0.0,400.8352,2.013,69.61,5.6875,265143.364869763,1
2294,P23946:P43364,-0.0334669439603743,0.0769230769230769,0.6,0.4976415094339622,0.0,7.37,7.37,0.0,0.0,2.013,0.0,1.5818,23.467284258,0
2296,P53567:Q6P1R4,0.4859869822313221,0.2,0.6,0.5067460317460318,0.0,0.0,0.0,0.0,0.0,2.416,0.0,2.1077,5.0922032,0
2297,P62241:Q9H1V8,-0.3607994203397797,0.1215007215007214,0.4320987654320987,0.5714285714285714,0.0,0.0,0.0,0.0,0.0,2.013,0.0,1.1757,2.3666841,0
2298,Q8NB91:Q9GZV3,-0.1263386563678258,0.0819800569800569,0.2751587301587302,0.1520833333333333,0.0,0.0,0.0,0.0,0.0,2.013,0.0,1.5818,3.1841634,0
2299,Q13501:Q9H492,-0.0202528005904048,0.2405502392344497,0.4902263374485596,0.9293333333333332,11.35,2.60197,11.35,3.7695,30.1977,2.013,105.17,3.9008,1066946.90563808,1
2301,Q15369:Q9NRD8,-0.0757086671826374,0.0974047116904259,0.3855555555555555,0.4157509157509158,0.22,3.52956,3.52956,0.0,0.6153,2.013,2.07,0.7962,7.20516246100552,0
2302,Q96DZ9:Q9P2R7,0.0366572836362039,0.125974025974026,0.1887445887445887,0.8078703703703705,0.19,0.0,0.19,0.5125,0.0,0.993,0.0,1.1757,0.1136824009875,1
2305,O43566:Q9H974,-0.0863638172964374,0.1,0.29375,0.4238095238095238,0.0,3.51,3.51,1.7951,0.0,2.416,0.0,1.5818,24.0793225646688,0
2306,P83110:Q5BJE1,0.2035130131456802,0.0,0.3333333333333333,0.0,0.24,8.9,8.9,0.0,0.0,1.5978,0.0,1.5818,22.493860356,0
2307,P63279:Q13569,0.7221482761729797,0.2677442877977637,0.780392156862745,0.481084656084656,0.0,7.35495,7.35495,0.5125,3.1392,1.5978,2.07,9.4687,370.574643308356,1
2308,P05783:Q15782,0.0054643432047873,0.1625,0.5,0.2904761904761904,0.24,0.0,0.24,0.0,0.0,2.416,0.0,0.8888,0.515361792,0
2309,Q08AE8:Q5FWF6,0.214838978477316,0.125,0.7333333333333334,0.3777777777777777,1.05,0.0,1.05,0.0,0.6153,1.5978,0.0,1.1757,1.2136547198349,0
2310,P20702:P35226,-0.1334540737647896,0.1640500446056001,0.3579545454545454,0.9612768184196756,0.68,0.0,0.68,0.0,0.0,2.416,0.0,0.8888,1.460191744,0
2311,P16333:Q00403,0.7386960050448639,0.161595547309833,0.3890873015873015,0.7200486096712511,2.32,20.6694,20.6694,1.0145,0.0,2.013,5.86,45.2798,11200.2008835157,0
2312,P40337:Q15370,0.262346347206858,0.2277777777777777,0.6172839506172839,0.9431818181818182,77.86,0.0,77.86,2.409,7.4748,2.013,2.07,1.5818,9240.9467537986,1
2314,P40937:P40938,0.8711219731549993,0.4887939221272555,0.9333333333333336,0.6518440709617179,68.32,0.0,68.32,0.9127,43.6808,2.013,105.17,38.174,22012522.3497197,1
2315,Q16665:Q9Y570,0.2288086842057197,0.1666666666666666,1.0,0.4180402930402929,0.22,0.0,0.22,0.0,0.0,2.013,0.0,2.1077,0.933416022,0
2316,P25398:P46783,0.950637802728354,1.0,0.7668027210884354,0.7,52.16,0.0,52.16,0.0,0.0,2.013,24.11,38.174,96637.6225797312,1
2318,P09001:Q9NWU5,0.8351982333774833,1.0,0.5527597402597403,0.5833333333333334,52.16,0.0,52.16,0.0,0.6153,2.416,5.86,45.2798,20574.2277817193,1
2320,O75631:P62081,0.0227914116674227,0.1293436379076517,0.2850714285714285,0.6504329004329005,0.22,0.0,0.22,3.5815,0.0,1.1933,0.0,0.7962,0.7486165950978,0
2321,Q53EL6:Q9Y262,0.2888072722821903,0.1796296296296296,0.5833333333333333,0.8333333333333334,0.64,0.0,0.64,0.0,0.0,2.013,0.0,9.4687,12.198715584,0
2324,P28324:P30405,0.0022263233425898,0.1360744328135632,0.3067901234567901,0.8166666666666668,0.41,0.0,0.41,0.0,0.0,2.013,0.0,2.1077,1.739548041,0
2325,P01574:P30519,0.0004832412202224,0.1597222222222222,0.3119047619047618,0.9356026785714284,0.22,0.0,0.22,0.0,0.0,0.0,0.0,1.1757,0.258654,0
2326,O95295:Q9NV70,0.6618829542347292,0.1953571428571428,0.4666666666666666,0.9693877551020408,0.41,0.0,0.41,1.2535,0.0,2.013,0.0,5.6875,5.8840096940625,1
2327,P08754:P48668,0.3361957469331129,0.1865079365079365,0.4431216931216931,0.975,0.41,3.66,3.66,0.0,0.0,1.5978,0.0,1.1757,6.8754324636,0
2329,Q9HC62:Q9NPF7,0.5533540473985719,0.1124777150287354,0.39,0.8518518518518517,0.0,0.0,0.0,0.0,0.0,2.416,0.0,1.1757,2.8404912,0
2331,Q8NAV1:Q9H6K4,0.4900627964465808,0.0666666666666666,0.5,0.0,0.15,0.0,0.15,0.0,0.0,0.0,0.0,2.1077,0.316155,0
2332,P10589:P23919,0.1401722625045114,0.1745837495837495,0.4714285714285715,0.1166666666666666,0.0,0.0,0.0,0.0,0.0,1.1933,0.0,0.6915,0.82516695,0
2333,Q96MD2:Q9NR28,0.4332592594988086,0.0993596681096681,0.3078869047619047,0.0,0.41,0.0,0.41,0.0,0.0,2.416,0.0,3.9008,3.863976448,0
2334,P46782:Q96LQ0,-0.111221220196436,0.0,0.0,0.3214285714285714,0.0,0.0,0.0,0.0,0.0,1.1933,0.0,1.1757,1.40296281,0
2335,P61978:Q9BPV8,0.0691389463979288,0.5,0.8400000000000001,0.5625,0.0,2.59,2.59,0.0,0.0,2.416,0.0,1.5818,9.898018592,0
2336,P10809:P54826,0.0500401676485096,0.2535353535353535,0.9166666666666666,0.6,0.0,0.0,0.0,0.0,0.0,0.993,0.0,2.1077,2.0929461,0
2337,P29373:Q5T5C0,0.2046310707708644,0.1600907029478458,0.5170274170274171,0.3273809523809524,0.97,0.0,0.97,0.0,0.0,2.416,0.0,0.7962,1.865910624,0
2338,Q86TS9:Q9NSY2,0.2141393298714698,0.0833333333333333,0.5,0.1714285714285714,0.0,0.0,0.0,0.0,0.0,2.013,0.0,1.5818,3.1841634,0
2339,P19634:Q8WUW1,0.4189409999874909,0.1989177489177489,0.3743589743589744,0.9837962962962964,0.0,0.0,0.0,0.0,0.0,1.5978,0.0,1.5818,2.52740004,0
2340,A0A5B9:P01889,0.691948545599628,0.3973778746506019,0.4082619047619047,0.0,0.97,3.51,3.51,1.7951,0.0,0.9878,0.0,0.0,6.2239312278,1
2341,Q96SW2:Q9BU19,0.6162108942808489,0.112037037037037,0.35,0.3064814814814814,292.74,0.0,292.74,0.0,0.0,2.416,0.0,1.1757,831.525393888,1
2342,Q13702:Q9Y253,-0.0894469877807902,0.0889535464535464,0.5280701754385965,0.5775,0.64,0.0,0.64,0.0,0.6153,2.013,0.0,1.1757,0.9319812651072,0
2344,Q96BR9:Q9BUE0,-0.0148847783920024,0.3216374269005848,0.2547619047619048,0.9555555555555556,0.45,0.0,0.45,0.0,0.0,2.013,0.0,1.1757,1.065007845,0
2346,P62993:Q9H115,0.1379266807839614,0.1493055555555555,0.4083333333333334,0.9690476190476192,0.22,14.0845,14.0845,0.0,0.0,2.416,2.07,2.7714,195.212634337296,0
2347,Q99814:Q9UJX4,0.2635001725977405,0.1396901709401709,0.6767441860465117,0.3333333333333333,1.22,0.0,1.22,0.0,0.0,2.416,0.0,2.1077,6.212487904,0
2350,Q03111:Q9HC52,0.1936840403450662,0.2091386554621848,0.6726851851851853,0.9774891774891776,0.63,5.45912,5.45912,0.9127,5.2693,2.013,0.4,3.9008,82.4633676826173,1
2351,P02647:Q13470,-0.113146827927743,0.3148148148148148,0.7777777777777777,0.7203216374269005,0.54,3.52956,3.52956,0.0,0.0,2.416,2.07,2.1077,37.2046000240454,0
2354,P02679:P05106,-0.1143198658073195,0.1894818261906869,0.6109034267912772,0.8414736164736164,0.28,20.1497,20.1497,0.9127,0.6153,2.416,10.8,1.1757,347.136878375275,1
2355,P25490:Q16543,0.8321781272810961,0.1543154761904762,0.4869369369369369,0.9915254237288136,0.19,0.0,0.19,2.3254,0.0,2.013,0.0,5.6875,5.058438259875,0
2356,P17098:Q96A35,0.223223776521208,0.0801282051282051,0.2036713286713286,0.3333333333333333,0.54,0.0,0.54,0.0,0.0,1.5978,0.0,1.1757,1.0144080684,0
2358,P26447:Q9UPY8,-0.3280312870970465,0.0961315373080079,0.4119047619047619,0.9745934959349594,0.22,0.0,0.22,0.0,0.0,2.416,0.0,1.1757,0.624908064,0
2359,P05120:Q6QNY1,0.2541060110759267,0.0982145500002642,0.2450980392156863,0.1233370288248337,0.0,0.0,0.0,0.0,0.0,2.013,0.0,2.1077,4.2428001,0
2362,P61218:Q8N4S7,0.4173207867462234,0.0626780626780626,0.2,0.2,0.0,0.0,0.0,0.0,0.0,1.5978,0.0,3.9008,6.23269824,0
2363,P25205:P33991,0.7766198580636257,0.2842637639851262,0.6706666666666666,0.5815055315055315,60.92,0.0,60.92,1.7092,158.1204,2.416,105.17,38.174,159697146.504489,1
2366,P09936:Q86UX2,-0.2049074581303312,0.1666666666666666,0.3333333333333333,0.125,0.62,0.0,0.62,0.0,0.0,2.013,0.0,1.1757,1.467344142,0
2367,Q13148:Q16236,0.633635070059839,0.1645239412188564,0.4471631205673757,0.8845513122740846,3.82,0.0,3.82,1.7092,0.0,2.013,0.0,2.7714,36.4249726690608,0
2368,Q14CX5:Q9UL59,0.0220930238918354,0.0,0.1666666666666666,0.2142857142857142,0.0,0.0,0.0,0.0,0.0,1.5978,0.0,0.8888,1.42012464,0
2369,P62877:Q86VP6,0.7437937209541388,0.4453146853146853,0.4164965986394557,0.980952380952381,0.54,0.0,0.54,4.0064,0.0,1.1933,5.86,18.4426,279.008523368371,1
2371,P04553:P20309,-0.0517578786612375,0.1001362394219537,0.2988888888888888,0.475,0.0,0.0,0.0,0.0,0.0,0.3129,0.0,2.7714,0.86717106,0
2373,Q9BUI4:Q9H1D9,0.5810319164605829,0.2913846093993152,0.6000000000000001,0.9078189300411522,3.45,0.0,3.45,0.5125,3.1392,2.013,181.01,45.2798,91576.2369810867,1
2374,O94941:Q9Y2F9,0.3261780403220583,0.0724358974358974,0.4666666666666666,1.0,0.26,0.0,0.26,0.0,0.0,2.013,0.0,1.1757,0.615337866,0
2378,Q16552:Q7Z3H0,-0.024147921185535,0.25,0.35,1.0,0.15,0.0,0.15,0.0,0.0,2.416,0.0,3.9008,1.41364992,0
2379,P05090:Q4VNC0,0.0121713425876086,0.1925925925925926,0.238095238095238,0.1516865079365079,0.83,3.66,3.66,0.0,0.0,2.416,0.0,2.7714,24.506270784,0
2380,Q9HBE4:Q9NX20,0.2563123101804638,0.1428571428571428,0.1769230769230769,0.225,0.15,0.0,0.15,0.0,0.0,2.416,0.0,0.7962,0.28854288,0
2381,Q06732:Q99719,-0.1728329156529759,0.079045954045954,0.169047619047619,0.9218409586056646,0.63,0.0,0.63,0.0,0.6153,2.013,0.0,0.5954,0.4646009245878,0
2384,Q14562:Q9Y314,0.4830987502795247,0.1053030303030303,0.5142857142857143,0.6157407407407408,0.94,0.0,0.94,0.0,0.0,2.013,0.0,3.9008,7.381171776,0
2386,P06681:P26447,-0.0766959967082064,0.1149891774891774,0.536904761904762,0.8854166666666667,0.29,3.52956,3.52956,0.0,0.0,2.416,0.4,2.1077,7.1892946906368,0
2388,Q15833:Q15906,-0.1696786018790522,0.0945909645909645,0.2804713804713805,0.8708333333333332,0.0,0.0,0.0,0.0,0.6153,2.416,0.0,2.7714,4.11986568672,0
2389,Q9BXX0:Q9Y6Y9,0.640403006366559,0.1367003367003366,0.272051282051282,0.7625,0.22,0.0,0.22,0.0,0.0,2.013,0.0,2.7714,1.227342204,0
2390,P55884:Q9UJV3,0.5898916657589829,0.1010561198061198,0.2933333333333333,0.9852627257799672,18.4,0.0,18.4,0.0,0.0,2.013,0.0,1.1757,43.54698744,0
2392,P06400:Q96GJ1,0.5148383375435436,0.1714285714285714,0.375,0.325,0.41,0.0,0.41,0.0,0.0,2.013,0.0,2.7714,2.287319562,0
2393,O43719:Q86XP3,0.3735383036455433,0.4888888888888888,0.6534632034632035,0.4373015873015872,1.52,7.40526,7.40526,0.9127,0.6153,2.013,0.31,45.2798,117.507407705406,0
2394,Q8IW93:Q9UGQ3,-0.246035131491781,0.0926355390641105,0.369047619047619,0.2465277777777777,0.15,8.9,8.9,0.0,0.0,2.013,0.0,2.1077,37.76092089,0
2395,P28340:P84022,0.4186633567233903,0.0945701158744636,0.6818333333333335,0.7774863591269842,0.17,0.0,0.17,0.0,0.0,1.5978,0.0,0.7126,0.1935606876,0
2399,Q92585:Q96CP2,0.660867359239411,0.0,0.0,0.25,0.24,0.0,0.24,0.0,0.0,2.013,0.0,1.5818,0.764199216,0
2400,Q7RTU4:Q86YS6,-0.2618041643181126,0.1751700680272108,0.2335034013605442,0.494047619047619,0.0,0.0,0.0,0.0,0.0,2.013,0.0,2.1077,4.2428001,0
2401,P25786:P49721,0.8917908775623905,0.6944444444444443,0.8010849909584088,1.0,80.27,0.0,80.27,3.124,95.437,0.0,24.11,38.174,22026522.9948355,1
2402,Q7L523:Q9P278,0.4626995778919734,0.2323042037327751,0.6309523809523809,0.9272727272727272,7.06,3.66,7.06,0.0,0.0,1.5978,0.0,1.5818,17.8434442824,1
2405,Q15906:Q8WUD4,0.6670592220893541,0.0,0.761904761904762,1.0,0.54,0.0,0.54,0.5125,0.0,2.416,0.0,9.4687,6.3310379436,0
2406,Q5XKP0:Q96RI1,-0.267511485701011,0.0739355492823861,0.6348484848484849,0.4926943426943427,0.19,0.0,0.19,0.0,0.0,2.013,0.0,1.1757,0.449669979,0
2407,P62306:P62316,0.8886677203289702,0.6212585034013605,0.4364087301587301,0.9821428571428572,292.74,0.0,292.74,3.124,400.8352,0.0,69.61,38.174,974088126.130361,1
2408,P17181:Q5VTL8,0.4181038235538024,0.0884615384615384,0.1428571428571428,0.25,0.0,0.0,0.0,0.0,0.0,2.416,0.0,9.4687,22.8763792,0
2409,P62081:P62277,0.9639375966852238,0.6994047619047619,0.6767857142857142,0.6355555555555554,80.27,3.52956,80.27,0.0,30.1977,1.1933,24.11,38.174,2662205.9481145,1
2411,Q9HCH0:Q9Y6M9,-0.0655703618187855,0.0917184667184667,0.183673469387755,0.890625,0.54,0.0,0.54,0.0,0.0,2.013,0.0,0.7962,0.865485324,0
2413,P98172:Q8NHW5,0.3857374311411431,0.1833333333333333,0.1428571428571428,0.2083333333333333,0.19,0.0,0.19,2.0764,0.0,2.013,0.0,0.0,0.794160708,0
2414,Q969H6:Q9Y6L7,-0.2857485050096874,0.0948412698412698,0.5,0.1488095238095238,3.17,0.0,3.17,0.0,0.0,2.013,0.0,1.1757,7.502388597,0
2415,P50552:Q8IV45,-0.0890932155536452,0.0878787878787878,0.6666666666666666,0.7958333333333334,0.19,0.0,0.19,0.0,0.0,2.416,0.0,1.1757,0.539693328,0
2416,P54577:Q5VVY1,-0.1365217179513941,0.1,0.6,0.125,0.64,0.0,0.64,0.0,0.0,2.013,0.0,5.6875,7.32732,0
2417,Q03188:Q99954,0.1968089007770248,0.1111111111111111,0.5,0.8285714285714286,0.0,0.0,0.0,0.0,0.0,1.1933,0.0,0.5954,0.71049082,0
2418,O95396:P11686,-0.055901734269891,0.1428571428571428,0.2882440476190476,1.0,0.41,3.66,3.66,0.0,0.0,1.5978,0.0,1.5818,9.2502841464,0
2419,Q13291:Q86YR5,-0.1497491685360223,0.1578703703703703,0.3809523809523809,0.9183673469387754,0.19,3.84,3.84,0.0,0.0,2.013,0.0,1.1757,9.088066944,0
2420,Q8N1S5:Q96PE7,0.381553852436431,0.0640522875816993,0.3125,0.1047979797979797,0.0,0.0,0.0,0.0,0.0,1.5978,0.0,2.7714,4.42814292,0
2421,P17081:P23946,0.2952211728356473,0.141017316017316,0.2575963718820862,0.1994047619047619,0.22,0.0,0.22,0.0,0.6153,1.1933,0.0,1.5818,0.25551170957004,0
2422,Q96C86:Q9H3R5,0.5491456741185947,0.0907814407814407,0.6516666666666666,0.9666666666666668,0.54,0.0,0.54,0.0,0.0,1.1933,0.0,5.6875,3.664922625,0
2423,P09525:P63220,0.1930328943780618,0.1212797619047618,0.4197278911564626,0.7272727272727273,0.28,0.0,0.28,0.0,0.0,1.1933,0.0,1.5818,0.5285173432,0
2424,P01903:P35212,0.0983957067575744,0.1660430839002267,0.4365079365079365,0.875,0.31,2.59,2.59,0.0,0.0,2.416,0.0,1.1757,7.356872208,0
2426,O95168:Q8N6I1,0.3801542749310517,0.110982991681521,0.8,0.1116666666666666,0.54,0.0,0.54,0.0,0.0,1.5978,0.0,2.7714,2.3911971768,0
2427,P0CG48:Q9H173,0.193282131486968,0.101037851037851,0.365,0.8545454545454544,0.0,3.51,3.51,0.0,0.0,1.1933,0.0,0.0,4.188483,0
2430,P43686:Q14549,0.1920029135310041,0.1254447933019361,0.6,0.175,0.54,0.0,0.54,0.0,0.0,1.1933,0.0,0.7962,0.5130569484,0
2432,Q99816:Q9UK41,0.7741234635734978,0.2312350757687445,0.4349927849927849,0.9830508474576272,3.44,0.0,3.44,0.9127,445.3724,2.013,5.86,9.4687,156185.798017643,1
2433,P62906:P83881,0.9434729584761858,1.0,0.7161490683229814,0.6666666666666667,0.41,0.0,0.41,0.0,15.4815,1.5978,24.11,38.174,9334.35234428858,1
2434,P21580:Q9BQ13,-0.1444853505264172,0.1666666666666666,0.0,1.0,0.15,0.0,0.15,0.0,0.0,2.416,0.0,1.1757,0.42607368,0
2436,P50991:Q8N7M2,0.6582987185891558,0.1111111111111111,0.2,0.1722222222222222,0.81,0.0,0.81,0.0,0.0,0.0,0.0,2.7714,2.244834,0
2438,Q96A72:Q9Y5S9,0.6819699394395708,0.329978354978355,0.4912483912483913,0.9415094339622644,421.93,0.0,421.93,0.9127,158.1204,0.0,24.11,18.4426,27075452.1441367,1
2441,P40616:Q9UKJ0,0.3401732035697775,0.0954545454545454,0.3333333333333333,0.6666666666666666,3.02,0.0,3.02,0.5125,0.0,0.993,0.0,1.1757,1.806951847275,0
2442,Q8NEP7:Q96LB2,0.8542608010744275,0.0,0.0,0.1833333333333333,0.54,0.0,0.54,0.0,0.0,2.416,0.0,1.1757,1.533865248,0
2443,P22415:Q96F46,0.4930007643025073,0.1077223945644998,0.3571428571428571,0.7551020408163264,0.54,0.0,0.54,0.5125,0.0,2.416,0.0,2.7714,1.8530356392,0
2446,Q9NX70:Q9Y3C7,0.3754833463164708,0.291530910609858,0.3888888888888889,0.7851851851851851,0.94,0.0,0.94,1.2535,0.0,1.5978,0.4,5.6875,4.28307825855,1
2447,P83369:Q8TEA7,0.5318304690143492,0.1228354978354978,0.3229166666666667,0.4821428571428571,0.17,7.37,7.37,0.5125,0.0,2.013,0.0,1.5818,12.026983182225,0
2449,O60262:O94762,-0.1899079802750971,0.1155986374736374,0.2857142857142857,0.2699855699855699,0.0,0.0,0.0,0.0,0.0,2.013,0.0,2.7714,5.5788282,0
2450,Q7Z6K4:Q8N302,-0.0251159817082615,0.2586700336700336,0.0,0.9649122807017544,0.17,0.0,0.17,0.0,0.0,2.013,0.0,1.1757,0.402336297,0
2452,Q06455:Q9H9T3,0.570939784601825,0.1254449254449254,0.4000000000000001,0.5464285714285715,0.17,0.0,0.17,0.5125,0.0,0.993,0.0,1.5818,0.136849624725,0
2458,A8MUV8:Q9Y3B2,0.3374813606276966,0.0675339366515837,0.2131907308377897,0.1971916971916971,0.68,0.0,0.68,0.0,0.0,1.5978,0.0,0.4364,0.4741503456,0
2459,P83876:Q96BZ4,0.2992721636929201,0.1648358585858585,0.3671428571428571,0.101010101010101,0.41,0.0,0.41,0.0,0.6153,1.1933,0.0,1.5818,0.47618091328962,0
2460,Q5GH77:Q92624,0.4077155606592665,0.0,0.2060515873015873,0.0,0.19,0.0,0.19,0.0,0.0,2.416,0.0,0.8888,0.407994752,0
2462,Q9BRT6:Q9UKD2,0.741301886496219,0.0982080419580419,0.437037037037037,0.625,0.41,0.0,0.41,0.0,0.0,1.5978,0.0,18.4426,12.0817103748,0
2463,P16066:Q9NZ42,0.0910778627748502,0.1449786324786324,0.6270408163265306,0.4481792717086835,0.62,3.66,3.66,0.0,0.0,2.013,0.0,1.1757,8.662063806,0
2464,O14893:P62308,0.7404177518586259,0.6875196232339088,0.459054834054834,0.903125,7.06,0.0,7.06,0.0,0.0,0.0,69.61,18.4426,9063.55306516,1
2465,P56181:Q495M9,0.108140048134916,0.091017316017316,0.1787878787878788,0.9875,0.0,0.0,0.0,0.0,0.0,2.013,0.0,0.8888,1.7891544,0
2468,P19883:Q5T601,-0.0923996760657747,0.2369929453262786,0.5,0.7222222222222222,0.83,2.59,2.59,0.0,0.0,2.416,0.0,1.1757,7.356872208,0
2469,O95239:Q15528,0.1363385399509757,0.0972222222222222,0.3777777777777777,0.9771428571428572,9.33,0.0,9.33,0.0,0.0,2.416,0.0,3.9008,87.929025024,0
2470,P62304:Q9UBC1,0.4526527101691404,0.0660273519296075,0.7333333333333334,0.7333333333333334,0.0,0.0,0.0,0.0,0.0,0.993,0.0,2.1077,2.0929461,0
2471,O14964:O15442,-0.1947843341835283,0.25,0.5,0.6875,0.22,2.59,2.59,0.0,0.0,2.416,0.0,2.1077,13.188806288,0
2473,Q9BZI7:Q9Y305,0.4425522046214786,0.1,0.35,0.1305555555555555,0.41,0.0,0.41,0.0,0.0,2.416,0.0,2.7714,2.745237984,0
2474,P32969:Q9Y3B9,0.7316960458231091,0.125,0.2,0.0,0.24,0.0,0.24,0.0,0.0,2.416,0.0,2.7714,1.606968576,0
2475,P08754:Q8TCY5,0.0350990641893011,0.124074074074074,0.4222222222222223,0.6499999999999999,0.28,0.0,0.28,0.5125,0.0,1.5978,0.0,0.7749,0.17767240407,0
2476,Q96DV4:Q9NZE8,0.3946074370864086,1.0,0.5534090909090909,0.625,0.17,0.0,0.17,0.0,0.0,2.013,0.0,9.4687,3.240283827,1
2477,A6NJZ7:O75015,-0.0182357150235389,0.144047619047619,0.3095238095238095,0.1402116402116402,0.68,0.0,0.68,0.0,0.0,2.013,0.0,0.4364,0.597361776,0
2478,Q14493:Q8NE86,0.2919098704390201,0.0826312576312576,0.1729362591431556,0.6439296439296439,0.23,0.0,0.23,0.0,0.0,2.416,0.0,2.7714,1.540011552,0
2481,P46779:P62913,0.8507521916424119,0.3308206413469571,0.6087797619047619,0.8271103896103899,0.0,0.0,0.0,2.0764,0.0,1.1933,24.11,38.174,2280.47618033254,1
2482,A8MZ97:Q9BZJ0,0.1353992987798506,0.0,0.3287414965986395,0.625,0.0,0.0,0.0,0.0,0.0,0.9878,0.0,1.5818,1.56250204,0
2483,Q5T442:Q6TGC4,-0.0756458722594451,0.1768939393939394,0.2955555555555555,0.1078282828282828,0.64,0.0,0.64,0.0,0.0,2.013,0.0,2.7714,3.570450048,0
2485,Q13503:Q9H944,0.7005235982106301,0.4602756892230576,0.4763888888888889,0.9311111111111112,0.22,0.0,0.22,3.7695,0.0,0.0,0.0,18.4426,15.294263754,1
2486,P14859:Q16633,0.2756556599952756,0.3926816239316239,1.0,0.896590909090909,0.41,0.0,0.41,0.9127,0.6153,2.013,2.07,1.5818,1.51762514596112,1
2487,Q7Z4W1:Q8N9Q2,-0.2662707963766503,0.1388888888888889,0.0,0.9538239538239538,0.0,0.0,0.0,0.0,0.0,1.5978,0.0,2.1077,3.36768306,0
2488,P41594:Q9Y376,-0.1036953452734571,0.1376392126392126,0.3827777777777778,0.8754578754578756,0.0,0.0,0.0,0.0,0.0,1.5978,0.0,1.1757,1.87853346,0
2490,Q5T653:Q9H300,0.6358957515457765,0.160935939060939,0.55,0.1726190476190476,0.0,0.0,0.0,0.0,0.0,2.013,0.0,18.4426,37.1249538,0
2491,O75899:Q6NUK4,-0.1205904869176365,0.1340277777777778,0.2194444444444444,0.8333333333333334,0.83,0.0,0.83,0.0,0.0,2.416,0.0,1.1757,2.357607696,0
2492,P62314:Q8NG27,0.2507045062244872,0.1875,0.5,0.6777777777777778,0.83,0.0,0.83,0.5125,0.0,0.9878,0.0,2.7714,1.164501886845,0
2493,Q13098:Q99627,0.5006325215236714,0.2426574678454377,0.5246376811594201,1.0,1.52,0.0,1.52,1.7951,158.1204,2.013,0.0,9.4687,8223.45406650752,1
2494,Q8WXC6:Q99542,-0.1229072486501406,0.1288938492063492,0.4722222222222222,0.1428571428571428,0.0,0.0,0.0,0.0,0.0,2.013,0.0,2.1077,4.2428001,0
2496,P42704:Q7Z7F7,0.3688021659031613,0.1888888888888888,0.3164335664335664,0.25,0.68,0.0,0.68,0.0,0.0,2.013,0.0,2.1077,2.885104068,0
2497,Q7Z7N9:Q9Y5V3,0.1906337632690162,0.0,0.3749999999999999,0.9924242424242424,0.22,4.94562,4.94562,0.0,0.0,0.0,0.0,2.1077,10.423883274,0
2498,P23284:Q4G0W2,-0.068326865455597,0.3,0.0,0.1199633699633699,0.0,3.51,3.51,0.0,0.0,1.5978,0.0,1.1757,6.5936524446,0
2499,P61978:Q8TEB7,-0.239077152191908,0.1268192125334982,0.4138888888888889,0.6777777777777778,2.34,0.0,2.34,0.0,0.0,2.416,0.31,1.5818,2.77220953152,0
2501,P35227:P40305,0.2093592456151171,0.2130531505531505,0.2375,0.7777777777777777,0.17,0.0,0.17,0.9127,0.0,2.416,0.0,1.1757,0.4407277741008,0
2502,Q7RTW8:Q8NHQ1,0.7047647417399537,0.1269841269841269,0.4930555555555555,0.0,0.0,0.0,0.0,0.0,0.0,0.0,0.0,0.8888,0.8888,0
2503,O75396:Q14541,-0.0531512454392822,0.1254058441558441,0.225,0.2685515873015873,0.19,4.96,4.96,0.0,0.0,2.013,0.0,2.1077,21.044288496,0
2504,P51668:Q6UWE0,0.1288268705835858,0.2556943830163645,0.75,0.8624444444444443,118.38,7.37036,118.38,1.7951,0.6153,1.1933,69.61,1.5818,17180.1417675527,1
2505,Q6DKK2:Q9H0U6,0.3154883112531894,0.1064814814814814,0.5045454545454545,0.6547619047619049,0.41,0.0,0.41,0.0,0.0,2.416,0.0,3.9008,3.863976448,0
2507,P37173:Q8NDX2,-0.1248387488359495,0.1560225268558601,0.2902494331065759,0.3245726495726496,0.0,0.0,0.0,0.0,0.6153,2.416,0.0,1.5818,2.35144820064,0
2510,A6PVC2:P40937,0.079281798594401,0.0939133548156104,0.4801470588235295,0.1880546536796536,0.15,0.0,0.15,0.0,0.0,2.013,0.0,0.0,0.30195,0
2511,P63096:Q969X5,-0.0579139595359089,0.1666666666666666,0.4173076923076924,1.0,0.22,0.0,0.22,0.5125,0.0,2.013,0.0,1.1757,0.266843632275,0
2513,Q16613:Q4KWH8,0.7473537267491932,0.1174603174603174,0.5138888888888888,0.1222222222222222,0.0,0.0,0.0,0.0,0.0,2.416,0.0,2.1077,5.0922032,0
2514,P09629:Q9Y2T2,0.2023319500228808,0.1143362193362193,0.2008333333333333,0.9444444444444444,0.41,0.0,0.41,0.0,0.0,2.416,0.0,1.1757,1.164601392,0
2515,Q86YS6:Q9NZV1,0.2118200667105631,0.1233333333333333,0.5,0.2416666666666666,2.49,0.0,2.49,0.0,0.0,2.013,0.0,1.1757,5.893043409,0
2516,P09001:Q9NYK5,0.7875692405652241,1.0,0.4778074866310161,0.625,263.49,0.0,263.49,0.0,0.6153,2.416,0.0,45.2798,17735.8694114107,1
2517,P01877:Q9Y5J1,-0.0634723063297161,0.1214285714285714,0.3348484848484848,0.375,0.24,0.0,0.24,0.5125,0.0,1.5978,0.0,0.4364,0.08576543016,0
2518,A6NG13:Q9HCU8,-0.0593530528695112,0.1083333333333333,0.2421052631578947,0.1428571428571428,0.0,0.0,0.0,0.0,0.0,1.1933,0.0,1.1757,1.40296281,0
2519,A6NM11:P09038,0.1530006746315091,0.0,0.498170731707317,0.0,0.15,0.0,0.15,0.0,0.0,2.013,0.0,1.1757,0.355002615,0
2521,P01861:Q8IXH6,-0.1055550696004673,0.1093819760486427,0.2299999999999999,0.4772727272727273,0.15,0.0,0.15,0.0,0.0,2.013,0.0,0.4364,0.13177098,0
2524,Q16659:Q86UD5,0.3742411486603451,0.111252405002405,0.2535714285714285,0.3,0.0,0.0,0.0,0.0,0.6153,2.416,0.0,1.5818,2.35144820064,0
2525,Q15019:Q8N1F8,0.3140255202144454,1.0,0.5059523809523809,0.3333333333333333,1.22,3.84,3.84,0.0,0.0,2.013,0.0,2.1077,16.292352384,0
2526,P02760:P08865,-0.1527647098721376,0.2607142857142857,0.7498677248677248,0.782051282051282,0.15,0.0,0.15,0.0,0.0,2.416,0.0,0.7962,0.28854288,0
2527,P62269:Q9BVS4,0.7351015718513639,0.1205357142857142,0.5047619047619047,0.1463809523809524,0.24,0.0,0.24,0.0,15.4815,1.1933,0.0,5.6875,25.21711094175,1
2528,Q7Z6K5:Q86XQ3,-0.0381202242374996,0.1316798941798941,0.1619666048237476,0.0909090909090909,0.0,0.0,0.0,0.0,0.0,2.416,0.0,1.1757,2.8404912,0
2530,Q16540:Q9Y5S8,0.1944558938064586,0.1289356476856477,0.3044871794871794,0.4250744047619048,0.41,0.0,0.41,0.0,0.0,2.013,0.0,1.5818,1.305506994,0
2532,P25786:Q9ULW5,-0.2078043193662556,0.1420138888888888,0.1906565656565656,0.5611111111111111,0.29,0.0,0.29,0.0,0.6153,2.013,0.0,0.6688,0.2402287338528,0
2534,P61956:Q9UHV5,0.1084271968100471,0.0811965811965812,0.4166666666666666,0.1428571428571428,0.26,3.67486,3.67486,0.0,0.0,2.416,0.31,0.8888,2.44626481180928,0
2536,P61353:P61960,0.6549631319624594,0.1365559787434787,0.5857142857142857,1.0,6.88,0.0,6.88,1.0145,0.0,1.1933,0.0,9.4687,78.8643062158696,0
2539,Q9BTK6:Q9NVQ4,0.2567455093202691,0.1009615384615384,0.5,1.0,0.0,0.0,0.0,0.0,0.0,2.013,0.0,3.9008,7.8523104,0
2541,Q15370:Q9BQP7,0.2104463964689576,0.1174450549450549,0.2,0.5477272727272727,0.0,2.59,2.59,0.9127,0.0,0.0,0.0,2.1077,4.9823772761,0
2543,P13584:Q15029,0.273554477032025,0.1222222222222222,0.2124517374517374,0.3067588325652842,0.15,0.0,0.15,0.0,0.0,1.1933,0.0,1.1757,0.2104444215,0
2544,P62195:Q8N1W2,0.0328233668952716,1.0,1.0,0.6515873015873016,0.83,0.0,0.83,0.0,0.6153,0.993,0.0,1.5818,0.8021689124526,0
2547,P20290:Q9H5J4,-0.0143820181331625,0.0713597009051554,0.2233333333333333,0.5714285714285714,0.0,0.0,0.0,0.5125,0.0,0.0,0.0,3.9008,1.99916,0
2549,P53365:Q14940,0.0866875157478968,0.1128684807256235,0.4878787878787879,0.4857142857142857,0.61,5.22,5.22,0.0,0.0,2.416,0.0,1.5818,19.948902336,0
2550,O14818:P62191,0.8641674652929353,0.6842105263157894,0.8616541353383458,0.927020202020202,7.06,0.0,7.06,3.124,400.8352,1.5978,24.11,18.4426,6280921.32211513,1
2551,P08621:P62306,0.2470126520589791,0.7349816849816849,0.4880541871921182,0.9776119402985076,2.31,0.0,2.31,1.7092,5.2693,1.5978,24.11,5.6875,4558.25719449466,1
2553,P62308:Q16637,0.6616131017508198,0.5954045954045954,0.498015873015873,0.9951923076923076,8.98,2.59,8.98,3.124,0.0,1.5978,69.61,3.9008,12171.2475724417,1
2555,P05112:Q8NBQ5,-0.0113356265866552,0.225,0.3,0.9346354166666666,0.19,0.0,0.19,0.0,0.0,2.013,0.0,1.1757,0.449669979,0
2556,Q86V85:Q9ULV8,-0.2917754015927372,0.2329463465827102,0.75,0.0,1.02,0.0,1.02,0.0,0.0,2.416,0.0,0.7962,1.962091584,0
2558,Q15904:Q86XM0,-0.0184160856294285,0.1193650793650793,0.5333333333333333,1.0,0.0,0.0,0.0,0.0,0.0,2.013,0.0,0.7962,1.6027506,0
2559,P17980:P25788,0.4750906303518348,0.6851851851851851,0.788547317661242,0.993993993993994,52.16,0.0,52.16,3.8142,606.3917,2.013,24.11,45.2798,265118343.75767,1
2560,Q8WU67:Q9UBZ9,0.226696271174835,0.0953282828282828,0.3333333333333333,0.1098800505050505,0.54,3.66,3.66,0.0,0.0,2.416,0.0,3.9008,34.493058048,0
2563,O75891:Q86WT6,-0.1435139887577339,0.13125,0.6518518518518518,0.9632683215130023,1.22,0.0,1.22,0.0,0.0,2.013,0.0,2.1077,5.176216122,0
2564,P04234:P20963,0.9037950471852934,0.3382306582306583,0.8681623931623932,0.9233333333333332,0.17,0.0,0.17,1.7951,0.0,2.416,0.89,38.174,25.0491027415139,1
2565,P55851:Q9H270,0.1667600914943678,0.1344376383850068,0.1878654970760233,0.931687242798354,0.54,0.0,0.54,0.0,0.0,2.013,0.0,2.1077,2.291112054,0
2566,Q13322:Q9UBR1,-0.1653438809130102,0.0949333074333074,0.7222222222222222,0.3,0.0,0.0,0.0,0.0,0.0,1.5978,0.0,1.5818,2.52740004,0
2568,Q92624:Q9BZK3,0.5627806346990748,0.25,0.625,1.0,0.58,0.0,0.58,0.0,0.0,2.013,0.0,0.0,1.16754,0
2571,Q96H79:Q9H270,0.549022946042864,0.0,0.156641604010025,0.0,0.68,0.0,0.68,0.0,0.0,1.5978,0.0,0.8888,0.9656847552,0
2572,P30518:P49458,-0.0344567624368758,0.1294117647058823,0.2583333333333333,0.8357142857142856,0.41,0.0,0.41,1.0145,0.0,1.5978,0.0,0.7749,0.5149961540829,0
2573,P62318:Q9H5V9,0.8281927057332932,0.1114996114996115,0.5990196078431372,0.75,0.8,0.0,0.8,0.0,0.0,1.5978,0.0,9.4687,12.103271088,0
2575,P84098:Q8NBP7,-0.2921950892998094,0.1406926406926406,0.3460317460317459,0.625705467372134,0.54,0.0,0.54,0.0,0.0,1.5978,0.0,1.5818,1.3647960216,0
2578,Q969L4:Q9Y278,-0.0277085851903853,0.1428571428571428,0.35,0.1333333333333333,0.0,5.43,5.43,0.0,0.0,2.013,0.0,1.1757,12.851094663,0
2579,O76076:O95416,-0.0911584327282604,0.1475,0.4476190476190476,0.797584541062802,0.17,0.0,0.17,0.0,0.6153,2.013,0.0,2.7714,0.5835510085482,0
2581,P11926:P81274,-0.0234979181584123,0.1486596736596736,0.609375,0.8840388007054673,0.28,7.37,7.37,0.0,0.0,2.416,0.0,3.9008,69.457332736,0
2582,P04908:P61077,0.1518901475197802,0.0914859993807362,0.2308080808080808,0.7918595679012346,52.16,0.0,52.16,4.2492,0.6153,1.1933,0.0,1.5818,257.414426294861,1
2583,P37173:Q9H320,-0.1156936198781903,0.3396915584415584,0.2,0.5,0.0,0.0,0.0,0.0,0.0,0.993,0.0,0.8888,0.8825784,0
2584,Q15544:Q9Y294,0.5351176423939269,0.1603594322344322,0.509090909090909,0.9416666666666668,77.86,0.0,77.86,1.7951,0.0,2.013,2.07,18.4426,10740.8663745644,0
2585,P56537:P60468,0.4125624045079413,0.1107142857142857,0.4560606060606061,0.8214285714285714,0.0,0.0,0.0,0.0,0.0,0.0,0.0,18.4426,18.4426,0
2587,P10916:P27694,-0.0644996193768192,0.1133370744481855,0.4702508960573478,0.8325060532687654,0.15,0.0,0.15,0.0,0.0,1.5978,0.0,1.1757,0.281780019,0
2588,Q13405:Q9BZI7,0.4745072292898806,0.0817230749048931,0.206712962962963,0.9093023255813952,2.14,0.0,2.14,0.9127,0.0,2.013,0.0,3.9008,15.3369599224512,0
2590,P01911:P02686,-0.075458093283741,0.2018172568172568,0.4727272727272727,0.9285714285714286,0.24,62.31,62.31,1.7092,0.0,0.993,0.0,2.1077,222.899287072417,1
2591,P14866:Q15366,0.8947702381657967,0.1842929292929293,0.6587962962962962,0.5965686274509804,16.53,0.0,16.53,1.7092,3.1392,2.416,5.86,18.4426,23158.0195573754,1
2592,P07202:P16035,0.0010921474300481,0.1525641025641025,0.4327838827838827,0.2016203703703703,0.23,0.0,0.23,0.0,0.0,2.416,0.0,2.1077,1.171206736,0
2593,Q13507:Q6P1J9,-0.0271585257060657,0.1318048618048618,0.2873376623376624,0.9805194805194806,0.41,0.0,0.41,0.0,0.0,2.013,0.0,1.1757,0.970340481,0
2594,P61978:Q8NFW9,-0.1473397878917241,0.1180555555555555,0.2793650793650793,0.7896825396825397,0.83,0.0,0.83,0.0,0.0,2.416,0.0,1.1757,2.357607696,0
2597,Q13415:Q8NHU0,0.332401926460564,0.0,0.0,1.0,0.54,0.0,0.54,0.0,0.0,2.416,0.0,0.4364,0.569344896,0
2598,Q8NBC4:Q9H341,0.4392287712194421,0.0,0.4166666666666666,0.0,0.0,0.0,0.0,0.0,0.0,0.8011,0.0,0.0,0.8011,0
2599,P18077:Q96IQ7,-0.0167595737883186,0.3333333333333333,1.0,0.0,0.24,0.0,0.24,0.0,0.0,1.5978,0.0,1.5818,0.6065760096,0
2601,P10451:Q16236,-0.1073685160947677,0.2088552018958168,0.3833333333333331,0.8845513122740846,0.54,0.0,0.54,1.0145,0.0,2.416,2.07,2.1077,5.77459967564592,0
2602,Q99607:Q9NRX1,0.5092232367742633,0.1666666666666666,0.4666666666666667,0.875,0.45,3.84,3.84,0.0,0.0,1.1933,0.0,1.1757,5.3873771904,0
2604,P82914:Q86YF9,0.1711138922394585,0.108953373015873,0.4394736842105263,0.8358974358974359,0.41,3.66,3.66,0.0,0.0,2.013,0.0,1.1757,8.662063806,0
2605,P61956:Q07011,0.1290207351295621,0.0861111111111111,0.3333333333333333,0.625,0.23,0.0,0.23,1.7951,0.0,2.013,0.0,0.8888,0.7386935445912,0
2607,Q9H492:Q9UEU0,0.4561373109066967,0.1839905464905465,0.3728253968253968,0.9651041666666668,8.98,0.0,8.98,0.9127,0.0,2.013,0.0,2.7714,45.7243325532972,0
2609,Q8TEY5:Q9NY12,0.2869407776933607,0.0743589743589743,0.5706004140786748,0.2705128205128205,0.15,3.84,3.84,0.0,0.0,1.5978,0.0,1.5818,9.7052161536,0
2610,P08621:P62308,0.2184935956844535,0.6875850340136054,0.459054834054834,0.903125,8.98,0.0,8.98,0.9127,5.2693,1.5978,24.11,2.7714,4610.79859589989,1
2611,P62310:Q9BS86,0.2390632187913959,0.175,0.296031746031746,0.0,0.54,0.0,0.54,0.0,0.0,0.993,0.0,1.1757,0.630433854,0
2613,P61960:P62829,0.7182958110885623,0.1145914236906884,0.4098310291858679,0.6434837092731829,0.24,0.0,0.24,4.0064,0.0,0.0,0.0,9.4687,9.1044959232,0
2616,O14718:Q9H081,0.178778148494252,0.1428571428571428,0.2666666666666666,1.0,0.24,0.0,0.24,0.0,0.0,2.416,0.0,1.1757,0.681717888,0
2617,P09693:Q86VE0,0.0014165324241623,0.1055555555555555,0.2,0.9224747474747476,0.15,9.75,9.75,0.0,0.0,2.416,0.0,0.7962,18.7552872,0
2618,O75132:P60369,0.1016150029307495,0.0,0.3214285714285714,0.0,0.0,0.0,0.0,0.0,0.0,1.5978,0.0,0.8888,1.42012464,0
2620,Q9BUR4:Q9NX24,0.6324495113979404,0.4,0.4947845804988661,0.5714285714285714,18.4,0.0,18.4,0.5125,0.6153,2.013,0.0,18.4426,215.40933980971,1
2622,P04637:P32780,0.6914077790653027,0.3078360885378429,0.9518518518518518,0.9434782608695652,0.8,7.40526,7.40526,0.0,0.0,2.013,69.61,3.9008,4047.71013184533,1
2623,P05204:Q75N03,0.7677868821655816,0.1110830527497194,0.3652380952380952,0.5087301587301588,0.0,0.0,0.0,0.0,0.0,0.0,0.0,3.9008,3.9008,0
2624,P43405:Q13330,0.1184302670203163,0.1786011374246668,0.4246697746697747,0.89004329004329,1.59,0.0,1.59,1.2535,0.6153,2.416,0.0,1.1757,3.48338779509778,0
2625,O14777:P05161,0.8376920204526261,0.1148366514437942,0.8285714285714285,0.925925925925926,7.68,0.0,7.68,3.8142,0.6153,2.013,0.0,1.5818,57.3914163884873,0
2626,P02708:P29353,-0.0982046834292287,0.1416477702191987,0.4717026378896883,0.1911556036556036,0.54,20.6892,20.6892,4.2492,0.0,2.416,2.07,1.1757,516.909679017688,0
2628,P10826:Q9NTW7,0.2518826226736942,0.5357142857142857,0.7333333333333334,0.938,0.24,3.52956,3.52956,0.0,0.0,2.416,0.4,2.1077,7.1892946906368,0
2629,Q8N2W9:Q9Y5E3,0.4846017083169472,0.1735827664399093,0.3749999999999999,0.5833333333333334,0.64,0.0,0.64,0.0,0.0,2.013,0.0,1.5818,2.037864576,0
2631,Q96JE9:Q9UQB8,0.3262376935347347,0.1170088683246578,0.3598755411255411,0.9739795918367348,2.49,21.035,21.035,0.5125,0.0,2.416,0.0,3.9008,101.5984307296,0
2633,P05388:P13639,0.7726083743303321,0.3023809523809523,0.514,0.5008169934640522,2.31,0.0,2.31,2.0764,9.2808,2.013,24.11,45.2798,97825.9105769329,1
2634,Q13098:Q15370,0.607286714893798,0.1444444444444444,0.6172839506172839,0.9393939393939392,1.52,0.0,1.52,2.3254,0.0,2.013,0.0,45.2798,322.173289099939,1
2635,O75558:P60410,0.0,0.0,0.3214285714285714,1.0,0.0,0.0,0.0,0.0,0.0,2.013,0.0,0.8888,1.7891544,0
2637,P05198:Q8NBS3,0.0270858900360146,0.1836410321704439,0.6111111111111112,0.2296176046176046,0.62,2.59,2.59,0.0,0.0,1.5978,0.0,1.1757,4.8654016614,0
2639,Q16819:Q8IUQ4,-0.0012846014874041,0.1355426737005684,0.4538461538461539,0.9328231292517004,5.21,15.871,15.871,0.5125,0.0,2.013,2.07,0.7962,26.985747656882,0
2640,Q8NAJ2:Q9H773,0.0711598792629156,0.0,0.0,0.7402777777777778,0.22,0.0,0.22,0.5125,0.0,0.8011,0.0,0.8888,0.08027999342,0
2641,P62854:Q9Y257,0.3692144100574619,0.0989478114478114,0.5851851851851853,0.1155555555555555,0.19,0.0,0.19,0.0,0.0,1.1933,0.0,1.5818,0.3586367686,0
2642,O43543:Q8N4P3,0.4939612119142348,0.0,0.0,0.9069444444444444,0.0,0.0,0.0,0.0,0.0,1.5978,0.0,1.1757,1.87853346,0
2645,Q15050:Q9H6F5,0.3997308963298411,0.0,0.5772727272727273,0.75,0.0,0.0,0.0,0.5125,3.1392,0.0,0.0,45.2798,72.847953432,0
2647,P11216:P62068,0.140276313879498,0.0897831335331335,0.5666666666666667,0.6886363636363636,0.0,0.0,0.0,0.0,0.0,1.5978,0.0,3.9008,6.23269824,0
2648,Q5T1B0:Q96NB3,0.2101242762558591,0.1178012463726749,0.4515151515151514,0.0,0.0,0.0,0.0,0.0,0.0,2.013,0.0,0.8888,1.7891544,0
2649,Q96E93:Q9P109,0.1614530766601291,0.1142902236652236,0.3333333333333333,0.1309523809523809,0.0,0.0,0.0,0.0,0.0,2.013,0.0,1.5818,3.1841634,0
2650,O95466:Q6P1K2,0.2351769003792808,0.210042735042735,0.5941176470588235,0.9583333333333336,0.56,0.0,0.56,0.0,0.0,2.416,0.0,2.1077,2.851633792,0
2652,P41235:Q9UI10,-0.2782875136028687,0.1881345926800472,0.4583333333333333,0.8295238095238094,0.64,7.40526,7.40526,0.0,0.0,2.013,10.8,2.1077,339.325608980081,0
2653,O95169:Q16537,0.331949471214152,0.125,0.2285714285714286,0.1217171717171717,0.19,0.0,0.19,0.5125,0.0,2.416,0.0,2.1077,0.4958532866,0
2654,P29372:Q9BQ75,0.5779157086666024,0.0,0.0,0.5,0.26,0.0,0.26,0.0,0.0,2.013,0.0,2.1077,1.103128026,0
2656,P62304:P83369,0.237862080508928,0.1984126984126983,0.5500000000000002,0.6875,60.92,0.0,60.92,0.9127,0.0,1.5978,0.0,2.1077,187.248849314273,1
2657,O95863:Q14974,0.2712376284242659,0.0993570155334861,0.5957528957528958,0.8694235588972431,0.54,0.0,0.54,2.409,0.6153,2.013,0.0,1.1757,1.89433929457399,1
2658,O15226:Q15118,0.3987559695837164,0.1088053403179453,0.215625,0.6334325396825397,0.94,0.0,0.94,0.0,0.0,2.416,0.0,2.1077,4.786671008,0
2660,Q8TAM6:Q9BYP9,-0.0328758088212087,0.0,0.3214285714285714,0.0,0.0,0.0,0.0,0.0,0.0,2.013,0.0,0.0,2.013,0
2661,P02753:Q96JM7,-0.1482750533769059,0.1214285714285714,0.3125,0.9746543778801844,0.63,0.0,0.63,0.5125,0.0,2.416,0.0,1.1757,0.9171235962,0
2662,P01619:Q96G25,0.0725636127746021,0.0834199134199134,0.2625,0.3922222222222222,0.68,0.0,0.68,0.5125,0.0,0.993,0.0,0.4364,0.1510208022,0
2663,A6NNE9:Q8IWT0,0.12637364881784,0.0833333333333333,0.15,0.1726190476190476,0.0,0.0,0.0,0.0,0.0,0.0,0.0,0.6915,0.6915,0
2664,Q53GS7:Q6UX34,-0.2176466421903887,0.1,0.5416666666666666,1.0,0.0,0.0,0.0,0.0,0.0,1.1933,0.0,1.1757,1.40296281,0
2665,P46527:Q86WS3,-0.0254323818851243,0.1666666666666666,0.5,1.0,0.0,0.0,0.0,0.0,0.0,2.013,0.0,0.6688,1.3462944,0
2666,P40967:Q96A99,0.0503319972147742,0.0,0.3333333333333333,0.2,0.68,0.0,0.68,0.0,0.0,2.416,0.0,1.1757,1.931534016,0
2668,P28340:Q14914,-0.0571853190606389,0.0878787878787878,0.3333333333333333,0.2867063492063492,0.17,0.0,0.17,0.0,0.0,1.1933,0.0,0.8888,0.1803028568,0
2672,O95149:P21730,-0.1259488364061495,0.1119333657795196,0.7629629629629631,0.1564625850340135,0.0,0.0,0.0,0.0,0.0,2.013,0.0,0.6688,1.3462944,0
2674,Q8N8X9:Q9NR28,-0.0071469158727896,0.0,0.0,1.0,0.0,0.0,0.0,0.0,0.0,2.416,0.0,0.7962,1.9236192,0
2675,O43521:Q9H0C1,0.075027551390555,0.1079545454545454,0.1666666666666666,0.9902439024390244,0.61,0.0,0.61,0.0,0.0,1.5978,0.0,0.8888,0.8662760304,0
2676,O75394:Q9NZE8,0.2095507123172239,1.0,0.5534090909090909,0.625,52.16,0.0,52.16,0.0,0.0,0.9878,0.0,18.4426,950.2300306048,1
2680,Q92917:Q9UQ16,0.2298187161051962,0.0709407876074542,0.3,0.3517887205387204,0.94,13.23,13.23,1.7951,0.0,2.013,0.0,0.7962,38.0640012752538,0
2681,P68431:Q8IXL7,-0.0427735520701594,0.2083333333333333,0.35,0.8803986710963457,0.54,0.0,0.54,0.0,0.6153,0.993,0.0,0.8888,0.2932472643408,0
2686,A0A5B9:P01909,0.4579803402655554,0.4975108225108225,0.532780612244898,0.0,0.84,0.0,0.84,0.9127,0.0,1.5978,0.0,0.0,1.2249821304,0
2688,C9JJH3:P35249,0.0,0.124774531024531,0.4767605633802818,0.119812925170068,0.19,0.0,0.19,0.0,0.0,2.013,0.0,0.4364,0.166909908,0
2689,P08579:Q9H5V9,0.7971569348812971,0.0992063492063492,0.5990196078431372,0.75,0.23,0.0,0.23,0.9127,0.0,0.0,0.0,9.4687,1.9876789727,0
2692,Q8IV38:Q99584,0.3764981271813766,0.0,0.2551282051282051,0.5515873015873016,0.24,0.0,0.24,0.0,0.0,2.013,0.0,1.5818,0.764199216,0
2697,P20132:Q15382,-0.2337739973990913,0.0970218934504648,0.2173881673881673,0.5303854875283448,0.22,0.0,0.22,0.0,0.6153,0.0,0.0,1.5818,0.2141219388,0
2698,P08908:Q96N19,0.1238367228882798,0.1455555555555555,0.1666666666666666,0.0,0.19,0.0,0.19,0.0,0.0,0.0,0.0,5.6875,1.080625,0
2699,O75506:P15813,-0.0929498381882727,0.1153634244543335,0.3065934065934066,0.5277777777777778,0.0,3.51,3.51,0.0,0.0,1.1933,0.0,1.5818,6.6253424094,0
2700,P55036:Q5VXH4,0.3701516005263083,0.3374507697815968,0.25,0.3333333333333333,0.15,0.0,0.15,0.0,0.0,0.0,0.0,1.1757,0.176355,0
2703,P51798:Q16655,0.1229050457388144,0.0,0.3477777777777778,1.0,0.0,0.0,0.0,0.0,0.0,1.1933,0.0,2.1077,2.51511841,0
2704,O14964:Q99816,0.8996554934995887,0.1567959001782531,0.2744840576090576,0.9574074074074074,1.05,71.02,71.02,0.9127,30.1977,2.416,5.86,2.7714,76802.6744379147,1
2707,P62807:Q92966,0.2803015255912552,0.0695238095238095,0.8294117647058823,0.8090811965811966,0.68,0.0,0.68,0.0,0.0,0.0,0.0,1.1757,0.799476,0
2708,P50552:Q15942,0.7285243896241572,0.1108974358974359,0.4404779083350512,0.953030303030303,16.01,41.2374,41.2374,2.409,0.6153,2.416,0.17,18.4426,463.00212982619,1
2709,O14901:P01859,0.0182490329133626,0.1208333333333333,0.4770833333333333,0.6666666666666666,2.31,0.0,2.31,0.0,0.0,2.013,0.0,0.4364,2.029273092,0
2710,O43525:Q13427,-0.3264034535175292,0.1547619047619047,0.4472222222222222,0.7766666666666667,0.19,0.0,0.19,0.0,0.6153,2.416,0.0,1.5818,0.4467751581216,0
2712,O75586:Q9NQ39,0.5455587095119562,0.0,0.1666666666666666,0.3333333333333333,0.23,0.0,0.23,0.0,0.0,2.416,0.0,0.0,0.55568,0
2713,O75380:Q6BEB4,-0.0225873574670044,0.0914869281045751,0.35,0.1933333333333333,0.28,0.0,0.28,0.0,0.0,1.5978,0.0,1.1757,0.5259893688,0
2717,Q13503:Q9BTT4,0.6907780739574637,0.4323809523809523,0.6333333333333333,0.8632478632478632,3.77,3.52956,3.77,3.7695,15.4815,2.416,2.07,5.6875,6257.87407916506,1
2718,O15212:P61758,0.6098801772155863,0.5533333333333333,0.4702380952380952,0.9766666666666666,10.86,3.51,10.86,2.3588,9.7902,2.013,10.8,9.4687,51626.2280538488,1
2719,P45379:Q8N2H4,-0.2346235464795096,0.0914141414141414,0.3375,1.0,0.62,0.0,0.62,0.0,0.0,2.013,0.0,1.5818,1.974181308,0
2723,Q93009:Q9NY64,0.4388625287310975,0.1378472222222222,0.2592261904761904,0.1435185185185185,0.0,0.0,0.0,0.0,0.0,2.416,0.0,1.5818,3.8216288,0
2726,P19429:Q969Q1,0.1526353126459118,0.1290941411529646,0.4095238095238095,0.7760770975056689,0.62,0.0,0.62,1.7951,0.6153,2.416,0.89,3.9008,5.74391324840106,1
2728,Q96DZ9:Q9Y5P6,-0.33454896488277,0.0949134199134199,0.4107142857142857,0.7133333333333333,0.0,0.0,0.0,0.0,0.0,0.9878,0.0,1.1757,1.16135646,0
2730,Q8IVW1:Q9Y3B4,0.6250630598122232,0.0996289424860853,0.3480725623582767,0.1234567901234568,0.41,0.0,0.41,0.5125,0.6153,2.013,0.0,1.5818,0.411680207371702,0
2731,Q9BTT4:Q9NX70,0.4944973179304899,0.5125,0.5380952380952382,0.981818181818182,0.94,0.0,0.94,3.7695,3.1392,2.013,0.4,5.6875,50.9396272657272,1
2732,O94906:P12018,0.0053438441463931,0.2,0.3166666666666666,0.0,1.05,0.0,1.05,0.0,0.0,0.993,0.0,1.1757,1.225843605,0
2733,Q17RP2:Q9UL15,0.6664273408184765,0.0,0.4007326007326007,0.2324675324675325,0.87,3.66,3.66,0.0,0.0,2.013,0.0,1.1757,8.662063806,0
2734,P09038:P21266,0.1218946020829526,0.1919642857142857,0.4809523809523809,0.8015873015873015,0.15,0.0,0.15,0.0,0.0,2.416,10.8,1.5818,6.191038656,0
2735,Q6UE05:Q8TAG5,-0.0322713869199905,0.0,0.5666666666666667,0.0,0.22,0.0,0.22,0.0,0.0,1.5978,0.0,2.7714,0.9741914424,0
2736,O00180:Q92979,-0.13124036026782,0.1131673881673881,0.3653846153846153,0.4635802469135802,0.0,0.0,0.0,0.0,0.0,1.5978,0.0,1.1757,1.87853346,0
2737,P28067:Q92570,0.063162771713423,0.1315921115921116,0.4523809523809524,0.7958520515124291,0.22,3.84,3.84,0.0,0.0,2.013,0.0,1.1757,9.088066944,0
2739,Q9H330:Q9NVU0,0.6695510509414816,0.0,0.3769230769230768,0.0,0.0,0.0,0.0,0.0,0.0,2.416,0.0,2.7714,6.6957024,0
2741,O15255:Q9Y478,-0.2706003964352571,0.2658730158730158,0.412121212121212,0.9770114942528736,0.0,3.66,3.66,0.0,0.0,0.9594,0.0,0.0,3.511404,0
2742,Q16515:Q8IX90,-0.1153296283519869,0.1798590298590298,0.1967418546365914,0.9333333333333332,0.54,0.0,0.54,0.0,0.0,2.013,0.0,0.7962,0.865485324,0
2746,P06899:P48431,-0.169450483035513,0.1302948862731471,0.7730392156862745,0.5594920634920634,52.16,0.0,52.16,3.8142,0.0,2.013,5.86,2.1077,4946.4227503749,1
2749,Q8NEY4:Q92759,0.0398876645881136,0.0757783882783882,0.4667953667953667,0.8041666666666666,1.02,0.0,1.02,1.0145,0.0,0.0,0.0,1.1757,1.216602603,0
2750,P62308:Q96N28,0.0292204657973032,0.1111111111111111,0.3055555555555556,0.4285714285714285,0.94,0.0,0.94,0.0,0.0,1.5978,0.0,1.1757,1.7658214524,0
2751,O14786:Q99259,-0.2955616618469794,0.1156187562437562,0.2926739926739927,0.8394557823129251,0.0,0.0,0.0,0.0,0.0,2.416,0.0,1.1757,2.8404912,0
2752,Q96A65:Q9NV70,0.8000730848460347,0.2964957264957265,0.5916666666666667,0.9693877551020408,0.0,3.51,3.51,0.0,0.0,2.416,10.8,5.6875,520.893828,1
2753,P07510:P60369,-0.0185069894189138,0.0,0.2291666666666666,0.0,0.0,2.59,2.59,0.0,0.0,1.5978,0.0,3.9008,16.1426884416,1
2755,P04637:P53803,0.4020632469331391,0.3881578947368421,0.9297520661157024,0.2821428571428572,0.34,0.0,0.34,0.0,0.0,0.993,0.0,1.5818,0.534047316,1
2756,Q96G25:Q9NX47,0.7241398339851355,0.4154058257918552,0.2720238095238095,0.8994047619047618,0.15,0.0,0.15,0.5125,0.0,0.0,0.0,5.6875,0.4372265625,0
2757,P62753:P83731,0.9396785747734008,0.6277777777777777,0.6696649029982362,0.5892857142857143,0.22,0.0,0.22,3.5815,15.4815,1.5978,181.01,38.174,134676.967160617,1
2758,Q8N0Z3:Q8TF44,-0.2716626228109297,0.0,0.5,0.0,0.17,0.0,0.17,0.0,0.0,2.416,0.0,1.1757,0.482883504,0
2760,O60676:O95198,-0.0985689284192783,0.0,0.4513888888888888,0.1228395061728394,1.22,0.0,1.22,0.9127,0.0,1.5978,0.0,0.7749,1.37865613865868,0
2763,P08579:Q8WUA2,0.8016251707516853,0.0555555555555555,0.7833333333333333,0.4583333333333333,52.16,0.0,52.16,0.0,0.6153,2.013,0.31,18.4426,369.361915269044,0
2764,P49789:P51665,-0.1502249863755569,0.0909090909090909,0.8254920634920635,0.8675213675213675,0.15,0.0,0.15,0.0,0.0,1.1933,0.0,3.9008,0.698223696,0
2765,P25788:Q9NWY4,0.4079790780238529,0.0876567876567876,0.5428571428571429,0.4743589743589744,0.62,0.0,0.62,0.0,0.0,1.5978,0.0,45.2798,44.8557999528,0
2772,O60704:Q9GZQ3,-0.2366066604411368,0.0,0.3,0.5,0.41,0.0,0.41,0.0,0.0,2.013,0.0,1.5818,1.305506994,0
2773,Q8NB12:Q9Y2X0,-0.2371994639374674,0.2947733918128655,0.3466666666666666,0.7666666666666666,0.41,0.0,0.41,0.0,0.0,2.416,0.0,2.1077,2.087803312,0
2774,Q13077:Q9UC06,0.3683680322371022,0.25,0.4555555555555555,0.38125,0.24,0.0,0.24,0.0,0.6153,2.013,0.0,1.5818,0.4702117776048,0
2775,Q8NBH2:Q9NPD3,0.008433822284927,0.1475716991341991,0.3588789682539682,0.1958791208791208,0.83,0.0,0.83,0.0,0.0,1.5978,0.0,1.5818,2.0977420332,0
2776,P06396:P62495,0.4977741278274036,0.2454656862745097,0.6129629629629629,0.6124574829931974,2.13,0.0,2.13,0.0,0.0,1.1933,69.61,2.1077,372.914846067813,0
2777,O15144:O15511,0.8796853786019057,0.4139610389610389,0.6681818181818182,0.5277777777777778,8.53,0.0,8.53,0.5125,15.4815,2.013,69.61,45.2798,429413.651084064,1
2778,P04844:Q9H0U3,0.8150938427989035,0.5437964812964813,0.5794871794871796,0.125,0.17,0.0,0.17,0.0,0.0,2.416,181.01,18.4426,1371.10453307872,1
2780,P21453:Q86VG3,0.0480575619185001,0.1964285714285714,0.3333333333333333,0.6666666666666667,0.22,0.0,0.22,0.0,0.0,2.013,0.0,1.1757,0.520670502,0
2781,O15372:P19622,-0.0285408607879404,0.1414835164835164,0.38,0.1696428571428571,0.22,0.0,0.22,0.0,0.0,2.013,0.0,1.1757,0.520670502,0
2782,Q13617:Q9H173,0.4858003809214683,0.1303030303030302,0.2599999999999999,0.8545454545454544,0.0,3.51,3.51,0.0,0.0,2.013,0.0,1.5818,11.176413534,0
2784,P01597:Q6NUK4,-0.1299824916097038,0.1572420634920635,0.2194444444444444,0.425,0.15,0.0,0.15,0.0,0.0,1.1933,0.0,0.4364,0.078113418,0
2785,P56181:Q9UI09,0.7053007546056657,0.2504088504088503,0.40625,0.78125,0.0,0.0,0.0,0.0,0.0,0.0,10.8,3.9008,42.12864,1
2788,P49736:Q9NVP2,0.863029691723285,0.3098484848484848,0.5523809523809524,0.8857142857142856,0.54,0.0,0.54,0.0,158.1204,2.013,24.11,38.174,158194.113308518,1
2789,Q15019:Q9H7P6,0.2628241285257687,0.1756591892955529,0.2188095238095238,0.8333333333333334,0.15,2.59,2.59,0.0,0.0,2.013,0.0,1.1757,6.129711819,0
2790,P02545:P19622,-0.1598171343202844,0.1987253487253487,0.4800000000000001,0.1857142857142857,1.22,0.0,1.22,0.0,0.0,2.013,2.07,2.1077,10.71476737254,0
2791,Q9BVC5:Q9UNA4,0.736709283232252,0.1423611111111111,0.8333333333333334,0.8404761904761904,0.41,0.0,0.41,0.0,0.0,2.416,0.0,5.6875,5.63381,0
2792,O75787:Q14CZ8,0.0065203734841966,0.1634920634920635,0.4333333333333334,0.0,0.68,2.59,2.59,0.0,0.0,2.416,0.0,1.1757,7.356872208,0
2793,Q16552:Q96PD4,0.1108874109460776,0.3110463066345419,0.8333333333333334,0.7592592592592592,60.92,0.0,60.92,0.5125,0.6153,0.0,10.8,9.4687,1964.51247878134,1
2794,P29372:Q9BPX1,0.1728023968361285,0.125,1.0,0.9547413793103448,0.0,0.0,0.0,0.0,0.0,1.5978,0.0,2.1077,3.36768306,1
2795,P59190:Q00403,-0.2113371085202027,0.0864232989232989,0.3890873015873015,0.7200486096712511,0.54,0.0,0.54,0.0,0.6153,2.013,0.0,1.1757,0.7863591924342,0
2796,P01861:Q9NR63,-0.0851852921841174,0.1238397158397158,0.3333333333333333,0.2032467532467532,0.0,0.0,0.0,0.0,0.0,2.013,0.0,0.0,2.013,0
2797,Q7L5N1:Q9H9Q2,0.7112893918529863,0.3765182186234817,0.6285714285714283,1.0,18.4,0.0,18.4,0.5125,43.6808,2.416,0.0,9.4687,9423.00807519476,1
2799,Q8N4H5:Q9NY26,0.5935189250394017,0.0830840455840455,0.22,0.0,0.0,0.0,0.0,0.0,0.0,1.5978,0.0,2.1077,3.36768306,0
2800,P27930:Q96A72,-0.1773383100511329,0.1082846003898635,0.3809523809523809,0.9910714285714286,0.19,0.0,0.19,0.0,0.0,0.993,0.0,1.1757,0.221819319,0
2806,P29373:P30281,-0.0678326033757587,0.2373931623931623,0.7061111111111111,0.9462759462759462,0.17,3.02953,3.02953,0.0,0.0,2.416,0.4,1.1757,3.4421413220544,1
2807,P0CG48:P62195,0.5972360274463733,0.227328431372549,0.8179197994987469,0.9313822751322752,3.82,0.0,3.82,0.0,9.7902,1.1933,0.0,0.0,44.6277064212,1
2811,P28300:Q9UBX5,0.4487416239122817,0.4819212533498248,0.5548469387755102,0.8091954022988506,0.41,0.0,0.41,0.0,0.6153,0.0,0.0,18.4426,4.6525700298,1
2812,P47881:Q3ZCQ2,0.0803055963237259,0.0,0.0,0.3333333333333333,0.15,0.0,0.15,0.0,0.0,0.993,0.0,1.1757,0.175120515,0
2816,O60637:Q13564,0.2468777442811671,0.0,0.3833333333333333,0.0,0.41,0.0,0.41,0.0,0.0,1.1933,0.0,3.9008,1.9084781024,0
2819,P55087:P62249,-0.4739732705249746,0.1255140692640692,0.4109022556390976,0.5625,0.0,0.0,0.0,0.0,0.0,1.1933,0.0,1.1757,1.40296281,0
2820,O75593:P0CG20,0.1267612548143123,0.0,0.0,1.0,0.19,0.0,0.19,0.0,0.0,2.416,0.0,9.4687,4.346512048,0
2822,Q86XF0:Q99684,-0.077730294648517,0.0848710317460317,0.3,0.180026455026455,0.0,0.0,0.0,0.0,0.0,2.013,0.0,0.7962,1.6027506,0
2825,Q13547:Q9Y5G6,0.2402897980118019,0.2194444444444444,0.3333333333333333,1.0,0.41,0.0,0.41,0.0,0.6153,1.1933,0.0,0.4364,0.13137270866076,0
2826,O15234:Q96A72,0.614773138719297,0.2746867167919799,0.6587301587301588,0.9910714285714286,0.17,0.0,0.17,0.5125,0.0,1.5978,24.11,2.7714,9.30168506042955,1
2827,P62072:Q8WW12,0.3718525361625722,0.0666666666666666,0.275,1.0,0.0,0.0,0.0,0.0,0.0,1.5978,0.0,2.1077,3.36768306,0
2828,P14867:P18507,0.9577624510555958,0.3366213151927438,0.3801587301587301,0.3540719696969697,869.75,3.51,869.75,0.5125,13.3811,2.416,105.17,45.2798,68623588.9043671,1
2829,P62306:Q16637,0.7251307129934143,0.5954045954045954,0.498015873015873,0.9951923076923076,8.98,0.0,8.98,3.124,0.6153,1.1933,69.61,1.5818,2268.02126687589,1
2830,P62913:Q6NT89,0.1390797205001327,0.1547619047619047,0.2444444444444444,0.5,0.17,0.0,0.17,0.0,0.0,0.9594,0.0,1.1757,0.1917543186,0
2831,Q9NR28:Q9NX62,0.1677320229467888,0.130050505050505,0.4277777777777778,0.1316666666666666,0.0,0.0,0.0,0.0,0.0,2.013,0.0,3.9008,7.8523104,0
2832,Q13868:Q9H1A3,0.2576916239868794,0.3333333333333333,0.5,0.375,0.41,0.0,0.41,0.0,0.0,2.013,0.0,3.9008,3.219447264,0
2833,P10244:P26447,-0.0385256220897236,0.1228354978354978,0.4297619047619048,0.8854166666666667,0.58,3.84,3.84,0.0,0.0,2.416,0.0,0.7126,6.611103744,0
2834,Q9NZ63:Q9P013,0.586066543929565,1.0,0.5037202380952381,0.7857142857142857,0.41,0.0,0.41,0.5125,0.0,0.0,0.0,9.4687,1.9896105875,0
2835,Q5T653:Q8NAX2,0.032368733452847,0.0983784733784733,0.4444444444444444,0.25,0.19,0.0,0.19,0.0,0.0,1.5978,0.0,2.1077,0.6398597814,0
2836,P42285:Q99547,0.5721983927091159,1.0,0.5246913580246914,0.9375,0.28,0.0,0.28,0.0,0.0,2.013,0.17,9.4687,0.90727947156,1
2838,Q8IX15:Q92624,0.562416871825569,0.0576293675364882,0.3208333333333333,0.9827380952380952,0.54,0.0,0.54,0.0,0.0,2.416,0.0,2.1077,2.749789728,0
2839,P33991:Q9H341,0.1012520544279367,0.1053030303030303,1.0,0.1666666666666666,0.0,0.0,0.0,0.0,0.0,1.1933,0.0,0.0,1.1933,0
2841,Q96DU9:Q96MU8,0.2149852644109437,0.0,0.3888888888888888,0.8666666666666667,3.17,0.0,3.17,0.0,0.0,2.416,0.0,1.1757,9.004357104,0
2844,O60936:Q9HCI6,0.0962172749001275,0.125,0.0,0.1111111111111111,0.17,0.0,0.17,0.0,0.0,1.1933,0.0,0.5954,0.1207834394,0
2845,Q9H9A6:Q9Y2Q5,0.3737731499774757,0.1714285714285714,0.228900709219858,0.9435626102292768,0.15,0.0,0.15,0.0,0.0,2.013,0.0,1.5818,0.47762451,0
2848,P13674:Q6IAA8,0.3630058619585032,0.0965433312207506,0.2461904761904761,0.8364810330912027,0.24,0.0,0.24,0.0,0.0,2.416,0.0,2.1077,1.222128768,0
2849,O14508:Q9BWE0,0.1192921546013999,0.1216931216931216,0.4916666666666667,0.3361111111111111,0.94,0.0,0.94,0.0,0.0,2.013,0.0,2.1077,3.988232094,0
2851,P08476:Q5BKZ1,0.0993458903950848,0.2744444444444444,0.325,0.7076923076923076,0.17,0.0,0.17,0.0,0.0,2.416,0.0,1.1757,0.482883504,0
2853,Q8IV50:Q8TBB1,0.0604376298581551,0.0,0.0,0.995570264765784,2.49,9.47493,9.47493,3.124,0.0,2.416,0.89,1.1757,74.8290945379153,0
2854,A8MV65:Q15762,-0.0592038342443062,0.0916600650811176,0.1682539682539682,0.8525641025641024,0.63,0.0,0.63,0.0,0.0,2.416,0.0,0.8888,1.352824704,0
2855,O95863:Q9NTQ9,-0.0543817889767132,0.1446428571428571,0.3944444444444444,0.8409090909090909,0.64,0.0,0.64,0.0,0.0,2.416,0.0,2.7714,4.285249536,0
2857,P48382:Q13077,0.8500930576169354,0.1101370851370851,0.4333333333333334,0.9852931648850016,0.22,7.37,7.37,0.0,0.6153,2.416,0.0,3.9008,42.7370968324608,0
2859,Q15788:Q96NB3,0.4673816252216924,0.1442442478156764,0.8606060606060605,0.8984126984126983,0.45,0.0,0.45,0.0,0.0,2.013,0.0,2.1077,1.909260045,0
2861,P46778:Q9H6Y2,0.7746218377200782,0.1428571428571428,0.4333333333333333,0.0,3.02,0.0,3.02,0.0,0.6153,0.0,0.0,1.5818,2.9393102508,0
2862,P31153:P58005,0.149360310328794,0.1689818728280266,0.2733333333333333,0.5916666666666667,0.15,0.0,0.15,0.0,0.0,2.416,0.0,1.1757,0.42607368,0
2863,Q15648:Q86WV5,0.3185097576004891,0.1160714285714285,0.5920634920634922,0.8900000000000001,0.15,0.0,0.15,0.0,0.0,2.416,0.0,1.5818,0.57324432,0
2865,O15263:Q9NRX1,0.0137771911522556,0.1428571428571428,0.3238095238095238,0.875,0.68,0.0,0.68,1.2535,0.0,0.9878,0.0,1.1757,0.9899170193748,0
2866,P62070:Q8NBS9,0.7353425347642,0.175,0.3670138888888888,0.5714285714285714,8.98,0.0,8.98,0.9127,0.6153,2.013,0.0,1.5818,16.057822329128,0
2867,Q5SR56:Q9NY12,0.7939549032529591,0.0874125874125874,0.3532091097308489,0.2705128205128205,0.0,0.0,0.0,0.0,0.0,1.5978,0.0,2.1077,3.36768306,0
2869,Q14213:Q6UXA7,-0.0353988416296593,0.125,0.6666666666666666,1.0,0.24,0.0,0.24,0.0,0.0,0.0,0.0,1.5818,0.379632,0
2870,P62701:Q8NBP7,-0.275915600666469,0.1406926406926406,0.3460317460317459,0.625705467372134,3.16,0.0,3.16,0.0,0.0,1.5978,0.0,0.7126,3.5979516048,0
2871,O60291:Q9NXF1,0.5967232703189861,0.0,0.4804292929292929,1.0,0.29,0.0,0.29,0.0,0.0,2.416,0.0,0.7126,0.499276064,0
2873,O43610:P56945,0.6011640582554565,0.1218297258297258,0.6066666666666666,0.9262295081967216,0.62,7.37,7.37,2.0764,0.0,2.416,0.0,2.7714,102.464789134963,0
2874,Q6A555:Q92989,0.2180052823300743,0.1335470085470085,0.4260504201680672,0.1283108425965568,3.44,0.0,3.44,0.0,0.0,1.5978,0.0,2.7714,15.2328116448,0
2875,P50583:Q8IX18,0.6810655225996204,0.1619047619047619,0.125,0.2229437229437229,0.19,0.0,0.19,0.0,0.0,2.013,0.0,2.1077,0.806132019,0
2876,O60759:P50579,0.0742478480438231,0.0969696969696969,0.6666666666666665,0.4392857142857143,0.0,0.0,0.0,0.5125,0.0,2.013,0.0,0.8888,0.91694163,0
2877,P0CG48:P62877,0.3583168961396804,0.2524959891488958,0.6313668992012942,0.6543730158730158,0.0,0.0,0.0,0.0,9.7902,0.993,0.0,0.0,9.7216686,1
2878,O95158:Q71DI3,0.1500864151785514,0.1022727272727272,0.4714285714285714,0.9055555555555556,0.19,0.0,0.19,2.3254,0.0,1.1933,0.0,1.5818,0.83397394170244,0
2880,P15374:P62195,0.313849771133949,0.4123931623931623,0.8179197994987469,0.9313822751322752,0.19,0.0,0.19,2.3254,0.0,1.1933,0.0,45.2798,23.8729126852308,0
2882,O60244:Q71SY5,0.3460327712465629,0.5349965823650034,0.6462962962962963,0.939455782312925,1.02,0.0,1.02,0.0,3.1392,2.013,0.0,3.9008,25.1429722638336,1
2883,P40227:Q9H7T0,-0.0749462099924496,0.238095238095238,0.2694444444444444,0.0,0.0,0.0,0.0,0.0,0.0,0.993,0.0,0.8888,0.8825784,0
2884,P46781:P62244,0.9479029702529128,0.6027777777777777,0.739021164021164,0.6911764705882353,52.16,0.0,52.16,0.0,30.1977,1.5978,24.11,45.2798,2747486.55673958,1
2885,Q96RI1:Q99598,-0.3019715942865423,0.3466117216117216,0.4380952380952381,0.8973484848484847,0.17,0.0,0.17,0.0,0.0,2.013,0.0,1.1757,0.402336297,0
2888,P04279:P61758,-0.0251592501907407,0.185,0.5083333333333333,0.9766666666666666,0.0,0.0,0.0,0.0,0.0,0.9594,0.0,0.8888,0.85271472,0
2889,Q9NVU0:Q9Y5Z0,0.3955732309413349,0.0753279073867309,0.262797619047619,0.0,0.15,0.0,0.15,0.0,0.0,2.416,0.0,1.1757,0.42607368,0
2890,Q7L523:Q9Y2Q5,0.2838054385037707,0.4243182743182743,0.7029261518623224,0.9435626102292768,77.86,0.0,77.86,1.7951,0.0,2.013,0.0,5.6875,1600.17776280863,1
2891,A1L167:P62263,-0.3862419473026967,0.1035759269969796,0.4670068027210884,0.7375,0.63,0.0,0.63,4.2492,0.0,1.5978,0.0,0.7962,3.40558961104656,0
2893,Q05D32:Q9NR82,-0.1283659937485982,0.1,0.2142857142857143,0.2424242424242424,0.0,0.0,0.0,0.0,0.0,2.013,0.0,1.5818,3.1841634,0
2894,P19388:P83436,0.3933848070522101,0.2327149041434755,0.2450396825396825,1.0,0.0,0.0,0.0,0.0,0.0,1.5978,0.0,5.6875,9.0874875,0
2895,Q9P0I2:Q9Y3B6,0.1243750376544149,0.8,0.6685714285714286,0.8545454545454546,0.0,0.0,0.0,0.0,9.7902,2.013,0.0,9.4687,186.60603954762,1
2898,P13807:Q96NB2,-0.0871946988339157,0.1043771043771043,0.2458333333333333,0.7785714285714286,0.0,0.0,0.0,0.0,0.0,1.5978,0.0,1.5818,2.52740004,0
2899,P04155:P35269,-0.0526098266554669,0.1159271284271284,0.4802681992337164,0.7212643678160918,0.41,0.0,0.41,0.0,0.0,1.5978,0.0,1.1757,0.7701987186,0
2902,P0C0S5:P62805,0.5096626353667885,0.3426923076923077,0.3126728110599078,0.9662698412698412,282.86,0.0,282.86,4.0064,43.6808,1.5978,24.11,2.7714,5284881.67027023,1
2903,P08253:P09466,0.1895420232648769,0.1888888888888888,1.0,0.96875,0.94,2.59,2.59,0.0,0.0,1.5978,0.0,1.5818,6.5459661036,0
2904,Q8IX90:Q9H9Y6,0.8318186247143797,0.1316738816738816,0.5416666666666666,0.3626186678818258,0.19,0.0,0.19,0.0,0.0,1.5978,0.0,5.6875,1.726622625,0
2905,Q9BYC8:Q9GZT3,0.3300372789884505,0.1105555555555555,0.535515873015873,0.9166666666666666,0.41,0.0,0.41,0.9127,0.0,0.0,0.0,45.2798,16.9440181186,0
2907,Q3LHN2:Q9BRV8,0.0,0.0,0.8125,0.8842592592592592,0.0,0.0,0.0,0.0,0.0,0.9594,0.0,0.8888,0.85271472,0
2908,Q92558:Q96NT3,-0.5269373244150369,0.0972222222222222,0.0,1.0,0.17,0.0,0.17,0.0,0.0,0.0,0.0,1.1757,0.199869,0
2909,O75575:P21580,0.3574368632908513,0.1069195479572838,0.7473015873015872,0.801209372637944,0.0,0.0,0.0,0.0,0.0,2.013,0.0,1.1757,2.3666841,0
2911,Q86VE0:Q96RI1,-0.2863617682740662,0.2208001437716958,0.2576839826839827,0.4926943426943427,0.22,9.966,9.966,0.0,0.0,2.416,5.86,1.5818,223.186026357888,0
2912,Q86XR7:Q86Z20,0.180398347378428,0.1525274725274725,0.5,1.0,0.24,0.0,0.24,0.0,0.0,2.013,0.0,0.4364,0.210833568,0
2913,A6NKF2:Q5T749,0.028406832273956,0.0,0.3333333333333333,1.0,0.0,0.0,0.0,0.0,0.0,0.9878,0.0,1.5818,1.56250204,0
2914,P50895:Q8NFZ6,-0.0536555178584642,0.4179894179894179,1.0,0.5,0.23,0.0,0.23,0.0,0.0,1.5978,0.0,1.5818,0.5813020092,0
2915,Q96DF8:Q9Y5S9,0.663801392755195,0.2546451355661882,0.2587837837837837,0.9415094339622644,0.15,0.0,0.15,0.0,0.0,2.013,0.0,3.9008,1.17784656,0
2918,P26373:P58340,-0.1125687298207253,0.1126190476190476,0.5125,0.96875,0.0,0.0,0.0,0.0,0.0,2.013,0.0,1.1757,2.3666841,0
2920,P62249:P62273,0.7649934390606968,1.0,0.7327891156462585,0.5555555555555556,0.54,0.0,0.54,1.2535,0.0,1.5978,24.11,38.174,995.417781620628,1
2922,O15212:P50990,0.6447176337150322,0.4552068302068301,0.3742160278745644,0.810990338164251,3.82,0.0,3.82,3.124,0.6153,2.013,10.8,9.4687,1511.53841994068,1
2924,O95149:Q14974,0.7258184930860845,0.6474491710559822,0.5957528957528958,0.8694235588972431,0.54,3.52956,3.52956,0.0,0.0,2.013,10.8,3.9008,299.324167510579,1
2926,O00159:Q15070,0.5506370056985141,0.1325119325119325,0.280952380952381,0.6153846153846154,0.23,0.0,0.23,0.0,0.0,2.013,0.0,2.1077,0.975844023,0
2929,Q6GMV2:Q9Y2T5,0.1055573246910454,0.1494708994708994,0.3333333333333333,0.4365079365079365,0.0,0.0,0.0,0.0,0.0,1.5978,0.0,1.1757,1.87853346,0
2930,A6NKQ9:P27348,0.0283069430418308,0.2964285714285714,0.4783333333333333,0.3304597701149425,0.0,0.0,0.0,19.2898,0.0,1.5978,0.0,0.6688,20.613246943872,0
2931,P62913:Q96MA1,-0.1252372311052361,0.1704545454545454,0.35,0.7259259259259258,0.0,0.0,0.0,0.0,0.0,1.5978,0.0,0.7126,1.13859228,0
2933,Q9H6T3:Q9UPT8,0.9019450748804112,0.0794871794871794,0.475,0.3805555555555555,0.0,0.0,0.0,0.0,0.0,2.416,0.0,2.7714,6.6957024,0
2935,O14561:P45379,0.7232121078571581,0.0970833333333333,0.3830246913580246,0.6,0.0,3.86531,3.86531,0.5125,0.0,2.013,0.89,2.1077,7.48033033767295,0
2939,P08865:P63220,0.9137196727760756,0.7777777777777778,0.7340136054421768,0.7272727272727273,2091.17,0.0,2091.17,0.0,225.1333,1.1933,24.11,38.174,517063161.550571,1
2940,A6NER0:Q9BUE0,0.0777806612561192,0.0,0.1802721088435374,0.9555555555555556,0.0,0.0,0.0,0.0,0.0,0.9878,0.0,0.8888,0.87795664,0
2941,Q13573:Q9NZ63,0.6352643509682798,0.540625,0.6047619047619047,0.7222222222222222,0.22,0.0,0.22,0.0,0.0,2.416,0.0,5.6875,3.02302,0
2942,P61326:Q08AG5,0.6073521947140555,0.2,1.0,0.8624999999999999,0.54,0.0,0.54,0.0,0.0,0.9878,0.0,1.5818,0.8437511016,0
2943,O15091:P83876,0.5603133085344681,0.1154761904761904,0.5533730158730158,0.2,0.26,0.0,0.26,0.0,0.0,0.0,0.0,18.4426,4.795076,0
2944,P20226:Q96I36,0.1550489147035687,0.1666666666666666,0.2941919191919191,1.0,0.0,0.0,0.0,0.0,0.0,1.1933,0.0,1.5818,1.88756194,0
2947,O75787:Q8N6W0,0.0777689466248588,0.1018518518518518,0.2875,0.9272727272727272,0.41,0.0,0.41,0.0,0.0,2.416,0.0,1.5818,1.566867808,0
2950,P63220:Q9HCE1,0.5209435041878875,0.075631255998903,0.9108465608465608,0.7767857142857143,0.43,0.0,0.43,1.7092,0.0,1.1933,0.0,1.1757,1.03111593498636,0
2951,Q96M96:Q9NQP4,0.1567664206023207,0.1687179487179487,0.4333333333333333,0.42,1.05,0.0,1.05,0.0,0.6153,2.013,0.4,1.1757,0.6116127052266,0
2954,Q06265:Q9NQT5,0.9390691221994448,0.3450980392156862,0.4480820105820106,0.9495,118.38,0.0,118.38,1.7951,3.1392,1.5978,24.11,45.2798,1163617.1014689,1
2956,Q8NE86:Q9NQX5,0.4182329681828278,0.0,0.25,1.0,0.22,0.0,0.22,0.5125,0.0,0.0,0.0,1.5818,0.17834795,0
2957,P46782:P62857,0.9234465254214412,0.522077922077922,0.7066924066924067,0.6538461538461539,399.5,0.0,399.5,2.0764,0.6153,0.993,24.11,38.174,466475.508709896,1
2958,P24928:P67775,0.5155494681339563,0.1251869391292468,0.3680803571428571,0.8664093466308656,0.41,9.77072,9.77072,0.0,0.6153,1.5978,5.86,5.6875,320.15104626961,1
2959,A6NGJ6:Q15019,0.0,0.1019480519480519,0.3697089947089946,0.1375313283208019,0.24,0.0,0.24,0.0,0.0,0.993,0.0,0.4364,0.104002848,0
2964,P06746:P31946,0.2919034552889357,0.1502525252525252,0.4946787148594376,0.9799950908198328,0.54,72.805,72.805,0.0,0.6153,2.013,2.07,5.6875,1061.65559120652,0
2965,O43908:Q9HBM6,-0.0785729483149019,0.0915881504116798,0.297948428383211,0.1918367346938775,0.24,0.0,0.24,0.9127,0.0,1.1933,0.0,1.1757,0.30731619760488,0
2966,P14784:P31785,0.7390444642427254,0.3908519258519258,0.8763003663003662,0.5619047619047618,77.86,2.60197,77.86,3.7695,0.0,2.416,5.86,5.6875,23632.7413951902,1
2968,P07306:Q9BTV5,-0.0762413220892751,0.1390467171717171,0.2547619047619048,0.5555555555555555,1.22,3.86531,3.86531,0.0,0.0,2.416,0.4,2.7714,10.3523861774976,0
2971,O14893:Q32MK0,-0.1148763624576526,0.1038042765315492,0.5416666666666667,0.2916666666666667,0.0,0.0,0.0,0.0,0.0,2.416,0.0,1.1757,2.8404912,0
2972,Q8NB37:Q9ULP0,0.4428931083370246,0.0725080139007474,0.4734848484848485,0.1440729483282675,2.14,0.0,2.14,0.0,0.0,0.0,0.0,1.1757,2.515998,0
2973,P01854:Q8N8N7,-0.2450434671491919,0.0769230769230769,0.5,0.3571428571428571,0.15,0.0,0.15,0.0,0.0,1.1933,0.0,0.4364,0.078113418,0
2974,O15273:Q9H2H0,-0.1101240737145585,0.1136363636363636,0.2888888888888889,0.2952380952380952,0.15,0.0,0.15,0.9127,0.0,0.0,10.8,0.4364,0.6452496936,0
2975,P11177:P60368,0.0408366984012339,0.0,0.3214285714285714,0.0,0.0,0.0,0.0,0.0,0.0,0.9878,0.0,0.5954,0.58813612,0
2976,A6NGE7:P50553,-0.1174013453131676,0.1224451144094001,0.2367724867724867,0.1374147842897843,0.3,0.0,0.3,0.0,0.0,0.0,0.0,2.1077,0.63231,0
2977,P62308:P62318,0.7576010232091698,0.623299319727891,0.4820287018917157,0.8857723577235771,292.74,0.0,292.74,2.409,9.2808,2.013,69.61,45.2798,41526391.1924516,1
2978,P55769:Q9Y4M8,0.1114349208877976,0.0,0.0,1.0,0.15,0.0,0.15,0.0,0.0,0.6909,0.0,0.4364,0.045226314,0
2979,P02545:Q9H8M5,0.3073033921874609,0.1203703703703703,0.2777777777777777,0.1269841269841269,0.41,0.0,0.41,0.0,0.0,2.416,0.0,1.5818,1.566867808,0
2980,Q03111:Q8WWH4,-0.046192603471711,0.1131623931623931,0.25,1.0,3.82,0.0,3.82,0.0,0.6153,2.416,0.0,1.5818,8.9825321264448,0
2981,P54105:P62308,0.7626561987673403,0.6813350340136053,0.459054834054834,0.903125,39.6,0.0,39.6,0.9127,9.2808,0.0,69.61,9.4687,221090.784585497,1
2982,P02686:Q30154,-0.0749060694513869,0.3107936507936508,0.4816624895572264,0.5833333333333334,0.41,3.86531,3.86531,0.0,0.0,1.1933,2.07,1.1757,11.2253743907807,1
2983,O95229:Q8NBT2,0.9660305246736824,0.4166666666666667,0.6942307692307691,0.925925925925926,0.41,0.0,0.41,0.5125,0.0,2.416,5.86,45.2798,134.702846229736,1
2985,P01911:P40967,0.0076639470509396,0.172008547008547,0.2538419913419913,1.0,2.85,0.0,2.85,0.0,0.0,1.1933,0.0,1.1757,3.9984440085,1
2988,O95819:Q9HAU4,0.2484124139635284,0.1753710575139146,0.475287356321839,0.8342013888888888,0.8,8.3796,8.3796,0.9127,0.6153,2.013,0.89,5.6875,47.9505336534886,0
2989,P61353:Q8IW19,0.6027361205220695,0.1288624338624338,0.43,0.8013605442176871,3.16,0.0,3.16,0.5125,0.0,1.5978,0.0,2.1077,5.45396271567,0
2990,P11908:P35754,-0.1435195776420305,0.3125,0.6476190476190478,0.5102040816326531,0.74,0.0,0.74,0.0,0.0,1.5978,0.0,2.7714,3.2768257608,0
2991,Q9BYU5:Q9BZJ0,0.0368704150450717,0.0,0.3287414965986395,0.0,0.0,0.0,0.0,0.0,0.0,0.993,0.0,0.8888,0.8825784,0
2994,P20226:Q9HAW0,0.664813147065882,0.3032828282828282,0.5133333333333334,0.4805555555555556,0.0,0.0,0.0,0.0,0.6153,1.5978,24.11,2.1077,49.959184176182,1
2996,P48551:Q8WWB7,0.2880655831633397,0.1142857142857142,0.3194444444444444,0.0,0.28,0.0,0.28,0.0,0.0,2.013,0.0,2.7714,1.562071896,0
2997,Q8N8R3:Q9H0W8,0.2359146126981438,0.0979076479076479,0.2,0.1661998132586367,0.15,0.0,0.15,0.0,0.0,2.013,0.0,2.7714,0.83682423,0
3000,P10768:P62877,0.4779717198002282,0.1053809434936885,0.6313668992012942,0.6543730158730158,0.0,0.0,0.0,0.0,0.0,1.1933,0.0,18.4426,22.00755458,0
3001,P19404:P56181,0.3720969144838082,0.3392911010558069,0.4779411764705882,0.6041666666666666,0.0,0.0,0.0,0.5125,0.6153,0.0,69.61,3.9008,85.62608793228,1
3002,O95168:Q3SXP7,0.069070633491452,0.0,0.5,0.125,0.15,0.0,0.15,0.0,0.0,0.0,0.0,1.1757,0.176355,0
3004,P98170:Q6GPH4,0.4748957185276492,0.3888888888888889,0.5333333333333333,0.9197994987468672,2.89,0.0,2.89,0.9127,0.6153,2.013,0.89,2.7714,8.05834399324438,1
3005,O14788:Q2MKA7,-0.0591913325173083,0.3378968253968254,0.7833333333333333,0.859375,0.54,0.0,0.54,0.0,0.0,2.416,0.0,2.1077,2.749789728,0
3006,P17174:P29372,-0.3771789412570616,0.1,0.5823529411764705,0.1307614607614607,0.0,0.0,0.0,1.0145,0.6153,1.5978,0.0,1.5818,1.57765832865887,0
3008,Q53HL2:Q9GZQ4,0.3659905771896596,0.1358039396500934,0.3484848484848485,0.3845270890725435,0.28,0.0,0.28,0.0,0.0,2.416,0.0,1.1757,0.795337536,0
3009,Q13098:Q96NG5,0.6696481274909198,0.1,1.0,0.8096153846153845,0.41,0.0,0.41,0.0,0.0,0.993,0.0,1.1757,0.478662741,0
3010,A6NNB3:O95182,-0.3953492352203674,0.0832798573975044,0.256235827664399,0.0,0.0,0.0,0.0,0.0,0.0,2.013,0.0,1.5818,3.1841634,0
3011,P98177:Q96J02,0.201483900564799,0.107105993753721,0.6426256613756614,0.7929761904761904,1.05,5.24327,5.24327,0.5125,0.6153,2.416,5.86,0.7962,18.6380179703155,0
3012,Q14005:Q15427,0.2729674944123769,0.100383707201889,0.3064761904761905,0.9683098591549296,3.02,0.0,3.02,0.0,0.0,1.5978,0.0,1.1757,5.6731710492,0
3013,Q00597:Q16342,0.1912672681145714,0.107070707070707,0.4666666666666666,0.8708333333333332,0.19,0.0,0.19,0.0,0.0,2.013,0.0,1.5818,0.604991046,0
3017,P40616:Q969V6,0.4901105401913023,0.1220238095238095,0.5785714285714285,0.606060606060606,0.41,5.43,5.43,0.0,0.0,1.1933,0.0,0.5954,3.8579651526,0
3018,Q13627:Q6ZN04,0.2716313198763615,1.0,0.6285714285714286,0.4166666666666666,0.94,8.3796,8.3796,0.0,0.0,2.416,24.11,2.7714,1352.74719180637,0
3019,P02766:Q86YC3,-0.0877045253843625,0.1479707792207792,0.4638888888888888,0.3999999999999999,2.72,0.0,2.72,0.0,0.0,2.416,0.0,0.6915,4.54420608,0
3021,P10747:Q86VY4,-0.1389529015289647,0.2707070707070707,0.35,0.8333333333333334,0.22,0.0,0.22,0.0,0.0,0.0,0.0,1.5818,0.347996,0
3022,Q9NXG6:Q9Y4Z0,0.1979034614689097,0.0685394670688788,0.1964795008912656,0.1636904761904762,0.17,0.0,0.17,0.0,0.0,1.1933,0.0,2.1077,0.4275701297,0
3023,P05198:P62857,0.522161237366925,0.1811688311688311,0.7066924066924067,0.6538461538461539,1.05,0.0,1.05,2.409,0.0,2.013,5.86,9.4687,282.525626632719,1
3024,Q99459:Q9Y314,0.3918244329326499,0.1055555555555555,0.4428571428571429,0.6157407407407408,0.62,0.0,0.62,0.0,0.0,2.416,0.0,5.6875,8.51942,0
3025,P12272:P28335,0.0378716327070268,0.1671533780229432,0.3,0.6432407407407407,0.24,0.0,0.24,0.5125,0.0,0.0,10.8,1.5818,2.10126312,0
3026,P01850:P01920,0.5926507437278029,0.4282186948853616,0.5624675324675324,0.0,0.84,0.0,0.84,0.9127,0.0,2.013,2.07,0.0,3.19463655588,0
3027,P61224:Q2TAA8,-0.0721766381935668,0.238095238095238,0.5,1.0,1.22,0.0,1.22,0.0,0.0,1.1933,0.0,0.7749,1.1281195674,0
3030,P04234:P0CF51,0.1227338545742175,0.4112554112554112,0.4537037037037037,0.5,0.83,2.59,2.59,0.0,0.0,0.0,0.0,0.0,2.59,0
3031,P62249:P62277,0.9652365820711332,0.6994047619047619,0.6767857142857142,0.6355555555555554,0.62,0.0,0.62,3.8142,15.4815,1.5978,24.11,38.174,53838.8140516659,1
3032,P62891:Q7RTS5,0.0607113439326805,0.1,0.4166666666666666,0.2172222222222222,0.0,0.0,0.0,0.0,0.0,0.993,0.0,0.4364,0.4333452,0
3033,P36578:Q8NBP7,-0.2943100069648403,0.1406926406926406,0.3460317460317459,0.625705467372134,0.23,0.0,0.23,0.0,0.0,1.5978,0.0,2.1077,0.7745671038,1
3034,O95754:Q6ZMJ4,0.0570232124285301,0.1572347587053469,0.5,0.3958333333333333,0.19,0.0,0.19,0.0,0.0,2.416,0.0,2.7714,1.272183456,0
3035,P43628:Q9H1R2,-0.0245296783171389,0.2587301587301587,0.75,0.2012025012025012,0.19,0.0,0.19,0.0,0.0,0.9594,0.0,1.1757,0.2143136502,0
3038,Q7Z4H4:Q96CS2,0.0933105902581394,0.1128399378399378,0.4389705882352941,0.5,0.54,0.0,0.54,0.0,0.0,1.5978,0.0,0.7749,0.6685930188,0
3041,O60934:Q9BXN2,0.1087376494589009,0.1444077967887491,0.4523809523809524,0.8795454545454545,0.83,2.23962,2.23962,0.0,0.0,2.416,5.86,2.7714,87.8755579932557,0
3042,Q99828:Q9NPI1,0.1228591938069654,0.1735008818342151,0.487142857142857,0.7068452380952381,0.41,0.0,0.41,0.0,0.0,2.416,0.0,1.5818,1.566867808,0
3044,Q15843:Q9HAP2,0.1626811075441084,1.0,0.437037037037037,0.300462962962963,2.49,0.0,2.49,0.0,0.0,0.993,0.0,1.5818,3.911111226,0
3045,O75448:Q9NWA0,0.5666889020589992,0.5166666666666667,0.4145833333333333,0.9428571428571428,0.0,0.0,0.0,0.0,0.0,0.0,0.4,2.1077,0.84308,1
3046,O94855:Q13595,0.3892090890648925,0.0729166666666666,0.5386904761904762,0.775,0.54,0.0,0.54,0.0,0.6153,2.416,0.0,2.7714,2.2247274708288,0
3047,Q8N9V6:Q9H2X6,-0.188785904310614,0.1481653008826921,0.4699792960662525,0.3923180592991914,3.52,7.37,7.37,0.5125,0.6153,2.013,0.0,2.1077,9.8605432674415,0
3048,P42773:Q9H239,0.2241385807660992,0.1525641025641025,0.5208333333333333,0.5102040816326531,0.54,2.59,2.59,0.0,0.0,2.416,0.0,1.5818,9.898018592,0
3050,P01566:Q24JQ0,0.0,0.0909090909090909,0.3,0.1537878787878787,0.34,0.0,0.34,0.0,0.0,1.1933,0.0,2.1077,0.8551402594,0
3051,P62987:Q6NZ36,0.5090337388365406,0.1452380952380952,0.6222222222222221,0.8936507936507938,0.36,0.0,0.36,0.9127,0.0,0.9878,0.0,2.7714,0.89949506662224,1
3054,A6PVS8:P04150,-0.0392287784332578,0.0,0.0,0.7177226257734732,0.24,5.22,5.22,3.5815,0.0,2.013,0.0,0.8888,33.449010844392,0
3055,O00311:P25311,-0.1485940909724402,0.1881989538239538,0.3935897435897436,0.7182539682539683,0.63,3.51,3.51,0.5125,0.0,1.1933,0.0,0.6688,1.43564443308,0
3058,Q9BRT9:Q9Y248,0.9396813895210764,0.6862745098039215,0.4841269841269842,1.0,2091.17,0.0,2091.17,0.5125,606.3917,2.013,5.86,45.2798,347122167.27929,1
3062,P08473:P50607,-0.0743428582024226,0.1727777777777777,0.4571428571428572,0.4444444444444444,0.62,0.0,0.62,0.0,0.0,2.416,0.0,2.1077,3.157165984,0
3063,Q9H707:Q9Y5V3,-0.1779261222874567,0.3084966800875892,0.4555555555555555,0.9924242424242424,0.28,0.0,0.28,0.5125,0.0,2.013,0.0,1.1757,0.33961916835,0
3064,A2RUQ5:P20265,0.5394315837617313,0.0,0.0,0.5287037037037038,0.54,0.0,0.54,0.9127,0.0,0.8011,0.0,2.7714,1.09422782628732,0
3065,Q9NX14:Q9Y6M9,0.3938240352654789,0.3053030303030303,0.6178571428571428,0.890625,0.0,0.0,0.0,0.0,0.0,2.013,10.8,45.2798,984.40096392,1
3068,Q5VT97:Q75N03,0.5089128627534337,0.2062289562289562,0.4152380952380953,0.1108379715522572,0.26,0.0,0.26,0.0,0.0,2.416,0.0,2.1077,1.323972832,0
3069,P62306:P62314,0.9534976076036809,0.6212585034013605,0.4132488479262672,0.8574074074074074,292.74,0.0,292.74,2.409,9.2808,2.013,69.61,38.174,35009617.0341001,1
3071,P13805:Q8WWB3,-0.013643095631819,0.0,0.3214285714285714,1.0,0.54,0.0,0.54,0.0,0.0,0.0,0.0,1.1757,0.634878,0
3074,O95298:Q86Y39,0.3279234080925677,0.3858585858585858,0.6576923076923076,1.0,0.8,0.0,0.8,0.0,0.0,0.0,0.0,45.2798,36.22384,1
3075,P19388:Q8TCD1,-0.0174276173772647,0.1,0.375,1.0,0.0,0.0,0.0,0.0,0.0,1.5978,0.0,2.7714,4.42814292,0
3077,O60508:Q96DF8,0.6559994964947107,0.6923076923076924,0.7037037037037037,1.0,0.19,5.22,5.22,0.5125,3.1392,1.5978,0.0,3.9008,52.3431023142251,0
3078,P33991:P80162,0.0377069028971355,0.102062567062567,0.5,0.5714285714285714,0.41,2.59,2.59,0.0,0.0,1.1933,0.0,1.1757,3.6336736779,0
3079,O95863:Q9Y3D3,0.2098827787150261,0.1309523809523809,0.3062499999999999,0.4375,0.54,0.0,0.54,0.0,0.0,0.0,0.0,1.1757,0.634878,0
3080,P05198:Q9NVM4,0.3240292934884483,0.1277829313543599,0.5222222222222223,0.436671335200747,1.52,3.51,3.51,0.5125,0.6153,2.013,0.0,9.4687,21.097064616394,1
3081,Q16633:Q9Y4E1,0.286621252939862,0.1046367521367521,0.170995670995671,0.5882086167800453,0.19,0.0,0.19,0.9127,0.0,2.416,0.0,0.6915,0.289714856232,0
3082,P15509:Q9H8H2,-0.0974066034130504,0.1111111111111111,0.21,0.3435374149659863,0.19,5.43,5.43,0.0,0.0,2.013,0.0,1.1757,12.851094663,0
3083,P54578:P55039,0.7485409622103092,0.1454545454545454,0.55625,0.7515894236482472,8.98,4.96,8.98,0.9127,0.0,2.013,0.0,5.6875,93.836018401125,0
3085,Q8TED0:Q96F46,0.1347175094811634,0.1188355504144978,0.3571428571428571,0.7551020408163264,1.22,5.22,5.22,0.0,0.0,2.013,0.0,1.5818,16.621332948,0
3087,P30874:P40227,0.048938227998802,0.1339105339105339,0.619047619047619,0.7876157407407408,0.0,0.0,0.0,0.0,0.0,1.5978,0.0,1.1757,1.87853346,0
3089,Q15788:Q96RI1,-0.3618379736197449,0.197070466740132,0.6348484848484849,0.4926943426943427,0.41,161.514,161.514,0.0,0.6153,2.416,0.0,1.5818,379.791804678169,1
3090,P07814:P28482,0.2676665774079625,0.0994660423384332,0.7844671201814059,0.8826998050682261,0.71,14.0753,14.0753,0.0,0.6153,2.013,5.86,9.4687,967.333711162513,0
3091,P09327:Q68DV7,0.5166737075366824,0.1312409812409812,0.8583333333333332,0.6225925925925925,0.94,0.0,0.94,0.0,0.0,2.416,0.0,5.6875,12.91654,0
3092,Q8NCN4:Q9NRC1,0.5252502656524672,0.2291666666666666,0.5,1.0,0.19,5.22,5.22,0.0,0.0,2.013,0.0,1.1757,12.354091002,0
3093,P10826:Q8NGF6,0.0,0.5555555555555556,0.3333333333333333,0.2777777777777777,0.15,4.96,4.96,0.0,0.0,2.013,0.0,1.1757,11.738753136,0
3095,O43567:Q5JUK9,-0.0688248176809028,0.0,0.0,1.0,0.0,0.0,0.0,0.0,0.0,0.993,0.0,0.4364,0.4333452,0
3096,Q86UF2:Q9BTT0,-0.0982128053607019,0.1342592592592592,0.1751322751322751,0.0,0.15,0.0,0.15,0.0,0.0,2.416,0.0,1.1757,0.42607368,0
3099,Q8NGL2:Q9UBQ5,0.0,0.1422222222222222,0.3009070294784581,0.4277777777777777,0.0,0.0,0.0,0.0,0.0,1.5978,0.0,0.8888,1.42012464,0
3102,P06748:Q8WXB4,0.3547882541373138,1.0,0.6,0.1691919191919192,0.54,0.0,0.54,0.0,0.6153,2.416,0.0,2.1077,1.6919456196384,0
3103,P02675:Q969H4,-0.1602025178538813,0.125,0.4833333333333333,0.9583333333333334,0.41,0.0,0.41,0.0,0.0,2.416,0.0,1.1757,1.164601392,0
3105,P30281:Q8TAL5,-0.0990839421809206,0.0,0.0,1.0,0.24,7.37,7.37,0.0,0.0,1.5978,0.0,0.7962,9.3758808132,0
3106,Q8IXM3:Q9Y5H7,0.0531314751741355,0.1726190476190476,0.25,0.1666666666666666,0.0,0.0,0.0,0.0,0.0,1.5978,0.0,1.5818,2.52740004,0
3108,O15372:Q6NW40,0.2420154406463354,0.162051282051282,0.64,0.8,0.26,0.0,0.26,0.0,0.0,2.013,0.0,1.1757,0.615337866,0
3109,P62805:P84243,0.1582681829706838,0.2059048975715643,0.8483552631578949,0.8927469135802468,2091.17,0.0,2091.17,2.409,154.1674,1.1933,24.11,5.6875,127082850.830005,1
3110,Q8IXM3:Q96K78,-0.0065537100508111,0.1322751322751322,0.2916666666666666,0.880952380952381,0.41,0.0,0.41,0.0,0.0,2.013,0.0,1.1757,0.970340481,0
3111,P50219:Q96DV4,-0.3143924764198183,0.1111111111111111,0.2764705882352941,0.2,0.15,0.0,0.15,0.5125,0.0,2.416,0.0,2.7714,0.514732122,0
3112,Q03181:Q9BQ24,0.53798384413707,0.0,0.1875,0.975,0.19,3.66,3.66,0.0,0.0,2.416,0.0,1.5818,13.987161408,0
3116,P27986:P59190,-0.1257593874405179,0.1628151260504201,0.4166666666666666,0.412037037037037,8.53,14.0867,14.0867,0.0,0.6153,2.013,2.07,1.1757,42.4626231382409,0
3117,P17980:P60900,0.4655805779334696,0.4895238095238096,0.7455898268398268,0.9190972222222222,7.06,0.0,7.06,2.3254,158.1204,2.013,24.11,45.2798,5704738.7249902,1
3121,O60676:Q8IWX5,-0.0713653662924679,0.0,0.2333333333333333,0.0782051282051282,0.15,0.0,0.15,0.0,0.0,2.013,0.0,1.1757,0.355002615,0
3122,P20248:Q8N944,-0.0368097531697319,0.1547619047619047,0.3333333333333333,0.8571428571428572,0.22,4.96,4.96,0.0,0.0,2.013,0.0,0.7126,7.114940448,0
3123,O75879:Q9UKL0,-0.1138538910552532,0.0802437641723356,0.2633333333333333,0.956989247311828,0.24,0.0,0.24,0.0,0.0,2.013,0.0,1.5818,0.764199216,0
3125,P62837:Q99496,0.7437392721966655,0.1714260739260739,0.6379928315412186,0.9554391932211482,118.38,0.0,118.38,3.7695,5.052,1.5978,5.86,9.4687,199864.570616034,1
3126,P61326:Q9H5V9,0.7871516656422142,0.1124338624338624,0.5990196078431372,0.75,0.19,0.0,0.19,0.0,0.0,0.0,0.0,18.4426,3.504094,0
3128,O15265:O43181,0.4695018580574077,0.125844178969179,0.2019230769230769,0.34375,0.54,5.43,5.43,0.9127,0.0,2.013,0.0,2.1077,21.0271518263961,0
3130,Q06330:Q7Z6K4,0.0149959879013612,0.2253144078144078,0.0,0.625,2.49,0.0,2.49,0.0,0.0,2.013,0.4,0.7962,1.5963395976,1
3131,Q03468:Q99608,0.4047973308357688,0.193162789591361,0.5458333333333333,0.8774509803921569,0.19,0.0,0.19,0.0,0.0,2.013,0.0,0.6915,0.264478005,0
3132,P13639:P62841,0.7659065995691234,0.2337637362637362,0.7455026455026454,0.5428571428571428,0.62,0.0,0.62,0.0,0.0,1.1933,24.11,45.2798,807.686902539388,1
3134,Q13285:Q15185,0.0316907596090311,0.1570500927643785,0.7146341463414634,0.8273273273273273,0.28,5.45912,5.45912,2.3254,0.0,2.416,5.86,0.7749,139.270942894884,0
3135,P46976:Q5SRI9,-0.03911797436233,0.0,0.3,0.1309523809523809,0.0,0.0,0.0,0.0,0.0,2.013,0.0,2.7714,5.5788282,0
3137,A6ND48:P02008,0.1435139093786322,0.1152777777777777,0.1904761904761904,0.8928571428571428,0.0,0.0,0.0,0.0,0.0,1.5978,0.0,1.1757,1.87853346,0
3139,Q8IZP6:Q8WWY3,0.125936355495786,0.121025641025641,0.2415873015873016,0.1972985347985348,1.05,0.0,1.05,0.9127,0.0,2.013,0.0,2.7714,5.346386323047,0
3140,Q16557:Q16655,-0.0040933807346088,0.0,0.2126190476190476,0.0,0.0,0.0,0.0,0.0,0.0,1.5978,0.0,1.5818,2.52740004,0
3141,P08473:P68400,0.3320769179774587,0.1475803657621839,0.3868312757201645,0.8132592592592593,0.15,4.1527,4.1527,0.0,0.6153,2.416,0.4,0.7126,1.7596253591194,1
3143,Q12874:Q9BXI9,0.6077634052709422,0.0,0.375,1.0,0.22,0.0,0.22,0.0,0.0,1.5978,0.0,0.7126,0.2504903016,0
3145,O95551:Q13569,0.3558939763900255,0.2677442877977637,0.780392156862745,0.481084656084656,0.19,0.0,0.19,0.5125,0.0,2.013,0.0,9.4687,1.8560155156125,0
3146,P16104:Q7Z6B0,0.2072860900654274,0.1272727272727273,0.51,1.0,0.0,0.0,0.0,0.0,0.0,1.5978,0.0,1.1757,1.87853346,0
3147,P61604:Q3MJ13,0.2965287101230566,0.1624542124542124,0.3357142857142857,0.0,0.54,0.0,0.54,0.0,0.0,2.013,0.0,1.5818,1.719448236,0
3148,Q13503:Q9NVC6,0.7548093579703417,0.6057748538011696,0.415625,0.7611791383219955,0.36,3.52956,3.52956,2.3588,9.2808,2.416,5.86,18.4426,20175.01168033,1
3149,P60568:Q13634,-0.1091318419924386,0.2904761904761904,0.2583333333333333,0.5555555555555555,0.68,0.0,0.68,0.0,0.0,2.013,0.0,2.1077,2.885104068,0
3150,P05019:P51508,0.3900212939872787,1.0,0.2,0.1703703703703703,3.44,0.0,3.44,0.0,0.0,2.013,0.0,1.1757,8.141393304,0
3152,P23396:Q9Y484,0.5475377054020136,0.1858333333333333,0.6666666666666666,0.7384920634920634,1.52,0.0,1.52,0.0,0.6153,2.013,0.0,5.6875,10.7076874905,0
3153,O95994:Q7Z3F1,0.3078516854171844,0.1563971742543171,0.1547619047619047,0.2,0.15,0.0,0.15,0.0,0.0,2.416,0.0,1.1757,0.42607368,0
3154,O76080:Q9UNM6,0.4550458514220304,0.0883838383838383,0.4645050125313283,0.8333333333333334,0.41,0.0,0.41,2.3254,0.0,2.013,0.0,3.9008,7.4865026677056,0
3155,P62266:Q9UEG4,0.4924035436437275,0.0645833333333333,0.5,0.87989417989418,0.83,0.0,0.83,0.0,0.0,0.9878,0.0,1.1757,0.9639258618,0
3156,P48050:Q15029,-0.2772511025409281,0.0781818181818181,0.2833655083655083,0.867831541218638,0.54,2.59,2.59,0.0,0.0,1.5978,0.0,2.7714,11.4688901628,0
3159,P32780:Q6P4Q7,0.2097931224963029,0.0924242424242424,0.3055555555555555,0.5625,0.41,0.0,0.41,0.0,0.0,2.416,0.0,1.1757,1.164601392,0
3161,Q8IWT1:Q96E17,0.5306978873250707,0.175,0.3168650793650793,0.7342592592592593,0.24,0.0,0.24,0.0,0.0,0.0,0.4,2.1077,0.2023392,0
3162,P47813:Q16777,0.2469309537364742,0.0909090909090909,0.1875,0.3333333333333333,0.22,0.0,0.22,2.0764,0.0,1.1933,0.0,1.5818,0.86225339468752,0
3164,P62263:P62857,0.9187707126243402,0.522077922077922,0.7066924066924067,0.6538461538461539,52.16,0.0,52.16,2.409,0.0,0.0,181.01,38.174,868249.656703545,1
3167,P01111:Q969H6,0.5100704833140861,0.0875,0.185758377425044,0.8968750000000001,0.34,0.0,0.34,0.0,0.0,2.013,0.0,3.9008,2.669785536,0
3169,O95994:Q9Y3Q0,-0.1986998788316476,0.1428571428571428,0.4166666666666666,0.4602813852813854,0.62,0.0,0.62,0.0,0.0,2.416,0.0,2.1077,3.157165984,0
3170,O96000:Q8NBB4,-0.1833008531882275,0.0625,0.35,0.7938888888888888,0.41,0.0,0.41,0.9127,0.0,1.5978,0.0,0.8888,0.53142058116048,0
3172,Q96DV4:Q9P015,0.2821546729747451,0.5416666666666666,0.5242424242424242,0.75,0.41,0.0,0.41,0.0,0.0,2.416,0.0,18.4426,18.268501856,1
3173,O95229:Q96SW2,0.0378881217504216,0.1203703703703703,0.4174603174603175,0.9529411764705882,0.19,0.0,0.19,0.9127,0.0,2.013,0.0,2.1077,0.7357566937413,0
3176,O43837:P51553,0.8412828546202482,0.55,0.6498015873015872,0.655952380952381,2091.17,0.0,2091.17,0.5125,5.5574,0.0,181.01,45.2798,48815971.2621939,1
3177,A1Z1Q3:O15239,0.1396144927063033,0.1027777777777777,0.1852678571428571,0.1428571428571428,0.0,0.0,0.0,0.0,0.0,1.1933,0.0,1.1757,1.40296281,0
3180,P08708:P61247,0.9572729072862384,0.6632575757575757,0.6850793650793651,0.4055555555555556,1.52,0.0,1.52,0.0,15.4815,1.1933,24.11,45.2798,30655.4697873042,1
3181,Q13098:Q7L5N1,0.7122299861755478,0.4342105263157894,0.5125,0.9601190476190476,2.49,0.0,2.49,2.409,9.7902,2.416,0.17,45.2798,1092.13936798046,1
3182,P16435:P25398,0.080872635024659,0.2026936026936027,0.735070785070785,0.53125,0.17,0.0,0.17,0.0,0.0,2.013,0.0,2.1077,0.721276017,0
3186,Q9BRJ9:Q9Y535,0.3760675327389016,0.1399999999999999,0.3416666666666665,0.4537037037037037,0.41,0.0,0.41,0.0,0.0,2.013,0.0,2.1077,1.739548041,0
3188,O00311:P36021,-0.1137526561830696,0.1485367063492063,0.3214285714285714,0.2571428571428571,0.0,0.0,0.0,0.0,0.0,2.416,0.0,0.7126,1.7216416,0
3190,P05161:P37108,0.2479806020555514,0.2166666666666666,0.4333333333333333,0.809375,2.72,0.0,2.72,1.7092,0.0,2.013,0.0,1.5818,14.8032520665216,0
3193,Q13627:Q8NCN4,0.7937392515197451,0.1936988936988936,0.4484848484848484,0.557051282051282,0.41,7.37,7.37,0.0,0.0,2.013,0.0,9.4687,140.475834147,1
3194,P38405:Q96DV4,-0.0898188332244959,0.125,0.2176470588235294,1.0,0.62,0.0,0.62,0.0,0.0,2.416,0.0,1.5818,2.369409856,0
3195,Q96BD8:Q9NZU5,-0.0637464365375919,0.0904558404558404,0.3999999999999999,0.4952380952380952,0.54,0.0,0.54,0.0,0.0,2.416,0.0,0.7126,0.929686464,0
3196,A8MXE2:P46782,0.5070639390675306,0.185,0.1776629072681704,0.1695054945054945,0.0,0.0,0.0,0.0,0.0,1.1933,0.0,0.0,1.1933,0
3197,P50552:Q14990,-0.0687079080170629,0.1458333333333333,0.3071428571428571,1.0,0.29,0.0,0.29,0.0,0.0,2.013,0.0,1.1757,0.686338389,0
3198,O75396:O95865,0.2464503915722654,0.1125,0.3,0.7142857142857143,0.0,0.0,0.0,0.5125,0.0,2.013,0.0,2.7714,2.8591494525,0
3201,P20273:P43628,0.1137130351390631,0.5833333333333334,1.0,0.9828767123287672,0.68,2.59,2.59,0.0,0.0,1.1933,0.0,1.1757,3.6336736779,0
3202,P01185:P47881,0.0218168804254474,0.7037037037037037,0.3333333333333333,0.1666666666666666,0.0,0.0,0.0,0.0,0.0,2.013,0.0,2.7714,5.5788282,0
3203,P20382:P98175,0.0,0.101019351019351,0.3899999999999999,0.2398467432950191,0.68,0.0,0.68,0.0,0.0,2.416,0.0,0.7962,1.308061056,0
3205,P30408:P54619,0.2940171683049313,0.1223158323158323,0.406,0.8622655122655123,0.15,0.0,0.15,0.5125,0.0,2.416,0.0,1.5818,0.293787714,0
3206,Q9H3D4:Q9UMR7,-0.0552338452911473,0.1933044733044733,0.3333333333333333,0.3083333333333333,0.54,0.0,0.54,0.0,0.0,2.013,0.0,1.5818,1.719448236,0
3207,Q9GZT3:Q9NX20,0.5216749816816695,0.1111111111111111,0.2491258741258741,0.5833333333333334,3.02,0.0,3.02,0.5125,0.0,1.5978,0.0,45.2798,111.97671673701,0
3210,A6NIV6:P20226,0.5889751475623217,0.0,0.4230717639168344,0.0,0.54,0.0,0.54,0.0,0.6153,1.5978,0.0,1.1757,0.62416528448652,0
3211,P27348:Q96HA9,-0.0392214657774434,0.1309523809523809,0.3482142857142857,1.0,2.32,65.3909,65.3909,0.0,0.0,2.013,0.0,1.1757,154.75960331469,0
3212,O75554:Q9NWB7,0.3406478683434727,0.0999014874014874,0.3547619047619048,0.925,0.15,0.0,0.15,0.0,0.0,2.013,0.0,9.4687,2.859073965,0
3213,Q01718:Q8N9I0,-0.0288134634518889,0.1494047619047619,0.5545561434450322,0.8936936936936936,0.62,0.0,0.62,0.0,0.0,2.416,0.0,5.6875,8.51942,0
3214,P13726:Q15750,0.2284251425918539,0.1504969567469567,0.4518115942028984,0.8963734567901235,0.15,3.84,3.84,1.2535,0.0,2.013,0.0,1.1757,11.391891914304,0
3215,P12814:P33151,0.1499699373878117,0.1386167651792652,0.4732758620689654,0.6944444444444444,0.94,3.66,3.66,0.0,0.0,2.416,0.0,2.7714,24.506270784,0
3216,P79522:Q8N0Z3,0.6787040535859029,0.0,0.0,1.0,0.0,0.0,0.0,0.0,0.0,2.416,0.0,2.1077,5.0922032,0
3218,Q9P2R7:Q9UMX0,0.6755044485881121,0.1189797130973601,0.2447619047619048,0.9967532467532468,0.19,0.0,0.19,0.9127,0.0,1.1933,0.0,18.4426,3.81639606238154,0
3219,P62979:Q2NL82,0.5243303844046924,0.1180555555555555,0.5666666666666667,0.4421296296296296,0.68,0.0,0.68,1.7092,0.0,1.5978,0.0,5.6875,10.5619868718,1
3220,Q13291:Q13952,0.2050653685161334,0.1877913752913753,0.2876190476190475,0.8810465429109497,0.54,3.84,3.84,0.0,0.0,0.993,0.0,1.5818,6.031593216,0
3221,P12004:Q8WV15,0.0215047915450867,0.0,0.5,1.0,0.54,0.0,0.54,0.0,0.0,1.1933,0.0,0.5954,0.3836650428,0
3223,Q5SV97:Q8IWL3,-0.289540376686524,0.1088888888888888,0.3874999999999999,0.0,0.84,0.0,0.84,0.0,0.0,1.5978,0.0,0.0,1.342152,0
3231,O60284:P68431,-0.0555914510749576,0.1787009287009286,0.4470085470085472,0.1980066445182723,0.68,0.0,0.68,0.0,0.0,1.1933,0.0,1.1757,0.9540147108,0
3232,O15212:P0C7H9,0.4235288071093471,0.4065934065934066,0.3,0.125,0.0,0.0,0.0,0.0,0.6153,1.5978,0.0,0.4364,0.429036334776,0
3233,P46782:P62249,0.9439519042334096,0.5594877344877344,0.7003759398496241,0.5625,292.74,0.0,292.74,4.2492,5.2693,1.5978,24.11,38.174,9638944.12756796,1
3234,P01850:P01911,0.5288464329343884,0.241190638065638,0.5015151515151517,0.0,0.97,0.0,0.97,0.9127,0.0,0.993,2.07,0.0,1.81978205769,1
3235,P42704:Q9NZE8,0.6030373792654279,0.1833333333333333,0.3081709956709956,0.625,0.19,0.0,0.19,0.0,0.0,2.013,0.0,18.4426,7.053741222,0
3237,O15273:Q5VXH5,0.0,0.0941147741147741,0.3125,0.5,0.19,0.0,0.19,0.0,0.0,0.0,0.0,1.1757,0.223383,0
3238,P31040:Q9P0K1,0.0840246952549836,0.2222222222222222,0.2427248677248677,0.8766233766233765,0.0,0.0,0.0,0.0,0.0,1.5978,0.0,1.1757,1.87853346,0
3239,O75909:Q6A162,-0.0290221018599496,0.1964285714285714,0.4627450980392156,0.998501872659176,0.68,0.0,0.68,0.0,0.0,1.5978,0.0,1.1757,1.2774027528,0
3242,Q86XR5:Q9BT17,-0.0800011443214584,0.0,0.2083333333333333,0.0,0.54,0.0,0.54,0.5125,0.0,1.5978,0.0,1.1757,0.519884135055,0
3243,P53803:Q96RR4,0.1819399370346802,0.1231391454653486,0.8833333333333333,0.2539682539682539,0.19,0.0,0.19,0.9127,0.6153,1.1933,0.0,1.5818,0.201404782234861,0
3244,P05230:Q8IXH7,-0.3057970779514015,0.2,0.8347826086956524,0.953125,0.0,0.0,0.0,1.0145,0.0,2.013,0.0,0.7126,1.4552635251,0
3245,O75554:Q15506,0.0958769197020067,0.11875,0.4121212121212121,1.0,0.61,0.0,0.61,0.0,0.0,2.013,0.0,3.9008,4.789909344,0
3246,Q15072:Q96HA4,0.2988525003295623,0.0,0.5,1.0,2.49,0.0,2.49,0.0,0.0,2.013,0.0,0.5954,2.984365098,0
3248,Q08623:Q8WXC6,-0.1564951860537709,0.0782828282828282,0.3714285714285714,1.0,0.0,0.0,0.0,0.0,0.0,1.5978,0.0,2.1077,3.36768306,0
3251,A0AVT1:B3SHH9,0.0236086367880075,0.0,0.25,1.0,0.19,0.0,0.19,0.0,0.0,2.013,0.0,0.6915,0.264478005,0
3254,P35222:Q8TDB6,0.3725460216348472,0.1745934737531376,0.5310119047619049,0.6044444444444445,0.83,5.89945,5.89945,0.0,0.0,2.013,0.89,2.7714,29.2916960417961,0
3257,Q68DV7:Q9Y2P7,0.1474611888628069,0.101010101010101,0.2499999999999999,0.5022222222222223,2.34,0.0,2.34,0.0,0.0,2.013,0.0,1.1757,5.538040794,0
3258,P62857:Q9BZQ6,0.4328777367615683,0.2263888888888889,0.35,0.1166666666666666,0.15,0.0,0.15,0.0,0.0,0.993,0.0,1.5818,0.23560911,0
3259,Q13573:Q9NYV8,0.5179802516483308,0.1145833333333333,0.3958333333333333,0.1547619047619047,0.28,0.0,0.28,0.0,0.0,0.9878,0.0,1.5818,0.4375005712,0
3261,O60939:Q96ST8,-0.0043062788954439,0.2321844821844821,0.3682539682539683,0.1428571428571428,0.54,0.0,0.54,0.0,0.0,2.416,0.0,1.5818,2.063679552,0
3263,A2RUB1:Q9Y535,0.0641279994104066,0.1435064935064935,0.3416666666666665,0.0,0.54,0.0,0.54,0.5125,0.0,1.5978,0.0,1.5818,0.69945796107,0
3264,P23109:Q5SWA1,-0.15156020782943,0.0624269005847953,0.1571428571428571,0.9074074074074072,0.15,0.0,0.15,0.0,0.0,2.013,0.0,1.1757,0.355002615,0
3265,P62873:Q9NUK0,-0.2570256561641961,0.1652380952380952,0.7142857142857143,0.4916666666666667,0.54,0.0,0.54,0.0,0.0,1.5978,0.0,3.9008,3.3656570496,0
3266,Q99714:Q9BWG6,0.191486640167674,0.2291666666666666,0.2638888888888889,0.9960199004975124,0.41,0.0,0.41,0.0,0.0,1.5978,0.0,9.4687,6.2029264326,0
3267,P61981:Q15427,-0.1414617131360632,0.100383707201889,0.3242222222222222,0.9683098591549296,0.19,0.0,0.19,2.3254,0.6153,1.5978,0.0,3.9008,1.69439353198031,0
3268,P01877:Q86VH5,-0.1503014984240857,0.1619047619047618,0.3571428571428572,0.0,0.24,0.0,0.24,0.0,0.0,2.013,0.0,0.4364,0.210833568,0
3271,Q08AI6:Q8IUQ4,0.0216124941842396,0.1015290265290265,0.4538461538461539,0.9328231292517004,0.19,0.0,0.19,0.0,0.0,1.5978,0.0,1.5818,0.4802060076,0
3273,P02679:Q53FT3,-0.2308480856344061,0.3262626262626262,0.4303030303030303,0.55,0.68,0.0,0.68,0.0,0.0,2.416,0.0,1.1757,1.931534016,0
3274,Q6P2C0:Q8N8D7,-0.0468048539954786,0.0909090909090909,0.125,0.0,0.0,0.0,0.0,0.0,0.0,0.0,0.0,3.9008,3.9008,0
3276,Q15796:Q86T23,0.1547572894249315,0.0,0.0,1.0,0.0,0.0,0.0,0.0,0.0,2.013,0.0,0.4364,0.8784732,0
3279,P06899:P68431,0.8418437234205495,0.6417989417989418,0.8444444444444446,0.9709302325581396,869.75,3.52956,869.75,3.124,5.5574,1.1933,24.11,9.4687,4113526.76319552,1
3280,O95837:Q9H0A8,0.3060987081218331,1.0,0.4458333333333333,1.0,0.71,0.0,0.71,0.0,0.0,2.013,0.0,1.1757,1.680345711,0
3282,P01374:Q92784,-0.0367602639751315,0.1711309523809523,0.3079365079365079,0.8285714285714286,0.62,0.0,0.62,0.0,0.0,2.013,0.0,1.5818,1.974181308,0
3283,O14893:P31941,-0.1759174189874711,0.0869255744255744,0.4878787878787879,0.4642857142857143,0.15,0.0,0.15,0.0,0.0,1.5978,0.0,0.8888,0.213018696,0
3284,Q99459:Q9H2C1,-0.0238256841500875,0.2383765076278445,0.6,0.8611507936507936,6.88,2.60197,6.88,0.0,0.0,2.416,0.89,1.5818,23.40059746816,0
3285,Q12834:Q9H6R3,-0.209734809590138,0.1428571428571428,0.2239583333333333,0.2459750566893424,2.08,0.0,2.08,0.0,0.6153,1.1933,0.0,1.5818,2.41574707229856,0
3286,P01730:Q5T749,-0.0442547677793373,0.0,0.1809523809523809,1.0,0.0,3.84,3.84,0.0,0.0,2.013,0.0,1.5818,12.227187456,0
3287,Q8IY51:Q9NYJ8,0.0817840006865221,0.0,0.1834688346883468,0.8795238095238096,2.49,0.0,2.49,0.0,0.0,2.013,0.0,0.8888,4.454994456,0
3293,P62136:Q5SWA1,0.6186446943690637,0.1514880952380952,0.775,0.9074074074074072,0.41,9.77072,9.77072,0.5125,0.0,0.993,0.4,2.1077,4.19216601522936,1
3294,P49736:Q96HY6,0.0312041536532288,0.1028876123876123,0.3331168831168831,0.775,0.62,0.0,0.62,0.0,0.0,2.013,0.0,2.1077,2.630536062,0
3295,Q7RTP0:Q9Y262,-0.2141782135930486,0.1796296296296296,0.4083333333333334,0.8333333333333334,0.71,0.0,0.71,0.0,0.0,2.013,0.0,1.5818,2.260756014,0
3297,O43181:P56181,0.6904373481415966,0.3392911010558069,0.4779411764705882,0.6041666666666666,0.0,3.86531,3.86531,0.9127,0.0,1.5978,69.61,3.9008,1530.59438351159,1
3300,Q8NH18:Q8WUW1,-0.1216763582415081,0.15,0.2648351648351649,0.4935185185185184,0.0,0.0,0.0,0.0,0.0,0.993,0.0,1.1757,1.1674701,0
3301,P01854:P06734,0.193149620675216,0.2548611111111111,0.6919642857142857,0.5229166666666667,0.24,0.0,0.24,0.0,0.0,2.013,2.07,0.0,1.0000584,1
3302,Q15370:Q9H173,0.3816740430265326,0.1303030303030302,0.2599999999999999,0.8545454545454544,0.0,5.43,5.43,0.9127,0.0,1.5978,0.0,5.6875,45.0372336379875,0
3303,Q9HC52:Q9UH73,0.072897692190896,1.0,0.6,0.6711111111111111,1.22,0.0,1.22,0.5125,0.0,2.013,0.0,0.7962,1.00211981265,0
3305,Q86X83:Q8NFW5,-0.0663053970146283,0.0,0.3166666666666666,0.2842592592592592,0.28,3.51,3.51,0.0,0.0,2.416,0.0,0.7749,6.571275984,0
3306,P0CW20:Q2KHT4,0.1162222532370584,0.0,0.1547619047619047,1.0,0.28,0.0,0.28,0.0,0.0,2.013,0.0,1.1757,0.662671548,0
3307,P59768:P63096,0.1012476755211252,0.3971230158730159,0.6736434108527132,0.521326164874552,0.0,0.0,0.0,0.0,3.1392,2.013,0.0,2.1077,13.31899807392,1
3308,P54707:Q49A26,0.0156207114081371,0.0904761904761904,0.6545454545454545,0.1839285714285714,0.45,0.0,0.45,0.0,0.0,2.416,0.0,1.1757,1.27822104,0
3309,Q15569:Q9NVX0,0.3371072996870598,0.21625,0.7758064516129031,1.0,1.02,0.0,1.02,0.5125,0.0,2.013,0.0,2.1077,2.217923752275,0
3310,Q9BRT6:Q9BXY0,0.8394811195171827,0.0833333333333333,0.6111111111111112,0.8125,18.4,0.0,18.4,0.0,0.0,0.0,0.0,45.2798,833.14832,0
3311,A8K7I4:Q4U2R8,-0.0430438989386542,0.2827380952380952,0.4259523809523809,0.1475694444444444,0.34,0.0,0.34,0.0,0.0,2.416,0.0,1.5818,1.299353792,0
3312,P02679:Q9H9F9,-0.1582541864229621,0.1071957671957672,0.2666666666666666,1.0,0.62,0.0,0.62,0.0,0.0,2.416,0.0,1.1757,1.761104544,0
3313,P09693:Q6NT89,-0.1276155891182836,0.2395833333333333,0.2444444444444444,0.25,0.15,5.43,5.43,0.0,0.0,0.993,0.0,1.1757,6.339362643,0
3315,P0CJ75:P78552,-0.4910819943960628,0.1334776334776335,0.3122710622710622,0.4226190476190476,0.0,0.0,0.0,0.0,0.0,0.9878,0.0,0.4364,0.43107592,0
3318,P0CG47:Q86W47,0.113739639834108,0.2083766233766233,0.49,0.4870748299319728,0.28,0.0,0.28,0.0,0.0,1.5978,0.0,1.1757,0.5259893688,0
3320,P06702:Q9HCM1,0.1533276611088332,0.1,1.0,0.875,0.41,3.52956,3.52956,0.0,0.0,2.416,0.0,1.5818,13.488668147328,0
3324,P61956:Q9H1Z8,0.2679850399783771,0.0764419622213144,0.3888888888888889,0.75,1.52,0.0,1.52,0.0,0.0,2.416,0.0,2.1077,7.740148864,0
3325,Q96CB9:Q9UNU6,-0.0693882933267309,0.090201376163943,0.1428571428571428,0.167989417989418,0.41,0.0,0.41,0.0,0.6153,2.416,0.0,1.1757,0.7165792364976,0
3326,P09471:P62873,0.4717486949226046,0.3384259259259259,0.4514144271570012,0.8865740740740741,33.21,3.52956,33.21,3.124,13.3811,2.416,10.8,5.6875,206022.101205844,1
3327,O14807:Q99719,0.525720220525202,0.1044490231990231,0.2751488095238095,0.9218409586056646,2.14,3.52956,3.52956,0.5125,0.6153,1.5978,0.4,1.5818,1.12521453400961,0
3331,Q8IY49:Q9UI10,-0.3094518842075908,0.1113636363636363,0.375,0.8295238095238094,0.22,0.0,0.22,0.0,0.0,0.0,0.0,1.1757,0.258654,0
3332,P15812:Q5T4B2,-0.1339108472974875,0.2083333333333333,0.5833333333333334,0.3242857142857143,0.15,3.51,3.51,0.0,0.0,1.5978,0.0,1.5818,8.8711741404,0
3334,O75394:P42704,0.2612987307535827,0.0952380952380952,0.3950918964076859,0.1994047619047619,0.22,0.0,0.22,1.7092,0.0,0.9878,0.0,2.7714,1.02939913605408,0
3335,P49411:Q9HC62,0.3661465442830021,0.1174301888587602,0.4148148148148148,0.8863287250384024,0.8,0.0,0.8,0.0,0.0,1.5978,0.0,3.9008,4.986158592,0
3337,O95391:Q9NZ63,0.7998993487637764,0.540625,0.6047619047619047,0.7222222222222222,0.0,0.0,0.0,0.0,0.0,2.416,0.0,18.4426,44.5573216,0
3338,P13861:Q6P1W5,0.4310461453182888,0.0,0.0,1.0,0.0,0.0,0.0,0.0,0.0,1.5978,0.0,1.1757,1.87853346,0
3339,Q13398:Q93077,-0.0664323977723932,0.1388888888888889,0.5125,0.1771428571428571,2.35,0.0,2.35,0.0,0.6153,1.1933,0.0,1.5818,2.7293296249527,0
3340,Q13489:Q8WU10,0.5616364539295798,0.1428571428571428,0.6,0.85,0.3,0.0,0.3,0.0,0.6153,2.013,0.0,5.6875,2.113359373125,0
3341,P12004:Q9GZX9,0.2436010303816678,0.1400800180211944,0.5,0.8611111111111112,0.94,0.0,0.94,0.0,0.0,1.5978,0.0,3.9008,5.8587363456,0
3343,P08754:P62873,0.3874893929480477,0.3384259259259259,0.494059405940594,0.8865740740740741,60.92,2.60197,60.92,2.409,5.2693,2.416,2.07,45.2798,175114.212404735,1
3344,Q13144:Q9UI26,0.4917926786116122,0.1055555555555555,0.7291666666666666,0.7555555555555555,0.94,0.0,0.94,0.0,0.6153,2.013,0.0,9.4687,11.0242461201642,0
3345,Q9BQ67:Q9NQ50,0.5782623696801478,0.1269841269841269,0.248885918003565,0.90625,0.24,0.0,0.24,0.0,0.0,2.013,0.0,5.6875,2.747745,0
3346,Q96DZ9:Q9ULP0,0.1214509849118444,0.2151048298107121,0.6818181818181818,0.9893617021276596,0.41,0.0,0.41,0.0,0.0,2.013,0.0,2.1077,1.739548041,1
3347,O75380:Q9UI09,0.7813764780779111,0.2504088504088503,0.40625,0.34375,263.49,0.0,263.49,0.0,0.0,2.013,10.8,45.2798,259379.809983281,1
3348,P60369:Q86X02,-0.0324173106546801,0.0,0.5,0.0,0.0,0.0,0.0,0.0,0.0,1.5978,0.0,2.1077,3.36768306,0
3349,O60341:P68431,0.667152861170828,0.2993827160493827,0.8444444444444446,0.9709302325581396,2.49,0.0,2.49,0.0,0.6153,2.013,5.86,2.1077,38.0922344461848,1
3350,C9JCN9:Q9BUL5,0.1377147964650747,0.0996701710987425,0.45,0.92,0.0,0.0,0.0,0.0,0.0,1.5978,0.0,0.6915,1.1048787,0
3351,P04234:P07766,0.9456018204913512,0.2569097569097568,0.6864977614977614,0.7999999999999999,0.64,3.84,3.84,0.5125,0.6153,2.416,181.01,38.174,20215.2527973972,1
3352,Q8IZR5:Q9NVP2,-0.152046075412405,0.0,0.4095238095238095,0.8857142857142856,0.41,0.0,0.41,0.0,0.0,0.0,0.0,1.1757,0.482037,0
3354,O00522:P0CV98,0.1756648403123408,0.1708333333333333,0.5666666666666667,0.75,2.13,0.0,2.13,0.0,0.0,1.5978,0.0,0.4364,1.4852062296,0
3356,P62987:Q96JB5,0.4349482485833137,0.1435106365727495,0.427536231884058,0.7222222222222223,0.0,0.0,0.0,1.2535,0.0,1.5978,0.0,2.7714,5.55067715022,0
3357,Q86Y39:Q9NX14,0.5493202704785176,0.3858585858585858,0.6576923076923076,1.0,0.0,0.0,0.0,0.0,0.0,2.416,10.8,38.174,996.0665472,1
3358,O43583:Q8IWZ5,-0.0433269032580733,0.1,0.0,0.9882816661340152,1.55,0.0,1.55,0.0,0.0,2.013,0.0,1.1757,3.668360355,0
3359,P46783:P62273,0.9142938764660544,1.0,0.7327891156462585,0.5555555555555556,0.63,0.0,0.63,1.2535,0.0,1.5978,24.11,38.174,1161.32074522407,1
3360,P62826:Q14061,0.4600879376655246,0.1515873015873015,0.3111111111111111,0.6206043956043956,0.0,0.0,0.0,0.0,0.0,1.1933,0.0,18.4426,22.00755458,0
3361,P04141:P32927,0.3167220020184852,0.3464845339845339,0.9285714285714286,0.6938988095238094,80.27,0.0,80.27,0.0,0.0,2.416,0.4,1.1757,91.2024914496,1
3362,P11686:Q2M2W7,-0.0543057583969001,0.0,0.25,0.0,0.15,0.0,0.15,0.0,0.0,1.5978,0.0,1.5818,0.379110006,0
3363,O43543:P19957,0.0422188579536584,0.1251082251082251,0.4393939393939394,0.1726190476190476,0.24,0.0,0.24,0.0,0.0,2.013,0.0,0.8888,0.429397056,0
3364,P08559:P47872,-0.2082536238677945,0.1394480519480519,0.1555555555555555,0.1972789115646258,0.19,0.0,0.19,0.0,0.0,2.013,0.0,2.1077,0.806132019,0
3365,Q92547:Q9Y248,0.8205988046544583,0.375,0.3777777777777777,1.0,0.41,14.2424,14.2424,0.0,0.6153,2.013,2.07,18.4426,673.451556872008,0
3366,P62318:Q9H2H8,0.8052187655626244,0.3879142300194931,0.761904761904762,0.712962962962963,0.54,0.0,0.54,0.0,0.6153,1.5978,5.86,18.4426,57.375020634033,0
3367,P39905:P46781,0.1213498087695527,0.2007575757575758,0.4080627705627705,0.5533333333333333,0.19,0.0,0.19,2.3254,0.0,0.993,0.0,2.1077,0.9247180035786,0
3368,P04150:Q6P6B7,0.3894715522073111,0.125,0.6,0.0,0.41,8.95024,8.95024,0.0,0.0,2.416,0.0,0.7962,17.216853508608,0
3369,A6NP11:Q9NX70,-0.0552857123963938,0.5138888888888888,0.2801587301587301,0.2011363636363635,0.56,0.0,0.56,0.0,0.0,0.0,0.0,0.8888,0.497728,0
3370,P25788:P28074,0.5487110806019428,0.5833333333333333,0.792102206736353,0.9308201058201058,52.16,0.0,52.16,3.124,158.1204,2.013,24.11,45.2798,56621581.7511737,1
3371,Q9BRK4:Q9NPJ8,0.0840060858859806,0.3253968253968253,0.45,1.0,0.0,0.0,0.0,0.0,0.0,2.013,0.0,1.1757,2.3666841,0
3372,P10275:Q9H6K1,0.0632306381256534,0.1418367346938775,0.5037037037037037,0.75,0.43,3.66,3.66,0.0,0.0,2.416,0.0,1.1757,10.396197792,0
3374,P20248:Q9UJX4,0.3219815216146179,0.1769660894660895,0.6767441860465117,0.3333333333333333,0.41,4.4495,4.4495,1.0145,0.6153,2.416,5.86,9.4687,372.336044224335,0
3375,P68871:Q8N122,-0.2029141520398181,0.1345989707691835,0.581827016520894,0.8431998556998558,0.83,0.0,0.83,0.0,0.0,1.1933,0.0,0.7962,0.7885875318,0
3376,Q68DV7:Q8NFR7,0.0045565241084901,0.0,0.0,1.0,0.24,0.0,0.24,0.0,0.0,2.013,0.0,1.5818,0.764199216,0
3378,Q6A1A2:Q96D46,0.2400921432739869,0.1117724867724867,0.5666666666666667,0.0995454545454545,0.0,8.9,8.9,0.0,0.6153,1.5978,0.0,0.0,8.749824426,0
3379,P53365:Q96N19,0.0831597122290282,0.1578846153846153,0.2,0.0,0.23,0.0,0.23,0.0,0.0,2.416,0.0,2.7714,1.540011552,0
3382,P05177:P15884,-0.2221839756944379,0.2075861638361638,0.3688271604938272,0.9586299892125136,0.0,0.0,0.0,0.0,0.0,0.0,0.0,1.1757,1.1757,0
3383,O14735:Q8NB91,0.0590276632413157,0.0721491228070175,0.44,1.0,0.0,0.0,0.0,0.0,0.0,0.0,0.0,1.1757,1.1757,0
3385,Q96FT7:Q9H3R5,-0.0701875111878053,0.1002331002331002,0.2788888888888888,0.9666666666666668,0.19,0.0,0.19,0.0,0.0,2.013,0.0,0.8888,0.339939336,0
3387,Q15370:Q8IYS8,0.6607762332644165,0.2,0.3444444444444444,1.0,0.22,0.0,0.22,0.0,0.0,0.0,0.0,2.1077,0.463694,0
3388,P60484:Q86X19,-0.1108860729134423,0.1852272727272727,0.3625,1.0,0.41,0.0,0.41,0.0,0.0,2.416,0.0,2.1077,2.087803312,0
3389,Q15370:Q8WXH5,0.2950654372911786,0.2663636363636363,0.0,1.0,52.16,3.51,52.16,0.5125,0.0,2.013,0.0,1.1757,63.2661993612,1
3390,P62244:Q9NV06,0.6334486198460947,0.1290869624202957,0.6003333333333333,0.4333333333333333,1.05,0.0,1.05,0.0,0.6153,2.013,0.0,9.4687,12.3143174746515,1
3391,Q02363:Q8TCZ2,0.1203084081493207,0.1636904761904762,0.3466666666666666,1.0,0.41,0.0,0.41,0.0,0.0,2.416,0.0,1.1757,1.164601392,0
3393,P13861:Q8NB50,0.3651810640130537,0.1055555555555555,0.2,0.1592592592592592,0.45,0.0,0.45,0.0,0.6153,1.5978,0.0,2.1077,0.9324609240681,0
3395,P62877:Q13620,0.5431105868434758,0.2415828996711349,0.8309444444444445,0.9674074074074076,29.97,0.0,29.97,4.0064,15.4815,1.1933,5.86,3.9008,50705.4951238244,1
3396,Q8WTX9:Q9UQB8,0.231436285622718,0.1024516419253261,0.221329365079365,0.9739795918367348,16.6,13.23,16.6,0.0,0.0,2.416,0.0,5.6875,228.1006,0
3401,Q49A26:Q96K12,0.2132676425213631,0.0815850815850815,0.1547619047619047,0.1642857142857142,5.67,2.59,5.67,0.0,0.0,2.416,2.07,1.5818,44.85407506272,0
3403,P46782:P63244,0.9464448905390576,0.1310735098235098,0.5023809523809524,0.8351882613510518,2.49,0.0,2.49,2.3254,3.1392,1.1933,0.0,38.174,828.005669943006,1
3404,P08887:Q12979,-0.2656675084302944,0.172008547008547,0.4042857142857142,0.3142857142857143,0.45,3.84,3.84,0.5125,0.0,2.416,0.0,2.1077,10.0214558976,0
3405,Q86U86:Q969G3,0.9481135468191328,0.3132634082860327,0.4243235930735931,0.9460034013605444,2.34,0.0,2.34,0.0,0.0,2.416,5.86,9.4687,313.69006214208,1
3406,P0CG48:P61088,0.2377425390873785,0.265753167000157,0.6549523809523811,0.8576892109500807,399.5,0.0,399.5,0.0,9.7902,1.5978,0.0,3.9008,24377.2352425446,1
3407,P62280:P63220,0.9307241691652042,0.7777777777777778,0.7340136054421768,0.7272727272727273,0.24,0.0,0.24,2.0764,0.0,1.5978,24.11,38.174,732.840661882576,1
3411,O75489:Q8WW43,-0.0163228009674588,0.184168956043956,0.2859032501889644,0.7077922077922079,0.36,0.0,0.36,0.0,0.0,2.013,0.0,2.1077,1.527408036,0
3412,P48050:Q9H3M7,-0.3579797292036462,0.1129515221620484,0.3333333333333333,0.8358974358974359,0.41,0.0,0.41,0.0,0.0,2.416,0.0,0.7126,0.705873056,0
3413,P40337:Q15369,0.2768611945204885,0.3856237816764132,0.6265723270440251,0.9732704402515724,869.75,0.0,869.75,2.409,21.926,1.5978,5.86,1.1757,505716.586926244,1
3415,O43660:Q9H5V9,0.8687599913731994,0.1342592592592592,0.5990196078431372,0.75,1.22,0.0,1.22,0.0,0.0,2.013,0.0,9.4687,23.253801582,0
3416,P41223:Q96DF8,0.7555197739701088,0.6923076923076924,0.7083333333333334,1.0,0.0,0.0,0.0,0.0,0.0,0.0,0.0,18.4426,18.4426,0
3418,Q8N884:Q96KK5,0.3708375009183354,0.2,0.345,0.4444444444444445,7.06,0.0,7.06,0.0,0.0,2.013,0.0,1.5818,22.480193604,0
3419,P60763:Q15532,-0.176452833997124,0.2134615384615384,0.2785714285714286,0.5773809523809523,0.0,0.0,0.0,0.0,0.0,1.5978,0.0,2.7714,4.42814292,0
3420,Q99719:Q9NPQ8,-0.1774404839253426,0.1601623376623376,0.5833333333333333,0.9149659863945576,0.3,0.0,0.3,0.9127,0.0,2.416,0.0,0.8888,0.587963384448,0
3421,O95931:Q7RTU0,-0.1684611633983124,0.5416666666666666,1.0,0.665,0.19,0.0,0.19,0.0,0.0,2.013,0.0,1.1757,0.449669979,0
3424,P30518:P62873,0.0902324150798154,0.4726220538720538,0.494059405940594,0.8865740740740741,2.34,4.96,4.96,2.409,0.0,1.5978,0.0,1.1757,22.4459200414944,1
3425,P62195:Q6VY07,0.6513238585715712,0.0931818181818182,0.665,1.0,0.0,0.0,0.0,0.0,0.0,0.993,0.0,2.1077,2.0929461,0
3427,P23396:Q96CT7,0.3541089681863656,0.3981481481481481,0.5066666666666666,0.6041666666666666,0.62,0.0,0.62,0.0,0.0,2.013,0.0,5.6875,7.09834125,1
3428,O43865:Q86WV6,-0.1927154293993907,0.0989265364265364,0.5458289241622575,0.8017283950617285,0.19,0.0,0.19,0.0,0.0,2.013,0.0,1.5818,0.604991046,0
3429,P01033:P20248,0.1452828641906874,0.2463180213180213,0.2816738816738816,0.9209726443769,0.15,3.51,3.51,1.2535,0.0,2.013,5.86,2.1077,109.391012274554,0
3430,P63104:Q9Y6B2,0.3526250222436952,0.7678571428571428,0.6666666666666666,0.8333333333333334,0.41,0.0,0.41,0.0,0.0,0.0,0.0,5.6875,2.331875,0
3432,P83876:Q14684,0.4682447173957221,0.192949452508276,0.3622222222222223,0.9102564102564104,0.0,0.0,0.0,0.5125,0.0,0.8011,10.8,5.6875,25.21887834375,0
3434,Q9NYW8:Q9UK41,0.7719643168765224,0.0748988484282602,0.2042942176870748,0.9830508474576272,0.54,3.66,3.66,0.0,0.0,0.0,0.0,1.1757,4.303062,0
3436,Q15622:Q96A72,0.0553362357384434,0.1172739297739297,0.3809523809523809,0.1661706349206349,0.15,0.0,0.15,0.0,0.0,0.9878,0.0,1.1757,0.174203469,0
3438,P06396:P10275,0.3376527342733736,0.1564986960207548,0.5717948717948718,0.8009458577951729,0.24,17.0119,17.0119,0.0,0.0,2.416,10.8,2.1077,935.582957475264,1
3442,P08912:P49721,-0.0116942377227471,0.0989010989010989,0.3153405666063894,1.0,0.54,0.0,0.54,2.0764,0.0,1.1933,0.0,1.5818,2.11644015059664,0
3446,O95297:Q14678,0.4891906247193959,0.1309577922077922,0.484375,0.9625,0.34,0.0,0.34,0.0,0.0,2.416,0.0,2.1077,1.731349088,0
3447,P46527:Q8IWU9,-0.0626472238525215,0.1833333333333333,0.625,0.1527777777777777,0.0,0.0,0.0,0.0,0.0,2.416,0.0,1.1757,2.8404912,0
3448,O94855:Q9BQ69,-0.0465201609248416,0.1161375661375661,0.625,0.6523809523809525,0.62,0.0,0.62,0.0,0.0,1.1933,0.0,1.5818,1.1702884028,0
3449,P15498:P60953,0.4457881104563138,0.1469777136443802,0.6588962716869694,0.8911324125609841,292.74,22.0744,292.74,2.3254,0.6153,0.993,5.86,3.9008,9507.51896013055,1
3451,P04637:P50750,0.3796655099841154,0.2616737828734733,0.7212121212121215,0.8185134310134311,0.8,7.40526,7.40526,4.2492,0.6153,1.1933,2.07,5.6875,272.004315818644,1
3452,P32780:Q9NP78,0.3469762071147299,0.1112313612313612,0.2180357142857142,0.494047619047619,0.63,0.0,0.63,0.0,0.0,2.416,0.0,1.1757,1.789509456,0
3453,Q5VVQ6:Q9BQQ7,-0.1294824570778963,0.0963636363636363,0.8333333333333334,0.5111111111111111,0.54,0.0,0.54,0.0,0.0,2.416,0.0,0.8888,1.159564032,0
3454,Q16613:Q9P127,0.8308923460648345,0.1,0.6,0.97,0.15,0.0,0.15,0.0,0.0,1.1933,0.0,2.7714,0.496066743,0
3455,Q15942:Q9H7Z6,0.4250788286719191,0.1190295815295815,0.2609913075430316,0.2983717948717949,2.49,0.0,2.49,0.9127,0.0,2.013,0.0,2.1077,9.6422850916623,0
3456,P08648:P62277,0.3254931608919918,0.1707070707070707,0.3892857142857143,0.6355555555555554,0.54,0.0,0.54,4.2492,0.0,0.993,0.0,1.1757,2.6788395324168,0
3457,P37173:Q96KM6,0.1948001006468482,0.25,0.5,0.8884575569358178,0.68,0.0,0.68,0.0,0.0,2.416,0.0,1.1757,1.931534016,0
3460,O75677:Q03111,0.0364618156501052,0.3333333333333333,0.4625,0.190625,0.94,0.0,0.94,0.0,0.0,2.013,0.0,1.5818,2.993113596,0
3463,Q6P1J9:Q92541,0.6836385984698102,0.2488662131519274,0.8833333333333332,0.8277777777777778,0.22,0.0,0.22,0.0,3.1392,2.416,10.8,45.2798,815.956209655234,1
3464,Q15070:Q9HD33,0.4004189090895538,1.0,0.4857142857142856,0.25,0.15,0.0,0.15,0.0,0.0,0.0,0.0,5.6875,0.853125,1
3466,P05141:P47870,-0.1641894983761043,0.1414241622574955,0.3706349206349207,0.1354875283446711,0.94,3.66,3.66,0.0,0.0,2.416,0.0,1.5818,13.987161408,0
3469,P62879:Q96M53,-0.0554699901437674,0.1333333333333333,0.6666666666666666,1.0,1.26,0.0,1.26,0.0,0.0,1.5978,0.0,0.6915,1.392147162,0
3470,O60306:Q9NW64,0.8456859208681405,0.3752879673932305,0.5636243386243387,0.6520833333333333,52.16,0.0,52.16,0.0,0.0,2.013,0.0,18.4426,1936.437590208,1
3471,O95190:Q9H900,0.1956894309437776,0.1196428571428571,0.7749999999999999,1.0,0.23,0.0,0.23,0.0,0.0,0.0,0.0,2.1077,0.484771,0
3472,Q9BTT4:Q9BUE0,0.3963188404036604,0.5195238095238095,0.4444444444444445,0.9555555555555556,0.54,0.0,0.54,1.7951,21.926,2.013,2.07,5.6875,503.706257999522,1
3474,P50995:Q6NW34,0.4456651165274076,0.1037037037037037,0.75,0.0,0.41,0.0,0.41,0.0,0.0,2.416,0.0,1.5818,1.566867808,0
3475,O75072:P06396,0.3052000970582025,0.1155346905346905,0.3988775510204081,0.9778751123090744,0.0,0.0,0.0,0.0,0.0,2.416,0.0,1.5818,3.8216288,0
3477,Q8IU85:Q9P0M9,-0.0287066261501288,0.1339285714285714,0.1732142857142857,0.5,0.15,0.0,0.15,0.0,0.0,2.013,0.0,0.7962,0.24041259,0
3478,O60809:Q8WX92,-0.3252685733896902,0.2966269841269841,0.4679999999999999,0.9625,0.0,0.0,0.0,0.0,0.0,0.0,0.0,0.8888,0.8888,0
3479,Q96BI3:Q9Y6I7,0.440691832883844,0.1456349206349206,0.5,0.7777777777777778,0.54,0.0,0.54,0.0,0.6153,2.416,0.0,1.5818,1.2697820283456,0
3480,P83881:Q6NXS1,-0.134523673012056,0.1305555555555555,0.0,0.8571428571428572,0.19,0.0,0.19,0.0,0.0,2.013,0.0,0.4364,0.166909908,0
3483,Q6P2Q9:Q9H5V9,0.8504207133854249,0.109006734006734,0.5990196078431372,0.75,0.94,0.0,0.94,0.0,0.0,1.5978,0.0,2.1077,3.1656220764,0
3484,Q9NPB0:Q9P013,0.6297746269633906,0.0981818181818181,0.3445932539682539,0.2789115646258503,0.54,0.0,0.54,0.0,0.0,0.0,0.0,2.7714,1.496556,0
3485,P62873:P63104,0.618828231294056,0.2321581196581196,0.6460416666666667,0.9900379506641366,0.24,106.929,106.929,20.9141,9.2808,2.416,0.89,45.2798,2020745.1069357,0
3486,Q96PI1:Q9H3P2,0.2818626839170438,0.0799450549450549,0.3069727891156462,0.0,0.0,0.0,0.0,0.0,0.0,0.993,0.0,1.5818,1.5707274,0
3487,Q99942:Q9NY12,0.314446790029141,0.11875,0.3532091097308489,0.2705128205128205,0.68,0.0,0.68,1.7951,0.0,1.5978,0.0,1.5818,3.08511635202672,0
3489,P63146:Q99728,0.3792291409026951,0.2172898931134225,0.7177990708478514,0.8425287356321839,10.86,9.67699,10.86,2.3588,0.6153,1.1933,5.86,1.5818,174.343872119834,0
3492,Q15750:Q9Y3B7,0.4495566035124521,0.1369047619047619,0.2447390572390572,0.9108527131782944,0.15,0.0,0.15,0.0,0.0,1.5978,0.0,3.9008,0.934904736,0
3493,P15382:P60568,0.0774257923675629,0.1140908433671591,0.5,0.5119047619047619,0.24,0.0,0.24,0.5125,0.0,2.416,24.11,2.1077,15.101081355696,0
3494,Q7RTT6:Q96E39,0.1148485167652283,0.0989729225023342,0.125,0.0,0.17,0.0,0.17,0.0,0.0,1.5978,0.0,0.0,0.271626,0
3495,Q15369:Q15370,0.7591216412465833,0.2629629629629629,0.6172839506172839,0.9393939393939392,869.75,0.0,869.75,0.0,400.8352,2.013,2.07,18.4426,26791470.8845624,1
3496,P25024:Q86X83,-0.1840996717708473,0.0,0.3333333333333333,1.0,0.41,0.0,0.41,0.0,0.0,2.416,0.0,0.8888,0.880409728,0
3497,Q96BR9:Q9Y376,0.4459033418124136,0.0875174593924594,0.1672558922558922,0.8754578754578756,0.0,0.0,0.0,0.0,0.0,1.5978,0.0,1.5818,2.52740004,0
3498,P47813:Q9NQ87,0.1903656255391598,0.1232670107670107,0.4857142857142857,0.6722222222222222,0.54,0.0,0.54,0.0,0.0,1.1933,0.0,1.1757,0.7575999174,0
3499,O43818:P21728,-0.2156974030860181,0.0945423220846949,0.2619047619047619,0.5815476190476191,1.52,0.0,1.52,0.0,0.6153,2.013,0.0,1.1757,2.2134555046296,0
3501,O75821:Q6NUJ2,-0.4051287362266039,0.0,0.5,1.0,0.0,0.0,0.0,0.0,0.0,1.1933,0.0,0.7962,0.95010546,0
3502,Q99436:Q9GZS0,0.4113975370463952,0.0787337662337662,0.2795238095238095,0.85,0.24,0.0,0.24,0.0,0.0,2.013,0.0,0.7126,0.344271312,0
3505,P43320:Q9NQ25,-0.1370172378394284,0.15,0.0,1.0,0.63,0.0,0.63,0.0,0.0,2.013,0.0,1.1757,1.491010983,0
3506,P52888:Q9NR50,0.3278090979955383,0.2452813852813852,0.4625,0.2630952380952381,0.0,0.0,0.0,0.0,0.0,2.013,0.0,9.4687,19.0604931,0
3507,O95863:Q8NFR3,-0.1296164245137014,0.1378787878787878,0.1857142857142856,0.4074074074074074,0.0,0.0,0.0,0.0,0.0,2.013,0.0,1.1757,2.3666841,0
3508,P04216:Q9UGI8,-0.2456614850071647,0.3333333333333333,0.426111111111111,0.6488095238095238,0.15,0.0,0.15,0.5125,0.0,2.416,0.0,1.1757,0.218362761,0
3509,P17936:Q6P1K2,0.4771095617870021,0.1687229437229437,0.3735294117647059,0.9583333333333336,0.15,0.0,0.15,0.0,0.0,2.013,0.0,1.1757,0.355002615,0
3511,P54845:P63244,-0.2879037501998026,0.132488355190561,0.5023809523809524,0.8351882613510518,0.54,0.0,0.54,2.409,0.0,0.993,0.0,0.7962,1.028494518876,0
3512,O75643:Q9H5V9,0.8660800851673077,0.1506734006734006,0.5990196078431372,0.75,0.15,0.0,0.15,0.0,0.0,2.013,0.0,3.9008,1.17784656,0
3514,Q9BQP7:Q9UI10,0.3920163011412206,0.1027361527361527,0.1714285714285714,0.8295238095238094,0.0,0.0,0.0,0.0,0.0,2.013,0.0,3.9008,7.8523104,0
3515,Q13303:Q92560,0.4002849200610012,0.10646862098475,0.4047619047619047,0.667037037037037,0.15,0.0,0.15,0.0,0.0,2.013,0.0,5.6875,1.717340625,0
3516,P06899:P0C0S5,0.4524096907247296,0.2885714285714286,0.5456043956043956,0.7378136200716846,2091.17,0.0,2091.17,1.7951,318.6126,1.1933,24.11,5.6875,195708277.276337,1
3517,O94927:P42685,-0.0951004455927883,0.1882783882783882,0.5101587301587303,0.6678819444444445,0.15,3.66,3.66,0.0,0.0,2.013,0.0,0.6915,5.09468157,0
3520,P01594:P38571,0.5458739255354781,0.161459613183751,0.3873015873015873,0.1272321428571428,0.28,0.0,0.28,0.0,0.0,1.1933,0.0,0.4364,0.1458117136,0
3521,O60306:Q1W4C9,0.1975993173322265,0.1,0.5,0.5625,0.41,0.0,0.41,0.0,0.0,1.1933,0.0,0.8888,0.4348480664,0
3526,Q12769:Q9NRX2,0.6585730003600563,0.1111111111111111,0.1769230769230769,0.8125,0.0,0.0,0.0,0.0,0.0,2.416,0.0,3.9008,9.4243328,0
3528,Q9NY64:Q9Y2L1,0.3289934877904747,0.1958333333333333,0.3954648526077097,0.1944444444444444,0.0,0.0,0.0,0.0,0.6153,2.013,0.0,1.1757,1.45622072673,0
3529,P14859:P48431,-0.0865860329833912,0.2444510803206455,0.7730392156862745,0.5594920634920634,52.16,0.0,52.16,3.8142,0.0,2.416,181.01,9.4687,823817.284676144,1
3530,P39748:Q9H902,-0.0047303299055588,0.1367521367521367,0.4178571428571428,0.8222222222222224,0.45,0.0,0.45,0.0,0.0,1.5978,0.0,0.7126,0.512366526,0
3535,P15509:P32927,0.9063492616614984,0.4561237373737374,0.9285714285714286,0.6938988095238094,7.06,3.86531,7.06,1.7951,0.6153,2.416,0.0,2.7714,52.2127305132714,1
3539,P62258:Q86VV4,0.516965558723394,0.1857142857142857,0.0,1.0,0.0,106.929,106.929,0.0,0.6153,1.1933,2.07,0.7962,129.397110888006,0
3540,P10747:Q2KHN1,-0.0408152495005844,0.1458333333333333,0.35,0.9464285714285714,0.15,0.0,0.15,0.5125,0.0,2.416,0.0,1.1757,0.218362761,0
3541,O60811:Q86Y79,0.8283379688454842,0.1,0.2,0.1448412698412698,0.0,0.0,0.0,0.0,0.0,0.0,0.0,1.1757,1.1757,0
3542,Q6RFH5:Q9BRT6,0.7372540521311103,0.125,0.75,0.5833333333333334,0.24,0.0,0.24,0.0,0.0,2.013,0.0,5.6875,2.747745,0
3544,P42025:Q15369,0.293900483474595,0.0,0.6265723270440251,0.9732704402515724,0.15,0.0,0.15,0.0,0.6153,1.5978,0.0,2.7714,0.4086954508014,0
3545,P62330:Q9UGI9,-0.0871932311087614,0.1561259727926394,0.7654761904761904,0.4702380952380953,0.68,3.51,3.51,0.0,0.6153,0.993,0.0,0.8888,1.9061072182152,0
3546,P62249:P62750,0.9602276981630308,1.0,0.6579047619047619,0.6391666666666667,0.22,0.0,0.22,3.8142,15.4815,1.1933,24.11,38.174,14267.6911577286,1
3548,O94762:Q9BYC9,0.3805983816218075,0.1666666666666666,0.2175662878787878,0.425,0.29,0.0,0.29,0.0,0.0,2.013,0.0,2.1077,1.230412029,0
3549,P51164:Q9BRI3,-0.0552948942685323,0.1689463314463314,0.2928819444444445,0.9444444444444444,0.41,0.0,0.41,0.0,0.0,2.416,0.0,3.9008,3.863976448,0
3550,Q9BRS2:Q9NRX1,0.8116345987162592,1.0,0.4666666666666667,0.875,0.62,3.84,3.84,1.0145,0.0,2.013,0.0,45.2798,355.084365474432,1
3551,P83110:Q9BV36,0.1642745873032029,0.0916666666666666,0.3019047619047619,0.7677083333333333,3.02,3.84,3.84,0.0,0.0,2.416,0.0,2.7714,25.711497216,0
3554,Q92542:Q96BI3,0.7210415957645614,0.5426846590909091,0.6172743055555556,0.9131274131274132,869.75,0.0,869.75,0.0,606.3917,0.0,181.01,18.4426,1760647445.84941,1
3555,Q16655:Q9H6H4,0.6911797748730845,0.0,0.3142857142857143,0.9874213836477986,0.0,0.0,0.0,0.0,0.0,2.013,0.0,1.1757,2.3666841,0
3556,A6NCM1:Q16348,0.0045505490661814,0.0823051948051948,0.0,0.1746753246753246,0.29,0.0,0.29,0.0,0.0,2.013,0.0,0.4364,0.254757228,0
3557,P62273:Q9NV56,0.1982973957633039,0.0887471655328798,0.4763636363636364,0.25,0.19,0.0,0.19,0.0,0.0,1.5978,0.0,2.7714,0.8413471548,0
3558,P55317:Q6VVB1,-0.1291260308693015,0.127991452991453,0.4555555555555555,0.6008547008547008,0.0,0.0,0.0,0.0,0.0,2.013,0.0,1.1757,2.3666841,0
3559,O60262:Q00889,-0.0067641337776017,0.25,0.3333333333333333,0.0,0.0,0.0,0.0,0.0,0.0,0.993,0.0,2.7714,2.7520002,0
3560,P05112:Q9UNF1,0.3264221733100864,0.3765182186234817,0.4242857142857144,1.0,0.0,0.0,0.0,0.0,0.0,2.416,0.0,1.1757,2.8404912,0
3561,Q96KM6:Q9HC62,0.6158988330306969,0.0666211690785994,0.5537037037037037,0.8863287250384024,0.54,0.0,0.54,0.0,0.0,1.5978,0.0,1.5818,1.3647960216,0
3564,Q5SWL7:Q8IWT0,0.1267842181259781,0.0833333333333333,0.3833333333333333,0.162037037037037,0.0,0.0,0.0,0.0,0.0,0.9878,0.0,0.0,0.9878,0
3565,Q5JS54:Q9NSY2,0.2701788630869574,0.0769230769230769,0.3333333333333333,0.1714285714285714,0.94,0.0,0.94,0.0,0.0,2.013,0.0,1.5818,2.993113596,0
3567,P62877:Q13619,0.4496193886742556,0.2102322040029359,0.7488247863247864,0.8996168582375479,29.97,0.0,29.97,4.0064,606.3917,1.1933,5.86,5.6875,2895762.66654909,1
3568,P34972:Q6ZNB6,0.0978972945051386,0.1833333333333333,0.5,0.1559523809523809,0.22,0.0,0.22,0.0,0.0,2.013,0.0,0.7126,0.315582036,0
3569,O43674:Q16676,-0.0331596562872745,0.0857516870384517,0.35,0.1975308641975308,0.19,0.0,0.19,0.0,0.0,0.0,0.0,1.1757,0.223383,0
3570,O60603:Q8WW12,-0.0735543416836255,0.1458333333333333,0.425,1.0,0.54,0.0,0.54,0.0,0.0,2.416,0.0,1.1757,1.533865248,0
3572,P47813:Q02928,-0.238463480756168,0.1197500212206094,0.325,0.1665674603174603,0.24,0.0,0.24,0.0,0.0,0.0,0.0,1.1757,0.282168,0
3573,Q03468:Q7Z7F7,0.6458590435603941,0.1587301587301587,0.1769230769230769,0.25,0.19,0.0,0.19,0.0,0.0,1.1933,0.0,1.1757,0.2665629339,0
3574,O14964:Q9Y5V3,0.4002090910959375,0.2396858192312737,0.4277777777777778,0.9924242424242424,0.63,2.60197,2.60197,0.0,0.0,2.013,5.86,1.5818,48.5506721815223,1
3575,P10412:Q16559,0.092452303532185,0.2582417582417582,1.0,0.5373015873015874,0.0,0.0,0.0,0.0,0.0,2.013,0.0,1.1757,2.3666841,0
3576,Q8NGF8:Q96F46,0.0,0.153030303030303,0.9047619047619048,0.2125850340136054,0.71,0.0,0.71,0.0,0.0,2.416,0.0,0.7962,1.365769632,0
3577,P10321:Q14147,0.6759203411332542,0.1038156288156288,1.0,0.6857910906298003,1.52,13.2959,13.2959,0.0,0.0,0.9594,0.0,1.5818,20.177577562428,0
3578,O14893:P49770,0.59606455738023,0.1357095895557434,0.5,0.5420634920634921,0.0,2.59,2.59,0.0,0.0,2.013,0.0,9.4687,49.366677129,0
3579,Q8IW52:Q9BTT0,0.4381961272192377,0.167989417989418,0.2210758377425044,0.5523809523809524,8.53,0.0,8.53,0.0,0.0,2.416,0.0,1.5818,32.598493664,0
3580,Q8NFZ5:Q96AP0,0.209339266355438,0.0982380787936343,0.747619047619048,0.9210526315789472,0.41,0.0,0.41,2.3588,0.0,2.416,0.0,3.9008,9.1143476455424,0
3581,O96004:Q9BWW7,-0.0739312054508007,0.775,0.5,0.4419191919191919,0.56,0.0,0.56,0.0,0.0,2.013,0.0,5.6875,6.411405,0
3582,Q6NVV1:Q9UIR0,0.3032770085468914,0.0737728937728937,0.2,0.225,2.72,0.0,2.72,0.0,0.0,1.1933,0.0,0.0,3.245776,0
3584,P50222:Q96L42,-0.1000828411256527,0.1191919191919191,0.3,0.0871212121212121,0.63,0.0,0.63,0.0,0.0,2.416,0.0,1.1757,1.789509456,0
3585,Q8IYI8:Q96EV8,0.0212285651839404,0.0752802964281887,0.1702978767264481,1.0,0.54,0.0,0.54,0.0,0.0,1.5978,0.0,2.1077,1.8185488524,0
3586,O15371:Q53EL6,0.524327456924536,0.1122853535353535,0.5375000000000001,0.9605263157894736,0.0,0.0,0.0,0.0,0.0,2.013,0.0,2.7714,5.5788282,0
3588,P20248:Q13042,0.2818164229440075,0.1786495911495911,0.6694444444444444,1.0,2.09,6.7087,6.7087,1.0145,0.6153,2.416,10.8,5.6875,621.468946972048,0
3589,C9JDP6:Q9Y6M9,-0.0232739605725387,0.1298840048840048,0.2023809523809523,0.3095238095238095,1.22,0.0,1.22,0.0,0.0,2.013,0.0,0.4364,1.071737304,0
3591,P0CF51:P20963,0.1543340129983012,0.3382306582306583,0.8681623931623932,0.4288888888888889,0.15,2.59,2.59,1.7951,0.0,2.013,0.0,0.0,9.359059017,0
3597,O60244:Q93098,-0.059045862640925,0.1397877585377585,0.5,0.3888888888888888,0.15,0.0,0.15,0.0,0.0,2.416,0.0,2.7714,1.00435536,0
3600,Q8WWX8:Q9BRI3,-0.0630975213266088,0.1431547619047618,0.2928819444444445,0.9444444444444444,0.0,0.0,0.0,0.0,0.0,0.0,0.0,3.9008,3.9008,0
3601,P62324:Q9H2W6,0.2539839590300529,0.1666666666666666,0.25,0.25,0.0,0.0,0.0,0.0,0.0,2.416,0.0,1.5818,3.8216288,0
3602,P50539:Q9NZ01,0.1983695304637484,0.0535714285714285,0.4642857142857142,0.8886904761904761,0.24,0.0,0.24,0.9127,0.0,2.416,0.0,2.7714,1.4666802193152,0
3603,P48729:Q96SW2,0.5732069796261454,0.2184343434343434,0.4174603174603175,0.9529411764705882,52.16,3.51,52.16,0.5125,0.6153,2.013,0.0,9.4687,313.510794983223,1
3606,Q9H9H4:Q9UHV2,0.5313853717225314,0.1226107226107226,0.7333333333333334,0.967948717948718,0.8,0.0,0.8,0.5125,0.0,2.416,0.0,9.4687,9.379315472,0
3607,Q1RMZ1:Q6NX45,0.281022172172199,0.0833333333333333,0.2,0.4892512077294687,0.24,0.0,0.24,0.0,0.0,0.0,0.0,1.1757,0.282168,0
3608,P05937:Q6P1K2,-0.2833587786989193,0.1433760683760683,0.5941176470588235,0.9583333333333336,0.54,0.0,0.54,0.0,0.0,2.013,0.0,1.1757,1.278009414,0
3609,Q16720:Q9NXA8,0.3705394905079293,0.0990462662337662,0.6908482142857142,0.1383928571428571,0.62,3.51,3.51,0.0,0.6153,2.013,0.0,3.9008,16.9586583278112,0
3610,O60603:P58753,0.0372635702185004,0.2288248714719302,0.7712365591397848,0.7993894993894992,3.82,0.0,3.82,0.5125,0.0,2.416,10.8,1.5818,80.80337285856,1
3613,P82914:Q9GZT3,0.5016335833701014,0.1105555555555555,0.535515873015873,0.9166666666666666,0.54,0.0,0.54,0.0,0.0,2.013,0.0,45.2798,49.220048196,0
3615,P68431:Q9ULM3,0.0509796530115059,0.2083068783068783,0.3175084175084175,0.6666666666666666,0.41,0.0,0.41,0.5125,0.6153,2.013,0.0,1.1757,0.305988380204141,1
3616,P19237:P62166,-0.0843948582797768,0.0987554112554112,0.3025641025641026,0.8921638257575757,0.71,0.0,0.71,0.0,0.6153,1.1933,0.0,2.7714,1.44475470364806,0
3618,P05121:Q53EQ6,0.0054832968697151,0.0,0.2,0.75,0.0,0.0,0.0,0.0,0.0,2.013,0.0,1.1757,2.3666841,0
3619,Q9H7M6:Q9NZE8,-0.01597440845907,0.0,0.0918581418581418,0.1269841269841269,0.64,0.0,0.64,0.0,0.0,0.0,0.0,0.6688,0.428032,0
3620,O75223:P46779,0.6306286117628388,0.0939393939393939,0.6578754578754579,0.3974358974358974,0.15,0.0,0.15,0.0,0.0,2.013,0.0,2.1077,0.636420015,0
3621,P29972:Q16563,0.3962267903954842,0.1,0.4179894179894179,1.0,0.0,0.0,0.0,0.0,0.0,0.0,0.0,1.5818,1.5818,0
3622,P40692:P78364,0.5969303123891928,0.1142361111111111,0.6697368421052632,0.918956043956044,0.41,0.0,0.41,0.0,0.0,2.013,0.0,2.1077,1.739548041,0
3625,A8MQ27:O60711,-0.1478477469303393,0.1877777777777777,0.4151515151515151,0.925,1.52,0.0,1.52,0.0,0.0,2.416,0.0,1.1757,4.317546624,0
3628,P23381:Q7Z2D5,-0.1711899014987527,0.1692832167832167,0.2666666666666666,0.1157407407407407,0.0,0.0,0.0,0.0,0.0,2.416,0.0,1.1757,2.8404912,0
3630,O95777:Q9NYU2,0.5315897159594456,0.0912121212121212,0.313095238095238,0.619047619047619,0.41,0.0,0.41,3.5815,0.0,1.5978,0.0,5.6875,13.3442029573125,0
3631,P61326:Q96DF8,0.5394957293026974,0.6923076923076924,0.7037037037037037,1.0,0.0,0.0,0.0,0.0,0.0,1.5978,0.0,3.9008,6.23269824,0
3633,O43513:Q8IWL1,0.0404384349405011,0.25,0.3859649122807017,0.8333333333333334,0.24,0.0,0.24,0.0,0.6153,1.5978,0.0,0.6915,0.1631596473864,0
3634,P09228:Q86VP6,0.0816123751777978,0.0780409356725146,0.3450680272108842,0.980952380952381,0.19,0.0,0.19,4.0064,0.0,2.013,0.0,2.1077,3.2296873209216,0
3635,P19429:P63316,0.5376293229452788,0.3637566137566137,0.625,0.6742424242424243,33.21,5.24327,33.21,0.5125,13.3811,2.416,105.17,9.4687,547940.904586389,1
3636,P62249:P62263,0.9323952849459128,0.580595238095238,0.6812925170068027,0.7375,0.68,0.0,0.68,3.8142,15.4815,0.0,181.01,38.174,277456.976368297,1
3637,O75628:Q5SRI9,0.3487848421674298,0.0,0.2291666666666666,0.1037037037037037,0.17,0.0,0.17,0.0,0.0,2.416,0.0,0.7126,0.292679072,0
3642,P05161:Q8WUX1,0.1950096333402,0.0944339225589225,0.3333333333333333,0.1243722943722943,0.0,0.0,0.0,0.9127,0.6153,2.013,0.0,1.5818,1.78817620591625,0
3644,P62877:Q15843,0.7820748528190444,0.292685628211944,0.8604761904761904,0.9574829931972788,52.16,0.0,52.16,4.0064,3.1392,1.5978,181.01,45.2798,8590933.56793534,1
3646,P62304:P62316,0.9401202976397244,0.6212585034013605,0.4364087301587301,0.9821428571428572,292.74,0.0,292.74,3.124,13.3811,1.5978,69.61,38.174,51957306.6036284,1
3647,Q5SQI0:Q9NZL4,0.6468775805990127,0.1277777777777777,0.35,0.8666666666666665,0.15,0.0,0.15,0.0,0.0,2.013,0.0,1.5818,0.47762451,0
3648,Q15436:Q9Y614,-0.044194873474993,0.125,0.2888888888888889,0.85,7.86,0.0,7.86,0.0,0.6153,2.416,0.0,1.1757,13.7373482899296,0
3649,O14683:P54727,0.2250541998238137,0.0863168577454291,0.4587301587301587,0.0,0.83,0.0,0.83,0.0,0.0,2.416,0.0,1.1757,2.357607696,0
3652,P61758:Q53HC0,0.5292353885689804,0.1180555555555555,0.4388888888888889,1.0,0.24,0.0,0.24,0.0,0.0,2.013,0.0,0.7962,0.384660144,0
3654,P15923:Q9HC44,0.6639749187969872,0.6862745098039215,1.0,0.85,0.62,0.0,0.62,0.0,0.0,2.013,0.0,2.7714,3.458873484,0
3656,P50895:Q9HCJ6,-0.1896080624175896,0.0,0.0,0.7321428571428572,0.15,3.51,3.51,0.0,0.0,2.013,0.0,1.5818,11.176413534,0
3657,P49888:Q9NX31,0.0764757144603363,0.1111111111111111,0.2,1.0,0.0,0.0,0.0,0.0,0.0,2.416,0.0,1.1757,2.8404912,0
3658,P39023:P61960,0.7151499759162693,0.1365559787434787,0.5857142857142857,1.0,0.0,3.66,3.66,0.0,0.0,1.1933,0.0,2.7714,12.1040285292,0
3659,O60671:O60921,0.771071780270468,0.3299137205387205,0.7280701754385965,1.0,292.74,3.52956,292.74,0.9127,158.1204,0.0,24.11,18.4426,18785267.3682236,1
3661,O00217:O95473,0.0980160371165872,0.0,0.1428571428571428,0.0,0.54,0.0,0.54,0.0,0.0,1.1933,0.0,2.7714,1.7858402748,0
3662,A6NDI0:P84085,0.0039594010137898,0.0797535797535797,0.44,0.1203703703703703,0.41,0.0,0.41,0.0,0.0,0.9878,0.0,0.4364,0.1767411272,0
3663,P83105:Q9UHW5,0.2027023723758726,0.0,0.3333333333333333,0.6472222222222223,0.62,3.51,3.51,0.0,0.6153,1.5978,0.0,0.7126,2.45902116289284,0
3664,P05089:Q8TAU3,-0.282133932164242,0.125,1.0,0.9879180151024812,0.28,0.0,0.28,0.0,0.0,0.993,0.0,1.1757,0.326891628,0
3665,P01730:P01903,0.5231532055104201,0.2713281163281163,0.4343228200371056,0.3958333333333333,52.16,0.0,52.16,0.0,0.0,2.416,2.07,5.6875,1483.6322592,1
3667,Q9H2H0:Q9UPC5,-0.2140293216832786,0.3333333333333333,0.3333333333333333,0.1125,0.19,0.0,0.19,0.0,0.0,2.416,0.0,0.4364,0.200325056,0
3668,O43181:Q16795,0.5816409261162471,0.2576898795648795,0.3255555555555555,0.6845238095238095,80.27,2.60197,80.27,15.8699,0.0,2.416,69.61,45.2798,9700642.88073544,1
3669,O95057:Q8WXX5,0.0762725977248701,0.1388888888888889,0.3939393939393939,1.0,0.22,3.51,3.51,0.0,0.6153,0.0,0.0,1.5818,3.4162182054,0
3672,P46782:Q5XPI4,0.0895387868088083,0.2752380952380952,0.6666666666666666,0.3797619047619048,0.54,0.0,0.54,0.5125,0.0,1.5978,0.0,1.5818,0.69945796107,0
3673,P01730:Q9C0I1,0.0863860702008538,0.125,0.3928571428571428,0.82,0.54,2.59,2.59,0.0,0.0,2.416,0.0,1.1757,7.356872208,0
3674,P62805:Q96A08,0.1164922167196381,0.3980623543123543,0.5084656084656085,0.5,869.75,0.0,869.75,0.9127,5.2693,0.8011,24.11,1.5818,127794.136106784,1
3675,P42285:Q9NQT5,0.8641283403077493,0.3450980392156862,0.4480820105820106,0.9495,52.16,0.0,52.16,0.5125,0.6153,2.013,0.0,45.2798,1499.22440194338,1
3677,P55317:Q9BSA4,-0.2421616337189836,0.1203703703703703,0.2952380952380952,0.4474747474747474,0.15,0.0,0.15,0.5125,0.0,2.416,0.0,1.5818,0.293787714,0
3678,P05106:P62318,0.435982753490331,0.1252551020408163,0.4820287018917157,0.8857723577235771,0.54,0.0,0.54,0.0,0.0,1.1933,0.0,1.1757,0.7575999174,0
3680,B7Z8K6:P09693,0.7086306177020346,0.2561070411070411,0.8418518518518519,0.0,0.26,0.0,0.26,0.5125,0.0,2.013,0.0,0.0,0.26823225,1
3683,Q15370:Q16665,0.3201763752984032,0.0917719006858351,0.5529411764705883,0.8152679275019701,2.31,7.34688,7.34688,3.124,0.0,1.5978,2.07,0.7126,54.0944303652367,1
3684,P62277:Q5JRC9,-0.1252282063600646,0.0,0.0,1.0,0.15,0.0,0.15,0.0,0.0,0.9878,0.0,0.8888,0.131693496,0
3685,Q6KF10:Q96HW7,0.2605374880821585,0.125,0.2857142857142857,1.0,3.44,0.0,3.44,0.0,0.0,2.416,0.0,0.7126,5.922447104,0
3686,P02675:Q6PEV8,-0.310103962432292,0.0,0.0,1.0,0.15,0.0,0.15,0.0,0.0,2.416,0.0,1.1757,0.42607368,0
3687,P39019:Q96A58,0.2468503347160835,0.1421717171717171,0.6277777777777778,0.3219135802469136,0.19,0.0,0.19,0.0,0.0,1.5978,0.0,1.1757,0.35692135739999997,0
3688,P40429:P61960,0.660219155246398,0.1365559787434787,0.5857142857142857,0.25,0.19,0.0,0.19,0.0,0.0,0.0,0.0,3.9008,0.741152,0
3689,Q9H9P5:Q9UL15,0.3754376809233681,0.0650775694893341,0.491025641025641,0.9151515151515152,0.19,3.84,3.84,0.0,0.0,2.416,0.0,2.1077,19.554060288,0
3691,P19957:P35663,-0.0263529692552062,0.145,0.4571428571428572,0.4166666666666667,0.17,0.0,0.17,0.0,0.0,2.416,0.0,1.1757,0.482883504,0
3692,P01909:Q5JRC9,-0.0418612192046392,0.0,0.0,1.0,0.22,5.22,5.22,0.0,0.0,2.013,0.0,1.1757,12.354091002,0
3694,P35250:Q9UI38,0.0114166043386588,0.1666666666666666,0.3999999999999999,0.1428571428571428,0.0,3.51,3.51,0.0,0.0,0.993,0.0,0.8888,3.097850184,0
3695,P16383:P62875,0.3599036676067013,0.1390977443609022,0.9303278688524588,0.7838151927437643,0.15,0.0,0.15,0.0,0.0,0.9878,0.0,1.1757,0.174203469,0
3696,Q13617:Q92624,0.7914361599756834,0.4481818181818182,0.3352272727272727,0.9827380952380952,0.94,3.51,3.51,0.0,0.6153,2.416,0.0,18.4426,96.2305811314848,1
3699,E9PJI5:Q96D46,0.1471049106064582,0.0,0.0,0.2199999999999999,0.19,0.0,0.19,0.5125,0.0,0.9594,0.0,0.4364,0.04076917533,0
3700,P34741:Q9ULH4,-0.1967289616722566,0.1269841269841269,0.6333333333333333,0.0,0.62,0.0,0.62,0.0,0.0,2.416,0.0,1.1757,1.761104544,0
3701,P29372:Q6NW40,0.2359656962521621,0.0827777777777777,0.3233333333333333,0.8,0.68,0.0,0.68,0.0,0.0,2.013,0.0,1.1757,1.609345188,0
3704,O60894:P31267,0.4226891891666997,0.1288156288156288,0.3833333333333333,0.1694444444444444,0.68,0.0,0.68,0.0,0.0,0.0,0.0,1.5818,1.075624,0
3705,O60341:O75069,-0.1272175596286035,0.25,0.3166666666666666,1.0,2.79,0.0,2.79,0.0,0.0,2.416,0.0,0.8888,5.991080832,0
3708,Q8NBP7:Q9H1K1,-0.4042871580521168,0.1063205891330891,0.3611111111111111,0.8766840882694541,0.41,0.0,0.41,0.0,0.0,0.993,0.0,0.7126,0.290120838,0
3710,Q96MM3:Q9BQC6,0.0132120444718465,0.1428571428571428,0.1811224489795918,0.625,0.22,0.0,0.22,0.0,0.0,2.013,0.0,1.5818,0.700515948,0
3711,P59538:Q86Y79,0.5229437954499276,0.1,0.2,0.1448412698412698,0.0,0.0,0.0,0.0,0.0,1.1933,0.0,0.8888,1.06060504,0
3713,P62910:Q9NX58,0.2488449522889668,0.089041514041514,0.3272727272727273,0.3218426501035197,0.24,0.0,0.24,0.0,0.0,1.5978,0.0,9.4687,3.6309813264,1
3714,P38435:Q9UQB8,0.0373508153424571,0.0980673566199882,0.4564664502164502,0.3210155490767736,0.29,7.37,7.37,0.0,0.0,2.013,0.0,2.1077,31.269436737,0
3715,A6NHP3:Q99584,0.0905174640285098,0.0,0.0,0.2083333333333333,0.0,0.0,0.0,0.0,0.0,2.013,0.0,0.4364,0.8784732,0
3716,O14653:Q9Y2D9,0.5860311437316263,0.0625,0.5,0.4125,0.54,0.0,0.54,0.0,0.0,2.013,0.0,3.9008,4.240247616,0
3717,P04908:Q8IYW5,0.6436515826842066,0.171855767689101,0.2663082437275985,0.5848484848484848,2.34,0.0,2.34,0.9127,0.6153,1.5978,5.86,2.1077,25.933411506216,1
3719,Q9H5V9:Q9NW64,0.8751540430826198,0.0846459096459096,0.5636243386243387,0.6520833333333333,0.22,0.0,0.22,0.0,0.0,2.416,0.0,9.4687,5.032803424,0
3720,Q00536:Q96CB9,0.1993667369419483,0.1333333333333333,0.1863636363636363,0.3677849927849928,0.19,3.51,3.51,0.0,0.6153,0.0,0.0,5.6875,12.2833108125,0
3722,O15209:Q86WT6,0.1110182329378713,0.0588788146837682,0.4296296296296296,0.9632683215130023,1.52,0.0,1.52,0.0,0.0,2.416,0.0,1.1757,4.317546624,0
3724,Q15797:Q9H0R3,0.5040567827980624,0.0,0.6,1.0,0.62,0.0,0.62,0.0,0.0,2.013,0.0,1.5818,1.974181308,0
3725,P13224:Q01094,-0.0104274013813389,0.1372070458277355,0.2967884828349944,0.8254629629629631,0.41,0.0,0.41,0.0,0.0,2.013,0.0,3.9008,3.219447264,0
3726,Q86XJ0:Q8N2W9,0.6769390952658877,0.0712116503406096,0.3173758865248227,0.7864922723475357,0.0,0.0,0.0,0.0,0.0,0.0,0.0,1.5818,1.5818,0
3727,Q86TS9:Q9BYC9,0.7391463134966547,1.0,0.4982954545454545,0.425,0.54,0.0,0.54,0.5125,0.0,1.5978,0.0,18.4426,8.15515450299,1
3730,P62979:Q9Y2Z9,0.3832220249140695,0.1666666666666666,0.2916666666666667,0.5907738095238095,0.19,0.0,0.19,0.9127,0.0,1.5978,0.0,2.1077,0.58400002248378,0
3732,P49642:Q9BRX5,0.7115983203347414,0.1587301587301587,0.5515151515151516,1.0,0.41,0.0,0.41,0.0,0.0,1.5978,5.86,45.2798,173.823459623544,0
3733,O15382:Q9NYJ8,0.4146149975058279,0.1194470212327355,0.4587688734030198,0.8795238095238096,0.19,3.51,3.51,0.0,0.0,2.013,0.0,1.1757,8.307061191,0
3736,Q86UY6:Q8WTV0,0.0003067626970324,0.1168967606467606,0.3433333333333334,0.6381720430107525,0.0,0.0,0.0,0.0,0.0,0.0,0.0,2.1077,2.1077,0
3739,P63208:Q2TBA0,0.0023990790366434,0.1767857142857143,0.5416666666666666,0.8611111111111112,2.79,0.0,2.79,0.0,0.0,2.013,0.0,0.7962,4.471674174,0
3740,P31946:Q9UQ84,0.2740072846135004,0.1087854737854738,0.5133333333333333,0.6246413717001954,0.23,96.2413,96.2413,1.7951,0.6153,2.013,0.31,2.7714,183.840725005364,1
3742,Q96JC9:Q9UK45,0.5415332375067915,0.1587301587301587,0.3502801120448179,0.9631782945736432,1.22,62.31,62.31,0.0,0.0,1.5978,0.0,2.7714,275.9175853452,0
3743,P13807:P49841,0.3009702015406286,0.0996234924495794,0.6310126582278482,0.6852712282323932,0.15,7.40526,7.40526,0.0,0.6153,2.013,69.61,3.9008,2490.55604412443,1
3744,P01848:P02489,-0.0708236643162838,0.1372294372294372,0.2986111111111111,0.0,0.62,2.59,2.59,0.0,0.0,1.5978,0.0,0.0,4.138302,0
3745,P27348:Q92934,0.5633963957550895,0.2083526906697638,0.5644444444444443,0.943486590038314,0.71,296.581,296.581,1.7092,5.052,0.0,0.4,2.7714,2838.95661167906,1
3746,Q12931:Q9H6Z9,0.077297171205134,0.1633089133089133,0.5333333333333333,0.8680555555555557,0.0,0.0,0.0,0.0,0.0,2.013,0.0,1.1757,2.3666841,0
3747,P06753:Q6NW34,0.0728206025564152,0.0939393939393939,0.4166666666666667,0.0,0.0,0.0,0.0,0.0,0.0,2.416,0.0,2.7714,6.6957024,0
3749,O75829:P29374,-0.2592310876295255,0.1126948448377019,0.5547619047619048,0.1964285714285714,0.63,0.0,0.63,0.0,0.0,2.416,0.0,0.7126,1.084634208,0
3751,Q14914:Q8TCY5,0.072209002940885,0.0701388888888888,0.2462962962962963,0.6499999999999999,0.19,0.0,0.19,0.0,0.0,1.5978,0.0,1.1757,0.35692135739999997,0
3752,Q1HG43:Q9NVM4,-0.0080109127541712,0.1127463806035234,0.4666666666666667,0.436671335200747,0.24,0.0,0.24,0.0,0.0,2.013,0.0,0.7126,0.344271312,0
3753,O75899:Q9NQ35,0.7526262530277615,0.125,0.0,0.8928571428571428,0.19,2.59,2.59,0.0,0.0,2.416,0.0,2.7714,17.341869216,0
3755,Q9BZE1:Q9NP92,0.8154077617426988,0.5714285714285714,0.6268939393939393,0.5833333333333334,0.0,0.0,0.0,0.0,0.0,0.0,5.86,18.4426,108.073636,1
3756,P47813:P62826,0.4358277521320243,0.1361985236985237,0.5369281045751634,0.9109516214779372,52.16,0.0,52.16,2.409,0.0,1.5978,0.0,45.2798,9090.78317422767,1
3757,P54098:Q7Z6K4,0.1686868414632309,0.0820450192509016,0.0,0.625,0.19,0.0,0.19,0.0,0.0,1.5978,0.0,3.9008,1.1842126656,0
3759,O00139:Q4G0W2,0.4574400101797728,0.1708333333333333,0.0,0.1102564102564103,0.0,0.0,0.0,0.0,0.0,2.013,0.0,2.1077,4.2428001,0
3760,P23396:P62273,0.8296794542042403,1.0,0.7327891156462585,0.5555555555555556,0.87,0.0,0.87,1.0145,0.0,1.5978,24.11,45.2798,1539.55578905558,1
3761,Q05315:Q9Y535,-0.2823740631644339,0.0793650793650793,0.3694444444444443,0.4537037037037037,0.62,0.0,0.62,0.5125,0.0,1.1933,0.0,1.1757,0.4457914328775,0
3762,P18621:Q9NUH8,0.5738064834046919,0.1129807692307692,0.25,1.0,0.17,0.0,0.17,0.0,0.0,2.013,0.0,9.4687,3.240283827,0
3763,Q008S8:Q7Z4H3,0.2582589779689377,0.0,0.0,0.127056277056277,0.23,0.0,0.23,0.0,0.0,1.5978,0.0,0.4364,0.1603743816,0
3765,P31153:Q9UL15,0.2750279915417799,0.1020175137362637,0.491025641025641,0.9151515151515152,0.41,0.0,0.41,0.0,0.0,2.013,0.0,2.7714,2.287319562,0
3766,P19388:Q00403,0.6910540233707992,0.3802327137148565,0.6748015873015872,0.7200486096712511,3.75,0.0,3.75,0.0,9.2808,2.013,69.61,5.6875,27736.6176518681,1
3768,P54619:Q9BWJ5,0.7272238464766169,0.1071338383838383,0.4757142857142856,0.925,0.54,0.0,0.54,0.0,0.0,1.1933,0.0,9.4687,6.1014598434,0
3769,O60930:P84550,0.3216277446828698,0.0628472222222222,0.2724206349206349,0.6396825396825395,1.05,0.0,1.05,0.0,0.0,2.013,0.0,0.7126,1.50618699,0
3770,P49768:Q9BQ51,0.2544933704101653,0.1904040404040404,0.7619047619047619,1.0,0.0,0.0,0.0,0.0,0.0,2.013,0.0,2.7714,5.5788282,0
3771,P14866:P26599,0.8729337783013925,0.3095352564102564,0.8044444444444443,0.8426666666666667,25.34,0.0,25.34,3.124,0.6153,2.416,5.86,18.4426,12718.0709601374,1
3776,P62308:Q9Y314,0.2869438587161535,0.0951178451178451,0.5142857142857143,0.6157407407407408,4.13,5.43,5.43,0.0,0.0,1.5978,0.0,3.9008,33.8435514432,0
3777,O75031:Q8NC69,-0.0306008900069498,0.0798160173160173,0.9285714285714286,0.9897959183673468,0.15,0.0,0.15,0.0,0.0,2.416,0.0,0.7962,0.28854288,0
3778,P52815:Q92748,0.2021711593537003,0.1353846153846153,0.2,0.8214285714285714,0.0,0.0,0.0,0.0,0.0,2.013,0.0,1.5818,3.1841634,0
3780,P02763:P05121,-0.0210449462911749,0.1377437641723355,0.5583900226757369,0.7129629629629629,0.64,0.0,0.64,0.5125,0.0,2.416,5.86,1.5818,7.345476283904,1
3781,Q13501:Q14145,0.7414606296013686,0.367617908407382,0.75234375,0.9542288557213928,1.22,9.966,9.966,2.3588,13.3811,2.416,0.89,5.6875,3846.91122735511,1
3782,O94956:P53999,-0.0602568133706941,0.090081585081585,0.2015873015873015,0.1944733044733045,0.54,2.59,2.59,0.0,0.0,2.013,0.0,2.1077,10.988852259,0
3784,P00995:Q9UJK0,-0.3270880278338215,0.0862470862470862,0.1666666666666666,0.1976190476190476,0.26,0.0,0.26,0.0,0.0,1.1933,0.0,1.1757,0.3647703306,0
3785,O60356:P48039,-0.1796960997220937,0.1741269841269841,0.3214285714285714,0.8078231292517006,0.0,0.0,0.0,0.0,0.0,2.013,0.0,0.7962,1.6027506,0
3787,P83876:Q6P179,0.1655053808655694,0.1849206349206349,0.3357142857142857,0.2720238095238095,0.19,0.0,0.19,0.0,0.6153,0.9878,0.0,1.1757,0.13577069966922,0
3788,Q5SZQ8:Q5VTL8,0.1190718899071712,0.6,0.5,1.0,0.15,0.0,0.15,0.0,0.0,2.416,0.0,0.7749,0.28082376,0
3790,P05000:Q00056,-0.2547023568802772,0.1348214285714286,0.5,0.1694444444444444,0.41,0.0,0.41,0.0,0.0,1.5978,0.0,1.5818,1.0362340164,0
3791,Q96LQ0:Q99062,-0.0450053471134661,0.0,0.0,0.3125,0.0,3.84,3.84,0.0,0.0,2.013,0.0,1.1757,9.088066944,0
3793,Q86TV6:Q9UP95,-0.068068397964147,0.090282634032634,0.7361111111111112,0.5492424242424243,0.0,0.0,0.0,0.0,0.6153,2.416,0.0,2.1077,3.13323262896,0
3795,Q5JS54:Q9Y3E7,0.5148329517179037,0.1339999506666173,0.2907671957671958,0.4618386243386242,0.15,0.0,0.15,0.0,0.0,1.5978,0.0,1.5818,0.379110006,0
3796,O95777:P23582,-0.0498514022178996,0.0765812486400721,0.3645833333333333,0.7619047619047619,0.0,3.84,3.84,0.0,0.0,1.1933,0.0,0.7749,3.5508025728,0
3797,O14893:Q16637,0.8064547139147143,0.5954045954045954,0.5694444444444444,0.9951923076923076,0.28,2.59,2.59,2.3254,3.1392,0.0,69.61,2.7714,3647.43250662366,1
3798,P07311:Q96J02,0.3148878969211572,0.0993187683528592,0.0,0.117682379349046,0.94,0.0,0.94,3.7695,0.0,2.416,0.0,1.1757,10.064797683696,0
3799,O94927:Q96CS2,0.6468610111476912,0.5121252204585539,0.8066176470588236,1.0,0.0,0.0,0.0,0.0,0.0,2.013,105.17,3.9008,825.827484768,1
3800,P23219:Q96HW7,0.1716834159411017,0.1011904761904761,0.3979591836734695,1.0,0.43,4.96,4.96,0.0,0.0,2.416,0.0,1.1757,14.088836352,0
3801,P25398:Q8NBP7,-0.2249586810259752,0.1406926406926406,0.3460317460317459,0.625705467372134,0.64,0.0,0.64,0.0,0.0,1.1933,0.0,0.7962,0.6080674944,0
3803,O15243:P62304,0.4734294956497181,0.0745984784446322,0.1756155303030303,0.9791666666666666,0.22,0.0,0.22,1.7092,0.0,1.5978,0.0,5.6875,3.4171133997,0
3805,P59768:Q8IVG9,0.2031611781073334,0.1509220779220779,0.4292207792207792,0.8947368421052632,0.0,0.0,0.0,0.0,0.0,0.8011,0.0,0.0,0.8011,0
3807,P01920:Q9HBX9,-0.0693426933235894,0.1580498866213151,1.0,0.5015873015873017,0.57,2.59,2.59,0.0,0.0,1.5978,0.0,1.1757,4.8654016614,0
3808,Q93009:Q9NR45,0.2949707145072883,0.1851851851851852,0.5555555555555556,0.1666666666666666,0.62,0.0,0.62,0.0,0.0,2.013,0.0,5.6875,7.09834125,0
3809,P01909:Q14679,0.2530229884188812,0.1256944444444444,0.2916666666666666,0.2186507936507936,0.15,3.84,3.84,0.0,0.0,2.013,0.0,1.1757,9.088066944,0
3810,Q02543:Q8NBP7,-0.24548253950081,0.1406926406926406,0.3460317460317459,0.625705467372134,3.17,0.0,3.17,0.5125,0.0,1.1933,0.0,1.5818,3.0665803167725,0
3811,P16401:Q9HC62,0.0459908955911174,0.1219932844932844,0.5537037037037037,0.8863287250384024,0.0,0.0,0.0,0.0,0.0,2.013,0.0,1.1757,2.3666841,0
3812,Q7L523:Q8N568,0.2229398037190126,0.2484126984126984,0.6,0.2138888888888889,8.98,4.96,8.98,0.0,0.6153,1.5978,0.0,2.1077,18.6077757736256,0
3813,P51116:Q9BXJ2,0.1866991421100955,0.0,0.375,0.0,0.64,5.43,5.43,0.0,0.0,2.416,0.0,1.1757,15.423867216,0
3816,P01911:P06733,0.4509824956879482,0.1793150059816726,0.4583333333333333,0.6794733044733045,0.41,0.0,0.41,4.0064,0.0,0.9878,0.0,1.1757,1.90767199375104,1
3817,Q14145:Q96LX8,0.2902563418042162,0.75,0.5,0.7762962962962962,0.93,0.0,0.93,0.0,0.0,1.5978,0.0,1.1757,1.7470361178,0
3819,P63146:Q6AI12,0.0746819932764887,0.3333333333333333,0.5,0.9736842105263158,0.0,0.0,0.0,0.0,0.0,1.1933,0.0,2.7714,3.30711162,0
3820,Q3T906:Q99471,0.4612537985141494,0.1051085434173669,0.2064935064935064,0.9879032258064516,1.22,0.0,1.22,0.0,0.0,1.5978,0.0,2.7714,5.4023343624,0
3821,Q15596:Q9UIX4,0.2012288914086048,0.1196969696969697,0.2333333333333333,0.1255411255411255,0.68,0.0,0.68,0.0,0.0,2.416,0.0,1.1757,1.931534016,0
3822,P31947:Q9H0B3,-0.0352941071644854,0.25,0.75,1.0,0.28,137.203,137.203,0.0,0.0,1.1933,0.0,1.1757,192.49070642043,0
3823,P00738:P11926,-0.0459032018656279,0.162037037037037,0.5,0.7008928571428571,0.15,4.96,4.96,0.0,0.0,2.013,0.0,0.7962,7.949642976,0
3824,P68431:Q9NQR1,-0.023594284376628,0.3624768089053802,0.6866666666666668,0.5067059483726151,52.16,0.0,52.16,0.5125,0.6153,2.013,0.0,2.1077,69.7864229076999,1
3825,O95721:P56962,0.6293457680331704,0.3495731120731121,0.3124913733609386,0.902222222222222,0.54,0.0,0.54,0.0,9.2808,2.416,2.07,5.6875,142.55020909584,1
3828,Q96TC7:Q9NPJ6,0.3799540433878215,0.0807081807081807,0.3564102564102565,0.9388690476190475,0.97,0.0,0.97,0.0,0.0,2.013,0.0,2.1077,4.115516097,0
3830,P28223:P28335,0.1134711147229901,0.3555591751243925,0.7291666666666666,0.6432407407407407,6.9,0.0,6.9,0.5125,0.6153,2.416,181.01,3.9008,3711.78709776698,1
3831,P21554:Q6Q0C1,-0.1953408334443342,0.0884615384615384,0.3888888888888889,0.1759259259259259,0.17,0.0,0.17,0.0,0.0,2.416,0.0,1.5818,0.649676896,0
3832,A6NCL1:Q5SZD1,0.0428106220970427,0.0,0.0,1.0,0.41,0.0,0.41,0.0,0.0,2.013,0.0,1.1757,0.970340481,0
3833,P48742:Q13519,-0.0527191664360795,0.1808441558441558,0.3833333333333333,0.4791666666666666,0.41,0.0,0.41,0.0,0.0,2.416,0.0,2.7714,2.745237984,0
3834,P51149:Q96QA6,0.5693538761653472,0.0,0.5,0.7333333333333334,0.22,0.0,0.22,0.0,0.0,1.5978,0.0,9.4687,3.3283995492,0
3835,O14879:P14859,0.2951745162716794,0.1121031746031746,0.387142857142857,0.7070833333333334,0.71,7.37,7.37,1.0145,0.0,2.013,0.0,1.1757,17.6953775133465,0
3837,P09001:Q9NRX2,0.8926380576375958,1.0,0.5856643356643356,0.425,292.74,0.0,292.74,0.0,3.1392,2.013,0.0,45.2798,83762.4417637215,1
3838,Q8NCN4:Q9BYW1,-0.0878020657553987,0.1018759018759018,0.6363636363636362,0.1203703703703703,0.15,0.0,0.15,0.0,0.0,0.0,0.0,0.8888,0.13332,0
3839,P15923:Q9Y4P8,0.6199825167579568,0.1252497502497502,0.5866666666666667,0.6971428571428571,0.68,0.0,0.68,0.5125,0.0,2.013,0.0,5.6875,3.98995471875,0
3840,P28221:P49450,-0.0284370272158793,0.0998737373737373,0.2839682539682538,0.1952380952380953,0.15,0.0,0.15,1.2535,0.0,1.1933,0.0,2.7714,0.6218196623505,0
3842,O43543:O75771,0.6281137175302623,0.5037190082644628,0.7629629629629628,0.9055680868838766,60.92,0.0,60.92,0.9127,0.6153,2.013,24.11,2.7714,4601.66562746794,1
3843,O15234:P38919,0.5692120807144568,0.2098216479574285,0.5594611528822057,0.8523057644110277,0.0,5.24327,5.24327,3.8142,0.0,1.1933,69.61,2.7714,4603.90306426964,1
3844,Q9H1D9:Q9NQ30,-0.0756273626614162,0.1318181818181818,0.3611111111111111,0.8598484848484848,0.22,0.0,0.22,0.0,0.0,0.0,0.0,1.1757,0.258654,0
3848,Q16637:Q9NQR4,0.4794550300800429,0.0833333333333333,0.3803571428571428,0.1428571428571428,0.0,0.0,0.0,0.0,0.0,1.5978,0.0,0.4364,0.69727992,0
3849,Q96CM3:Q99496,0.3525342898383872,0.1153210678210678,0.6379928315412186,0.9554391932211482,0.54,0.0,0.54,0.5125,0.0,1.5978,0.0,2.1077,0.932006286855,0
3850,O75787:P59103,0.0,0.1047619047619047,0.32,1.0,0.54,0.0,0.54,0.0,0.0,0.9594,0.0,1.5818,0.8194926168,0
3851,P62877:Q6L8H4,0.1195493801590813,0.0,0.5833333333333334,1.0,0.0,0.0,0.0,0.0,0.0,0.6909,0.0,0.5954,0.41136186,0
3852,O94855:Q5U4N7,0.244205687079357,0.0,1.0,1.0,0.24,0.0,0.24,0.0,0.0,1.1933,0.0,0.4364,0.1249814688,0
3854,P63279:Q13485,0.883649106049837,0.1534518293665194,0.7495884773662551,0.8590870352615319,0.62,10.8249,10.8249,4.0064,0.6153,1.1933,5.86,5.6875,1061.28929016815,1
3855,Q96IY1:Q9H081,0.5068509788227659,0.4687499999999999,0.6574074074074074,1.0,2.49,0.0,2.49,0.0,7.4748,2.416,24.11,9.4687,10265.578331228,1
3856,P54252:Q5VTD9,-0.013316941387964,0.124537037037037,0.515,0.5177777777777778,0.0,0.0,0.0,2.0764,0.0,1.5978,0.0,1.5818,5.247893443056,0
3857,P63096:Q14833,0.1285505659533944,0.2566857745429173,0.8095238095238095,0.1583333333333333,3.17,3.51,3.51,0.5125,0.6153,2.013,69.61,0.7126,110.52209992704,0
3858,O14558:Q8NBB4,-0.2865087708270474,0.1,0.6,0.7871428571428571,0.64,0.0,0.64,0.0,0.0,2.013,0.0,2.7714,3.570450048,0
3860,Q9BRT6:Q9H9Y2,0.8364284773291545,0.0833333333333333,0.7777777777777778,0.6,0.15,0.0,0.15,0.0,0.0,1.5978,0.0,45.2798,10.852209666,0
3862,P78348:Q96H22,-0.1426184624619315,0.1333333333333333,0.4803571428571428,1.0,0.0,0.0,0.0,0.0,0.0,0.0,0.0,1.1757,1.1757,0
3868,Q5JX71:Q9UNI6,-0.0251383240288645,0.1517094017094017,0.5199999999999999,0.5381249469484763,0.41,0.0,0.41,0.0,0.0,2.013,0.0,1.5818,1.305506994,0
3871,Q96BI1:Q9Y2Y4,0.0246855645247047,0.0898809523809523,0.3999999999999999,0.4730880230880231,0.19,0.0,0.19,0.0,0.0,2.013,0.0,1.5818,0.604991046,0
3872,Q16665:Q8N584,0.0687912384512702,0.2166666666666666,0.0,0.0,2.31,3.84,3.84,0.0,0.0,2.416,0.0,2.7714,25.711497216,0
3873,P62191:Q8TC20,0.1941771956384541,0.0,0.0,1.0,0.62,0.0,0.62,0.0,0.0,0.9878,0.0,1.1757,0.7200410052,0
3877,P20292:P53803,-0.2700088999417065,0.0942307692307692,0.4710743801652892,0.2821428571428572,0.17,0.0,0.17,0.5125,0.0,1.1933,0.0,1.1757,0.12223313482125,0
3878,P30876:Q8NGC1,0.1020845224874079,0.0839160839160839,1.0,0.1666666666666666,0.15,0.0,0.15,0.0,0.0,0.993,0.0,0.8888,0.13238676,0
3880,O00400:P54727,0.3646698966799834,0.096206967635539,0.4587301587301587,0.8866255144032922,0.0,0.0,0.0,0.0,0.6153,2.013,0.0,9.4687,11.72792140443,0
3881,P68036:Q9HDC9,0.0317918991279226,0.3333333333333333,0.5,0.3630952380952381,0.68,0.0,0.68,0.0,0.6153,2.013,0.0,9.4687,7.9749865550124,0
3882,P30518:Q7Z6M2,0.0286041648900962,0.1008403361344537,0.0,1.0,0.41,0.0,0.41,0.0,0.0,2.416,0.0,0.6688,0.662486528,0
3883,P04637:P49841,0.5112300313446678,0.1661215595998204,0.6310126582278482,0.6852712282323932,1.22,7.40526,7.40526,19.2898,15.4815,1.5978,181.01,2.7714,1772577.6579791,1
3885,P0CG48:P55036,0.6673405267767373,0.5,0.8696673189823874,0.9819182389937108,292.74,7.37,292.74,15.8699,9.7902,1.5978,0.0,0.0,72672.5232315993,1
3886,Q15019:Q70SY1,0.8152798940537436,0.2388736263736263,0.4958333333333333,0.1678030303030303,0.41,0.0,0.41,0.5125,0.0,2.013,0.0,2.7714,1.172251275525,0
3888,P61254:Q9NQ55,0.7701583395023802,0.5,0.4537037037037037,1.0,0.22,0.0,0.22,0.9127,9.2808,2.013,0.0,2.1077,7.90658083747545,0
3889,P28331:Q99676,0.0052383145663072,0.0666666666666666,0.5,0.2361111111111111,1.52,0.0,1.52,0.0,0.0,1.5978,0.0,2.7714,6.7307772384,0
3891,Q2I0M4:Q96RI1,-0.0415013092772667,0.0717074280030644,0.4075757575757576,0.4926943426943427,0.15,10.8914,10.8914,0.0,0.0,2.013,0.0,1.1757,25.77650320674,0
3892,O60880:P30825,-0.0668015106284264,0.1027332144979203,0.2986111111111111,0.831280193236715,0.17,0.0,0.17,0.0,0.0,2.416,0.0,1.1757,0.482883504,0
3894,P01730:Q15327,-0.0761810874842104,0.1718206501101237,0.2666666666666666,0.5510752688172044,0.61,0.0,0.61,0.9127,0.0,2.013,0.0,1.1757,1.3176442726227,0
3895,P62495:Q99972,0.3925524345065998,0.0928561245788136,0.266005291005291,0.7490196078431373,0.19,0.0,0.19,0.0,0.0,0.993,0.0,1.1757,0.221819319,0
3897,P39019:P62277,0.9304166570796264,0.6994047619047619,0.6767857142857142,0.6355555555555554,0.64,0.0,0.64,3.8142,13.3811,0.993,24.11,38.174,29853.0961781127,1
3898,O60284:P01116,0.0246599799548272,0.1409024056751329,0.3328571428571428,0.169828722002635,0.28,0.0,0.28,0.0,0.0,2.013,0.0,1.1757,0.662671548,0
3900,Q8IY34:Q9Y376,0.4334224605826755,0.0979446479446479,0.2045238095238095,0.8754578754578756,0.0,0.0,0.0,0.0,0.0,0.0,0.0,1.5818,1.5818,0
3901,O60880:Q5VUJ9,-0.1206724168921512,0.0,0.5666666666666667,0.8611111111111112,0.41,0.0,0.41,0.0,0.0,1.5978,0.0,0.8888,0.5822511024,0
3902,P25705:Q9UI10,0.130800469679405,0.1510799806254351,0.375,0.8295238095238094,0.39,2.59,2.59,0.0,0.0,1.5978,0.0,9.4687,39.1843401474,0
3903,Q14147:Q9BZI7,0.2297484567931036,0.4324314574314574,0.4287037037037036,0.9093023255813952,3.02,0.0,3.02,0.5125,0.0,2.416,0.0,0.7962,2.9772816168,0
3904,O75934:Q9H2H8,0.6215312119741725,0.3879142300194931,0.761904761904762,0.712962962962963,0.0,0.0,0.0,0.5125,0.0,2.013,0.0,18.4426,19.0265388225,0
3906,P62310:P62312,0.7607992840262053,0.569047619047619,0.3613095238095238,0.9574468085106383,292.74,0.0,292.74,0.9127,606.3917,2.013,5.86,45.2798,86538479.0646871,1
3907,Q15370:Q96KK5,0.469023927640518,0.1666666666666666,0.18,0.3333333333333333,7.06,0.0,7.06,1.2535,0.0,1.5978,0.0,1.5818,22.3667574079884,0
3908,Q2NL82:Q92539,0.0193506831482786,0.0835616764188192,0.39,0.1333333333333333,0.41,8.9,8.9,0.0,0.0,2.013,0.0,1.5818,28.33905426,0
3909,P84098:Q8N8I0,-0.3701886854553681,0.15,0.375,0.75,0.41,0.0,0.41,0.0,0.0,2.013,0.0,0.8888,0.733553304,0
3910,P01909:P01920,0.9473328409470354,0.4282186948853616,0.5624675324675324,0.6354166666666666,71.0,3.67486,71.0,0.9127,5.5574,2.416,105.17,38.174,3493128.23386759,1
3912,P08311:P24588,-0.2219706576436841,0.151818783068783,0.4496732026143791,0.7892156862745099,0.0,7.37,7.37,0.0,0.0,2.416,0.0,1.1757,20.934420144,0
3914,Q8NHC4:Q8WX92,-0.3995758780712059,0.1433381433381433,0.3038095238095238,0.1645833333333333,0.0,0.0,0.0,0.0,0.0,1.5978,0.0,0.7962,1.27216836,0
3915,B7Z8K6:P20963,0.8617577686883585,0.3382306582306583,0.8681623931623932,0.0,0.15,2.59,2.59,1.7951,0.0,2.013,0.0,0.0,9.359059017,1
3916,O15273:Q7Z2H8,-0.1110725152956092,0.1004545454545454,0.2252380952380952,0.2589493839493839,0.15,0.0,0.15,0.0,0.0,2.416,0.0,1.5818,0.57324432,0
3917,Q86XA0:Q9Y2Q5,0.335500367903266,0.1287373737373737,0.1662445119891928,0.9435626102292768,0.26,0.0,0.26,0.0,0.0,2.416,0.0,5.6875,3.57266,0
3918,P01857:Q8N9U0,0.1138034960716346,0.0,0.2,0.0,0.71,0.0,0.71,0.0,0.0,2.013,0.0,0.4364,0.623715972,0
3919,P53794:Q68DK7,0.3694495902783798,0.1611111111111111,0.2848484848484848,0.875,0.0,0.0,0.0,0.0,0.0,2.013,0.0,2.7714,5.5788282,0
3920,P61964:Q9BTK6,0.5728023853193053,0.214209320091673,0.5660714285714286,0.8545454545454544,0.0,2.71112,2.71112,0.0,0.0,1.1933,0.0,9.4687,30.6329440937752,1
3921,P49721:Q96P16,0.4188752891660727,0.0833333333333333,0.7714285714285715,0.926190476190476,0.24,0.0,0.24,0.0,0.0,1.5978,0.0,9.4687,3.6309813264,0
3923,P08865:P10243,0.1895183591388017,0.145740062406729,0.6000000000000001,0.1585714285714285,0.41,0.0,0.41,0.0,0.6153,2.416,0.0,2.1077,1.2846253778736,0
3924,P98066:Q9BY19,-0.1171352291023089,1.0,0.3333333333333333,0.0,0.41,0.0,0.41,0.0,0.0,2.013,0.0,1.1757,0.970340481,0
3925,Q0VAA5:Q12874,0.0236752424496741,0.1243274582560296,0.2549516908212559,0.1361283643892339,0.15,0.0,0.15,0.0,0.0,2.013,0.0,1.1757,0.355002615,0
3926,P07550:P24666,-0.0818402035735488,0.1428571428571428,0.3587301587301587,0.3863247863247862,0.0,0.0,0.0,0.0,0.0,1.5978,0.0,0.6688,1.06860864,0
3927,P01579:Q9UL01,0.3007519187671367,0.0988215488215488,0.21,0.1571428571428571,0.0,0.0,0.0,0.0,0.0,0.0,0.0,2.1077,2.1077,0
3929,P48167:Q13569,-0.3665517266693729,0.0957349468713105,0.4274509803921568,0.481084656084656,0.15,2.59,2.59,0.0,0.0,2.013,0.0,0.8888,4.633909896,0
3932,O00182:O43504,0.2701894203423696,0.2013259227544942,0.1716500553709856,0.9278499278499278,0.8,0.0,0.8,0.0,0.0,2.013,0.0,0.8888,1.43132352,0
3933,P27694:Q96G91,0.6266102691955795,0.1477813852813852,0.3333333333333333,0.1744444444444444,0.29,0.0,0.29,0.0,0.0,1.5978,0.0,0.4364,0.2022111768,0
3934,P0C0S5:Q15906,0.5300574042042491,0.2733134920634921,0.3805555555555555,0.8708333333333332,0.83,0.0,0.83,0.5125,606.3917,1.5978,0.0,18.4426,7600.98322657321,1
3935,P62837:Q15843,0.6702896494984468,0.2712962962962963,0.8604761904761904,0.9574829931972788,869.75,0.0,869.75,4.0064,3.1392,1.1933,5.86,9.4687,724278.083644575,1
3936,Q13564:Q9NRS4,-0.0132304949780991,0.1600340136054421,0.611111111111111,0.9060846560846562,0.62,0.0,0.62,0.0,0.0,2.013,0.0,1.1757,1.467344142,0
3938,Q96GD3:Q96JC1,0.6439470885665133,0.0781746031746031,0.2191468253968254,1.0,0.63,0.0,0.63,0.0,0.0,2.416,0.0,3.9008,5.937329664,0
3940,P40306:Q8TEQ6,0.2777923605709065,0.1,0.5791666666666667,0.6416666666666667,2.85,3.51,3.51,0.0,0.6153,2.013,0.0,1.1757,5.1113347508223,0
3942,O43513:Q8ND76,0.7214956874399406,0.1009271284271284,0.3967320261437908,0.8299319727891156,0.24,3.51,3.51,0.5125,0.0,2.416,0.0,5.6875,24.718341375,0
3943,P20042:Q96BY2,-0.1590701143750939,0.1385353535353535,0.4666666666666667,0.9583333333333331,0.44,0.0,0.44,0.0,0.0,1.5978,0.0,1.1757,0.8265547224,0
3944,O60682:P35212,0.2679648565402345,0.1985260770975056,0.2333333333333333,0.875,0.0,0.0,0.0,0.0,0.0,2.416,0.0,2.1077,5.0922032,0
3945,P17181:P58304,-0.1023922624359936,0.096011396011396,0.25,0.8734848484848484,0.29,0.0,0.29,0.0,0.0,2.416,0.0,0.6688,0.468588032,0
3946,P05161:Q8IVV8,-0.0543089930525352,0.1111111111111111,0.3333333333333333,1.0,11.35,0.0,11.35,0.0,0.0,1.5978,0.0,1.5818,28.685990454,0
3949,Q01581:Q52LA3,0.0785926433674371,0.0769230769230769,0.4702380952380953,1.0,0.19,0.0,0.19,0.0,0.0,2.013,0.0,2.1077,0.806132019,0
3950,P10826:Q8TDM0,-0.0651965396904618,0.0,0.5833333333333334,1.0,0.24,7.41566,7.41566,0.0,0.0,2.013,0.0,1.5818,23.612673158844,0
3951,Q13503:Q9P086,0.3111388313452438,0.5256578947368421,0.4763888888888889,0.8944444444444444,6.88,0.0,6.88,1.7951,0.0,2.013,0.0,5.6875,141.397675419,1
3952,O95800:P51970,0.258113278505539,0.0929040404040404,0.1964285714285714,0.1555555555555555,0.17,0.0,0.17,0.0,0.0,2.013,0.0,0.6688,0.228870048,0
3954,P11908:Q9GZV4,0.4433957506644824,0.1111111111111111,0.6166666666666667,0.8333333333333333,0.17,0.0,0.17,0.0,0.0,1.5978,0.0,5.6875,1.544872875,0
3955,O15143:P61158,0.7817217950061401,0.3106027519489058,0.6409523809523809,0.7886904761904762,7.06,3.52956,7.06,1.0145,114.5243,2.013,69.61,18.4426,2119785.68000097,1
3956,P08908:Q9NX76,-0.3792394109386126,0.1333333333333333,0.6642857142857144,1.0,0.63,0.0,0.63,0.0,0.0,2.013,0.0,0.6688,0.848165472,0
3957,P28068:Q7Z3E5,-0.1373422058803849,0.1428571428571428,0.2583333333333333,1.0,0.54,3.84,3.84,0.5125,0.0,2.013,0.0,0.8888,3.5210558592,0
3958,O75489:P03897,0.3600715071050424,0.3600627313862607,0.6796536796536795,0.5625,52.16,0.0,52.16,0.0,0.0,0.8011,69.61,0.4364,1269.3479621943,1
3959,Q15366:Q9P1P5,0.0610829613330529,0.1428571428571428,1.0,0.1527777777777777,0.0,0.0,0.0,0.0,0.6153,2.013,0.0,1.1757,1.45622072673,0
3960,A6NNE9:Q92831,-0.211728697789109,0.0791782933854774,0.1763971071663379,0.1172041459832157,0.17,0.0,0.17,0.0,0.6153,2.013,0.0,0.7962,0.1676493155106,0
3962,P01574:Q9NPR9,0.0259699995330442,0.2777777777777777,0.2583333333333333,1.0,0.62,0.0,0.62,0.0,0.0,0.0,0.0,0.7962,0.493644,0
3963,P01903:P39687,0.6812017400016225,0.1321428571428571,0.375,0.8928571428571429,0.41,0.0,0.41,1.0145,0.0,2.013,0.0,1.5818,1.324436845413,0
3964,P06850:P51636,-0.1614347234943487,0.1565557048315669,0.2450793650793651,0.7982456140350878,0.24,0.0,0.24,0.5125,0.0,2.416,5.86,2.1077,3.670358222496,0
3965,P0C0P6:Q9Y2T5,-0.0398596921528453,0.2759259259259259,0.3333333333333333,0.0,0.15,0.0,0.15,0.0,0.0,1.1933,0.0,0.4364,0.078113418,0
3968,Q06323:Q99558,0.6183278152262836,0.1322916666666666,0.9270833333333334,0.9084754797441366,0.24,3.52956,3.52956,1.7951,0.0,2.013,0.89,2.7714,31.458804178825,0
3969,P50895:P52306,-0.1536577973212198,0.1463203463203463,0.3222222222222222,0.8991596638655461,0.17,5.22,5.22,0.0,0.0,2.416,0.0,0.6688,8.434584576,0
3970,P62753:Q53GI3,0.7355964356965964,0.1111111111111111,1.0,0.7511111111111111,0.29,0.0,0.29,0.0,0.0,1.1933,0.0,2.1077,0.7293843389,0
3971,O14964:Q9BUZ4,0.1159851295755961,0.2441341991341991,0.4690476190476191,0.9633968253968256,2.34,30.6995,30.6995,0.0,0.0,2.416,5.86,5.6875,2471.99312087,1
3972,O14746:P83731,-0.1102700727270044,0.1777777777777778,0.6696649029982362,0.4250000000000001,0.54,0.0,0.54,0.0,0.0,1.5978,0.0,1.5818,1.3647960216,0
3973,P33681:Q96MH6,0.4685501362540605,0.1,0.6666666666666666,0.1111111111111111,0.15,0.0,0.15,0.0,0.0,2.013,0.0,1.1757,0.355002615,0
3975,P06850:P34998,-0.0032219869820758,0.2538303200067905,0.3008658008658009,0.5495670995670996,0.54,84.52,84.52,0.0,0.6153,2.416,181.01,3.9008,88715.5165792195,1
3976,Q16548:Q16611,0.4268054705213634,0.1579578436135812,0.489766081871345,0.9443415637860084,3.45,2.60197,3.45,3.7695,0.6153,2.416,2.07,2.7714,110.906307412049,1
3977,P01579:P36507,0.204618507044997,0.158045177045177,0.4468774395003904,0.7711226851851851,0.15,2.59,2.59,0.0,0.0,1.1933,0.0,1.1757,3.6336736779,0
3978,P29084:Q00403,0.7636466765221998,0.3802327137148565,0.6748015873015872,0.7200486096712511,0.94,5.22,5.22,1.0145,0.0,2.416,69.61,18.4426,16425.298282328,1
3979,O94855:Q9H8W3,0.4006323205645694,0.0,0.0,1.0,0.62,0.0,0.62,0.0,0.0,2.416,0.0,2.7714,4.151335488,0
3982,O75293:Q13291,0.0180590733901972,0.1398387168387168,0.2395833333333333,0.8386363636363636,0.41,0.0,0.41,0.0,0.0,1.5978,0.0,2.7714,1.8155385972,0
3983,P01732:Q8N4Z0,0.356877145070836,0.0,1.0,0.3402777777777778,0.22,0.0,0.22,0.0,0.0,2.013,0.0,1.5818,0.700515948,0
3985,P20248:Q9UJX6,0.1883311501021248,0.1682860349527016,0.7125,0.925925925925926,0.54,4.4495,4.4495,1.0145,0.6153,2.013,5.86,2.7714,90.8010312836205,0
3986,Q96ME7:Q9NPJ6,0.8225366816115852,0.4449112978524743,0.2978632478632479,0.9388690476190475,0.24,0.0,0.24,0.0,0.0,2.416,0.0,3.9008,2.261839872,0
3988,P49146:P62070,-0.1219052257608018,0.1319444444444444,0.532312925170068,0.6587024087024087,0.8,0.0,0.8,0.0,0.0,2.013,0.0,2.1077,3.39424008,0
3989,P0C0S8:Q92529,-0.154442869363708,0.0875929625929625,0.1916666666666666,0.9564625850340136,0.54,0.0,0.54,0.0,0.0,2.013,0.0,2.1077,2.291112054,0
3990,Q9BQC6:Q9UBI1,0.5600315453773488,0.0769230769230769,0.2749999999999999,1.0,0.28,0.0,0.28,0.0,0.0,2.013,0.0,18.4426,10.394987064,0
3991,O75952:P15923,0.350106110722574,0.0836757793488562,0.4885057471264367,0.6514770723104056,0.41,0.0,0.41,2.0764,0.0,1.5978,0.0,1.5818,2.15163631165296,0
3993,Q9BUE0:Q9P086,0.7010140834953478,0.3994047619047619,0.4763888888888889,0.8944444444444444,0.68,0.0,0.68,0.0,15.4815,2.013,0.0,5.6875,120.52777361625,1
3994,Q3SXZ3:Q92624,0.7850181494616881,0.0612179487179487,0.2450983044733044,0.1991836734693877,2.32,0.0,2.32,0.0,0.0,0.9594,0.0,1.1757,2.6168824656,0
3995,Q14232:Q8N608,-0.4139667871005612,0.1331168831168831,0.6444444444444445,0.319047619047619,0.68,0.0,0.68,0.0,0.0,1.5978,0.0,0.7749,0.8419319496,0
3996,O75530:Q15910,0.7657976478743744,0.2072444196670202,0.6404040404040403,0.7660828717280329,282.86,57.2019,282.86,1.2535,445.3724,2.013,5.86,18.4426,34354427.3124072,1
3997,P55036:P62899,0.4052103510632246,0.1476190476190476,0.6769841269841269,0.7916666666666666,0.0,0.0,0.0,3.5815,15.4815,2.013,0.0,3.9008,435.386993893394,0
3998,P27986:P54707,-0.1275564283939406,0.1262523191094619,0.5803571428571429,0.1181397306397306,2.31,5.43,5.43,0.0,0.0,2.416,0.0,0.7962,10.445252256,0
3999,Q13503:Q9NPJ6,0.8395649915657754,0.7289473684210527,0.5871794871794873,0.9388690476190475,5.21,3.52956,5.21,2.3588,3.1392,2.416,2.07,18.4426,3558.25649280695,1
4000,P05165:Q6UXP7,0.0530977072594853,0.1,0.5,1.0,0.24,0.0,0.24,0.0,0.0,2.013,0.0,2.7714,1.338918768,0
4001,A4D1F6:Q13503,0.1732956657593578,0.1118596681096681,0.2388888888888889,0.0,0.89,0.0,0.89,0.0,0.0,1.5978,0.0,0.8888,1.2639109296,0
4002,P10826:P30838,-0.0944882057903849,0.2375,0.5047619047619049,0.3447420634920635,0.0,4.96,4.96,0.0,0.0,2.416,0.0,1.5818,18.955278848,0
4003,O43182:P48741,0.2661366889829092,0.1458333333333333,0.4142857142857143,0.1781818181818181,0.41,0.0,0.41,0.0,0.0,1.5978,0.0,0.4364,0.2858847672,0
4006,P50539:Q53S58,-0.1591394327060218,0.0588235294117647,0.26,1.0,0.0,0.0,0.0,0.0,0.0,2.013,0.0,1.1757,2.3666841,0
4007,O75828:Q5QGZ9,-0.1183141490037097,0.108384324009324,0.2952380952380952,0.315,0.24,0.0,0.24,0.0,0.0,1.5978,0.0,1.1757,0.4508480304,0
4008,Q08554:Q9H0U6,-0.0434456078243558,0.1365079365079365,0.2594494047619047,0.6547619047619049,0.41,0.0,0.41,0.0,0.0,2.013,0.0,0.8888,0.733553304,0
4010,O95198:P50895,-0.1189052850629281,0.0940656565656565,0.3194444444444444,0.7846153846153847,2.31,5.22,5.22,0.0,0.0,2.013,0.0,0.7126,7.487901036,1
4014,P56381:Q16548,0.3432092302597986,0.1182983682983683,0.2333333333333333,0.935897435897436,0.43,0.0,0.43,0.5125,0.0,1.1933,0.0,2.7714,0.7288047232575,0
4015,P12830:Q6YFQ2,-0.0265723620287015,0.125,0.3208333333333333,1.0,0.54,2.59,2.59,0.0,0.0,1.5978,0.0,1.5818,6.5459661036,0
4016,O75608:Q06432,0.0042974666965031,0.09755291005291,0.4199134199134198,0.8688311688311687,0.19,0.0,0.19,0.0,0.0,2.013,0.0,1.1757,0.449669979,0
4018,P08237:P63146,0.4662088793542331,0.1043197815256638,0.4487394957983193,0.6059941520467835,0.15,0.0,0.15,0.0,9.7902,0.993,0.0,3.9008,5.688342731232,0
4019,B6SEH8:Q9NUN5,0.3093340081024206,0.0,0.3450854700854701,0.0,0.0,0.0,0.0,0.0,0.0,0.0,0.0,0.8888,0.8888,0
4020,P13984:Q27J81,0.4851678612314944,0.0888888888888888,0.3333333333333333,0.611111111111111,0.31,0.0,0.31,0.0,0.0,2.013,0.0,1.1757,0.733672071,0
4021,A0PJW8:Q5VYX0,0.0116507540347901,0.1493945868945868,0.0,0.2954081632653061,0.24,0.0,0.24,0.0,0.0,2.013,0.0,1.5818,0.764199216,0
4025,Q5H9L4:Q8N0X7,0.0533392899065429,0.1651082251082251,0.387037037037037,0.9035087719298244,0.22,0.0,0.22,0.0,0.0,2.416,0.0,1.5818,0.840758336,0
4029,P29508:Q9NQG1,0.0969905324095998,0.0,1.0,1.0,0.0,0.0,0.0,0.0,0.0,2.416,0.0,1.1757,2.8404912,0
4030,O75128:P32780,-0.3173177237201224,0.0886215636215636,0.4796296296296296,0.9434782608695652,1.52,3.51,3.51,1.7092,0.0,2.013,0.0,1.1757,14.1984289876572,0
4031,P09012:P14678,0.8798984736608774,0.7103174603174602,0.4851279317697229,0.9495370370370372,3.16,3.86531,3.86531,1.7092,0.6153,2.013,24.11,45.2798,8933.25260588696,1
4032,P63244:Q70HW3,0.5971675173923532,0.1456349206349206,0.625,0.1809523809523809,2.49,0.0,2.49,0.0,0.6153,1.1933,0.0,9.4687,17.3111635586919,0
4034,P54105:P62306,0.8125940179955813,0.728617216117216,0.4880541871921182,0.9776119402985076,11.35,0.0,11.35,1.2535,0.0,1.5978,69.61,18.4426,29183.4342425902,1
4037,P25398:Q9NZI2,-0.5010606592382194,0.1176470588235294,0.3018518518518518,0.7770876466528641,0.22,0.0,0.22,0.0,0.6153,1.5978,0.0,0.7962,0.17220834221976,0
4038,O75607:Q5GH76,-0.2017104993004484,0.1294642857142857,0.3333333333333333,0.5833333333333334,0.0,0.0,0.0,0.0,0.0,2.416,0.0,1.1757,2.8404912,0
4039,Q8IW50:Q96H20,-0.0130314300695063,0.0,0.0,0.9589285714285716,0.19,0.0,0.19,0.0,0.0,1.5978,0.0,1.1757,0.35692135739999997,0
4040,P50914:Q96MF2,-0.0349563905566347,0.0830710955710955,0.599537037037037,0.9857142857142858,18.4,12.1349,18.4,0.5125,0.0,2.013,0.0,1.1757,22.317831063,0
4041,P19419:Q2NKX9,0.2198033128132933,0.0,0.0,1.0,0.41,0.0,0.41,0.0,0.0,2.013,0.0,2.1077,1.739548041,0
4042,P20963:Q6UWP2,0.0395856967887032,0.101010101010101,0.5,0.2946428571428571,0.15,0.0,0.15,0.0,0.0,2.013,0.0,1.1757,0.355002615,0
4043,P83731:Q15849,-0.0377595559986184,0.1134920634920634,0.875,0.7807017543859649,0.0,0.0,0.0,0.0,0.0,1.5978,0.0,1.5818,2.52740004,0
4044,O75570:P20061,0.0040013035950219,0.0817307692307692,0.1805555555555555,0.1321428571428571,2.31,0.0,2.31,0.0,0.0,2.013,0.0,1.1757,5.467040271,0
4046,O75593:P21695,-0.1050917771401102,0.1856557476655515,0.3888888888888888,0.3857142857142857,0.19,0.0,0.19,0.0,0.0,2.013,0.0,2.7714,1.059977358,0
4047,P25787:P28074,0.506355543885415,0.5833333333333333,0.792102206736353,0.9308201058201058,80.27,0.0,80.27,3.124,30.1977,1.5978,24.11,45.2798,13208767.0671249,1
4048,P21554:P63096,0.1895299281096712,0.5062752525252525,0.6295681063122923,0.521326164874552,0.0,3.67486,3.67486,1.7092,0.6153,2.013,10.8,2.1077,177.091176710483,1
4049,Q06265:Q5SWW7,0.3505641201552905,0.0,0.0,1.0,0.0,0.0,0.0,0.0,0.0,0.9594,0.0,1.1757,1.12796658,0
4050,P16520:Q9NRX2,0.2204069613969428,0.1111111111111111,0.1944444444444444,0.8125,0.54,0.0,0.54,0.0,0.6153,2.013,0.0,1.5818,1.0579764996108,0
4053,P17980:P55036,0.8635274487971154,1.0,0.8696673189823874,0.9819182389937108,0.68,0.0,0.68,15.8699,158.1204,1.5978,24.11,38.174,2509333.0320782,1
4054,O00522:P61224,0.7241356082628888,0.2187078546453546,0.8155067155067154,0.7096618357487923,292.74,6.7087,292.74,0.0,0.6153,1.5978,5.86,3.9008,6578.73965894772,1
4055,P01374:Q86VR7,-0.0359302098453589,0.0,0.5555555555555555,0.0,2.34,0.0,2.34,0.0,0.0,2.013,0.0,1.1757,5.538040794,0
4058,P17096:Q9UNX3,0.6242394024005541,0.1547619047619047,0.1625,0.5,0.0,5.43,5.43,0.0,0.0,0.0,0.0,1.5818,8.589174,0
4059,P62906:Q8IZL8,0.3686486765257566,0.1101190476190476,0.4131313131313131,0.9270833333333334,0.0,0.0,0.0,1.2535,0.0,1.1933,0.0,2.7714,4.14546441567,0
4060,P42773:Q7Z2G1,-0.0634424143073964,0.125,0.4869047619047618,0.5,7.06,0.0,7.06,0.0,0.6153,2.013,0.0,1.1757,10.2809183307138,0
4061,P04908:Q6IPX1,-0.0392579066129549,0.0,0.1666666666666666,0.1428571428571428,0.63,0.0,0.63,0.0,0.0,0.9878,0.0,0.4364,0.2715778296,0
4063,Q9BQ67:Q9Y376,0.5659171470518534,0.0982172919672919,0.3827777777777778,0.8754578754578756,0.24,0.0,0.24,0.0,0.6153,2.416,0.0,0.7126,0.2542382583552,0
4064,Q8WUW1:Q9NXA8,0.2460067138162169,0.1431818181818182,0.2979166666666667,0.1383928571428571,0.0,0.0,0.0,0.0,0.0,1.1933,0.0,2.1077,2.51511841,0
4066,Q15050:Q9ULM3,0.4911220757530162,0.1259595959595959,0.3175084175084175,0.6666666666666666,0.41,0.0,0.41,0.5125,0.6153,2.013,0.0,2.7714,0.721286209830532,0
4067,P20226:P49848,0.7048319973859689,0.2520481601731602,0.6922222222222223,0.7579365079365079,52.16,0.0,52.16,0.0,15.4815,2.013,69.61,2.7714,313592.192201269,1
4068,O94855:Q2TB10,0.5349475555094337,0.1041666666666666,1.0,0.2407407407407407,0.83,0.0,0.83,0.0,0.0,2.416,0.0,1.5818,3.171951904,0
4070,O75506:Q92917,0.4762042478072856,0.0909090909090909,0.5428571428571429,0.9779411764705882,0.0,0.0,0.0,0.0,0.0,2.013,0.0,3.9008,7.8523104,0
4071,P18507:Q6P499,0.7471112359741647,0.1833333333333333,1.0,0.9270833333333334,2.49,0.0,2.49,0.0,0.0,0.0,0.0,1.1757,2.927493,0
4073,O14893:Q96B67,0.251932462062312,0.0993942925761107,0.2457482993197279,0.9879032258064516,0.0,0.0,0.0,0.0,0.0,2.416,0.0,1.5818,3.8216288,0
4074,P09211:P29375,0.5227513831188152,0.182034632034632,0.4275510204081633,0.3867195767195767,0.84,3.84,3.84,0.0,0.0,2.013,0.0,1.1757,9.088066944,0
4077,Q7RTT3:Q8NFX7,-0.0828524908631609,0.0880050505050504,0.175,0.0,0.17,0.0,0.17,0.0,0.0,1.5978,0.0,0.4364,0.1185375864,0
4079,P51665:Q6ZMN8,0.1670461512579003,0.0833333333333333,0.4277777777777777,0.1428571428571428,0.58,0.0,0.58,0.0,0.0,1.1933,0.0,0.8888,0.6151509232,0
4080,P49959:Q96D09,0.0792638001717132,0.1666666666666666,0.6000000000000001,0.9673202614379084,0.0,0.0,0.0,0.0,0.0,1.5978,0.0,1.1757,1.87853346,0
4082,P07438:Q96PL1,-0.0273284364082151,0.0,0.3999999999999999,0.0,0.0,0.0,0.0,0.0,0.0,2.416,0.0,0.8888,2.1473408,0
4083,P30520:P61758,0.2118431771269394,0.2341269841269841,0.4541666666666666,0.9766666666666666,0.0,0.0,0.0,0.0,0.0,0.0,0.0,45.2798,45.2798,0
4084,P02675:Q96S66,-0.2424647993374121,0.101010101010101,0.7739682539682539,0.6444444444444445,0.15,0.0,0.15,0.0,0.0,2.416,0.0,1.5818,0.57324432,0
4086,P01834:P40259,0.4656667068041379,0.4819047619047619,0.6790674603174602,0.3944444444444444,2.49,0.0,2.49,0.9127,0.0,1.5978,0.0,0.0,3.6311970294,0
4087,P08034:Q9H7P6,0.2894624072885855,0.1453561589925226,0.1983928571428571,0.8333333333333334,0.68,0.0,0.68,0.5125,0.0,2.416,0.0,2.1077,1.7746328152,0
4089,P62306:Q9H5V9,0.6044178921608886,0.1114996114996115,0.5990196078431372,0.75,0.8,0.0,0.8,0.0,0.0,0.0,0.0,9.4687,7.57496,0
4091,P60866:P62273,0.8694325788145201,1.0,0.7327891156462585,0.5555555555555556,8.53,0.0,8.53,1.2535,0.0,1.5978,24.11,38.174,15723.9142170814,1
4092,P62805:Q6PJ21,0.3150618332432471,0.0868464868464868,0.3416666666666667,0.7916666666666667,0.68,0.0,0.68,0.0,0.0,0.993,0.0,2.1077,1.423203348,0
4093,P26927:Q8WWY3,-0.1480931030113338,0.117550505050505,0.2507301587301587,0.970352564102564,0.24,5.22,5.22,0.0,0.0,1.5978,0.0,1.1757,9.8059446612,0
4097,Q96PE7:Q9UKB5,-0.5988223226707868,0.0824404761904761,0.1438095238095237,0.9,0.15,0.0,0.15,0.0,0.0,1.5978,0.0,0.7962,0.190825254,0
4099,Q16552:Q7Z4L0,-0.028786166088763,0.125,0.1958333333333333,0.0,0.24,0.0,0.24,0.0,0.0,1.5978,0.0,3.9008,1.4958475776,0
4101,O60225:P40227,0.0414348005127881,0.0918590668590668,0.1746031746031746,0.7876157407407408,0.0,0.0,0.0,0.0,0.0,1.1933,0.0,0.8888,1.06060504,0
4102,P02753:P55286,-0.1094791310646654,0.1366466866466866,0.3555555555555555,0.6666666666666667,0.54,0.0,0.54,0.0,0.0,2.416,0.0,1.5818,2.063679552,0
4103,P51668:Q70UQ0,0.3459140074467297,0.0769230769230769,0.3107142857142857,1.0,0.0,0.0,0.0,0.5125,0.0,0.0,0.0,9.4687,4.85270875,0
4104,Q00597:Q32P44,0.1389157352259716,0.1392857142857143,0.3126488095238094,0.9487179487179488,0.28,2.59,2.59,0.0,0.0,2.013,0.0,2.1077,10.988852259,0
4106,Q9HB90:Q9UHA4,0.6377081406496106,0.482997557997558,0.6840747904577691,0.9057142857142856,52.16,0.0,52.16,2.3588,0.0,2.013,0.0,45.2798,11214.4241176949,1
4107,A1L453:P28331,-0.0247858250960682,0.1115079365079365,0.1906926406926407,0.1332399626517273,0.22,3.51,3.51,0.0,0.6153,1.5978,0.0,0.5954,2.05459051415436,0
4112,P09471:Q9NRR6,0.0151380072960338,0.0996076839826839,0.3255555555555556,0.424793388429752,0.0,0.0,0.0,0.0,0.0,2.013,0.0,1.5818,3.1841634,0
4113,P04637:P30876,0.7883014034341506,0.4791666666666666,0.9637820512820512,0.2113237639553429,0.54,0.0,0.54,1.2535,0.0,1.1933,0.0,2.1077,1.7024585005449,1
4116,P07814:Q1RMZ1,0.676367774185899,0.1327380952380952,1.0,0.3133333333333333,0.41,0.0,0.41,0.0,0.0,2.416,0.0,2.1077,2.087803312,0
4117,O14492:Q15554,0.3819812270652406,0.1385034525659525,0.4012121212121211,0.88640873015873,0.54,8.85444,8.85444,4.2492,0.0,2.416,2.07,1.5818,297.637137305092,0
4118,Q14376:Q96GC5,0.1841316818757533,0.125,0.1787946428571428,1.0,1.22,0.0,1.22,0.0,0.0,2.013,0.0,3.9008,9.579818688,0
4120,Q96CS2:Q9BT25,0.7588427096353525,0.5121252204585539,0.7914362519201227,0.9722222222222224,0.54,0.0,0.54,0.0,0.0,2.416,105.17,18.4426,2530.49049684288,1
4121,P51665:Q9UJ96,-0.1500744293603632,0.0693795787545787,0.6555555555555556,0.1255411255411255,0.45,0.0,0.45,0.0,0.0,1.1933,0.0,1.5818,0.849402873,0
4123,P17302:P48047,-0.0649877909018742,0.1526190476190476,0.4941176470588234,0.9280000000000002,0.24,0.0,0.24,0.9127,0.0,2.013,0.0,1.1757,0.5184174187368,0
4124,P28067:Q9UGF5,-0.0749662190159074,0.1458333333333333,1.0,0.2777777777777777,0.22,0.0,0.22,0.0,0.0,2.416,0.0,0.4364,0.231955328,0
4125,P51970:Q008S8,0.2344690454719478,0.0,0.0,0.1428571428571428,0.0,3.84,3.84,0.0,0.0,0.0,0.0,0.4364,1.675776,0
4126,O00148:O00217,0.0625031562502391,0.1185376492194674,0.1915343915343915,0.2527777777777777,0.54,0.0,0.54,0.0,0.0,2.013,0.0,18.4426,20.047475052,0
4128,Q00403:Q8N3X1,0.8391142580579638,0.0,1.0,1.0,3.02,7.37,7.37,0.9127,0.0,1.1933,0.0,2.1077,16.9181929815876,0
4129,O75934:Q9H5V9,0.7322387700608488,0.109006734006734,0.5990196078431372,0.75,0.24,0.0,0.24,0.0,0.0,2.416,0.0,9.4687,5.490331008,0
4130,P01579:Q96C92,0.3104270915224567,0.1677380952380952,0.2646825396825397,1.0,0.0,0.0,0.0,0.0,0.0,2.416,0.0,1.1757,2.8404912,0
4131,Q13503:Q9Y426,0.3908176061757124,0.0,0.4666666666666666,0.0,0.63,0.0,0.63,0.0,0.0,2.013,0.0,1.1757,1.491010983,0
4132,Q99684:Q9BPW4,-0.070288982466133,0.1448412698412698,0.8,0.5,0.0,0.0,0.0,0.0,0.0,1.1933,0.0,1.5818,1.88756194,0
4133,Q15013:Q9UBZ9,0.3706201036185746,0.0609686609686609,1.0,0.4763392857142857,0.41,0.0,0.41,0.5125,0.0,2.416,0.0,1.5818,0.8030197516,0
4134,Q9NR12:Q9NW08,0.0329903157634594,0.0965761511216056,0.4888888888888888,0.1363155363155363,1.22,0.0,1.22,0.0,0.0,1.5978,0.0,1.5818,3.0834280488,0
4135,P34903:P35249,-0.1895589312833495,0.0911616161616161,0.4767605633802818,0.8177437641723355,0.81,0.0,0.81,0.0,0.0,2.013,0.0,1.5818,2.579172354,0
4141,O75554:Q5U5X0,0.6270734825526464,0.1278787878787878,0.2083333333333333,0.8518518518518517,0.62,0.0,0.62,0.5125,0.0,2.013,0.0,3.9008,2.4950716296,0
4142,P38484:Q9Y5A7,0.5572068420436784,0.0998737373737373,0.2878787878787879,1.0,1.52,0.0,1.52,0.0,0.0,2.416,0.0,2.7714,10.177467648,0
4145,O75608:Q3ZCQ8,0.5731141968000788,0.1324675324675324,0.4388888888888889,0.5992063492063492,0.41,0.0,0.41,0.0,0.0,2.013,0.0,5.6875,4.694064375,0
4147,Q86YW7:Q9UBU7,0.5618329745938642,0.13125,0.4646464646464646,0.8222883597883598,0.15,0.0,0.15,0.0,0.0,0.0,0.0,0.8888,0.13332,0
4148,Q14765:Q6FI13,0.2921473836299116,0.1666666666666666,0.5472222222222223,0.6666666666666666,1.59,0.0,1.59,0.0,0.0,2.416,0.0,0.8888,3.414271872,0
4150,P12004:Q04900,0.5299888302940681,0.2043650793650793,0.2294372294372293,1.0,0.45,0.0,0.45,0.0,0.0,1.1933,0.0,5.6875,3.0541021875,0
4151,Q96DF8:Q9HCG8,0.6626538558050652,0.7631578947368421,0.4414682539682539,0.875,0.0,5.45912,5.45912,0.0,0.0,2.013,5.86,2.1077,135.729055608004,0
4152,Q15904:Q6ZMC9,0.2745766412314076,0.0939393939393939,0.7777777777777777,0.0,0.68,0.0,0.68,0.0,0.0,2.013,0.0,1.1757,1.609345188,0
4153,P62072:Q9Y2D4,-0.015540636973906,0.167063492063492,0.25,1.0,0.0,0.0,0.0,0.0,0.0,1.5978,0.0,1.5818,2.52740004,0
4154,P34972:P63096,-0.2487441096430676,0.3337337662337661,0.6295681063122923,0.521326164874552,0.0,0.0,0.0,2.3588,0.6153,1.5978,0.0,0.6688,1.55094613713769,1
4155,O00541:P50402,0.6155826415631785,0.1530092592592592,0.3545454545454545,0.9785353535353536,0.64,0.0,0.64,0.0,0.0,1.1933,0.0,3.9008,2.9790877696,0
4157,Q15369:Q969F2,0.1080950947932158,0.0879040404040404,0.3392857142857143,0.7435897435897438,0.41,0.0,0.41,0.5125,0.0,1.1933,0.0,0.7962,0.1996409097825,0
4162,P32780:Q9NZK5,0.1819949729369124,0.3076923076923076,0.4285714285714285,0.332010582010582,0.19,0.0,0.19,0.0,0.0,2.013,0.0,1.1757,0.449669979,0
4164,P08908:Q969S6,-0.1393159318644088,0.1157407407407407,0.1999999999999999,1.0,0.41,0.0,0.41,0.0,0.0,2.013,0.0,0.7749,0.639548217,0
4165,P0C0S8:Q96HQ2,0.3073483880525527,0.0,0.0,1.0,0.71,0.0,0.71,0.0,0.0,2.013,0.0,2.1077,3.012388071,0
4166,P15884:Q9H201,-0.2641862086435766,0.1666666666666666,0.3712454212454213,0.7083333333333334,18.4,0.0,18.4,0.0,0.0,2.416,0.0,1.1757,52.26503808,0
4168,P06899:Q5FYA8,0.0943569293237273,0.0,0.5833333333333334,0.1619047619047619,0.19,0.0,0.19,0.0,0.0,2.416,0.0,1.1757,0.539693328,0
4169,A6NC98:Q9BZI7,0.4352428982269943,0.1707821590174531,0.6092592592592593,0.9093023255813952,0.0,0.0,0.0,0.0,0.0,2.416,0.0,0.6688,1.6158208,0
4170,P78383:Q9HAW0,0.2182170808963375,0.0725135975135975,0.3535714285714285,0.4805555555555556,0.0,0.0,0.0,0.0,0.0,2.013,0.0,3.9008,7.8523104,0
4174,Q5T9A4:Q6Y7W6,0.6486395136970007,0.1008934738101404,0.3324929971988796,0.1226190476190476,0.24,0.0,0.24,0.0,0.6153,2.013,0.0,2.1077,0.6265427763672,0
4175,Q96AP0:Q9P2M1,0.7553794661904686,0.0,0.5,1.0,0.19,0.0,0.19,0.0,0.0,2.013,0.0,1.1757,0.449669979,0
4176,Q9H6T3:Q9NUG6,0.6060468066194811,0.7222222222222223,0.5208333333333333,1.0,1.22,0.0,1.22,0.0,0.0,2.416,0.0,3.9008,11.497686016,1
4178,P06734:Q86VX2,-0.077317025512282,0.1386904761904762,0.25,0.9117647058823528,0.0,0.0,0.0,0.0,0.0,1.5978,0.0,1.5818,2.52740004,0
4180,Q86TV6:Q9UKU6,0.5883968018171735,0.1180555555555555,0.5619047619047619,0.2107142857142857,0.24,0.0,0.24,0.0,0.6153,2.416,0.0,2.7714,0.9887677648128,0
4182,P34897:P35270,0.2653869968523099,0.1777777777777777,0.3791666666666666,0.1383928571428571,0.71,0.0,0.71,0.0,0.0,2.013,0.0,3.9008,5.575140384,0
4183,P50479:P63104,0.3078304980201,0.1349691974691974,0.4335416666666667,0.9900379506641366,0.0,137.203,137.203,20.9141,0.6153,2.013,0.0,2.7714,9849.91970836055,0
4184,P53041:Q16543,0.7935879453039452,0.1311521811521811,0.9531531531531532,0.9915254237288136,3.02,3.52956,3.52956,2.3254,3.1392,2.013,2.07,45.2798,4861.33828262904,1
4185,Q7Z5L0:Q92541,0.0075827079472483,0.0,0.4547619047619048,0.0,0.15,0.0,0.15,0.9127,0.0,2.013,0.0,1.1757,0.3240108867105,0
4186,P06729:Q9Y2K2,0.0170210799727242,0.1828703703703703,0.5,0.293218954248366,0.22,7.37,7.37,0.0,0.6153,2.013,0.0,1.1757,10.7323467560001,0
4187,P01210:Q96LT6,-0.1156249173160999,0.0,0.0,1.0,0.0,0.0,0.0,0.0,0.0,2.416,0.0,0.7962,1.9236192,0
4193,P08172:P09471,0.0765942774534995,0.3461199294532628,0.4538461538461539,0.6581004853732125,4.13,0.0,4.13,1.7951,0.6153,1.5978,24.11,3.9008,685.486529367378,1
4196,P00505:P15509,-0.2980207611411049,0.0872603586889301,0.8815104166666666,0.1855555555555555,0.42,0.0,0.42,0.0,0.0,0.993,0.0,0.7962,0.332063172,0
4197,Q96N03:Q9NPI8,-0.0588689911826645,0.0787878787878788,0.44375,1.0,0.0,0.0,0.0,0.0,0.0,0.0,0.0,1.1757,1.1757,0
4198,P62304:Q96MU7,0.6319247199159972,0.1623129829979675,0.6148148148148148,0.8170454545454544,0.0,0.0,0.0,0.9127,0.0,1.5978,24.11,2.7714,97.4421572987552,0
4200,O60809:O95715,-0.1048495348691637,0.1296474358974358,0.35,0.925,0.28,0.0,0.28,0.0,0.0,1.5978,0.0,1.1757,0.5259893688,0
4201,Q16543:Q9UKM9,0.7804615242382886,0.1119155354449472,0.1888888888888888,0.7821428571428571,0.54,0.0,0.54,0.0,0.0,2.416,0.0,45.2798,59.073838272,0
4202,Q96Q35:Q9UBN4,-0.0252413840538053,0.0,0.277014652014652,0.4196581196581196,0.17,0.0,0.17,0.0,0.0,1.5978,0.0,1.5818,0.4296580068,0
4203,P08172:P62873,-0.0501692053847533,0.4726220538720538,0.494059405940594,0.8712301587301589,52.16,3.52956,52.16,2.409,0.0,1.5978,181.01,0.6688,24305.0003884959,1
4204,Q00597:Q6UWL2,-0.048935516440942,0.0,0.5,0.1666666666666666,0.28,0.0,0.28,0.0,0.0,2.416,0.0,1.5818,1.070056064,0
4205,Q92731:Q9UMS4,0.2892701595301844,0.1125780469530469,0.6279922779922781,0.9065058479532164,0.24,3.67486,3.67486,0.0,0.0,1.5978,5.86,1.1757,40.4536161789794,0
4208,P19652:P68871,-0.0275441704175294,0.1374716553287981,0.5447916666666667,0.7903508771929825,0.0,0.0,0.0,0.5125,0.0,2.416,0.0,0.6915,0.8562153,0
4209,P08865:Q14152,0.6591607710535536,0.2295238095238095,0.5493827160493827,0.7533333333333333,2.49,0.0,2.49,0.0,5.2693,2.416,0.0,9.4687,300.150837247214,1
4210,P19367:P40855,0.2763157109003756,0.2060207336523126,0.5181318681318681,0.9697222222222224,0.0,3.84,3.84,0.0,0.0,2.416,0.0,2.7714,25.711497216,0
4211,P01848:Q9Y232,0.1822725666328201,0.0953846153846153,0.2291666666666666,0.0,0.94,0.0,0.94,0.9127,0.0,2.013,0.0,0.0,1.727029194,0
4214,P35318:Q13324,-0.1226821068684745,0.5583333333333333,0.3212121212121212,0.6296296296296297,0.29,0.0,0.29,0.0,0.0,2.416,24.11,1.1757,19.86043042128,0
4216,O75643:Q9Y314,0.5164277627479248,0.1053030303030303,0.4428571428571429,0.6157407407407408,2.31,0.0,2.31,0.0,0.0,2.013,0.0,5.6875,26.447045625,0
4217,Q15022:Q96J02,0.7039533144697823,0.1130487567987568,0.4620701058201058,0.7929761904761904,3.02,4.18666,4.18666,0.9127,0.0,2.416,5.86,9.4687,512.248442385767,0
4218,P17980:P28066,0.4323620866823581,1.0,0.7919965576592082,1.0,7.06,0.0,7.06,2.3254,606.3917,2.013,24.11,45.2798,21877671.7836701,1
4219,Q14651:Q16181,-0.2674598557784183,0.1094352076494933,0.358390022675737,0.3035497835497835,0.26,2.59,2.59,0.0,0.6153,2.416,0.0,3.9008,15.0188712070656,0
4220,Q8IXL7:Q9UBI9,0.3700363331958126,0.1216931216931216,0.475,0.0,0.17,0.0,0.17,0.0,0.0,0.0,0.0,2.1077,0.358309,0
4223,P09132:Q9Y296,0.768724507587375,0.1647321428571428,0.4418128654970759,1.0,0.54,0.0,0.54,0.5125,0.0,2.416,0.0,9.4687,6.3310379436,0
4224,P01215:Q9BYD6,-0.0171919783196197,0.125,0.1916666666666666,0.625,0.19,0.0,0.19,0.0,0.0,2.416,0.0,1.1757,0.539693328,0
4225,P39019:Q9NUU6,0.0738015202267666,0.1666666666666666,0.5277777777777778,0.8974358974358974,0.0,0.0,0.0,0.0,0.0,1.5978,0.0,1.5818,2.52740004,0
4226,P01597:Q8IVH8,-0.1466144585998026,0.1505102040816326,0.5,0.1936135912698412,0.15,2.59,2.59,0.0,0.0,0.993,0.0,0.4364,1.122364068,0
4227,P25787:Q8TF66,0.2110034627801382,0.0937062937062937,0.2943722943722943,0.6759259259259259,0.19,0.0,0.19,0.0,0.6153,1.1933,0.0,0.6688,0.09330102632928,0
4228,Q6UWE3:Q96GM1,-0.2149853121997781,0.3253968253968254,0.3333333333333333,0.9595959595959596,0.41,0.0,0.41,0.0,0.0,2.013,0.0,1.5818,1.305506994,0
4231,Q9HC38:Q9NRX2,0.4679238168173343,0.0,0.2491258741258741,0.375,0.24,2.59,2.59,0.0,0.0,2.013,0.0,5.6875,29.652748125,0
4233,Q9BTK6:Q9UBF1,-0.0001260216759802,0.2178030303030303,0.5666666666666667,0.9523809523809524,0.0,0.0,0.0,0.0,0.0,2.013,0.0,1.1757,2.3666841,0
4234,Q9UBZ9:Q9UNA4,0.6699585588496243,0.6333333333333333,0.8333333333333334,0.8404761904761904,7.06,9.67699,9.67699,0.5125,5.2693,2.013,5.86,5.6875,1753.2743844822,1
4238,O14653:Q9NVH0,0.504415099308004,0.0891219891219891,0.295940170940171,0.3173971861471861,0.23,3.51,3.51,0.0,0.0,2.416,0.0,9.4687,80.296090992,0
4239,O15143:O15145,0.8887210033867784,0.3951118326118326,0.6849462365591398,0.9228395061728394,0.17,1.34378,1.34378,1.0145,158.1204,2.013,69.61,45.2798,1367691.15176449,1
4240,O95267:Q8IWL3,-0.1260719973159147,0.1888095238095238,0.3874999999999999,0.9114583333333331,0.8,0.0,0.8,0.0,0.0,2.013,0.0,1.1757,1.89334728,0
4241,Q9NP92:Q9UBT6,0.6648038728070405,0.1296672077922078,0.224,0.192063492063492,0.15,0.0,0.15,0.0,0.0,0.0,0.0,2.7714,0.41571,0
4242,Q8TBG4:Q9NRX2,-0.3172792964901026,0.0,0.1145104895104894,0.8125,0.22,0.0,0.22,0.0,0.0,2.013,0.0,1.1757,0.520670502,0
4244,P62495:Q92733,0.7127980448923545,0.125,0.4148148148148148,1.0,0.15,0.0,0.15,0.0,0.0,1.5978,0.0,5.6875,1.363123125,0
4246,P04637:P68431,0.1054685253393161,0.3667989417989418,0.8444444444444446,0.9709302325581396,52.16,0.0,52.16,2.3254,0.6153,1.1933,5.86,2.1077,1099.96335784137,1
4247,P01906:P31948,0.3257653153158171,0.1666666666666666,0.2708333333333333,0.9476744186046512,0.68,7.37,7.37,2.409,0.0,1.1933,0.0,0.8888,18.8303318798232,0
4248,O94777:Q5GJ75,0.2042099570422006,0.1441798941798941,0.2638888888888889,0.5071428571428571,0.71,0.0,0.71,0.0,0.0,1.5978,0.0,0.8888,1.0082884944,0
4249,P82980:Q15038,0.0135629871168245,0.0779220779220779,0.3833333333333333,0.9737947658402204,0.0,0.0,0.0,0.0,0.0,2.416,0.0,1.5818,3.8216288,0
4251,Q92854:Q9UJY1,-0.1187969925353917,0.1636363636363636,0.38,0.9756944444444444,0.41,0.0,0.41,0.0,0.0,2.416,0.0,1.1757,1.164601392,0
4252,P27694:Q92506,-0.0713748382736924,0.1109126984126984,0.238095238095238,0.3216269841269841,0.41,0.0,0.41,0.0,0.0,1.1933,0.0,2.7714,1.3559157642,0
4253,O75695:P48039,-0.1537642911428985,0.1852380952380952,0.8857142857142858,0.8078231292517006,0.0,0.0,0.0,0.0,0.0,2.416,0.0,1.1757,2.8404912,0
4254,Q69YQ0:Q8TAE8,0.545590888127353,0.1666666666666666,0.21875,1.0,0.19,3.84,3.84,0.0,0.0,2.013,0.0,1.5818,12.227187456,0
4255,P62249:P62851,0.97266482732406,0.7834821428571428,0.6813186813186813,0.6785714285714286,52.16,0.0,52.16,2.409,15.4815,2.013,181.01,38.174,27058357.6122952,1
4256,Q14153:Q86Y39,0.3571220813075451,0.0832442067736185,0.1769230769230769,1.0,0.24,0.0,0.24,0.0,0.0,2.013,0.0,2.1077,1.018272024,0
4257,Q8TCD6:Q9UJY1,0.0341339687229113,0.0,0.0,0.9623015873015872,0.17,0.0,0.17,0.0,0.0,2.416,0.0,1.5818,0.649676896,0
4258,Q5VWG9:Q9Y397,0.1308490360797738,0.0802763902763902,0.3302645502645502,0.2121693121693121,0.22,8.95024,8.95024,0.0,0.0,2.013,0.0,1.1757,21.182390699184,0
4259,P10244:Q96BI3,0.3046939696880448,0.1391082875457875,0.2730034722222222,0.9131274131274132,0.15,0.0,0.15,0.0,0.0,2.416,0.0,2.7714,1.00435536,0
4260,P28749:P52306,0.2678633065574539,0.1082743014561196,0.2944444444444444,0.8991596638655461,0.24,50.5585,50.5585,0.0,0.0,2.416,0.17,3.9008,81.001622077696,0
4263,P0CG47:P62333,0.1489643544326131,0.2280004309416074,0.8288253968253969,0.94182769726248,3.82,0.0,3.82,1.7092,9.7902,1.5978,0.0,5.6875,580.8869735179,1
4265,O60671:Q9Y5Y6,-0.023195208147129,0.1286848072562358,0.3809523809523809,0.1547619047619047,0.15,3.51,3.51,0.0,0.0,2.013,0.0,0.7962,5.625654606,0
4266,P28331:P56556,0.772013350945994,0.3099326599326599,0.6416666666666665,1.0,80.27,0.0,80.27,0.0,0.0,2.013,69.61,18.4426,207439.195090625,1
4268,Q15562:Q7L523,0.5188401179271935,0.1675613275613275,0.7590367965367965,0.7608688930117501,1.22,0.0,1.22,0.0,0.0,1.5978,0.0,1.5818,3.0834280488,0
4269,P27918:P62750,-0.0225092903876962,0.1339285714285714,0.3779047619047618,0.6391666666666667,0.54,0.0,0.54,0.0,0.0,2.416,0.0,1.1757,1.533865248,0
4270,Q8NHW6:Q9NW64,0.0062543967467204,0.0701388888888888,0.3414021164021164,0.6520833333333333,0.54,0.0,0.54,0.5125,0.0,1.5978,0.0,1.5818,0.69945796107,0
4271,Q8IX01:Q9NQP4,0.4467049789664734,0.1687179487179487,0.3222222222222222,0.9333333333333332,0.41,0.0,0.41,0.0,0.0,2.013,0.0,1.5818,1.305506994,0
4272,P28335:Q9P286,0.1285410865298222,0.2334802102659245,0.3712121212121211,0.697671568627451,0.17,7.40526,7.40526,0.0,0.6153,2.416,0.4,3.9008,17.1766248949552,0
4273,P42773:Q14642,0.5536006257487613,0.1226107226107226,0.3733333333333333,0.3801652892561983,0.0,0.0,0.0,0.0,0.0,2.013,0.0,1.5818,3.1841634,0
4275,Q96B54:Q96H20,0.2400181090264132,0.0,0.0,0.9589285714285716,0.26,0.0,0.26,3.7695,0.0,0.993,0.0,3.9008,3.796295656608,0
4276,P84243:Q49A26,0.3282398929964723,0.2698412698412698,0.6545454545454545,0.7964285714285715,10.86,0.0,10.86,0.0,0.0,2.013,0.0,5.6875,124.33546125,1
4277,P48551:Q9BQ48,0.0240520085050112,0.1180555555555555,0.1894841269841269,0.25,0.15,0.0,0.15,0.0,0.0,1.5978,0.0,1.1757,0.281780019,0
4278,O43854:P51668,0.0400685219902691,0.096592759092759,0.2474654377880184,0.4456419868791003,0.17,0.0,0.17,0.0,0.0,1.1933,0.0,2.1077,0.4275701297,0
4279,P17661:Q13324,-0.1017142303617315,0.1188095238095238,0.8493506493506492,0.6465608465608466,0.64,0.0,0.64,0.9127,0.0,2.416,0.0,2.1077,2.9744984708096,0
4280,Q13617:Q96L50,0.6844249661617599,0.5416666666666666,0.8666666666666667,1.0,2.85,0.0,2.85,0.5125,0.6153,2.416,0.0,5.6875,12.3493467313125,1
4281,Q7Z614:Q9NX20,0.3422203348880585,0.1,0.1944444444444444,0.225,0.15,0.0,0.15,0.5125,0.0,2.013,0.0,1.1757,0.1819388401875,0
4282,O95292:Q96MT8,0.3962505413734848,0.1458818958818959,0.4620689655172413,0.9927536231884058,0.19,0.0,0.19,0.0,0.0,2.013,0.0,2.1077,0.806132019,0
4283,Q9Y535:Q9Y5G4,0.7648089983972288,0.1726190476190476,0.3333333333333333,0.6041666666666666,2.31,0.0,2.31,0.0,0.0,1.1933,0.0,1.5818,4.3602680814,0
4285,Q8TCJ2:Q96E39,0.6994606508351788,0.1279411764705882,0.5,0.25,0.0,0.0,0.0,0.0,0.6153,1.5978,0.0,2.1077,2.072135386818,0
4287,O75489:P03923,0.4191117940717706,0.3286027697792403,0.7633477633477632,1.0,0.15,0.0,0.15,0.0,0.6153,0.8011,69.61,0.8888,4.57446791229952,1
4288,O75364:Q96QV6,0.2196562502584669,0.2,0.498611111111111,0.25,2.85,0.0,2.85,0.0,0.0,2.416,0.0,1.5818,10.89164208,0
4289,O75503:P61981,-0.1463298660042677,0.1265327265327265,0.8475000000000001,0.9800032020493116,0.0,3.51,3.51,3.5815,0.0,0.9594,0.0,1.5818,19.0775832459498,0
4290,Q9UK45:Q9Y4Z0,0.5132920245575443,0.4321428571428572,0.3973389355742296,0.8988095238095238,292.74,0.0,292.74,0.5125,606.3917,2.013,5.86,45.2798,48593152.7562749,1
4293,P50553:P51828,-0.1908580425502693,0.1308561808561808,0.3444444444444444,0.1657407407407407,0.71,0.0,0.71,0.0,0.0,2.416,0.0,1.1757,2.016748752,0
4296,P55036:Q8NGM1,0.0,0.0773809523809523,0.3333333333333333,0.2,0.15,0.0,0.15,0.0,0.0,1.1933,0.0,0.8888,0.159090756,0
4297,P62854:Q6UY09,0.2081913934703856,0.1378571428571428,0.5833333333333333,0.25,0.71,5.43,5.43,0.0,0.0,0.9878,0.0,0.4364,2.3407422456,0
4299,P13796:Q92667,-0.1660434548719898,0.1454545454545454,0.374074074074074,0.7555555555555556,0.45,0.0,0.45,0.0,0.0,2.416,24.11,1.1757,30.8179092744,0
4300,Q00LT1:Q5I0X7,0.5157582726407282,0.0,0.0,1.0,0.0,0.0,0.0,0.0,0.0,1.1933,0.0,1.1757,1.40296281,0
4301,P09661:Q9H2H8,0.8643212610590795,0.3879142300194931,0.761904761904762,0.712962962962963,0.54,0.0,0.54,0.0,0.6153,1.5978,0.0,18.4426,9.79095915256536,0
4302,Q12933:Q13077,0.5708093396407503,0.2571326821326821,0.7333333333333333,0.9852931648850016,263.49,22.7803,263.49,1.7092,13.3811,2.416,69.61,3.9008,3953402.98240972,1
4303,O75934:P01848,-0.0036351926552928,0.1199252136752136,0.3134920634920634,0.0,0.22,2.59,2.59,0.0,0.0,1.1933,0.0,0.0,3.090647,0
4304,P61158:Q9H244,-0.2025248278709033,0.145648211437685,0.8928571428571429,0.1265873015873015,0.0,0.0,0.0,0.0,0.0,1.5978,0.0,2.1077,3.36768306,0
4305,Q13617:Q15369,0.7895615850961927,0.3856237816764132,0.6265723270440251,0.9732704402515724,39.6,0.0,39.6,2.3254,400.8352,2.013,5.86,9.4687,4122782.79166609,1
4306,P61224:Q15738,0.3887453793636656,0.1488095238095237,0.5044642857142857,0.4650297619047618,5.67,2.59,5.67,0.0,0.6153,1.5978,0.0,3.9008,21.7443322174982,0
4307,A1L162:O15392,0.4364996870799442,0.0,0.0,0.8904373706004141,0.89,0.0,0.89,0.9127,0.0,2.013,0.0,0.4364,0.7135864157796,0
4308,P28062:Q6UXD5,-0.3519078478814375,0.1180555555555555,0.2791666666666666,0.0,0.62,0.0,0.62,0.0,0.0,2.416,0.0,0.7962,1.192643904,0
4309,O75643:Q96NC0,0.700526142546362,1.0,0.4935714285714286,0.9722906403940887,1.52,0.0,1.52,0.0,3.1392,2.013,0.0,2.7714,26.6198473778688,1
4310,P62316:Q5JR12,0.0672009095682695,0.1122004357298474,0.5,0.3532467532467532,0.0,5.43,5.43,0.0,0.0,0.9878,0.0,2.7714,14.8651078356,0
4312,P01210:P59768,0.0276613161399073,0.3399999999999999,0.9186746987951806,1.0,0.0,0.0,0.0,0.9127,0.0,2.416,0.0,2.7714,6.11116758048,0
4314,O75173:Q30154,0.186272871170349,0.1137179487179487,0.2342522974101921,0.5833333333333334,0.74,3.84,3.84,0.0,0.0,0.993,0.0,1.1757,4.483085184,0
4315,Q6I9Y2:Q86V81,0.6509107686308181,0.6058441558441559,0.6842105263157895,0.8575757575757575,0.54,5.45912,5.45912,0.0,0.0,2.416,181.01,9.4687,22605.4156075052,1
4316,O00264:P63208,0.4831731280792762,0.0845647043015463,0.4171401515151514,0.9854413702239788,0.54,0.0,0.54,2.0764,0.0,1.1933,0.0,9.4687,12.6690712188358,0
4317,Q68DY1:Q99835,0.6934902757030897,0.1084933122823637,0.2807971014492754,0.1507539682539682,0.0,4.94562,4.94562,0.0,0.6153,0.9878,0.89,1.1757,3.14530818974367,0
4318,Q71SY5:Q9BTT4,0.2572116399826488,0.4305263157894737,0.6333333333333333,0.8632478632478632,0.15,0.0,0.15,0.0,0.0,2.013,0.4,1.1757,0.142001046,1
4319,P17302:Q9BV87,0.1199573482073395,0.0,0.4469696969696969,0.5454545454545454,0.0,0.0,0.0,0.0,0.0,2.416,0.0,1.1757,2.8404912,0
4320,P28324:Q9Y6M9,-0.2507173355801573,0.1144179894179894,0.183673469387755,0.890625,0.15,0.0,0.15,0.0,0.0,2.013,0.0,1.5818,0.47762451,0
4321,P62805:Q16385,0.10540305320442,0.0833333333333333,1.0,1.0,0.54,0.0,0.54,0.0,0.0,0.6909,0.0,1.1757,0.4386372102,0
4324,P62316:Q96DF8,0.554880160227315,0.6923076923076924,0.7083333333333334,1.0,0.0,3.84,3.84,0.0,0.6153,1.1933,0.0,3.9008,10.9981962278093,0
4325,O43768:P25686,0.3441105328389511,0.159990231990232,0.4042328042328043,0.6347222222222222,0.22,0.0,0.22,0.0,0.0,2.416,0.0,2.1077,1.120284704,0
4328,O76080:P28074,0.3586327912417982,0.1145833333333333,0.4628339140534263,0.9308201058201058,0.54,0.0,0.54,2.3254,0.0,2.013,0.0,2.7714,7.0054238319912,0
4329,P28288:Q1ZYL8,-0.0004350801204449,0.0,0.625,0.0,0.15,0.0,0.15,0.0,0.0,1.1933,0.0,1.1757,0.2104444215,0
4330,Q8IVW8:Q96I99,-0.1747826948658312,0.1447330447330447,0.3257936507936508,0.1769230769230769,0.0,0.0,0.0,0.0,0.6153,2.013,0.0,1.1757,1.45622072673,0
4331,O14508:Q15369,0.0210864796188731,0.3856237816764132,0.6265723270440251,0.9732704402515724,292.74,23.2116,292.74,2.3254,13.3811,1.5978,0.31,2.1077,9509.64837872406,1
4332,P83881:Q96D46,0.6453435879324693,0.0876882376882376,0.3999999999999999,0.319047619047619,0.19,0.0,0.19,0.5125,0.0,0.0,0.0,5.6875,0.5538203125,1
4336,Q16181:Q99653,-0.3767272381567317,0.1160415749125426,0.2633053221288515,0.6368253968253968,0.54,0.0,0.54,0.0,0.6153,2.416,0.0,5.6875,4.565612142,0
4339,O43865:Q8N6G5,-0.0664466188430851,0.1326530612244897,0.4166666666666666,0.8016483516483516,0.54,0.0,0.54,0.0,0.0,2.416,0.0,5.6875,7.42014,0
4340,O43567:P55082,0.2635894903392605,0.0,0.5,1.0,2.14,0.0,2.14,0.0,0.0,2.416,0.0,18.4426,95.352668224,0
4341,O15234:P61326,0.5615380839321298,0.3174162257495591,0.6404761904761906,0.9895833333333334,0.19,0.0,0.19,3.8142,0.0,1.5978,69.61,3.9008,314.416115099045,1
4342,P60604:Q6QNY1,0.0239667630865251,0.0807703734174322,0.2696078431372549,0.967479674796748,0.0,0.0,0.0,0.5125,0.0,1.1933,0.0,3.9008,2.385597628,0
4343,Q13769:Q9NPH5,0.342249609257939,0.1221877659377659,0.3305555555555555,0.2293898809523809,0.19,0.0,0.19,0.0,0.0,2.416,0.0,1.1757,0.539693328,0
4344,P22681:P62837,0.8190792145791926,0.7250000000000001,0.85,0.8641381766381769,118.38,7.37036,118.38,4.2492,0.6153,1.5978,5.86,3.9008,11304.3641816999,1
4345,P29084:Q9UQC9,0.1561747113117059,0.0924603174603174,0.4333333333333333,0.1362193362193362,0.22,0.0,0.22,0.0,0.0,1.5978,0.0,1.1757,0.4132773612,0
4346,Q2NKJ3:Q9BWM7,0.544922542019198,0.1694444444444444,0.40625,0.903,0.0,0.0,0.0,0.0,0.0,0.0,0.0,1.5818,1.5818,0
4349,P35269:Q7Z418,0.0882597008119602,0.0831017022193492,0.3333333333333333,0.1055555555555555,0.41,0.0,0.41,0.0,0.0,2.416,0.0,1.5818,1.566867808,0
4350,Q00403:Q68CK6,-0.2005664953379784,0.167003367003367,0.265625,0.2204365079365079,0.41,0.0,0.41,0.0,0.0,1.1933,0.0,1.1757,0.5752147521,0
4351,P18615:Q9H0H0,0.571293144915427,0.2869047619047619,0.4750000000000001,1.0,0.0,0.0,0.0,0.5125,0.0,2.416,0.0,1.5818,1.95858476,0
4353,P37231:Q15596,0.1583395292266169,0.4019420394420394,0.5078431372549019,0.6064213564213564,0.24,161.514,161.514,3.124,0.6153,2.416,0.89,1.1757,784.858864884345,1
4354,P62306:Q9H2H8,0.766873373208578,0.3879142300194931,0.761904761904762,0.712962962962963,0.19,6.7087,6.7087,0.5125,0.6153,2.013,5.86,18.4426,460.23823361799,0
4355,Q01081:Q15436,0.3647741325177203,0.1185185185185185,0.3319875776397515,0.965714285714286,0.63,0.0,0.63,1.2535,0.0,2.416,0.0,3.9008,7.442442733824,0
4356,Q14156:Q68DV7,0.0157093452057929,0.0924741924741924,0.8583333333333332,0.0,0.0,4.94562,4.94562,0.0,0.0,2.013,0.0,0.7962,7.926595422372,0
4358,P01178:P62873,0.0026382787681678,0.423015873015873,0.4464639321074963,0.8865740740740741,2.31,0.0,2.31,0.0,0.0,1.5978,0.0,1.1757,4.3394122926,0
4359,P22307:Q00597,0.4922333873225479,0.1258008658008658,0.6999999999999998,1.0,0.15,0.0,0.15,0.0,0.0,1.1933,0.0,1.5818,0.283134291,0
4361,P20248:Q16670,0.0513858078081778,0.75,0.64,0.8527777777777777,0.63,5.22,5.22,0.0,0.6153,1.5978,0.0,1.1757,6.03359775003636,0
4363,O95319:Q9Y2Q5,0.0537329339312961,0.1130036630036629,0.1556484295845998,0.2430041152263374,1.52,0.0,1.52,0.0,0.0,2.013,0.0,1.5818,4.839928368,0
4365,P28300:Q13123,0.2419656863880506,0.1188159879336349,0.3523809523809524,1.0,0.41,0.0,0.41,0.0,0.0,2.013,0.0,1.1757,0.970340481,0
4366,P56749:Q9UHD2,0.3013670820166265,0.0803837230307818,0.4770833333333333,0.7347137791286726,0.94,0.0,0.94,0.9127,0.0,2.416,0.0,3.9008,8.0854932337664,0
4367,O43900:Q9BXB7,-0.080525911819891,0.1269841269841269,0.3888888888888888,0.0,0.19,0.0,0.19,0.0,0.0,2.013,0.0,1.5818,0.604991046,0
4368,Q92905:Q9HCK5,0.3561919401620118,0.146755695285107,0.8221532091097309,0.6470238095238094,0.62,0.0,0.62,0.0,0.0,1.1933,0.0,3.9008,2.8859912768,0
4369,O00241:Q16594,-0.1526513224226098,0.1350829725829726,0.3524154589371981,0.7786922379945636,0.68,0.0,0.68,2.3254,0.0,1.5978,0.0,0.8888,2.24560332974208,0
4370,O95402:Q8NEA6,0.0861495119211198,0.8421052631578947,1.0,0.6019607843137255,0.54,0.0,0.54,0.0,0.0,2.013,0.0,1.1757,1.278009414,0
4371,O14734:Q9BPX1,0.3671607305906498,0.2,1.0,0.9547413793103448,0.0,0.0,0.0,0.0,0.0,1.5978,0.0,2.1077,3.36768306,0
4372,P62249:P62280,0.9663756104409869,0.8541666666666666,0.7208494208494208,0.6545454545454545,0.54,0.0,0.54,3.8142,15.4815,1.5978,24.11,38.174,46891.8703030638,1
4373,P55011:Q9UL46,0.0181218944244289,0.1055555555555555,0.4891012743125419,0.9285714285714284,0.62,0.0,0.62,0.0,0.0,2.416,0.0,1.1757,1.761104544,0
4374,O94811:Q13415,-0.1723334769857522,0.1255411255411255,0.4798850574712642,0.8131587301587301,0.22,0.0,0.22,0.5125,0.0,2.013,0.0,1.1757,0.266843632275,0
4376,P28070:Q06323,0.751843185215387,0.0837218337218337,0.8776742581090408,0.9285714285714284,0.68,0.0,0.68,3.7695,0.0,1.5978,24.11,9.4687,934.980696185047,1
4377,Q96CD2:Q9NR50,0.2968073081105554,0.1005790043290043,0.4625,0.2630952380952381,0.62,0.0,0.62,0.0,0.0,2.013,0.0,2.7714,3.458873484,0
4378,P61218:Q99590,0.339156803560725,0.1157936507936507,0.5666666666666667,0.2991071428571428,2.85,0.0,2.85,0.5125,0.0,1.5978,5.86,1.5818,21.6326803848705,0
4379,P62081:Q9H7T0,0.0199622090899386,0.3125,0.4916666666666667,0.0,0.0,0.0,0.0,0.0,0.0,1.1933,0.0,0.8888,1.06060504,0
4381,A6NK97:Q07654,0.135777576935362,0.0954545454545454,0.40625,0.2375,0.15,0.0,0.15,0.0,0.0,2.013,0.0,1.1757,0.355002615,0
4382,Q2MKA7:Q68DV7,-0.0350546755792599,0.1862803862803863,0.325,0.6392592592592591,77.86,0.0,77.86,0.0,0.0,2.416,0.0,1.5818,297.552018368,1
4383,Q15906:Q8NFH5,0.5187158442356292,0.1124553224553224,0.3560975609756097,0.7685185185185185,0.54,0.0,0.54,0.5125,0.0,2.416,0.0,9.4687,6.3310379436,0
4384,P06858:Q9NW08,-0.050249925992497,0.1066919191919191,0.3222222222222222,0.1363155363155363,0.26,0.0,0.26,0.0,0.0,1.5978,0.0,1.1757,0.4884186996,0
4385,Q5H8A3:Q9P086,0.0823427685337831,0.0817307692307692,0.2388888888888889,0.4521103896103896,0.81,0.0,0.81,0.0,0.0,1.1933,0.0,1.1757,1.1363998761,0
4386,Q16609:Q9NRD5,-0.0832520010812974,0.0,0.301058201058201,0.9839080459770114,0.41,0.0,0.41,0.0,0.0,1.5978,0.0,0.4364,0.2858847672,0
4387,P20226:Q6IPU0,0.4748245639427075,0.1111111111111111,0.5625,1.0,1.22,0.0,1.22,0.0,0.0,1.1933,0.0,2.1077,3.0684444602,0
4389,Q96F63:Q9GZL8,0.4082523114611537,0.0,0.0,0.0,0.0,0.0,0.0,0.0,0.0,0.8011,0.0,0.4364,0.34960004,0
4390,P30954:Q9Y577,0.5963214927337592,0.1439560439560439,0.3214285714285714,0.4347127739984882,0.17,0.0,0.17,0.0,0.0,2.416,0.0,2.1077,0.865674544,0
4391,O95983:Q9BYE7,0.5782175076005767,0.765625,0.585,0.96,1.05,5.24327,5.24327,0.9127,0.0,2.416,2.07,2.1077,50.4436313998072,0
4393,P06850:Q8WWX0,-0.0427669150559522,0.3371212121212121,0.5,0.0,0.62,0.0,0.62,0.0,0.0,2.416,0.0,1.1757,1.761104544,0
4395,O43865:Q96F24,-0.2965335110549016,0.2222222222222222,0.4097222222222221,1.0,0.63,0.0,0.63,0.0,0.0,2.416,0.0,1.5818,2.407626144,0
4396,P68431:Q8WTS6,-0.0498757656735344,0.5937295028204118,0.39,0.7249511241446724,1.52,0.0,1.52,1.7092,0.0,1.1933,5.86,1.1757,21.3589671072337,1
4397,P28300:Q6MZZ7,-0.0999956563354232,0.5,0.5,0.1428571428571428,0.0,3.51,3.51,0.0,0.0,2.416,0.0,1.1757,9.970124112,0
4398,O75683:Q9UKD2,0.5336496746732641,0.3232080419580419,0.437037037037037,0.625,0.22,0.0,0.22,0.0,0.0,1.5978,10.8,9.4687,35.94671513136,0
4401,P13693:P83731,0.7795134104940982,0.0937680375180375,0.6696649029982362,0.4250000000000001,0.22,0.0,0.22,4.2492,0.0,1.5978,0.31,38.174,17.6759039700176,0
4402,P56182:Q8TDD1,0.7478097536949212,0.2934343434343435,0.5230769230769231,0.2534576534576535,0.0,5.22,5.22,0.0,3.1392,2.013,0.0,45.2798,1493.61189453654,0
4403,Q86UA6:Q96NB1,0.7161192359356171,0.0833333333333333,0.4307692307692307,1.0,0.41,0.0,0.41,0.0,0.0,2.013,0.0,5.6875,4.694064375,0
4404,Q5FWE3:Q5T2R2,-0.00700814773217,0.0,0.1819047619047619,0.0,0.0,0.0,0.0,0.0,0.0,1.1933,0.0,1.1757,1.40296281,0
4406,Q5T653:Q8IUR0,0.4070224763953449,0.1031818181818181,0.3256410256410256,0.25,0.54,0.0,0.54,0.0,0.0,1.5978,0.0,18.4426,15.9124965912,0
4407,P53990:Q8N0X7,0.5798749778182606,0.2709483109483109,0.387037037037037,0.9035087719298244,0.34,0.0,0.34,0.0,0.6153,2.416,0.0,2.7714,1.4007543334848,1
4408,P60153:P62316,0.0741907700926923,0.0661989795918367,0.3030753968253968,0.3492063492063492,0.0,0.0,0.0,2.0764,0.0,0.9594,0.0,1.5818,3.151100869488,0
4409,P63279:Q9BYV2,-0.1957806985559295,0.2555555555555556,0.4791666666666666,0.9900301718483536,7.06,0.0,7.06,0.9127,0.6153,1.1933,0.89,2.1077,8.87499484493165,1
4410,O75394:Q8TAE8,0.471541382065951,1.0,0.3471590909090909,0.25,0.19,0.0,0.19,0.9127,0.0,0.9878,0.0,2.7714,0.47473350738396,1
4411,Q8TDQ0:Q9NYJ8,0.1155555977683081,0.2657552764695622,0.4343786295005808,0.8795238095238096,0.15,0.0,0.15,1.7951,0.0,2.013,0.0,2.1077,1.1424375689265,0
4412,Q96MX0:Q9NZ42,0.682056210178123,0.1391178266178266,0.6541666666666668,0.8991596638655461,2.72,0.0,2.72,0.0,0.0,1.5978,0.0,2.7714,12.0445487424,0
4414,Q9BTN0:Q9H6T3,0.6082384544144286,0.125,0.36875,0.0,1.22,3.51,3.51,0.5125,0.0,2.416,0.0,0.6688,2.9066596416,0
4418,P46527:Q9UN75,0.4795226892123316,0.2194444444444444,0.3333333333333333,0.1666666666666666,0.0,0.0,0.0,0.0,0.0,2.416,0.0,0.4364,1.0543424,0
4420,Q8NGM1:Q92542,0.0,0.1459505772005772,0.5607331821617536,0.1604166666666666,0.0,2.59,2.59,0.0,0.0,2.013,0.0,0.8888,4.633909896,0
4421,A8MX34:Q6UWE0,0.245532665564565,0.0,0.75,0.3030952380952381,1.05,0.0,1.05,1.7951,0.0,1.1933,0.0,0.4364,0.9815497765626,0
4423,Q99062:Q9ULK2,-0.0451204063722683,0.0,0.0,1.0,0.41,5.43,5.43,0.0,0.0,2.416,0.0,1.5818,20.751444384,0
4425,O14893:P62314,0.8634601930522852,0.6215855572998429,0.4132488479262672,0.8574074074074074,52.16,0.0,52.16,0.0,0.0,1.5978,69.61,45.2798,262685.519617264,1
4426,P62979:Q9UK32,0.1369797066980031,0.1071989738656405,0.5133333333333334,0.145047619047619,3.82,0.0,3.82,1.2535,0.6153,1.1933,0.0,1.5818,5.56129365797224,0
4427,P20248:Q01094,0.8409672462137715,0.4134287647218682,0.7829457364341085,0.8254629629629631,0.71,6.5487,6.5487,2.3254,3.1392,2.416,5.86,45.2798,30645.7881680712,1
4428,P16410:Q8IUA0,-0.0193138734299351,0.0,0.5,0.125,1.05,0.0,1.05,0.0,0.0,2.416,0.0,3.9008,9.89554944,0
4429,O95237:Q9Y577,0.1384087132166637,0.1222222222222222,0.3214285714285714,0.8394746787603931,0.41,0.0,0.41,0.0,0.0,2.416,0.0,2.1077,2.087803312,0
4431,P32238:Q9BXB7,-0.0132649011343453,0.2083333333333333,0.1703703703703703,0.0,0.22,0.0,0.22,0.0,0.0,2.013,0.0,2.7714,1.227342204,0
4432,A2RU54:Q6UUV9,-0.1009377198639799,0.2772630147630147,0.4266666666666667,0.18125,0.54,0.0,0.54,0.5125,0.0,2.013,0.0,2.7714,1.54394070435,0
4433,P07900:Q8WTQ1,0.0,0.1547619047619047,1.0,0.3333333333333333,0.83,0.0,0.83,0.0,0.0,0.993,0.0,0.4364,0.359676516,0
4436,P33993:Q14181,0.9135054686599956,0.5553846153846154,0.8035714285714288,0.95,0.15,6.56,6.56,0.0,0.6153,2.013,0.0,38.174,310.171720120416,0
4440,P05166:Q8NFV4,-0.0312359947201244,0.25,0.645,0.929563492063492,0.41,0.0,0.41,0.0,0.0,1.1933,0.0,2.1077,1.0311985481,0
4442,Q13901:Q53HL2,0.3952405438739061,0.1123714669169214,0.4395833333333333,1.0,0.54,0.0,0.54,0.0,0.0,2.013,0.0,3.9008,4.240247616,0
4444,O14625:P09132,-0.0549164204827266,0.1125,0.3592592592592592,0.4833333333333334,0.64,0.0,0.64,0.0,0.0,1.5978,0.0,1.5818,1.6175360256,0
4447,P50991:Q765P7,-0.109634638105083,0.1784391534391534,0.2519047619047619,0.4732142857142857,2.72,0.0,2.72,0.0,0.0,1.1933,0.0,2.1077,6.8411220752,0
4448,P02671:P57103,-0.1150066329499753,0.1117518037518037,0.4125541125541125,0.4166666666666667,1.05,0.0,1.05,0.0,0.0,2.416,0.0,2.7714,7.03048752,0
4449,P06729:P15169,-0.0063449654197637,0.1741269841269841,0.75,0.8075396825396824,0.19,0.0,0.19,0.9127,0.0,2.013,0.0,1.1757,0.4104137898333,0
4451,Q96QF7:Q9H9H4,0.3071993396316842,0.0813479449843086,0.2145021645021645,1.0,0.17,0.0,0.17,0.0,0.0,1.5978,0.0,1.5818,0.4296580068,0
4452,P05000:P17181,-0.2359954573868315,0.3593569393569393,0.3098739495798319,0.5972222222222222,27.7,0.0,27.7,1.7951,0.0,2.013,10.8,1.1757,1270.96170328556,1
4454,P06733:P17787,-0.0486666846847513,0.1119850211516878,0.6148459383753502,0.373418085182791,0.68,0.0,0.68,0.0,0.0,2.416,0.0,1.1757,1.931534016,0
4456,P22087:Q9BVJ7,0.1714727066449032,0.4716666666666667,0.6666666666666666,0.5003901448345893,0.62,0.0,0.62,0.5125,0.6153,1.1933,0.0,1.5818,0.369040207799455,0
4457,P45379:Q99958,-0.0186274538730467,0.1217623276972016,0.3499999999999999,0.5078373015873016,0.22,3.86531,3.86531,0.0,0.0,0.0,105.17,2.7714,1126.61470849278,0
4458,P04637:P31947,0.2921125575403048,0.2307248307248307,0.8196969696969698,0.9844294967613352,0.15,96.04,96.04,2.409,0.6153,2.013,105.17,2.7714,83523.8929166386,1
4459,P09471:Q9NZC9,-0.3642463950035652,0.0958437395937396,0.3,0.5479437229437231,0.63,3.84,3.84,0.0,0.0,2.013,0.0,0.7126,5.508340992,0
4460,O14763:P61247,0.619982416110403,0.1931818181818181,0.3961904761904762,0.6944444444444444,0.29,0.0,0.29,0.0,0.0,1.5978,0.0,2.7714,1.2841614468,0
4462,P13498:Q86YL7,-0.1006914239558672,0.1429304954304954,0.5734234234234233,0.7434920634920634,0.0,0.0,0.0,0.0,0.0,2.013,0.0,2.7714,5.5788282,0
4463,E9PGG2:Q8N4L2,-0.0317984096505601,0.0989010989010989,0.1333333333333333,0.1666666666666666,0.15,0.0,0.15,0.0,0.0,1.5978,0.0,0.7126,0.170788842,0
4465,P19397:Q969Q1,-0.0553722483441697,0.1969949494949495,0.4095238095238095,0.7760770975056689,0.17,0.0,0.17,0.5125,0.0,2.416,0.0,1.1757,0.2474777958,0
4470,Q8TAE8:Q96M95,-0.0434093384500286,0.103030303030303,0.4666666666666666,1.0,0.54,0.0,0.54,0.0,0.0,2.013,0.0,2.7714,3.012567228,0
4474,O60609:Q9P2K5,0.2423233395427508,0.1458333333333333,0.2,0.8357142857142856,0.19,0.0,0.19,0.0,0.0,2.416,0.0,1.5818,0.726109472,0
4475,O96008:Q86XJ1,0.1347548599471862,0.1322751322751322,0.2499999999999999,0.8333333333333335,0.17,5.43,5.43,0.0,0.0,2.013,0.0,1.5818,17.290007262,0
4479,P53370:Q71U36,0.0025373079481093,0.1125094676565264,0.3805860805860805,0.1382936507936507,0.8,0.0,0.8,3.5815,0.6153,2.013,0.0,1.1757,4.1723636262268,0
4480,P20248:P28749,0.8449474804462321,0.1524392274392274,0.9107142857142856,0.935763888888889,1.22,9.966,9.966,2.3254,0.6153,2.416,0.89,45.2798,1388.34340806578,1
4481,Q9HAS3:Q9NP92,0.069164845132078,0.2,0.2432539682539682,0.25,0.0,0.0,0.0,0.0,0.0,0.0,0.0,0.7962,0.7962,0
4482,Q71UI9:Q9NVH1,0.409489995192481,0.1777777777777777,0.2583333333333333,0.5,0.19,0.0,0.19,0.0,0.6153,2.013,0.0,3.9008,0.9179900519328,0
4483,A1L4H1:P62314,0.148401451134195,0.0995980210265924,0.2842165898617511,0.8574074074074074,3.02,0.0,3.02,0.0,0.0,0.993,0.0,0.541,1.62238326,0
4484,P23396:P52735,0.4341402851964879,0.1778244631185808,0.9734848484848484,0.464625850340136,0.68,11.3978,11.3978,0.0,0.0,1.5978,5.86,2.7714,295.760572009155,0
4486,O43521:Q8IZA3,0.105334419547879,0.1254040404040404,0.2958333333333333,0.1958333333333333,0.41,0.0,0.41,0.0,0.0,2.013,0.0,2.7714,2.287319562,0
4488,P02748:Q9UDY4,-0.187847780811954,0.1525641025641025,0.4722222222222221,0.92,0.22,0.0,0.22,0.0,0.0,2.416,0.0,1.1757,0.624908064,0
4489,O14544:P60891,0.2806678728979569,0.102892561983471,0.6607142857142857,0.954203869047619,0.17,0.0,0.17,0.0,0.0,2.416,0.0,2.7714,1.138269408,0
4492,Q15796:Q6UX01,0.6290573821218665,0.3134523809523809,0.3166666666666666,0.8857142857142856,0.0,0.0,0.0,0.0,0.0,2.416,0.0,1.1757,2.8404912,0
4493,P09661:Q9NZ63,0.4365169096249832,0.540625,0.6047619047619047,0.7222222222222222,0.15,0.0,0.15,0.0,0.0,2.013,0.0,5.6875,1.717340625,0
4494,P06746:P16402,-0.0547247850777318,0.0949252136752136,0.3316666666666666,0.6424242424242425,0.94,0.0,0.94,0.0,0.0,2.013,0.0,1.1757,2.224683054,0
4496,P06899:P49450,0.4442604325932528,0.3852369852369852,0.66,0.8958333333333334,869.75,4.98492,869.75,2.3588,3.1392,1.1933,24.11,3.9008,722778.253267425,1
4498,P02671:Q96S79,-0.1344351378715617,0.5416666666666666,1.0,0.55625,0.68,3.67486,3.67486,0.0,0.0,2.013,0.4,2.7714,8.2005650396208,0
4499,P02545:P57058,-0.0701917736203735,0.2277777777777777,0.5,0.2092948717948717,0.36,5.22,5.22,0.0,0.6153,2.416,0.0,3.9008,30.2696940930048,0
4501,Q8NEA6:Q9NY12,0.263903779879081,0.15625,0.161231884057971,0.2705128205128205,0.41,5.43,5.43,0.5125,0.0,1.5978,0.0,1.1757,5.2277238024975,0
4502,Q96MU8:Q9P2E5,0.0424809208636146,0.125,0.611111111111111,0.125,0.15,0.0,0.15,0.0,0.0,2.416,0.0,2.7714,1.00435536,0
4503,P61158:Q9H992,0.6831394969328435,0.1044955044955044,0.5888888888888889,0.6835978835978835,0.62,5.24327,5.24327,0.0,0.0,1.1933,0.0,45.2798,283.306385081662,0
4505,P28324:Q5T6L9,0.7021645250941884,0.3333333333333333,0.25,0.5,0.0,0.0,0.0,0.0,0.0,2.416,0.0,2.7714,6.6957024,0
4506,P02763:Q99574,-0.1002710965471857,0.1349206349206349,0.4809523809523809,0.125,0.64,0.0,0.64,0.5125,0.0,0.0,0.0,0.7126,0.2337328,0
4507,Q5I0G3:Q9UKL0,0.1369714347240521,0.097723704866562,0.0,0.1412570404505888,0.19,0.0,0.19,0.0,0.0,2.416,0.0,0.8888,0.407994752,0
4508,P18124:Q9H6Y2,0.699302777321022,1.0,0.6,0.0,0.94,1.34378,1.34378,0.0,0.6153,2.013,24.11,2.7714,111.212930832794,0
4509,Q8NC69:Q9BRQ8,0.0186602762739092,0.1246501361885977,0.3472222222222222,0.383531746031746,0.0,0.0,0.0,0.0,0.0,2.416,0.0,1.1757,2.8404912,0
4511,Q99719:Q9H6S1,-0.0649462117050242,0.1468872397443826,0.3125,1.0,0.68,0.0,0.68,0.0,0.0,2.416,0.0,0.5954,0.978170752,0
4512,Q8NGT2:Q96DV4,0.0514018534531533,0.1111111111111111,0.207516339869281,0.1666666666666666,0.41,0.0,0.41,0.0,0.0,2.013,0.0,1.5818,1.305506994,0
4513,P11926:P59537,0.4774676435097225,0.14375,0.3566666666666666,0.1523809523809523,0.19,0.0,0.19,0.0,0.0,0.0,0.0,0.8888,0.168872,0
4514,P01350:Q6IAA8,-0.0912444667967581,0.1681515616999488,0.1603571428571428,0.8364810330912027,0.0,0.0,0.0,0.0,0.0,2.013,0.0,0.6688,1.3462944,0
4515,O14893:Q7Z422,0.5265435593657577,0.0,0.0,1.0,0.15,0.0,0.15,0.0,0.0,2.416,0.0,2.7714,1.00435536,0
4516,Q99835:Q9BX73,0.4858764892069372,0.0,1.0,1.0,0.41,0.0,0.41,0.0,0.0,2.416,0.0,2.1077,2.087803312,0
4519,Q8IXL7:Q9GZZ6,-0.0570448065540809,0.131018981018981,0.3074074074074074,0.2614478114478114,0.15,3.51,3.51,0.0,0.0,1.5978,0.0,1.5818,8.8711741404,0
4520,P50591:Q99848,-0.0251615322493621,0.1214285714285714,0.2380952380952381,0.8125,0.0,0.0,0.0,0.0,0.0,2.013,0.0,1.1757,2.3666841,0
4521,O75593:P22674,0.2997548678310235,0.1916666666666666,0.3411111111111111,0.5714285714285714,0.63,0.0,0.63,0.5125,0.6153,2.416,0.0,3.9008,1.87228495790784,0
4523,P50591:Q6YI46,0.2478425152883542,0.1643475572047,0.5833333333333334,0.0,0.0,0.0,0.0,0.0,0.0,2.013,0.0,1.5818,3.1841634,0
4524,O43665:Q32MQ0,-0.0034909622408043,0.123051948051948,1.0,0.27,0.19,0.0,0.19,0.0,0.0,0.0,0.0,1.1757,0.223383,0
4525,O95257:Q14957,-0.114129621132606,0.1502049537763823,0.2198830409356724,0.9505948255948256,0.17,0.0,0.17,0.0,0.0,2.416,0.0,2.1077,0.865674544,0
4527,P24046:Q13563,0.5510266133431783,0.111196422624994,0.3816362715298884,0.6869419181107493,0.54,5.22,5.22,0.0,0.0,2.416,0.0,0.7126,8.986969152,0
4529,P04908:Q92560,0.625621362563488,0.1499623136719911,0.342063492063492,0.667037037037037,0.68,0.0,0.68,1.0145,0.0,2.013,0.0,1.5818,2.196626963124,1
4530,O43920:P82279,0.1999447160873739,0.1160680369013702,0.1615929705215419,0.9305555555555556,0.24,0.0,0.24,0.5125,0.0,2.416,0.0,0.8888,0.2641229184,0
4531,P09417:P40938,-0.1803064805963753,0.1529100529100529,0.4768115942028986,0.2647759103641456,0.41,0.0,0.41,0.9127,0.0,1.5978,0.0,3.9008,2.33231931029568,0
4534,Q14596:Q9Y3B1,0.299851075780854,0.1125,0.5625,0.7857142857142857,0.62,0.0,0.62,0.9127,0.0,2.013,0.0,3.9008,4.4434182952896,0
4535,P63313:Q53S33,0.3107140350465446,0.1289772727272727,0.3136363636363636,1.0,0.0,0.0,0.0,0.0,0.0,1.1933,0.0,3.9008,4.65482464,0
4536,P20042:P62841,0.5160864342370943,0.17254329004329,0.7455026455026454,0.5428571428571428,0.41,0.0,0.41,2.3254,0.0,1.5978,5.86,18.4426,164.635582530581,1
4537,Q9NZ63:Q9Y3C6,0.1350891822008897,0.4907766048116925,0.6676190476190478,0.8549382716049384,0.15,0.0,0.15,0.0,0.0,1.5978,0.0,9.4687,2.269363329,0
4538,P31948:Q13613,0.5311596130759393,0.0714285714285714,0.6190476190476192,0.1414141414141414,1.22,7.37,7.37,0.0,0.0,2.013,0.0,9.4687,140.475834147,0
4539,O75899:Q9Y4L5,0.2059831224141391,0.090716575091575,0.4555555555555555,0.8449404761904761,0.19,0.0,0.19,0.0,0.0,2.416,0.0,1.1757,0.539693328,0
4540,P08865:Q96E35,0.3460751416116295,0.0,0.7083333333333334,0.9866666666666668,1.02,0.0,1.02,0.0,0.0,2.013,0.0,5.6875,11.67791625,0
4541,P01591:Q13356,0.22927125175525,0.1402380952380952,0.3785714285714285,0.3320987654320987,0.24,0.0,0.24,0.5125,0.0,1.1933,0.0,0.6915,0.10149553485,0
4542,Q86Y39:Q9BSB4,0.4501379520370391,0.1202380952380952,0.2092592592592592,0.9551282051282052,0.0,0.0,0.0,0.5125,0.0,1.5978,0.0,9.4687,7.75365804075,0
4543,O76080:P62191,0.5286782619548139,0.0811965811965811,0.4800751879699249,0.927020202020202,0.54,0.0,0.54,2.3254,0.0,1.1933,0.0,3.9008,5.84513777764224,0
4544,Q5T653:Q9BYD2,0.7275830315609716,1.0,0.5248484848484848,0.3833333333333333,1.52,0.0,1.52,0.0,3.1392,1.5978,5.86,9.4687,423.031749466272,1
4547,P22794:P40692,-0.068811496045177,0.0,0.4337868480725622,0.964102762317048,0.19,0.0,0.19,2.409,0.0,0.993,0.0,1.5818,0.718937638254,0
4551,O75971:Q8IVV8,0.1309167138006815,0.0625,0.3333333333333333,1.0,0.0,0.0,0.0,0.0,0.0,2.013,0.0,1.1757,2.3666841,0
4552,O43660:Q9P013,0.705684218797403,1.0,0.5037202380952381,0.7857142857142857,117.65,0.0,117.65,0.5125,0.6153,2.013,0.0,18.4426,1377.33200155502,1
4553,Q3SYF9:Q8NGJ7,0.0,0.0,0.3333333333333333,0.1666666666666666,0.0,0.0,0.0,0.0,0.0,0.9878,0.0,2.1077,2.08198606,0
4554,Q00403:Q9Y2G5,0.6915508984856001,0.1271825396825396,0.3214285714285714,0.1428571428571428,0.15,3.51,3.51,0.0,0.0,2.013,0.0,2.1077,14.892228351,0
4555,A0AVT1:Q8IV03,0.3462662699380027,0.0909090909090909,0.0,1.0,0.24,0.0,0.24,0.0,0.0,2.416,0.0,1.1757,0.681717888,0
4558,Q8WXC6:Q96PD2,0.0755764125697897,0.1555555555555555,0.3888888888888888,0.9166666666666666,0.0,0.0,0.0,0.0,0.0,0.0,0.0,3.9008,3.9008,0
4559,P62241:Q8N1G0,0.6096855273237708,0.0714285714285714,0.75,0.54,0.54,0.0,0.54,0.5125,0.0,1.1933,0.0,0.8888,0.29352244482,0
4562,Q8TCJ2:Q9Y6Q6,0.0864276382196816,0.1165327188097586,0.7777777777777779,0.7096938775510203,0.0,3.84,3.84,0.0,0.0,1.5978,0.0,1.5818,9.7052161536,0
4563,P23919:Q9UI95,0.4784652671392219,0.092756671433142,0.3848484848484848,0.1237373737373737,0.15,0.0,0.15,0.0,0.0,0.0,0.0,9.4687,1.420305,0
4565,O75596:Q9NV12,0.0556948019872443,0.0,0.5,0.5,0.0,0.0,0.0,0.0,0.0,2.013,0.0,0.6915,1.3919895,0
4567,P20248:P46527,0.0671905332128601,0.1765606054305744,0.6743990929705216,0.9068431568431568,0.0,4.45882,4.45882,2.409,30.1977,2.416,5.86,2.1077,9679.07707690616,1
4569,P09661:Q9Y314,0.5721890498841941,0.0951178451178451,0.4428571428571429,0.6157407407407408,0.28,0.0,0.28,0.0,0.0,2.013,0.0,5.6875,3.2057025,0
4570,P02679:P25116,-0.0781027237244601,0.1503825075633585,0.7136904761904762,0.7291666666666667,0.23,0.0,0.23,0.0,0.0,2.416,69.61,1.1757,45.47711625936,0
4571,Q15370:Q9H115,0.1830503770066813,0.1518939393939394,0.1944444444444444,0.9690476190476192,0.89,0.0,0.89,0.9127,0.0,2.416,0.0,1.1757,2.3073395232336,0
4573,P19793:Q0VD83,0.2007156323143245,0.1585714285714285,0.2488095238095237,0.2,0.54,8.95024,8.95024,0.0,0.0,1.1933,24.11,3.9008,1004.46594220738,0
4574,P0CG48:P57768,0.6284537865344094,0.0952380952380952,0.3964646464646465,0.5,0.41,0.0,0.41,0.0,0.0,1.5978,0.0,0.0,0.655098,0
4575,P04637:P19388,0.6109564871998563,0.332051282051282,0.9247967479674796,0.8393004115226339,0.29,0.0,0.29,1.2535,0.0,0.993,5.86,5.6875,12.0306920523563,1
4576,P61586:Q9UIG0,0.6891551289902549,0.2287087912087912,0.3161904761904762,0.7212614870509607,2.72,5.43,5.43,0.0,0.6153,2.013,0.89,2.7714,16.5889821118287,0
4577,Q96IC2:Q9UBB5,0.0181911364152311,0.0706933626106558,0.4531024531024531,0.2841269841269842,0.83,0.0,0.83,0.0,0.0,2.416,0.0,2.7714,5.557432992,0
4578,P0CL85:Q9NQ03,-0.0205238679388271,0.0,0.6,0.0,0.19,0.0,0.19,0.0,0.0,1.5978,0.0,0.0,0.303582,0
4580,P28340:Q9HCU8,0.5569537087012187,0.6011904761904762,0.9539473684210528,0.9326923076923076,0.24,0.0,0.24,0.0,15.4815,1.1933,105.17,1.1757,548.229387048693,1
4581,P20042:P41091,0.7538255271234774,0.7083333333333334,0.7628787878787878,0.8378737373737373,8.53,3.67486,8.53,0.5125,9.2808,2.013,24.11,18.4426,36315.4514107309,1
4583,P28331:P56181,0.6814798517794681,0.3392911010558069,0.4779411764705882,0.6041666666666666,0.0,0.0,0.0,0.0,0.0,1.5978,0.0,3.9008,6.23269824,1
4584,P05112:P78552,-0.044287290700558,0.5303030303030303,0.3122710622710622,0.880952380952381,77.86,0.0,77.86,0.0,0.6153,2.013,105.17,1.1757,11924.3161360189,1
4585,Q15910:Q92623,0.3116169945657322,0.3333333333333333,0.0,0.0,0.63,3.84,3.84,0.0,0.0,2.416,0.0,1.1757,10.907486208,0
4588,P62807:Q9Y5B9,0.4188174280031916,0.2664399092970521,0.8701754385964913,0.8194444444444445,10.86,0.0,10.86,1.7951,0.6153,1.5978,24.11,2.1077,973.943604249254,1
4589,Q15554:Q96AP0,0.8585303724469047,0.3775788511899623,0.747619047619048,0.9431913116123644,0.29,32.9939,32.9939,1.0145,0.0,2.013,181.01,5.6875,69367.0871519117,1
4591,Q16548:Q96PG8,0.5350289394588951,0.2341753275963801,0.4340659340659341,0.9852941176470588,0.0,7.37,7.37,1.7951,5.2693,0.9878,0.0,0.8888,61.2043271307886,0
4592,O75347:P00739,-0.0943073451806923,0.1428571428571428,0.3819444444444444,0.5714285714285714,0.54,3.51,3.51,0.9127,0.0,1.5978,0.0,1.1757,6.01802658618642,0
4594,O14807:Q8TCP9,0.1768623499065114,0.0,1.0,1.0,0.0,3.51,3.51,0.0,0.0,1.1933,0.0,1.1757,4.9243994631,0
4596,P40227:Q71RC2,0.7689501541903331,0.1349206349206349,0.7987012987012986,0.7125850340136054,0.34,0.0,0.34,0.0,0.0,2.013,0.0,45.2798,30.990400716,0
4597,P06340:Q8TBC3,0.3606609088021914,0.1611111111111111,0.125,1.0,1.55,5.22,5.22,0.5125,0.0,1.1933,0.0,2.1077,6.7285705263525,0
4599,Q13330:Q9UBB5,0.5889475248216143,0.2388510959939531,0.4809523809523808,0.627437641723356,52.16,0.0,52.16,0.5125,5.052,2.416,0.0,1.1757,383.608518351437,1
4600,Q13144:Q92845,0.272785515457407,0.1514028564028564,0.4224702380952381,0.914285714285714,2.08,0.0,2.08,0.0,0.0,2.416,0.0,2.1077,10.591782656,0
4601,P25189:Q8TDB4,-0.0227972736131118,0.1409484454939,0.1851851851851852,0.3333333333333332,0.0,0.0,0.0,0.0,0.0,2.416,0.0,1.1757,2.8404912,0
4602,Q13123:Q53GS9,0.8782475629414054,0.4484126984126984,0.5145833333333333,0.7113095238095238,0.24,0.0,0.24,0.0,0.0,2.416,0.0,18.4426,10.693757184,0
4603,Q9H492:Q9NYS0,0.8781959643946814,0.152070707070707,0.625,0.412037037037037,3.82,0.0,3.82,0.9127,0.0,2.416,0.17,2.1077,3.01818641709962,0
4604,P62993:Q8WVK7,0.4405858553212314,0.151547619047619,0.6818095238095238,0.8666666666666668,0.19,0.0,0.19,0.0,0.0,2.013,0.0,2.7714,1.059977358,0
4605,P16104:P20618,0.2756862389702124,0.1625,0.5115520282186948,1.0,0.29,0.0,0.29,2.0764,0.6153,1.5978,0.0,5.6875,3.36697397621266,0
4609,P13805:Q969Q1,0.9861606494754768,0.1290941411529646,0.4095238095238095,0.7760770975056689,0.45,0.0,0.45,0.9127,0.6153,2.416,0.31,5.6875,1.07648383551755,1
4613,O95299:Q13201,0.0768509829272154,0.0989106131963274,0.271329365079365,0.1145833333333333,0.22,0.0,0.22,0.0,0.0,2.013,0.0,1.1757,0.520670502,0
4614,P19388:Q8WVM8,0.5788889969894728,0.1104322445231536,0.4862433862433862,0.7,0.0,0.0,0.0,0.0,0.0,2.013,0.0,5.6875,11.4489375,0
4615,P27449:Q13324,0.3577358476693663,0.1506227106227106,0.8666666666666667,0.6465608465608466,1.52,0.0,1.52,0.5125,0.0,1.1933,0.0,1.1757,1.09290802899,0
4617,P01859:Q96KN7,0.0121048128685411,0.1171717171717171,0.4333333333333333,1.0,0.22,2.59,2.59,0.0,0.0,2.013,0.0,0.4364,2.275245588,0
4618,Q9HB90:Q9NW64,0.6660835214205524,0.1329365079365079,0.5636243386243387,0.6520833333333333,0.41,5.22,5.22,0.0,0.0,2.013,5.86,18.4426,1135.62263677896,0
4619,Q7RTV0:Q9H2M9,0.7782418593649091,0.1058546391879725,0.3363636363636363,0.4058201058201058,0.28,0.0,0.28,0.0,0.0,0.993,0.0,2.7714,0.770560056,0
4620,P51114:Q5MJ09,0.4386000419921386,0.0,0.0,1.0,0.0,0.0,0.0,0.0,0.0,0.993,0.0,0.8888,0.8825784,0
4621,P62241:P62249,0.9641304064284464,0.5594877344877344,0.7003759398496241,0.5625,0.19,0.0,0.19,4.2492,15.4815,0.0,24.11,38.174,11503.7302761674,1
4622,P17980:P35998,0.794361806620241,0.6287081339712919,0.7940766550522648,0.8996527777777779,282.86,0.0,282.86,2.3254,400.8352,0.0,24.11,45.2798,287830470.944244,1
4628,P62318:Q9Y314,0.3095108299189884,0.0951178451178451,0.5142857142857143,0.6157407407407408,0.68,0.0,0.68,0.0,0.0,1.5978,0.0,18.4426,20.0379586704,0
4629,Q9NPE3:Q9NXF7,0.2973789141440768,0.1111111111111111,0.75,1.0,0.15,0.0,0.15,0.5125,0.0,0.9594,0.0,1.1757,0.0867124308375,0
4631,Q8NH19:Q9NWW6,-0.0598976718536517,0.0741758241758241,0.3333333333333333,0.4472505668934242,0.41,0.0,0.41,0.0,0.0,0.0,0.0,0.8888,0.364408,0
4632,P50591:Q13158,0.3253349860364433,0.2509512830165004,0.4434662236987818,0.8889438943894388,0.0,0.0,0.0,1.0145,0.6153,2.416,105.17,1.5818,250.887683466598,1
4633,P78347:Q9Y4Z0,0.3949357427891182,0.1240079365079365,0.3973389355742296,0.8988095238095238,3.02,0.0,3.02,0.0,0.0,0.993,0.0,3.9008,11.697953088,0
4634,Q9BXU0:Q9NPH6,0.9495925014691564,0.0884615384615384,0.5,0.5,0.0,0.0,0.0,0.0,0.0,2.013,0.0,1.1757,2.3666841,0
4637,P27694:P48048,-0.156555323561474,0.1037037037037037,0.2916666666666666,0.1037596662596662,0.19,0.0,0.19,0.0,0.0,2.013,0.0,1.5818,0.604991046,0
4638,Q8IYW5:Q96F46,0.11151301200973,0.1405956616482932,0.3571428571428571,0.7551020408163264,0.62,0.0,0.62,0.9127,0.0,1.5978,0.0,1.1757,1.06301324314404,0
4640,P06899:P38398,0.6692446682198252,0.1161362772018509,0.6677746346063179,0.8858503401360543,52.16,0.0,52.16,20.9141,0.0,2.013,0.0,1.1757,2581.76706353185,1
4642,O00626:P0CJ89,0.0,0.125,0.35,0.175,0.41,5.43,5.43,0.0,0.0,2.013,0.0,0.4364,4.770109476,0
4644,P08476:P19883,0.3804236556235134,0.2328643578643578,0.64,0.8020833333333333,25.34,0.0,25.34,0.0,9.2808,2.416,181.01,5.6875,584942.170557719,1
4645,O43920:Q9NX14,0.4254984802644596,0.3858585858585858,0.6576923076923076,1.0,0.0,0.0,0.0,0.0,0.0,2.013,10.8,5.6875,123.648525,1
4647,P06899:P0CG47,0.6132943440067278,0.1109309807839219,0.8327278521351179,0.9742424242424242,80.27,0.0,80.27,3.124,9.7902,1.1933,0.0,1.5818,4634.01103805378,1
4648,P48730:Q96JB5,0.6921031133437402,0.1450261544011544,0.427536231884058,0.7222222222222223,0.0,0.0,0.0,1.2535,0.0,2.013,0.0,2.7714,6.9930611487,0
4649,P62899:Q96JB5,0.4875724668331342,0.1175951438267614,0.427536231884058,0.7222222222222223,0.0,0.0,0.0,0.0,0.0,2.013,0.0,2.7714,5.5788282,0
4650,O60306:Q96NB3,0.8256313316253852,0.1643849206349206,0.8606060606060605,0.8984126984126983,0.22,0.0,0.22,0.0,0.0,1.5978,0.0,9.4687,3.3283995492,1
4651,Q13322:Q6Y7W6,0.2095151010526257,0.1858067858067858,0.5060224089635854,0.9077380952380952,0.64,19.1399,19.1399,0.0,9.7902,2.416,0.17,2.1077,162.213081748909,1
4653,P09001:P78406,0.4541668131453329,0.1158214801071944,0.174375,0.3003663003663003,0.19,0.0,0.19,0.0,5.2693,2.013,0.0,18.4426,37.1682786210846,0
4654,P0C2L3:Q15370,0.0421895978947657,0.0,0.404320987654321,0.9393939393939392,0.0,0.0,0.0,0.0,0.0,1.5978,0.0,1.1757,1.87853346,0
4658,P61077:P62805,0.1231431818458268,0.113525641025641,0.8918279569892472,0.9662698412698412,0.24,0.0,0.24,4.0064,3.1392,0.9878,0.0,2.1077,6.28437875767227,0
4659,P63098:Q5SY80,-0.0572046576089846,0.1388888888888889,0.3,0.0,0.0,3.66,3.66,0.0,0.0,0.9878,0.0,1.1757,4.2505646436,0
4660,P56747:Q9NVM4,0.56661445453005,0.1357761286332715,0.3148148148148148,0.436671335200747,0.61,0.0,0.61,0.0,0.0,2.013,0.0,1.1757,1.443677301,0
4661,Q6IAA8:Q8WZ84,-0.159869649598093,0.1481481481481481,1.0,0.2777777777777777,0.0,0.0,0.0,0.0,0.0,2.013,0.0,0.8888,1.7891544,0
4663,Q96SE0:Q9H2X6,-0.066232226129274,0.0681580829245386,0.4047619047619047,0.3923180592991914,0.17,56.9,56.9,0.0,0.6153,2.013,0.0,2.7714,195.317955214074,0
4664,P21580:P51668,0.2306735843098415,0.3751808704897949,0.8069892473118281,0.8815864833906071,0.83,5.00777,5.00777,0.0,3.1392,0.993,105.17,2.7714,4549.91931077401,1
4665,O43809:Q8N684,0.624223506154738,0.7340136054421768,0.5555555555555556,0.95,80.27,0.0,80.27,0.0,15.4815,1.5978,5.86,3.9008,45387.8924253073,1
4666,P62877:Q15369,0.6866749491288802,0.3856237816764132,0.6265723270440251,0.9732704402515724,0.54,0.0,0.54,2.3254,0.0,1.5978,5.86,18.4426,216.837108698814,1
4668,P07550:Q496M5,-0.140230681927477,0.1721969696969696,0.3476190476190476,0.1339285714285714,0.15,0.0,0.15,0.0,0.0,2.013,0.0,2.1077,0.636420015,0
4670,P08865:P15880,0.9593472241028742,0.8431372549019608,0.7024363233665558,0.7480769230769231,118.38,0.0,118.38,0.0,0.6153,2.416,24.11,38.174,161967.1947071,1
4672,P15884:Q495X7,-0.0383030169005033,0.1584967320261437,0.5,0.3384920634920635,0.54,0.0,0.54,0.0,0.6153,2.416,0.0,1.1757,0.9437872870944,0
4673,Q99836:Q9NWW6,0.2322073353204078,0.0954545454545454,0.8333333333333334,0.4472505668934242,0.94,0.0,0.94,0.0,0.0,2.416,0.0,2.7714,6.293960256,0
4674,P28062:Q6UW01,-0.1519806407888276,0.125,0.2944444444444444,0.0,0.41,0.0,0.41,0.0,0.0,2.416,0.0,1.1757,1.164601392,0
4675,P07900:Q13451,-0.2426256416680834,0.5051020408163265,0.6166666666666667,0.9206989247311828,18.4,119.068,119.068,1.2535,5.2693,2.416,10.8,9.4687,194304.726309261,1
4676,P61353:P62913,0.931456570110584,0.3308206413469571,0.6087797619047619,0.8271103896103899,0.0,0.0,0.0,2.3254,9.2808,1.5978,24.11,38.174,31737.3293188842,1
4678,O75717:P49643,0.7250283222864125,0.2764705882352941,0.8434782608695655,0.6454545454545455,0.24,0.0,0.24,0.5125,3.1392,2.013,0.0,45.2798,35.1943032620678,0
4679,Q13158:Q96BZ8,0.3975444283484974,0.0,0.5,1.0,0.24,0.0,0.24,0.0,0.0,2.013,0.0,3.9008,1.884554496,0
4680,Q9UQ35:Q9Y314,0.4129386867776157,0.0686965811965811,0.4428571428571429,0.6157407407407408,0.24,0.0,0.24,0.0,0.0,1.5978,0.0,1.1757,0.4508480304,0
4681,P27824:Q92934,0.3008500150500358,0.1439100195197756,0.3533333333333334,0.943486590038314,0.15,0.0,0.15,0.0,0.0,0.0,0.0,2.1077,0.316155,0
4684,P19387:Q6P2C8,0.8269555241602472,0.0845286292654713,0.4694444444444444,0.8055555555555557,0.62,0.0,0.62,0.0,0.0,2.013,24.11,18.4426,554.95123439316,1
4685,Q9H204:Q9NY12,0.7274149416651898,0.0828877005347593,0.5706004140786748,0.2705128205128205,0.28,5.43,5.43,0.0,0.0,1.5978,0.0,9.4687,82.1509525098,0
4686,Q7Z6K4:Q9UK13,-0.172814696016029,0.75,0.0,0.5851851851851853,0.71,0.0,0.71,0.0,0.0,1.1933,0.0,1.1757,0.9961035951,0
4687,P55884:Q53EL6,0.3076625159453146,0.1122853535353535,0.5375000000000001,0.9605263157894736,0.54,0.0,0.54,0.0,0.0,2.013,0.0,2.1077,2.291112054,0
4688,Q9BXJ4:Q9H4S2,-0.0056760604246381,0.1957575757575757,0.35,0.2920634920634921,0.15,0.0,0.15,0.0,0.0,2.013,0.0,1.5818,0.47762451,0
4690,P62877:Q92624,0.5100896774949649,0.4576068376068375,0.347077922077922,0.9827380952380952,0.8,0.0,0.8,0.9127,0.6153,0.993,0.0,5.6875,2.5373221502265,1
4691,P01861:P47871,-0.006902001346833,0.1447465728715729,0.9326923076923076,0.1702380952380952,0.54,0.0,0.54,0.0,0.0,2.013,0.31,0.0,0.3369762,0
4693,Q9C030:Q9UK45,0.2786472005084185,0.2058823529411765,0.3208683473389356,0.9631782945736432,0.81,0.0,0.81,0.0,0.0,0.9878,0.0,1.1757,0.9406987326,0
4694,P08621:P62316,0.4399228916621952,0.6212585034013605,0.4364087301587301,0.9821428571428572,0.54,3.86531,3.86531,2.409,5.2693,1.5978,24.11,9.4687,17897.1566577274,1
4696,A6NIZ1:P06702,-0.039070912615372,0.0968237694173523,0.4350340136054422,0.1165869218500797,2.72,0.0,2.72,2.0764,0.6153,1.1933,0.0,0.4364,1.80967764623393,0
4697,Q9NP85:Q9NZE8,-0.1019627868830975,0.4166666666666666,0.2010281385281385,0.625,0.28,0.0,0.28,0.0,0.0,2.416,0.0,0.7962,0.538613376,0
4698,Q06330:Q13183,-0.0317476038780843,0.1126262626262626,0.3166666666666666,0.3184731934731935,0.0,0.0,0.0,0.0,0.0,2.013,0.0,1.1757,2.3666841,0
4700,P02748:Q96F86,-0.1995862558354026,0.1269841269841269,0.400297619047619,0.9857142857142858,0.54,2.59,2.59,0.0,0.0,2.416,0.0,0.7962,4.982173728,0
4701,P00414:Q9Y3C1,-0.3255646520483426,0.125,0.4599999999999999,0.25,0.24,0.0,0.24,0.5125,0.0,0.3129,0.0,1.1757,0.04524881319,0
4702,P62306:P83369,0.1646413635856241,0.1984126984126983,0.5500000000000002,0.6875,292.74,5.22,292.74,0.9127,0.0,1.1933,0.0,2.7714,883.606643041533,1
4703,A6NF83:P51570,0.0397011471437148,0.0989478114478114,0.1999999999999999,0.0,0.22,0.0,0.22,0.5125,0.0,1.5978,0.0,3.9008,0.70273672656,0
4704,P62277:Q8IV33,0.1221656639515566,0.0,0.0,1.0,0.22,0.0,0.22,0.0,0.0,1.1933,0.0,0.8888,0.2333331088,0
4709,Q15424:Q5VVQ6,0.4631911532617094,0.0927170868347339,0.5,0.8029761904761905,3.16,0.0,3.16,0.5125,0.0,2.416,0.0,2.7714,10.8436900368,0
4711,P98171:Q9H3R5,0.1779638251702055,0.25,0.6516666666666666,0.9666666666666668,18.4,0.0,18.4,0.0,0.0,2.013,0.0,0.7962,29.49061104,0
4719,P62249:Q5T6X5,-0.0437389243605619,0.1018849206349206,0.9166666666666666,0.1666666666666666,0.41,0.0,0.41,0.0,0.0,1.1933,0.0,1.1757,0.5752147521,0
4720,P08473:Q92569,-0.104823483162293,0.1256526301980847,0.2666666666666667,0.9761111111111112,1.55,0.0,1.55,0.0,0.0,2.416,0.0,1.5818,5.92352464,0
4722,O95298:Q9NX14,0.4677387691058541,0.3858585858585858,0.6576923076923076,1.0,0.0,0.0,0.0,0.0,0.0,2.416,10.8,18.4426,481.21907328,1
4723,Q7L576:Q9NYB9,0.0118501176933493,0.1865495615495615,0.3588888888888889,0.9787558685446008,2.27,4.98492,4.98492,0.0,0.6153,2.013,5.86,3.9008,141.136772854367,1
4724,O95006:Q96DZ7,0.6563033954434995,0.1111111111111111,0.369047619047619,0.1655092592592592,0.0,0.0,0.0,0.0,0.0,2.416,0.0,1.1757,2.8404912,0
4729,Q0D2K3:Q99741,-0.0440834897772822,0.1032374488256841,0.2907407407407407,0.7580605158730158,0.41,0.0,0.41,0.0,0.0,2.013,0.0,0.7962,0.657127746,0
4730,P62701:P62847,0.9537887184856728,0.4883928571428571,0.7233766233766233,0.6476190476190476,292.74,0.0,292.74,3.5815,15.4815,2.013,24.11,45.2798,35670200.1541998,1
4731,Q495W5:Q9UI09,0.3862646094320462,0.1252543752543752,0.2145337301587301,0.78125,0.0,0.0,0.0,0.0,0.0,2.013,0.0,1.1757,2.3666841,0
4734,Q96NB3:Q9UNW8,0.5483499668330772,0.2416666666666666,0.3333333333333333,0.1666666666666666,0.41,0.0,0.41,0.0,0.0,2.013,0.0,1.1757,0.970340481,0
4735,P48145:Q9HC62,-0.0040776296835297,0.1254600558171986,0.4148148148148148,0.8863287250384024,0.0,0.0,0.0,0.0,0.0,2.013,0.0,0.5954,1.1985402,0
4737,P59768:Q9UP38,-0.0339544452176764,0.1936988936988937,0.7722222222222223,0.6018518518518519,0.0,0.0,0.0,0.0,0.0,2.416,0.0,2.7714,6.6957024,0
4738,P17980:Q7L592,0.4210652135428173,0.0765306122448979,0.3446428571428571,0.3156862745098039,0.41,0.0,0.41,0.0,0.0,1.5978,0.0,5.6875,3.725869875,0
4739,O43506:Q5T292,-0.0670361854637722,0.0,1.0,0.0,0.17,0.0,0.17,0.0,0.0,2.013,0.0,2.1077,0.721276017,0
4740,P41279:Q03468,0.4149976685254894,0.1134775101441767,0.4277310924369747,0.7384013605442179,0.15,6.73805,6.73805,1.0145,0.6153,1.5978,2.07,1.1757,16.3554491937697,0
4741,P98066:Q9NYY3,0.0906674094986044,0.1637246852764094,0.3777777777777778,0.453125,0.41,0.0,0.41,0.0,0.0,2.416,0.0,2.7714,2.745237984,0
4742,P02545:Q96JK9,0.5861165063167824,0.1638888888888889,0.951111111111111,0.4444444444444445,0.54,0.0,0.54,0.5125,0.0,2.416,0.0,2.7714,1.8530356392,0
4745,Q9NZ63:Q9Y421,0.5707009342542861,0.2,0.6363636363636365,0.625,0.41,0.0,0.41,0.5125,0.0,2.416,0.0,18.4426,9.3626072012,0
4749,P68366:Q92541,0.2392237340801459,0.1448979591836734,0.4547619047619048,0.8277777777777778,0.0,0.0,0.0,0.0,0.0,2.013,0.0,1.1757,2.3666841,0
4750,P0DI81:P62826,0.2440710537143023,0.1348788206742752,0.5565359477124183,0.9109516214779372,1.55,0.0,1.55,2.3254,0.0,1.1933,0.0,9.4687,40.7257755847327,0
4751,P63208:Q6P4F7,-0.05217942427701,0.1056998556998557,0.6,0.3333333333333333,0.0,0.0,0.0,0.0,0.0,2.013,0.0,1.5818,3.1841634,0
4752,P62280:Q9NQ38,0.1492308296216349,0.1092656186406186,0.440625,0.125,0.68,0.0,0.68,0.0,0.0,1.1933,0.0,1.1757,0.9540147108,0
4753,O00206:Q9Y6Y9,0.8272815553287194,0.3975156325156324,0.5717948717948718,0.7626488095238095,80.27,0.0,80.27,0.0,3.1392,2.416,181.01,9.4687,1043427.08029659,1
4754,P13861:P24588,-0.3335905586482827,0.216765873015873,0.4496732026143791,0.7892156862745099,0.0,0.0,0.0,0.0,5.052,1.5978,10.8,1.5818,137.898990022464,1
4755,O14964:Q96M63,0.3472900289729005,0.1564625850340135,0.3285714285714285,1.0,0.24,4.96,4.96,0.0,0.0,2.013,0.0,2.1077,21.044288496,1
4756,P0C5Y9:Q5VVY1,0.3451058818362792,0.1,0.6,0.125,0.24,0.0,0.24,0.0,0.0,2.013,0.0,0.4364,0.210833568,0
4759,A4D0T7:O95297,0.3848128115361975,0.1180555555555555,0.242063492063492,0.8666666666666666,0.0,0.0,0.0,0.0,0.0,1.1933,0.0,0.0,1.1933,0
4760,P04003:Q9UJV3,-0.1899829209307533,0.1662107482444169,0.2333333333333333,0.9852627257799672,3.45,0.0,3.45,0.0,0.0,2.416,0.0,1.1757,9.79969464,0
4764,O95402:P61981,-0.0697859382928216,0.1167203167203167,0.4599999999999999,0.9800032020493116,1.22,0.0,1.22,3.8142,0.6153,1.5978,0.0,2.7714,12.6786156660332,0
4766,O95630:P61968,0.1112485617929208,0.1492398474541331,0.3166666666666666,0.9840796019900498,0.22,0.0,0.22,0.0,0.0,2.416,0.0,3.9008,2.073353216,0
4767,O75452:Q9BTT0,-0.163431683469615,0.1759259259259259,0.4558641975308642,0.3860544217687074,0.94,0.0,0.94,0.0,0.0,2.416,0.0,0.7749,1.759828896,0
4768,P63244:Q9BUT9,-0.2356085353294678,0.0,0.4555555555555555,1.0,0.24,0.0,0.24,0.0,0.0,0.0,0.0,2.7714,0.665136,0
4769,P43630:Q99062,0.9055670743894156,0.2821022727272727,0.5772727272727273,0.6527777777777778,0.38,3.67486,3.67486,0.0,0.0,0.993,2.07,1.1757,8.88089858539002,0
4770,P61353:Q8IVW6,0.2731933195082746,0.0645833333333333,0.68,0.75,0.24,3.84,3.84,0.0,0.0,1.5978,0.0,0.7962,4.8851265024,0
4772,P39019:P62249,0.8984950522390966,0.5594877344877344,0.7003759398496241,0.5625,52.16,0.0,52.16,3.8142,5.2693,2.013,181.01,38.174,14581694.0653898,1
4773,O95251:Q9UNH5,0.5729024529986556,0.2093887593887594,0.5724025974025972,0.2488215488215487,0.68,0.0,0.68,0.0,0.6153,2.416,0.0,3.9008,3.9431785408512,0
4774,Q96HR3:Q9BUE0,0.4260135751309132,0.5195238095238095,0.455952380952381,0.9555555555555556,0.62,0.0,0.62,0.9127,15.4815,2.416,2.07,2.7714,121.422526487468,1
4775,P15927:Q12874,0.7561453113491048,0.1554421768707483,0.4031055900621116,0.8649068322981366,0.24,0.0,0.24,1.0145,0.0,2.013,0.0,45.2798,22.192772842152,0
4776,Q9H5V9:Q9P013,0.6923997032319925,0.082051282051282,0.5037202380952381,0.7857142857142857,0.0,0.0,0.0,0.0,0.0,2.416,0.0,9.4687,22.8763792,0
4777,Q93077:Q9UGP5,0.0988076967612275,0.0795177045177045,0.7481481481481481,0.840990990990991,1.52,0.0,1.52,0.0,0.0,2.013,0.0,1.5818,4.839928368,0
4778,Q96J94:Q9Y295,0.9120045811782944,0.0989010989010989,0.6333333333333333,0.8359458641716705,0.62,0.0,0.62,0.0,0.0,0.993,0.0,2.7714,1.706240124,0
4779,B7ZBB8:Q16633,-0.1550433950376166,0.0951213818860877,0.1666666666666666,0.235254329004329,0.28,2.59,2.59,0.0,0.0,0.0,0.0,0.4364,1.130276,0
4782,O00487:O76080,0.0634573052327582,0.104059829059829,0.5,0.6785714285714286,0.54,0.0,0.54,0.0,0.0,1.1933,0.0,5.6875,3.664922625,0
4785,P10645:P63244,-0.1252611473131422,0.1481913919413919,0.4023809523809524,0.0,0.54,5.22,5.22,2.409,0.0,0.0,0.0,0.6688,8.410146624,0
4786,O95832:Q5T653,0.081345861232811,0.1666666666666666,0.2622222222222222,0.4,1.22,0.0,1.22,0.5125,0.0,2.013,0.0,1.1757,1.479769233525,0
4788,O75394:Q6UXU4,-0.1912046831416129,0.0666666666666666,0.1642857142857142,0.25,0.64,0.0,0.64,0.0,0.0,0.9878,0.0,1.1757,0.7432681344,0
4790,P0C0S5:Q8IZ21,0.4015942171912029,0.1388200183654729,0.2666666666666666,0.3482142857142857,1.52,0.0,1.52,0.5125,0.0,0.0,0.0,1.5818,1.2322222,0
4791,O75771:Q8N5J2,0.2489165563361176,0.1666666666666666,0.8333333333333334,0.5416666666666667,0.15,0.0,0.15,0.0,0.0,2.416,0.0,1.5818,0.57324432,0
4792,O15403:P06731,-0.0153776026049844,0.0893230226563559,0.6960784313725491,0.8142857142857143,0.68,0.0,0.68,0.0,0.0,2.013,0.0,1.1757,1.609345188,0
4793,Q8WX92:Q9NSD9,0.6952624404533563,0.125,0.4333333333333334,0.6969696969696969,0.0,0.0,0.0,0.0,0.0,2.013,0.0,5.6875,11.4489375,0
4794,Q8ND24:Q9UI95,0.6763239165318714,0.0,0.0,0.1972685185185184,0.0,0.0,0.0,0.0,0.0,0.0,0.0,1.5818,1.5818,0
4797,P42285:Q6NZY4,0.8096133579525429,0.4049999999999999,0.5393939393939395,0.8587662337662337,0.41,0.0,0.41,0.0,0.0,2.013,0.0,9.4687,7.814802171,1
4798,P46778:P51668,0.1851218382690029,0.1195463441786971,0.8069892473118281,0.8815864833906071,2.32,0.0,2.32,4.0064,0.0,0.0,0.0,3.9008,36.2573430784,0
4799,Q6A162:Q86XN8,-0.005062138558613,0.0787878787878788,0.35,0.2107142857142857,0.54,0.0,0.54,0.0,0.0,2.013,0.0,1.1757,1.278009414,0
4801,Q8IZU0:Q9BX74,0.0866986255821044,0.1666666666666666,0.3333333333333333,0.7,0.0,0.0,0.0,0.0,0.0,1.5978,0.0,1.1757,1.87853346,0
4802,Q6DKK2:Q8IWF9,-0.1217425733524634,0.0,0.0,1.0,0.63,0.0,0.63,0.0,0.0,2.013,0.0,0.7962,1.009732878,0
4803,P43628:Q9UN70,-0.1560608817398791,0.1593915343915344,1.0,0.1666666666666666,0.54,3.66,3.66,0.0,0.0,0.993,0.0,1.1757,4.272940566,0
4804,P29084:Q00G26,-0.0258379497129001,0.0644997527519779,0.3916666666666666,0.75,0.0,0.0,0.0,0.0,0.0,2.013,0.0,0.7962,1.6027506,0
4806,Q86WV5:Q9H6E5,0.6382031376923728,0.1355820105820105,0.4233333333333333,0.4929166666666667,0.54,0.0,0.54,0.0,0.0,2.416,0.0,2.7714,3.615679296,0
4807,Q5MJ10:Q96BD8,0.3242800819594961,0.0,0.0,0.9191919191919192,0.0,0.0,0.0,0.0,0.0,0.993,0.0,0.8888,0.8825784,0
4808,Q96HY6:Q9BPY8,0.1209564278886379,0.2015802285715035,0.475,0.7785714285714286,0.0,0.0,0.0,0.0,0.0,2.013,0.0,1.1757,2.3666841,0
4809,P48729:Q9BWG4,0.2185479243984222,0.1111111111111111,1.0,0.9466666666666668,0.23,0.0,0.23,0.0,0.6153,1.5978,0.0,2.7714,0.62666635789548,0
4810,P06899:Q13761,0.4406095917909426,0.1129426129426129,0.7274305555555557,0.7196581196581195,0.68,0.0,0.68,0.0,0.0,2.416,0.0,1.5818,2.598707584,0
4811,P41091:Q16790,-0.0173153898239669,0.1404761904761904,0.312962962962963,0.3660714285714286,0.17,7.37,7.37,0.0,0.0,1.1933,0.0,0.7962,7.0022772402,0
4812,O60609:Q92925,0.3390809274970638,0.1671176046176046,0.307843137254902,0.6476190476190476,0.17,0.0,0.17,0.0,0.0,2.416,0.0,1.1757,0.482883504,0
4813,O94885:Q30154,0.1449273628542196,0.1295238095238095,0.2342522974101921,0.5833333333333334,0.54,3.86531,3.86531,0.0,0.0,1.1933,0.0,0.8888,4.0995672671624,0
4814,P62316:Q96CF2,0.0205644597259612,0.1131585462467815,0.5158730158730158,0.9333333333333332,0.24,0.0,0.24,0.0,0.0,1.1933,0.0,3.9008,1.1171579136,0
4816,P50553:Q8N9I0,0.1466101533085544,0.248057498057498,0.228233392122281,0.8936936936936936,0.63,3.84,3.84,0.0,0.0,2.416,0.0,2.7714,25.711497216,0
4818,Q96J92:Q9UH77,-0.101296277932526,0.311583573916997,0.6307692307692307,0.8222222222222224,2.31,3.66,3.66,0.9127,5.052,2.416,0.0,1.1757,47.9364563294794,1
4820,O14807:Q9UQ13,0.0966804468666435,0.1189722858840506,0.3978571428571428,0.7757936507936508,292.74,2.60197,292.74,0.9127,0.6153,2.013,10.8,2.1077,7533.09353696639,1
4823,Q30154:Q5T6F2,0.3806876412893185,0.125,0.1979166666666666,0.9702380952380952,0.24,5.45912,5.45912,0.0,0.0,0.993,0.0,0.8888,4.818101395008,0
4824,O00311:Q8WTV1,0.2978273821426874,0.125,0.0,0.9403846153846154,0.17,0.0,0.17,0.0,0.0,2.416,0.0,1.1757,0.482883504,0
4826,P28347:Q9NYZ1,0.4001979722507625,0.1214285714285714,0.2,1.0,0.22,0.0,0.22,0.0,0.0,2.013,0.0,1.1757,0.520670502,0
4827,P19429:P21549,-0.0371087308937889,0.0860937673437673,0.2916666666666667,0.7393650793650794,0.0,0.0,0.0,0.9127,0.0,2.013,0.0,5.6875,10.44944525625,0
4828,P12004:Q6ZNK6,0.2451403706516026,0.1611591400052938,0.0,0.7857142857142857,0.22,0.0,0.22,0.0,0.0,0.993,0.0,1.5818,0.345560028,0
4830,P49959:Q5TBE3,0.0218245097888977,0.0,0.0,1.0,0.22,0.0,0.22,0.0,0.0,1.1933,0.0,1.1757,0.3086518182,0
4831,Q7Z4H4:Q8IXL6,-0.0932494080265735,0.287825369075369,0.393939393939394,0.262151841868823,0.0,0.0,0.0,0.0,0.0,1.1933,0.0,5.6875,6.78689375,0
4832,P18615:Q9NV88,0.6622322508407341,0.2461904761904762,0.595,1.0,0.19,0.0,0.19,0.5125,0.0,2.013,0.0,2.1077,0.4131426597375,0
4834,Q6PHW0:Q86WT6,-0.0060342009048974,0.1023809523809523,0.4296296296296296,0.9632683215130023,0.64,0.0,0.64,0.0,0.0,2.013,0.0,1.1757,1.514677824,1
4836,O75558:Q8NGF9,0.0,0.1269841269841269,1.0,0.1666666666666666,0.15,0.0,0.15,0.0,0.0,2.013,0.0,0.8888,0.26837316,0
4837,A6NFX1:Q9Y5V3,-0.0525327615648213,0.1355011150465696,0.3749999999999999,0.1988744588744588,0.0,0.0,0.0,0.0,0.0,2.013,0.0,0.8888,1.7891544,0
4838,O60478:Q9BYV2,-0.1867756188875796,0.1558008658008658,0.3541666666666666,0.9900301718483536,0.26,0.0,0.26,0.5125,0.0,2.416,0.0,0.8888,0.2861331616,0
4839,P07737:P24855,0.0814659542386503,0.1033249158249158,0.3466666666666667,0.4625,0.15,0.0,0.15,0.0,0.0,0.0,0.0,1.1757,0.176355,0
4840,P31947:Q5VTQ0,0.3778755348866497,0.1397707231040564,0.0,1.0,2.27,107.153,107.153,0.0,0.0,2.416,0.0,1.5818,409.4989908064,0
4841,P07196:P61086,0.121797686560491,0.1747354497354497,0.55,0.946741452991453,2.49,10.8249,10.8249,2.3254,0.6153,1.5978,0.31,2.1077,16.1696784065085,0
4842,P62241:Q8ND76,0.0429692128437948,0.0987091503267973,0.4359477124183006,0.8299319727891156,0.0,5.22,5.22,0.0,0.0,2.013,0.0,2.1077,22.147416522,0
4844,P20309:Q9Y663,-0.0708747902056714,0.1708333333333333,0.625,0.1319444444444444,0.15,2.59,2.59,0.0,0.0,2.416,0.0,1.1757,7.356872208,0
4845,O94850:P53041,-0.2097998556465735,0.1304938961230425,0.3685185185185184,0.6286014911014912,0.24,0.0,0.24,1.0145,0.0,1.1933,0.0,1.5818,0.4595835811512,0
4846,C9JRZ8:Q9NPD3,0.1353152466507898,0.0985771173271173,0.4422123015873015,0.9349587912087912,0.22,0.0,0.22,0.5125,0.0,1.5978,0.0,0.4364,0.07861831098,0
4847,A8MPX8:Q5VVY1,0.3339529946502552,0.1,0.6,0.1111111111111111,0.15,0.0,0.15,0.0,0.0,1.5978,0.0,0.4364,0.104591988,0
4848,Q7Z6K4:Q9Y676,0.0818742816350474,0.1157407407407407,0.0,0.94,0.41,0.0,0.41,0.0,0.0,2.013,0.0,1.5818,1.305506994,0
4849,P28062:P60900,0.528944880747631,0.4895238095238096,0.7455898268398268,0.9190972222222222,263.49,0.0,263.49,3.124,114.5243,1.1933,24.11,18.4426,50019783.3798015,1
4850,Q8WTX7:Q9NY12,0.4214683389412937,0.0803571428571428,0.3532091097308489,0.2705128205128205,0.83,0.0,0.83,0.0,0.0,1.1933,0.0,0.7962,0.7885875318,0
4852,O75995:Q13323,0.2297630176109688,0.1276515151515151,0.3333333333333333,0.0,0.83,2.59,2.59,0.5125,0.0,1.1933,0.0,1.5818,2.5055025301075,0
4853,Q8WVZ1:Q96PE7,-0.1644762484639649,0.0862470862470862,0.3125,0.7642857142857142,0.19,0.0,0.19,0.0,0.0,0.0,0.0,0.6688,0.127072,0
4855,Q8NI36:Q9Y2X3,0.9581251630516462,0.4006734006734007,0.5045351473922901,0.3854166666666667,1.52,3.52956,3.52956,0.0,9.2808,2.013,24.11,45.2798,71986.5678559376,1
4856,P17980:P62191,0.8104354727009717,0.6842105263157894,0.8616541353383458,0.927020202020202,282.86,0.0,282.86,2.3254,606.3917,0.0,24.11,18.4426,177354336.042948,1
4857,Q15788:Q92731,0.3710210724066448,0.3328884078884079,0.6203703703703703,0.642141131815045,0.29,161.514,161.514,0.0,0.6153,2.416,0.0,2.1077,506.060934833845,1
4858,P55317:Q8NCC3,-0.1136220887664611,0.1425453514739228,0.4532312925170068,0.170578231292517,0.15,0.0,0.15,0.0,0.0,2.013,0.0,1.5818,0.47762451,0
4859,Q9BW19:Q9UNA4,0.0380937296082537,0.1242063492063492,0.4444444444444444,0.2904040404040404,0.19,0.0,0.19,0.0,0.0,2.013,0.0,2.1077,0.806132019,0
4860,O75396:Q9BXA7,-0.0608725532333133,0.1083333333333333,0.2083333333333333,0.361036036036036,0.68,3.51,3.51,0.0,0.6153,1.5978,0.0,0.7749,2.67400434903966,0
4861,O75610:Q8IWZ6,-0.1702260381374262,0.1373510748510748,0.3719298245614035,0.3277777777777778,0.41,0.0,0.41,0.0,0.0,2.013,0.0,1.1757,0.970340481,0
4862,Q496A3:Q70JA7,-0.0333386646069766,0.0,0.0,0.14375,0.0,0.0,0.0,0.0,0.0,2.013,0.0,1.1757,2.3666841,0
4864,Q99594:Q9H3R5,-0.0690738928341985,0.1472222222222222,0.4849999999999999,0.9666666666666668,0.41,0.0,0.41,0.0,0.0,2.013,0.0,0.6688,0.551980704,0
4865,P06312:Q86YT6,-0.1428319999434698,0.1263486513486513,0.3833333333333333,0.3663548752834467,0.17,0.0,0.17,0.0,0.0,1.1933,0.0,0.4364,0.0885285404,0
4867,P20309:Q9H0V1,-0.0310465961497348,0.1428571428571428,0.3055555555555556,0.1428571428571428,0.0,2.59,2.59,0.0,0.0,2.416,0.0,1.1757,7.356872208,0
4869,C9JG80:O00522,0.7983550085892502,0.0,0.5041666666666667,0.0,0.45,3.84,3.84,0.0,0.0,0.9594,0.0,0.4364,1.6077394944,0
4871,P62847:Q13361,0.2283461461821548,0.1386363636363636,0.3545454545454545,0.5,0.41,0.0,0.41,0.0,0.0,1.5978,0.0,1.1757,0.7701987186,0
4872,Q5GH77:Q9BPX1,-0.0965761836280322,0.0,0.3333333333333333,0.0,0.0,0.0,0.0,0.0,0.0,0.0,0.0,1.1757,1.1757,0
4873,Q969L4:Q9Y5X2,0.2945976312862426,0.1,0.2892857142857142,0.8928571428571429,0.41,0.0,0.41,0.9127,0.0,2.013,0.17,3.9008,0.499526218034976,0
4874,Q13616:Q5D0E6,0.6800674903675625,0.0939393939393939,0.0,0.8138888888888888,0.24,0.0,0.24,0.0,0.0,1.5978,0.0,1.1757,0.4508480304,0
4878,Q9NX20:Q9P0M9,0.6375627261360448,1.0,0.5503246753246753,0.4722222222222221,52.16,0.0,52.16,0.0,0.0,2.013,0.0,18.4426,1936.437590208,1
4879,P62258:Q9P2M4,0.2013019630890634,0.174074074074074,0.4055555555555556,0.725,0.24,141.35,141.35,0.0,0.6153,1.1933,0.4,2.7714,115.0513111891,0
4881,Q16540:Q9GZT3,0.2932313567184607,0.1105555555555555,0.535515873015873,0.9166666666666666,1.05,0.0,1.05,0.9127,0.0,1.5978,0.0,9.4687,14.4987353726481,0
4883,P32246:Q16348,0.0777170050053433,0.1444642857142857,0.6751700680272109,0.7502040816326531,0.23,0.0,0.23,0.0,0.0,0.0,0.0,1.1757,0.270411,0
4885,P51511:P62875,-0.0247740215860067,0.1105555555555555,0.4713114754098361,0.7838151927437643,0.15,0.0,0.15,0.0,0.0,0.9594,0.0,1.5818,0.227636838,0
4886,Q9Y294:Q9Y383,0.5087928273695838,0.25,0.25,0.9446428571428572,0.19,0.0,0.19,0.9127,0.0,2.013,0.0,18.4426,6.4379496133194,0
4889,P04637:P36954,-0.1290816816755848,0.3571428571428571,0.966990291262136,0.6984126984126984,0.54,0.0,0.54,0.0,0.0,1.1933,0.0,2.7714,1.7858402748,0
4890,P40855:Q8N4B1,-0.0480114864078675,0.1898148148148148,0.265625,0.98,0.15,0.0,0.15,0.0,0.0,2.013,0.0,1.1757,0.355002615,0
4891,O60291:Q99816,0.4457191955340654,0.1194186382073379,0.294890873015873,0.9574074074074074,1.55,48.2543,48.2543,0.0,9.2808,2.013,105.17,1.5818,149971.471839978,1
4893,P30281:Q9BXI3,-0.1690960677853959,0.1251803751803752,0.9166666666666666,0.3605555555555553,0.15,0.0,0.15,0.0,0.0,2.416,0.0,1.1757,0.42607368,0
4894,P51553:Q5UE93,0.2109375141460784,0.1129599567099566,0.1666666666666666,0.3611111111111111,0.0,0.0,0.0,0.0,0.0,0.0,0.0,1.5818,1.5818,0
4896,P42285:Q5RKV6,0.4314673748492433,0.3958333333333333,0.4895833333333333,0.7000000000000001,0.15,0.0,0.15,0.0,0.0,1.1933,2.07,2.7714,1.02685815801,1
4897,B7ZAQ6:Q8IXJ6,-0.083793977266202,0.0905923606020037,0.207376700680272,0.0829655559494269,0.15,0.0,0.15,0.0,0.0,2.013,0.0,1.5818,0.47762451,0
4899,P08708:Q9Y2D1,-0.0987411259574732,0.1149334583545109,0.3533333333333334,0.2183150183150183,0.54,0.0,0.54,0.5125,0.0,2.013,0.0,1.1757,0.654979824675,0
4900,P30281:Q7Z6G3,-0.1359071119223611,0.1628968253968253,0.4555555555555555,0.9756944444444444,0.94,3.51,3.51,0.5125,0.0,2.416,0.0,1.5818,6.8746325076,0
4901,O94874:P60059,0.6917724216527938,0.0954545454545454,0.5555555555555556,0.798611111111111,0.0,0.0,0.0,0.0,0.0,1.5978,0.0,3.9008,6.23269824,0
4902,P51798:Q92558,0.009944191200435,0.0860464931893503,0.29,0.9027777777777776,0.24,0.0,0.24,0.0,0.0,2.013,0.0,1.1757,0.568004184,0
4903,P07900:P50553,0.4583879912425856,0.1659547793476365,0.5819444444444445,0.5799768518518519,0.54,3.84,3.84,0.0,0.0,2.013,0.0,1.5818,12.227187456,0
4904,P05556:Q6P2I3,-0.0238535708931022,0.125,0.2,0.5454545454545454,0.54,0.0,0.54,0.0,0.0,2.013,0.0,0.6688,0.726998976,0
4905,Q7L1I2:Q9Y570,0.6164577067094974,0.1269841269841269,0.5,0.4077838827838828,0.17,0.0,0.17,0.0,0.6153,2.013,0.0,1.5818,0.3330666758034,0
4906,Q8IX90:Q96RL6,-0.0376460569129529,0.5,0.3333333333333333,0.3333333333333333,0.15,0.0,0.15,0.0,0.0,2.416,0.0,0.7962,0.28854288,0
4908,P63104:Q92934,0.3800252392890887,0.2083526906697638,0.5644444444444443,0.943486590038314,0.22,296.581,296.581,1.7092,5.052,1.5978,5.86,2.7714,66453.6434061628,1
4909,O15392:Q53HL2,0.9734536693213772,0.205531968031968,0.6583333333333334,1.0,869.75,18.1048,869.75,0.5125,0.0,2.013,5.86,38.174,200723.105338342,1
4910,P62191:Q96GM1,0.0500592996964152,0.109006734006734,1.0,0.9595959595959596,0.56,0.0,0.56,0.0,0.0,0.993,0.0,1.1757,0.653783256,0
4911,P17540:Q9BYW3,-0.0248620694317914,0.1056998556998557,0.2,0.0,0.15,0.0,0.15,0.0,0.0,0.993,0.0,1.1757,0.175120515,0
4913,Q0P5P2:Q9P0V9,0.295023516211482,0.0,0.2519047619047619,0.6961805555555556,0.29,0.0,0.29,0.0,0.0,2.013,0.0,0.7126,0.415994502,0
4914,P01148:P15509,0.0094641265192027,0.3095238095238095,0.3492559523809523,0.1985714285714285,0.63,0.0,0.63,0.5125,0.0,2.013,0.0,0.6915,0.4494386098125,0
4915,Q7Z7B1:Q9UQ84,0.5761792529356743,0.0984656084656084,0.2484126984126984,0.1243856633562515,0.68,0.0,0.68,0.0,0.0,2.013,0.0,9.4687,12.961135308,0
4917,B7Z8K6:P0CF51,0.1549188383974067,0.4112554112554112,0.4537037037037037,0.0,1.99,0.0,1.99,0.0,0.0,2.013,0.0,0.0,4.00587,0
4918,P05090:Q6IQ22,0.2217589303200046,0.1813492063492063,0.1942279942279942,0.3402777777777778,0.19,3.51,3.51,0.0,0.0,2.013,0.0,1.1757,8.307061191,0
4919,Q6UXB1:Q8IUH3,-0.0792523645455622,0.0,0.4083333333333334,0.8150000000000001,0.63,0.0,0.63,0.0,0.0,1.5978,0.0,0.8888,0.8946785232,0
4922,Q15617:Q96NB3,0.2209012118787645,0.1281444745730459,0.4515151515151514,0.4650793650793651,0.41,0.0,0.41,0.0,0.0,2.013,0.0,0.8888,0.733553304,0
4923,O75643:Q96DF8,0.7323911843303784,0.6923076923076924,0.7083333333333334,1.0,0.17,0.0,0.17,0.0,0.0,1.5978,0.0,5.6875,1.544872875,0
4924,P60201:Q71DI3,-0.0779068473708775,0.15,0.4642857142857144,0.9166666666666666,0.68,0.0,0.68,2.3254,0.0,1.1933,0.0,1.5818,2.98474884398768,0
4925,P63244:Q9Y585,-0.1171037307760843,0.3194444444444444,0.3333333333333333,0.2,1.52,0.0,1.52,0.0,0.0,0.9878,0.0,0.5954,0.8939669024,0
4926,P08887:Q96DD0,0.3132241252266873,0.3333333333333333,0.5,1.0,0.24,0.0,0.24,0.0,0.0,2.416,0.0,1.5818,0.917190912,0
4928,Q13324:Q9BYG3,-0.107259112308439,0.1027777777777777,0.2239583333333333,0.6666666666666666,1.22,0.0,1.22,0.0,0.0,2.416,0.0,1.5818,4.662387136,0
4929,P45379:Q8WV15,-0.1049635219641084,0.0,0.5,1.0,0.94,0.0,0.94,0.0,0.0,0.0,0.0,1.5818,1.486892,0
4930,P23193:Q8TAE8,0.670563158560213,0.1428571428571428,0.2604166666666667,1.0,0.54,0.0,0.54,0.9127,0.0,2.013,0.0,2.1077,2.0910979716858,0
4932,O75928:Q8IXL6,-0.0238912313275238,0.1123311584249084,0.393939393939394,0.4555480682839175,0.17,0.0,0.17,0.0,0.0,2.013,0.0,1.5818,0.541307778,0
4934,O60930:Q13002,0.2238984268411352,0.079374444999445,0.1451247165532879,0.083076923076923,0.41,0.0,0.41,0.0,0.0,2.013,0.0,1.5818,1.305506994,0
4935,P02545:Q9BTL3,0.6129925358186126,0.1180555555555555,0.3375,0.9296296296296296,0.0,0.0,0.0,0.0,0.0,2.416,0.0,1.5818,3.8216288,0
4936,Q96A73:Q9NQS7,0.1188373019205524,0.0,0.4064625850340136,0.9797297297297296,2.49,0.0,2.49,0.0,0.0,2.416,0.0,2.1077,12.679585968,0
4937,P17568:Q96B49,0.2891091220785001,0.1666666666666666,0.5537037037037037,1.0,0.0,0.0,0.0,0.0,0.0,1.5978,0.0,2.7714,4.42814292,0
4938,A6NL08:Q8WW59,-0.030488007383758,0.0,0.1666666666666666,0.1666666666666666,0.0,0.0,0.0,0.0,0.0,2.013,0.0,0.8888,1.7891544,0
4939,A2RUH7:P35222,-0.113254798795659,0.1836470292992032,0.3740922619047619,0.9380747126436784,0.15,0.0,0.15,20.9141,0.0,2.013,0.0,1.1757,7.4245601903715,0
4940,O15069:Q9BUE0,-0.4116153172084275,0.0653846153846154,0.2585034013605441,0.9555555555555556,0.45,0.0,0.45,0.5125,0.0,2.013,0.0,1.5818,0.734347684125,0
4941,P50539:Q5HYL7,-0.1029744003678473,0.1066919191919191,0.5,1.0,0.62,0.0,0.62,0.0,0.0,2.416,0.0,1.5818,2.369409856,0
4942,O75309:Q96AP0,-0.0716818429558981,0.1234049900716567,0.2893374741200828,0.9210526315789472,0.26,2.59,2.59,0.0,0.0,2.416,0.0,0.8888,5.561612672,0
4944,P63279:Q8N2W9,0.4587327992619668,0.3517571165240252,0.8858156028368795,0.7864922723475357,4.49,5.00777,5.00777,2.409,0.6153,1.1933,5.86,9.4687,491.479833768362,1
4945,Q13323:Q92843,-0.2788059864487158,0.2580567580567581,0.5035714285714286,0.9607843137254902,0.19,3.66,3.66,0.0,0.0,1.1933,5.86,1.1757,30.090185163756,1
4946,O95484:Q15942,-0.0917092084512206,0.1927083333333333,0.321031746031746,0.953030303030303,0.54,0.0,0.54,2.0764,0.0,2.416,0.0,1.5818,4.2850242217728,0
4947,P61968:Q8NHQ1,0.0346075329418536,0.1454545454545454,0.4930555555555555,0.997979797979798,0.17,0.0,0.17,0.0,0.0,2.013,0.0,1.5818,0.541307778,0
4949,P20226:Q8TAV4,0.1503323329775917,0.1111111111111111,0.2833333333333333,1.0,2.32,0.0,2.32,0.0,0.0,2.013,0.0,0.6688,3.123403008,0
4951,O75506:Q8IWL3,0.2733064544156288,0.1555555555555555,0.3874999999999999,0.934375,0.0,0.0,0.0,0.0,0.0,2.013,0.0,5.6875,11.4489375,0
4952,O60671:P04035,0.2542601502521964,0.098525641025641,0.2962962962962963,0.4355820105820105,0.0,0.0,0.0,0.0,0.0,2.416,0.0,5.6875,13.741,0
4954,O43505:Q96RI1,-0.2514284080486971,0.0805856524779943,0.2122294372294372,0.4926943426943427,0.0,7.41566,7.41566,0.0,0.0,2.416,2.07,1.5818,58.6635926419065,0
4955,P01597:Q9NR12,-0.1191353715925731,0.1777777777777777,0.296875,0.4826797385620915,0.39,0.0,0.39,1.2535,0.0,1.1933,0.0,0.4364,0.2545794406038,0
4958,P48552:Q8NEF9,0.712301900154058,0.0909090909090909,0.437037037037037,0.25,0.54,0.0,0.54,0.0,0.0,0.0,0.0,5.6875,3.07125,0
4960,P49450:Q6B0I6,0.1040350381603355,0.12877886002886,0.4979166666666667,0.3259740259740259,0.54,0.0,0.54,0.5125,0.6153,1.1933,0.0,2.7714,0.563149104555775,0
4961,P51149:Q8IUH2,-0.0604921862416028,0.0,0.5666666666666667,0.0,0.0,5.43,5.43,0.0,0.0,1.1933,0.0,1.1757,7.6180880583,0
4962,P56747:Q9BWQ8,0.5748963628410149,0.1565073815073815,0.3611111111111111,0.7037037037037037,0.62,0.0,0.62,0.0,0.0,2.416,0.0,2.1077,3.157165984,0
4963,Q9NSA2:Q9Y5V3,0.2920202314416986,0.1138505433959979,0.3749999999999999,0.1985858585858585,0.54,0.0,0.54,0.9127,0.0,2.416,0.0,1.1757,1.3999588118496,0
4964,P26373:Q86V88,0.3964587390354623,0.125,0.0,0.125,0.15,0.0,0.15,0.0,0.0,0.993,0.0,3.9008,0.58102416,0
4965,Q13330:Q13547,0.5008505443205157,0.3050952840343596,0.6526455026455028,0.8818401937046005,29.97,0.0,29.97,15.8699,0.0,1.5978,0.89,3.9008,0.0,1
4966,Q8IUQ4:Q8N543,0.5105326727410693,0.1791666666666666,0.5918367346938774,0.330026455026455,0.41,0.0,0.41,0.0,0.6153,2.013,0.0,2.1077,1.0703439096273,0
4967,Q86XT2:Q92826,0.0335661560963413,0.1252319902319902,0.2444444444444444,0.4905982905982906,0.62,0.0,0.62,0.0,0.0,2.416,0.0,3.9008,5.843086336,0
4970,Q6IEZ7:Q9BWJ2,-0.0647678155639983,0.0,0.0,0.1666666666666666,0.0,0.0,0.0,0.0,0.0,0.9878,0.0,0.0,0.9878,0
4972,Q8TAV0:Q96A35,0.3147367632530005,0.0,0.1826923076923076,0.0,0.28,0.0,0.28,0.0,0.0,2.416,0.0,1.5818,1.070056064,0
4973,P50990:P56693,-0.1187250532367806,0.1532631257631257,0.7333333333333333,0.7076081007115489,0.24,0.0,0.24,0.0,0.0,1.5978,0.0,1.1757,0.4508480304,0
4974,Q15366:Q96H79,0.8034857481559007,0.0,1.0,0.0,0.94,0.0,0.94,0.0,0.0,2.013,0.0,1.5818,2.993113596,0
4975,Q15797:Q643R3,0.326971649533994,0.1222222222222222,0.4916666666666667,0.1189309056956115,0.0,0.0,0.0,0.0,0.0,2.013,0.0,1.1757,2.3666841,0
4980,Q9H6Z9:Q9H7E2,0.0068976853369286,0.1164021164021164,0.4617647058823529,0.611111111111111,0.19,0.0,0.19,0.0,0.0,2.416,0.0,1.1757,0.539693328,0
4981,P21728:P62873,0.1265090806103323,0.3384259259259259,0.3565535124941067,0.8865740740740741,7.06,6.7087,7.06,2.409,0.6153,0.0,69.61,1.1757,856.439261066756,1
4982,Q15370:Q96DX5,0.1549947867339428,0.4251225490196078,0.6194444444444445,0.9702380952380952,52.16,0.0,52.16,0.9127,0.6153,1.5978,0.0,1.1757,55.026448467904,1
4985,Q96G25:Q9H944,0.772607913161762,0.3193101802124358,0.4763888888888889,0.9311111111111112,0.15,0.0,0.15,0.9127,0.0,0.0,0.4,18.4426,1.0099536612,1
4986,P46778:Q8NBP7,-0.2199286436895941,0.1406926406926406,0.3460317460317459,0.625705467372134,2.31,0.0,2.31,0.0,0.0,2.013,0.0,1.1757,5.467040271,0
4987,P49356:Q96A65,0.1939906468209689,0.1220670995670995,0.4692307692307692,0.9807692307692308,0.0,0.0,0.0,0.0,0.0,2.013,0.0,9.4687,19.0604931,0
4988,Q15750:Q9NYJ8,0.7346933775127427,0.2657552764695622,0.7636469221835076,0.8795238095238096,0.19,0.0,0.19,0.0,3.1392,2.416,5.86,2.1077,17.7981936674089,1
4989,P62314:Q96DF8,0.3708076837933417,0.6923076923076924,0.7083333333333334,1.0,0.0,9.966,9.966,0.0,0.6153,1.5978,5.86,3.9008,223.965701445217,0
4990,P48431:Q9NZL9,-0.3236858841812304,0.1468253968253968,0.3555555555555555,0.8588235294117647,0.19,0.0,0.19,0.0,0.0,2.013,0.0,2.1077,0.806132019,0
4993,P11586:Q9BZI7,0.2947455272507021,0.1141233766233766,0.5537037037037037,0.9093023255813952,0.41,0.0,0.41,0.0,0.0,2.013,0.0,3.9008,3.219447264,0
4994,O00217:O43181,0.456806864390298,0.2693441158514688,0.4519230769230767,0.78125,80.27,0.0,80.27,0.0,3.1392,2.013,181.01,18.4426,1693326.63228802,1
4997,Q8WUA2:Q96DI7,0.787350730089348,0.0611716791979949,0.6439440993788818,0.9659090909090908,2.32,8.9,8.9,0.9127,0.6153,2.013,0.0,9.4687,95.266257405827,0
4998,P62304:Q9H2H8,0.8279366152659422,0.3879142300194931,0.761904761904762,0.712962962962963,0.41,0.0,0.41,0.0,0.6153,1.5978,0.0,45.2798,18.2514632604721,0
5000,O75899:Q01064,0.1498426017077353,0.1178623845290512,0.4722222222222222,0.2702479338842975,0.0,2.60197,2.60197,0.0,0.0,2.416,10.8,5.6875,386.139633516,0
5001,P53350:Q13489,0.6464658323485175,0.2336597265168694,0.882170542635659,0.6777777777777778,2.34,3.84,3.84,1.7092,0.6153,2.013,0.0,0.6688,5.4368964665539,0
5002,O95707:O96000,0.1025998720911584,0.0828205128205128,0.183673469387755,0.9375,0.23,0.0,0.23,0.5125,0.0,2.013,0.0,18.4426,4.376103929175,0
5004,O75386:P06400,0.4048364980112276,0.2199826086020116,0.6018135018135019,0.9647633744855968,0.24,0.0,0.24,0.0,0.0,2.416,0.0,2.1077,1.222128768,0
5006,P14784:Q9Y679,0.2822363328503668,0.1289393939393939,0.3357142857142858,0.6166666666666666,0.19,2.59,2.59,1.7951,0.0,2.013,0.0,1.5818,14.8041595530906,0
5008,A6ND01:O95073,0.2006043715700538,0.0,0.35,1.0,0.0,0.0,0.0,0.0,0.0,2.013,0.0,1.1757,2.3666841,0
5009,Q9BVW6:Q9NYT0,-0.0470077281249159,0.0,0.5083333333333333,0.1698412698412698,0.0,0.0,0.0,0.0,0.0,0.9878,0.0,1.5818,1.56250204,0
5011,P35858:P62258,-0.2585424116234254,0.2249855699855699,0.4372641509433963,0.4844022594022594,0.56,0.0,0.56,21.3884,3.1392,0.993,0.0,0.6688,24.9707061037331,0
5012,O75554:Q6E0U4,-0.0337774998264777,0.1111111111111111,0.5,1.0,0.22,0.0,0.22,0.9127,0.0,1.5978,0.0,1.1757,0.37719824756724,0
5013,P22087:Q15762,0.4839250517769235,0.1091508491508491,0.7222222222222222,0.8525641025641024,0.63,0.0,0.63,0.0,0.0,0.993,0.0,0.8888,0.556024392,0
5015,Q5VV43:Q9NZL4,0.4915633105267658,0.1277777777777777,0.625,0.8666666666666665,0.22,4.98492,4.98492,0.0,0.0,2.013,0.0,2.1077,21.150019074492,0
5016,P18615:Q9NVH2,0.6484933463161191,0.2124338624338624,0.5055555555555555,1.0,0.0,0.0,0.0,0.5125,0.0,2.416,0.0,3.9008,4.82997056,0
5017,O60603:Q8NGT1,-0.0516763790799017,0.5555555555555556,1.0,1.0,0.15,0.0,0.15,0.0,0.0,2.013,0.0,0.8888,0.26837316,0
5018,P18621:Q13495,0.2797586552980783,0.0833333333333333,0.3901960784313725,0.0,0.0,0.0,0.0,0.0,0.0,1.5978,0.0,1.1757,1.87853346,0
5020,O75396:O95486,0.69433078600368,0.2501456876456877,0.5222222222222221,0.8571428571428571,292.74,3.52956,292.74,0.0,9.2808,2.013,69.61,45.2798,17238020.4202788,1
5021,P41091:Q8TEQ8,0.66729973666537,0.125,0.3333333333333333,0.1428571428571428,0.15,3.51,3.51,0.0,0.0,1.1933,0.0,2.7714,11.6079617862,0
5022,P32780:Q9UBL3,0.890867673681502,0.2539682539682539,0.7413079975579977,0.9685714285714284,0.62,6.7087,6.7087,0.5125,0.0,2.416,2.07,9.4687,162.813297966879,0
5023,P08294:Q9UIY3,0.0762834123478949,0.0,0.0,1.0,0.54,0.0,0.54,0.0,0.0,1.5978,0.0,0.7962,0.6869709144,0
5025,P10809:Q9UBW8,0.1168825687371174,0.1790865384615384,0.5615384615384615,1.0,0.83,0.0,0.83,0.0,0.0,2.013,0.0,3.9008,6.517417632,0
5027,Q6P587:Q9UBM1,0.2117187872096681,0.0901360544217687,0.6158730158730159,0.4166666666666667,0.0,0.0,0.0,0.0,0.0,1.1933,0.0,2.7714,3.30711162,0
5029,P60510:Q6ZYL4,0.0480931546014305,0.139172335600907,0.9455399061032864,1.0,2.32,0.0,2.32,0.0,0.0,1.1933,0.0,3.9008,10.7991931648,0
5030,O95154:P80075,-0.0305090523056938,0.1284081415660363,0.5,0.3392857142857142,0.15,0.0,0.15,0.0,0.0,1.5978,0.0,2.1077,0.505152459,0
5031,O00217:Q9UK55,-0.299272721214434,0.0914141414141414,0.2703703703703703,0.75,0.54,0.0,0.54,0.0,0.0,0.993,0.0,2.1077,1.130190894,0
5032,O00217:P03886,0.2529959078287803,0.3328741965105601,0.5877777777777777,0.5694444444444444,292.74,0.0,292.74,0.0,0.0,0.3129,69.61,0.8888,5667.13177686533,1
5033,P62750:Q9Y4G2,0.3622696444455983,0.0970006184291898,0.3095959595959596,0.9619047619047618,0.54,0.0,0.54,0.5125,0.0,2.416,0.0,0.7962,0.5323616136,0
5036,P06340:P25101,-0.0109430050135471,0.1262506012506012,1.0,0.4964285714285714,0.22,0.0,0.22,0.0,0.0,2.013,0.0,1.1757,0.520670502,0
5039,P61160:Q9P086,0.2441870149730949,0.5256578947368421,0.2787037037037037,0.8944444444444444,2.89,3.84,3.84,0.0,0.0,1.1933,0.0,2.7714,12.6993086208,0
5043,P26640:P32780,0.7614154488063256,0.1532110318875024,0.4796296296296296,0.9434782608695652,1.05,4.96,4.96,0.0,0.0,2.013,0.0,2.7714,27.670987872,0
5044,P49768:Q96JK2,0.3182354055103883,0.1333333333333333,0.71875,1.0,0.0,3.51,3.51,0.0,0.6153,2.416,0.0,9.4687,49.4061847873776,0
5045,O75822:Q969M7,0.2979172213988479,0.1399999999999999,0.8666666666666667,0.5929487179487178,0.97,0.0,0.97,0.0,0.0,2.013,0.0,18.4426,36.011205186,0
5046,P04150:P07900,0.3688675549158321,0.164323210664674,0.8117621527777777,0.9096845922276956,869.75,57.2019,869.75,20.9141,111.5878,2.013,10.8,2.1077,93009360.6317566,1
5047,P08514:Q9BV87,0.2901985991203126,0.0,0.4222222222222223,0.238095238095238,0.19,7.37,7.37,0.0,0.0,2.416,0.0,2.1077,37.529537584,0
5049,Q02223:Q6UW68,-0.1707333163396238,0.0,1.0,1.0,0.24,0.0,0.24,0.5125,0.0,2.013,0.0,1.5818,0.3916520982,0
5052,P21728:Q9UH77,-0.0138822146375207,0.1181253529079616,0.2521367521367522,0.8222222222222224,0.68,0.0,0.68,0.5125,0.6153,2.416,0.0,1.5818,0.81947969792304,0
5057,Q6DD88:Q8IWV1,-0.0484327940719912,0.1148301193755739,0.6615384615384615,0.8703703703703703,0.0,0.0,0.0,0.0,0.0,2.013,0.0,1.1757,2.3666841,0
5058,A8K0R7:Q9BZI7,0.4111103018897856,0.0,0.0,0.192109634551495,0.68,0.0,0.68,0.5125,0.0,0.0,0.0,1.5818,0.5512573,0
5061,P62136:Q6NYC8,0.5609016991229291,0.0,0.6,0.9902912621359224,0.15,9.7912,9.7912,0.5125,0.6153,1.1933,0.0,2.7714,10.2109361343083,1
5062,P17181:Q15057,0.612354978036654,0.1195887445887445,0.3999999999999999,0.5857142857142857,2.27,2.59,2.59,0.0,0.0,2.416,0.0,18.4426,115.403462944,0
5063,P50991:Q6ZVW7,0.0496948514286223,0.1666666666666666,0.5,0.1666666666666666,0.0,0.0,0.0,0.0,0.0,0.993,0.0,0.5954,0.5912322,0
5064,P08034:Q9BUT1,-0.1678828588500974,0.1309523809523809,0.3791666666666666,0.2896825396825396,0.41,0.0,0.41,0.5125,0.0,1.5978,0.0,2.1077,0.7076344029825,0
5068,P0CG48:P62837,0.6099962057280726,0.6701388888888888,0.85,0.8641381766381769,869.75,0.0,869.75,3.5815,114.5243,1.1933,0.0,0.0,425702.969367129,1
5070,Q96RI0:Q9BRJ2,0.1204796392415844,0.1428571428571428,0.1907407407407407,0.375,0.0,0.0,0.0,0.0,0.0,0.0,0.0,1.1757,1.1757,0
5071,Q00597:Q9HB96,0.2999962997969894,1.0,0.6766666666666665,1.0,0.22,0.0,0.22,0.0,0.0,0.0,5.86,2.7714,3.57288888,1
5072,Q7Z3H4:Q9NPH5,-0.079916930753609,0.0911995411995411,0.3305555555555555,0.2293898809523809,0.17,0.0,0.17,0.0,0.0,2.416,0.0,1.1757,0.482883504,0
5073,P05112:Q16832,-0.0661701242467749,0.1954767868946973,0.2645833333333333,0.3473036819811013,0.15,3.51,3.51,0.0,0.0,1.5978,5.86,1.1757,38.638803325356,0
5074,P78552:Q86YW5,0.0097589849894215,0.3055555555555555,0.4547619047619047,0.7333333333333334,1.22,3.84,3.84,0.0,0.0,2.416,5.86,1.1757,63.91786917888,0
5076,P13861:Q9P0M2,-0.0324849010830893,0.2290512265512265,0.4770833333333333,0.9087301587301588,0.0,0.0,0.0,0.5125,5.5574,2.013,0.89,2.1077,10.7549427648969,0
5077,P20042:Q13144,0.4090965996353941,0.2432339265672599,0.4909090909090909,0.6279761904761905,0.83,3.84,3.84,0.0,158.1204,2.416,24.11,18.4426,652282.032807439,1
5078,Q16548:Q8IYA7,-0.1507890726489364,0.1303571428571428,0.35,0.1703703703703703,0.15,2.59,2.59,0.0,0.0,2.416,0.0,0.8888,5.561612672,0
5079,Q5BKT4:Q5VT66,0.0072318915427908,0.169047619047619,0.3703703703703704,0.3193877551020408,0.0,0.0,0.0,0.0,0.0,2.013,0.0,2.1077,4.2428001,0
5081,P10523:P61081,0.3093185380033805,0.1234567901234567,0.8131578947368421,0.8405934343434344,0.68,0.0,0.68,1.2535,0.0,0.993,0.0,1.1757,0.995128163838,0
5085,Q53EL6:Q7L2H7,0.3440903206409595,0.1694444444444444,0.6114583333333333,0.913793103448276,0.41,0.0,0.41,0.0,0.0,2.416,0.0,9.4687,9.379315472,0
5086,P32456:Q9Y3C7,0.1464143796238474,0.0999594155844156,0.3833333333333333,0.7851851851851851,0.94,0.0,0.94,0.0,0.0,1.1933,0.0,1.5818,1.7743082236,0
5088,P63000:Q6ZU80,0.3505058452946885,0.1777777777777777,0.3357142857142857,0.0,0.54,5.22,5.22,0.0,0.0,1.5978,0.0,1.5818,13.1930282088,0
5089,P53041:Q8N0W7,-0.0403941400182822,0.0,1.0,0.0,0.15,0.0,0.15,0.0,0.0,0.993,0.0,1.1757,0.175120515,0
5090,P28340:Q9Y6Z7,-0.1305604578904106,0.1009818884818884,0.4023809523809524,0.5277777777777778,0.41,0.0,0.41,0.0,0.0,1.1933,0.0,0.8888,0.4348480664,0
5092,Q96A72:Q9UBJ2,0.0682158484099276,0.1005208333333333,0.4610389610389611,0.5016121031746031,0.15,0.0,0.15,0.0,0.0,1.5978,0.0,1.5818,0.379110006,0
5093,O60291:Q12860,0.4559549467921491,0.1617724867724867,0.4729166666666666,0.7083333333333334,3.17,2.60197,3.17,0.0,0.0,2.416,0.4,1.1757,3.6017428416,0
5094,O43920:Q7Z5Y7,0.358134858538524,0.0982142857142857,0.2,1.0,0.15,0.0,0.15,0.0,0.0,0.0,0.0,1.1757,0.176355,0
5096,Q4G0W2:Q92482,-0.0499147963144234,0.1055555555555555,0.0,0.1303547053547053,0.0,0.0,0.0,0.0,0.0,2.013,0.0,1.5818,3.1841634,0
5097,P62136:Q9UQ13,0.5071853312054204,0.1561841176893079,0.5278571428571428,0.7757936507936508,118.38,0.0,118.38,0.0,0.6153,2.416,0.0,3.9008,686.460993626419,1
5098,O43665:P08754,0.5706299604997319,0.4329844758416187,0.6948979591836734,0.7502525252525252,77.86,0.0,77.86,2.3588,5.5574,1.5978,5.86,2.1077,20142.1582427428,1
5100,P09038:Q5RL73,0.1825233509087395,0.1625,0.44,0.9722222222222222,3.16,2.59,3.16,0.0,0.0,2.013,0.0,1.1757,7.478721756,0
5101,P51170:P53990,0.091783523363715,0.1359668109668109,0.3560528756957328,0.9418604651162792,0.0,0.0,0.0,0.0,0.0,2.013,0.0,1.1757,2.3666841,0
5104,Q2HXU8:Q92624,0.3947400122721912,0.1101010101010101,0.3178571428571429,0.9827380952380952,2.72,4.96,4.96,0.0,0.0,1.5978,0.0,1.5818,12.5359041984,0
5105,Q5J8M3:Q9P2R7,0.7168955094871687,0.125974025974026,0.1887445887445887,0.8078703703703705,0.19,0.0,0.19,0.0,0.0,2.013,0.0,9.4687,3.621493689,0
5106,P62316:Q9H5V9,0.7597966799663035,0.1114996114996115,0.5990196078431372,0.75,0.8,0.0,0.8,0.0,0.0,1.1933,0.0,5.6875,5.429515,0
5107,Q96D46:Q9Y4X5,0.6186895697822853,0.0788461538461538,0.4099206349206348,0.1765350877192983,0.41,0.0,0.41,0.0,0.0,1.5978,0.0,45.2798,29.6627064204,0
5108,Q96DX5:Q96JB8,-0.0224788164574729,0.1111111111111111,0.4566666666666666,1.0,1.22,12.1604,12.1604,0.0,0.6153,2.416,0.0,1.1757,21.2533906036717,0
5109,Q6PCB6:Q9Y271,-0.0942414611905097,0.1249718799718799,1.0,0.1263227513227513,0.0,0.0,0.0,0.0,0.0,1.5978,0.0,0.7126,1.13859228,0
5110,Q15646:Q9BZZ5,0.0675836234937423,0.15007215007215,0.3814814814814815,0.725,1.22,0.0,1.22,0.9127,0.0,1.5978,0.0,1.1757,2.09173573650924,0
5111,Q6MZT1:Q6PHW0,-0.0593392589826643,0.1228571428571428,0.3743589743589743,0.0,0.19,3.66,3.66,0.0,0.0,0.0,0.0,1.1757,4.303062,0
5112,Q8NEW7:Q96BI3,-0.3858463075948752,0.099774531024531,0.6172743055555556,0.0,0.24,0.0,0.24,0.9127,0.0,2.416,0.0,1.1757,0.6222039163776,0
5114,P07550:P81274,0.3009773636751948,0.1730323095707711,0.3458333333333333,0.8840388007054673,0.94,0.0,0.94,0.0,0.0,2.416,0.0,0.7126,1.618343104,0
5115,O95704:Q6UW32,-0.1050720014082181,0.0,0.5,1.0,0.41,0.0,0.41,0.0,0.0,1.5978,0.0,0.8888,0.5822511024,0
5117,Q15370:Q8N998,0.7008631495656769,0.0,0.35,1.0,0.0,5.22,5.22,0.0,0.0,1.5978,0.0,1.1757,9.8059446612,0
5118,P46087:Q9H6Y2,0.8463924007804244,1.0,0.6,0.0,2.09,2.24017,2.24017,0.0,0.6153,2.013,24.11,18.4426,1233.76096158645,0
5119,Q9H875:Q9NZ63,0.6621666840210971,0.4194444444444444,0.6047619047619047,0.7222222222222222,0.0,0.0,0.0,0.0,0.0,0.0,0.0,5.6875,5.6875,0
5120,P20248:Q9H977,0.6964688815928342,0.1311976911976911,0.4916666666666667,0.75,0.24,8.95024,8.95024,0.0,0.0,2.416,0.0,2.7714,59.928143448576,0
5121,Q05084:Q15486,0.2998222717842629,0.125,0.0,1.0,0.19,0.0,0.19,0.0,0.0,2.013,0.0,0.4364,0.166909908,0
5124,P26718:Q8TCJ2,0.1502921373785039,0.1292735042735042,0.3185185185185185,0.4825,0.0,0.0,0.0,0.0,0.0,1.1933,0.0,2.1077,2.51511841,0
5125,Q5JZY3:Q9NQR1,-0.2111921444940033,0.3532509157509156,0.4366666666666667,0.5067059483726151,0.45,5.22,5.22,0.0,0.6153,2.416,0.0,3.9008,30.2696940930048,0
5126,Q8WTQ4:Q9BQC6,0.0134081640735895,0.0,0.2064393939393939,0.0,0.15,0.0,0.15,0.0,0.0,1.5978,0.0,1.1757,0.281780019,0
5127,O43665:P49336,0.6282546496779527,0.2166666666666666,0.6197266785502079,0.6941023535851124,0.19,3.66,3.66,0.0,0.6153,1.1933,0.0,1.5818,4.25078571375612,0
5129,P01909:Q96H12,0.0281442247571544,0.0,0.0,1.0,0.15,0.0,0.15,0.5125,0.0,1.5978,0.0,0.6915,0.0849375500625,0
5130,Q7Z4J2:Q86Y56,0.0789996028896784,0.1269841269841269,0.3499999999999999,0.1666666666666666,0.15,0.0,0.15,0.0,0.0,2.013,0.0,0.8888,0.26837316,0
5134,P40337:Q99814,0.0374799168024295,0.2163967249005612,0.6944444444444444,0.7778619528619528,0.54,46.5256,46.5256,1.7951,30.1977,2.013,69.61,1.5818,559012.443912692,1
5135,P06729:Q6ZNG9,-0.0548518051424407,0.1294117647058823,0.0,0.6666666666666666,0.19,0.0,0.19,0.0,0.0,2.013,0.0,0.8888,0.339939336,0
5137,P63096:Q9ULZ1,0.4768338646726248,0.2751763668430336,0.5,0.7083333333333334,0.0,0.0,0.0,0.0,0.0,0.9878,0.0,1.1757,1.16135646,0
5138,Q9NV70:Q9UBF6,0.6577227945319898,0.0907888407888407,0.5086538461538461,0.6897790647790647,0.36,0.0,0.36,0.0,0.0,1.5978,0.0,9.4687,5.4464719896,0
5140,P51946:Q92759,0.8187414908538098,0.2023809523809523,0.9127413127413124,0.8041666666666666,0.34,4.4495,4.4495,1.0145,0.6153,2.013,105.17,5.6875,3344.315456488,1
5144,Q8N3J9:Q9BU19,0.3596022687673783,0.7083333333333334,0.225,0.4152777777777777,263.49,0.0,263.49,0.0,0.6153,2.013,0.4,1.5818,206.493502135148,0
5145,Q8WY41:Q9NYB9,0.2029392048284905,0.256993006993007,0.3255555555555556,0.9787558685446008,0.19,0.0,0.19,0.0,0.0,1.5978,0.0,1.5818,0.4802060076,0
5147,O75663:Q9BWV7,0.1621461756171545,0.1055555555555555,0.3333333333333333,0.4916666666666667,0.0,0.0,0.0,0.0,0.0,1.5978,0.0,0.5954,0.95133012,0
5151,P14678:Q9Y314,0.4175775766851426,0.0951178451178451,0.5142857142857143,0.6157407407407408,0.83,0.0,0.83,0.0,0.0,2.416,0.0,18.4426,36.982576928,0
5152,Q9GZK6:Q9NZL4,0.1256932977375961,0.1333333333333333,0.25,0.1634920634920634,0.17,0.0,0.17,0.0,0.0,1.5978,0.0,0.0,0.271626,0
5153,Q16543:Q7Z4Q2,0.6520776542195569,0.17,0.0,1.0,0.94,0.0,0.94,0.0,0.0,2.013,0.0,3.9008,7.381171776,0
5154,Q14190:Q8IYT2,0.0384534806507569,0.15,0.35,0.1111111111111111,1.22,0.0,1.22,0.0,0.0,2.416,0.0,1.1757,3.465399264,0
5155,P53041:Q9UJ68,0.1028572112953245,0.3311111111111111,0.4604166666666666,0.7410714285714286,0.41,2.59,2.59,0.0,0.0,0.993,0.0,2.1077,5.420730399,0
5156,O00311:P49736,0.553965948075226,0.1723268153415212,0.6154320987654321,0.8284920634920635,0.54,8.3796,8.3796,2.409,445.3724,2.013,5.86,45.2798,4802078.76223202,1
5157,Q96DV4:Q9NQ50,0.544525839753915,0.5625,0.4763368983957219,0.90625,0.24,0.0,0.24,0.0,0.0,0.0,0.0,18.4426,4.426224,1
5159,Q9NQ50:Q9UHV2,0.2038744686479141,0.0989010989010989,0.4555555555555555,0.967948717948718,0.54,0.0,0.54,0.5125,0.0,2.013,0.0,2.1077,1.174194927675,0
5160,P55769:Q8WWG1,0.3472977692906814,0.0769230769230769,0.4947916666666666,0.8541666666666666,0.26,0.0,0.26,0.0,0.0,0.9878,0.0,0.6915,0.177596562,0
5161,P19634:Q2M3G4,-0.0390315793671677,0.1555555555555555,0.3043650793650793,0.3333333333333333,0.23,0.0,0.23,0.0,0.0,2.013,0.0,2.1077,0.975844023,0
5163,P01116:P10321,0.2654528779807898,0.1522727272727272,0.5197945845004668,0.9393939393939392,0.57,4.96,4.96,0.0,0.6153,0.9594,0.0,1.1757,3.44242766990304,1
5164,P06729:Q6P9G4,0.3073830587582997,0.0,1.0,1.0,0.19,0.0,0.19,0.0,0.0,2.416,0.0,1.5818,0.726109472,0
5165,O60711:Q9H1D9,0.1123872867482324,0.1086159211159211,0.3333333333333333,0.9078189300411522,0.24,0.0,0.24,0.0,0.0,2.013,0.0,1.1757,0.568004184,0
5166,Q16552:Q96F46,0.1297595700242433,0.2290599751126066,0.4285714285714285,0.7551020408163264,54.04,0.0,54.04,0.0,13.3811,2.416,0.31,1.1757,636.740242690671,1
5170,P62736:Q9P015,-0.0864723601335247,0.1111111111111111,0.18,0.75,0.54,0.0,0.54,0.0,0.6153,2.416,0.0,1.1757,0.9437872870944,0
5171,P63000:Q969G9,0.4939400924136873,0.1936531986531986,0.5476190476190476,0.9215686274509804,6.88,0.0,6.88,0.0,0.0,1.5978,0.0,1.1757,12.9243102048,0
5172,Q5T653:Q99436,0.7290519557449668,0.1428571428571428,0.52562358276644,0.2447089947089946,0.15,0.0,0.15,0.0,0.6153,1.5978,0.0,45.2798,6.6773646074898,0
5173,O75822:Q7L0R7,-0.0177742787562895,0.125,0.0,0.8464646464646464,0.68,0.0,0.68,0.0,0.0,2.416,0.0,2.7714,4.553077632,0
5175,Q9NSD7:Q9Y587,0.1752481156628871,0.1301587301587301,0.2132275132275132,0.0,0.0,0.0,0.0,0.0,0.0,1.1933,0.0,2.1077,2.51511841,0
5176,P08865:Q96AT1,0.560174158026331,0.0,0.0,1.0,0.62,0.0,0.62,0.0,0.0,0.0,0.0,5.6875,3.52625,0
5177,P62318:Q30KQ9,0.0,0.1070526695526695,0.5,0.2666666666666666,0.0,0.0,0.0,0.0,0.0,0.9878,0.0,0.8888,0.87795664,0
5179,Q96LD8:Q96QV6,0.8481584703513723,0.0769230769230769,0.2071428571428571,0.3333333333333333,0.0,0.0,0.0,0.0,0.0,2.013,0.0,1.1757,2.3666841,0
5183,O95833:P02545,0.3397352171326694,0.1614183307731695,0.4518707482993197,0.950574712643678,0.94,2.59,2.59,3.8142,0.0,2.416,0.0,2.7714,66.1453575636672,0
5187,P01138:Q9UH77,-0.0105236935275506,0.1037314135140222,0.6307692307692307,0.8222222222222224,0.64,0.0,0.64,0.0,0.0,2.013,0.0,1.1757,1.514677824,0
5189,P34741:Q8TAE6,-0.0211317709418971,0.0,0.6666666666666666,0.125,0.63,0.0,0.63,0.0,0.0,0.0,0.0,1.1757,0.740691,0
5190,P08579:Q9BZJ0,0.8164639198812053,0.6285714285714286,0.5430272108843538,0.625,2.08,0.0,2.08,0.0,0.0,2.013,24.11,45.2798,4570.97472772512,1
5191,P35226:P68431,0.1857779491101837,0.462037037037037,0.8444444444444446,0.9709302325581396,52.16,0.0,52.16,3.124,0.6153,2.013,0.0,0.8888,179.383851270967,1
5194,P46527:Q96BD8,-0.0063098409292007,0.1823447576567739,0.5681547619047619,0.9191919191919192,0.0,0.0,0.0,0.0,0.0,2.416,0.0,1.5818,3.8216288,0
5196,A6NK89:Q969H6,-0.0816351742352513,0.0875,0.185758377425044,0.8968750000000001,3.16,0.0,3.16,0.9127,0.0,2.013,0.0,1.1757,6.8258293467012,0
5197,P25398:P62847,0.9126437608654672,0.4883928571428571,0.7233766233766233,0.6476190476190476,0.29,0.0,0.29,4.2492,0.0,2.013,24.11,38.174,2283.04160086427,1
5200,Q96GE9:Q9Y4Y9,0.5700339057283209,0.0743284493284493,0.1948484848484848,0.0,0.22,0.0,0.22,0.5125,0.0,0.9878,0.0,18.4426,2.05403443157,0
5201,Q15029:Q86W26,0.2198627220462577,0.1033938283938284,0.5,0.5222222222222223,0.0,0.0,0.0,0.0,0.0,0.993,0.0,1.1757,1.1674701,0
5202,Q16659:Q9HAW8,0.1579475846331918,0.1378306878306878,0.3214285714285714,0.5677655677655677,0.0,0.0,0.0,0.0,0.6153,2.416,0.0,0.4364,0.64873687872,0
5203,Q9GZT3:Q9NYK5,0.5410535598055277,0.1111111111111111,0.4302584670231729,0.625,0.54,0.0,0.54,0.9127,0.0,2.013,0.0,18.4426,18.2973304799604,0
5204,P05231:Q5QGT7,-0.0666553507563101,0.125,0.4444444444444444,0.9711711711711712,0.41,0.0,0.41,0.0,0.0,2.416,0.0,1.5818,1.566867808,0
5205,P42704:Q9NPH5,0.0047827149988953,0.1395434812101478,0.5111111111111111,0.2293898809523809,3.17,0.0,3.17,0.0,0.0,2.416,0.0,0.6915,5.29600488,0
5206,Q9HB15:Q9UNS2,0.1425733885036807,0.0711426237161531,0.2857142857142857,1.0,2.31,0.0,2.31,0.0,0.0,2.013,0.0,1.1757,5.467040271,0
5207,O75354:P83881,0.0198415094648293,0.1027777777777777,0.3900621118012422,0.1214285714285714,0.22,0.0,0.22,0.0,0.0,2.013,0.0,1.1757,0.520670502,0
5208,P02760:P13798,-0.0712440011918454,0.2703703703703703,0.469047619047619,0.723015873015873,0.41,2.59,2.59,0.0,0.0,2.416,0.0,1.5818,9.898018592,0
5211,O60930:Q8WZ64,0.0970108162558252,0.0912698412698412,0.2,0.3560606060606061,0.0,3.51,3.51,0.0,0.0,2.013,0.0,2.7714,19.581686982,0
5212,Q16637:Q16799,-0.0437565306834305,0.1502331002331002,0.3125541125541125,1.0,0.19,7.37,7.37,0.0,0.0,2.416,0.0,0.4364,7.770503488,0
5213,Q15906:Q96F81,0.4395665480491814,0.1306096681096681,0.5,0.7333333333333334,0.54,3.84,3.84,0.5125,0.0,2.416,0.0,2.7714,13.1771423232,0
5214,P62826:Q9Y2V3,0.069946342012177,0.177612863327149,0.6,0.1592592592592592,0.41,0.0,0.41,0.0,0.0,1.1933,0.0,0.6688,0.3272124064,0
5216,Q13501:Q8NBN3,0.5519620556955807,0.5539772727272727,0.3326839826839827,0.1111111111111111,0.28,0.0,0.28,0.9127,0.0,2.013,0.0,2.1077,1.0842730223556,0
5217,Q96J94:Q9Y2W6,0.7023945724201127,0.3675324675324675,0.6666666666666666,0.8928571428571429,2.31,0.0,2.31,0.0,0.0,2.416,0.0,1.1757,6.561534672,1
5218,Q4VC12:Q8IWZ5,-0.0119112194358841,0.0,0.0,0.9882816661340152,0.71,0.0,0.71,0.0,0.0,2.416,0.0,1.5818,2.713356448,0
5219,Q96SW2:Q9UKS7,0.0254028712775231,0.1,1.0,0.7290123456790123,80.27,0.0,80.27,0.0,0.0,2.416,0.0,2.7714,537.464031648,1
5220,Q96A65:Q9H1Z4,0.4912813279647314,0.125,0.6666666666666666,0.0,0.0,0.0,0.0,0.0,0.0,2.013,0.0,3.9008,7.8523104,0
5221,P27348:Q9UQB8,0.2024828971269999,0.1452380952380952,0.541693722943723,0.9739795918367348,3.02,107.153,107.153,0.9127,3.1392,2.013,0.4,1.5818,391.026966046218,1
5226,P28066:Q5MCW4,0.225677875423213,0.0526315789473684,1.0,0.6444444444444445,2.08,0.0,2.08,0.0,0.6153,0.993,0.4,2.1077,1.07144105979456,0
5227,O14531:Q9UJV3,-0.2899460102688717,0.0836484117734117,0.2333333333333333,0.9852627257799672,0.0,3.51,3.51,0.0,0.0,2.416,0.0,1.1757,9.970124112,0
5228,Q7Z402:Q9NVP2,0.2425215900305923,0.1205555555555555,0.2857142857142857,0.1390306122448979,0.19,5.22,5.22,0.0,0.0,0.0,0.0,1.1757,6.137154,0
5229,Q8TCC3:Q9Y6G3,0.7822718496059858,1.0,0.5049715909090908,0.5833333333333334,0.22,0.0,0.22,0.0,0.0,2.013,0.0,45.2798,20.052612228,1
5231,O60888:Q8NHP1,-0.2231462720870808,0.0,0.4444444444444445,0.125,0.15,0.0,0.15,0.0,0.0,0.0,0.0,1.5818,0.23727,0
5232,P05161:Q8IWX5,0.3330137275388296,0.1134004884004884,0.2619047619047618,0.1138888888888888,0.15,0.0,0.15,0.0,0.6153,2.013,0.0,1.5818,0.293882361003,0
5233,Q16348:Q93038,0.1352922796235587,0.119662480376766,0.8,0.1964285714285714,0.41,0.0,0.41,0.0,0.0,2.416,0.0,1.1757,1.164601392,0
5235,P23396:Q9Y4B4,0.6240101700818488,0.195,1.0,0.699295634920635,0.0,0.0,0.0,0.0,0.6153,2.013,0.0,2.7714,3.43265299146,0
5236,O75899:Q9H902,0.1366299784782296,0.1074074074074074,0.3553571428571428,0.8222222222222224,0.62,0.0,0.62,0.0,0.0,2.416,0.0,2.7714,4.151335488,0
5237,P63279:Q99684,0.1336360237405104,0.3984463793287323,0.4416666666666667,0.7265542328042329,2.34,7.37036,7.37036,0.5125,0.6153,1.5978,5.86,1.5818,34.4223954900149,1
5239,P36941:Q12933,0.1113831688976817,0.2266035551749837,0.3142399267399267,0.9568615824362952,0.41,20.9024,20.9024,3.8142,13.3811,2.416,10.8,2.7714,77145.6300988805,1
5240,P19883:Q8TB69,-0.1240197200172889,0.75,1.0,0.1703703703703703,18.4,0.0,18.4,0.0,0.0,1.5978,0.89,0.8888,23.25596110464,0
5242,P42785:Q5T2W1,-0.0272867612846773,0.1231737012987013,0.4345238095238095,0.8782608695652173,0.22,0.0,0.22,0.0,0.0,2.013,0.0,1.1757,0.520670502,0
5243,Q13077:Q8TER0,0.2212579511225544,0.1666666666666666,0.4166666666666666,0.3333333333333333,0.94,8.9,8.9,0.0,0.0,2.416,0.0,1.5818,34.01249632,0
5244,Q92783:Q96HA7,0.2621711211129656,0.1073015873015873,0.3549019607843137,0.7500000000000001,2.72,22.0744,22.0744,0.0,0.0,2.416,5.86,1.5818,494.350553906739,0
5245,P06899:Q7L0X0,-0.1916937579422039,0.2315961472308221,0.4333333333333333,0.7777777777777777,0.68,0.0,0.68,0.0,0.0,2.013,0.0,0.8888,1.216624992,0
5246,Q5T4W7:Q96FC7,-0.1019839653719458,0.0,0.5,1.0,0.41,0.0,0.41,0.0,0.0,2.416,0.0,1.1757,1.164601392,0
5247,P01889:Q9Y3D9,-0.1175698568849147,0.125,0.2965277777777778,0.6785714285714286,0.15,5.24327,5.24327,0.9127,0.0,0.9594,0.0,1.1757,5.39792076021488,0
5248,P40337:Q9UNS2,0.3957971234914444,0.1923149127918864,0.557142857142857,1.0,0.68,0.0,0.68,1.7951,0.0,2.013,0.0,2.7714,6.8098970612376,1
5249,A0AVT1:O15205,0.0,0.2853575119506492,0.51875,0.9333333333333332,60.92,4.96,60.92,21.3884,0.6153,1.5978,5.86,1.1757,8825.5475334304,1
5250,P01764:Q495B1,0.251261470950143,0.1666666666666666,0.0,0.5,0.19,0.0,0.19,0.0,0.0,1.5978,0.0,0.0,0.303582,0
5252,Q8NC69:Q96T68,0.166283668318408,0.1260783334312746,0.56,0.5268070313524859,0.54,0.0,0.54,0.5125,0.0,2.416,0.0,3.9008,2.6081841024,0
5253,P10747:Q9UP79,-0.0042632815435288,0.1472222222222222,0.3611111111111111,0.2212301587301587,0.15,0.0,0.15,0.0,0.0,2.416,0.0,1.1757,0.42607368,0
5255,P39748:Q96LR2,-0.0751225712138602,0.1180555555555555,0.4666666666666666,1.0,0.22,0.0,0.22,0.0,0.0,1.1933,0.0,1.1757,0.3086518182,0
5256,P08559:P11177,0.5805095051317134,0.7769886363636364,0.4346153846153846,0.7186507936507937,2091.17,0.0,2091.17,0.9127,318.6126,1.5978,181.01,45.2798,7963607045.18137,1
5258,Q4U2R8:Q96DZ9,-0.012816402957295,0.1402116402116402,0.6666666666666666,0.9961240310077518,0.56,0.0,0.56,0.0,0.0,2.013,0.0,2.7714,3.124143792,0
5259,P25787:Q14019,0.2359634676005519,0.1999999999999999,0.3646825396825397,0.8333333333333333,0.0,0.0,0.0,0.0,0.0,1.5978,0.0,3.9008,6.23269824,0
5260,Q8N2W9:Q8NBI6,0.2628539958807749,0.1428571428571428,0.25,0.1874236874236874,0.0,0.0,0.0,0.0,0.0,0.0,0.0,2.7714,2.7714,0
5261,P35462:Q9Y2W6,0.1451024252973929,0.1268759018759018,0.1361111111111111,0.8928571428571429,0.41,0.0,0.41,0.0,0.0,2.416,0.0,1.5818,1.566867808,0
5265,Q04446:Q8NH61,-0.0585008301934353,0.1458333333333333,0.3333333333333333,0.1666666666666666,0.22,0.0,0.22,0.0,0.0,0.993,0.0,0.8888,0.194167248,0
5266,P83110:P98170,0.284340067364869,0.1415228533649586,0.4647058823529412,0.8661976911976912,2.89,6.7087,6.7087,2.3254,0.6153,2.416,0.31,0.7126,5.12303586802486,1
5269,Q9HA38:Q9Y5J6,0.3341909542809859,0.2638888888888889,0.1888888888888888,0.911111111111111,0.54,0.0,0.54,0.0,0.0,2.013,0.0,2.7714,3.012567228,0
5270,P08559:Q15118,0.1828864132476193,0.2174938157081014,0.66875,0.6334325396825397,0.17,0.0,0.17,0.0,0.6153,2.013,181.01,5.6875,216.772202073302,1
5272,P05198:P20042,0.920315205971228,0.425,0.7992063492063491,0.8447154471544716,1.22,0.0,1.22,0.0,30.1977,2.013,24.11,45.2798,80961.6186121242,1
5273,Q6NXT6:Q86YD3,0.4010633552108846,0.1507936507936507,0.4419642857142857,0.1428571428571428,0.0,0.0,0.0,0.0,0.0,1.5978,0.0,1.5818,2.52740004,0
5274,O43639:Q6DD88,0.5542121210500973,0.2136904761904762,0.3989795918367347,0.6210317460317459,0.17,23.2116,23.2116,0.0,0.0,2.416,2.07,2.7714,321.715189263629,0
5275,Q969L4:Q99583,0.502970360650171,0.1087301587301587,0.75,0.6074652777777778,0.19,9.75,9.75,0.0,0.0,2.013,0.0,1.1757,23.075169975,0
5278,P0C0S8:P62807,0.6806383710756193,0.0852007469654528,0.3224747474747475,0.6944444444444444,2091.17,0.0,2091.17,1.0145,111.5878,0.0,24.11,18.4426,105263417.060196,1
5280,Q8N697:Q9Y253,0.7111899666673566,0.09008658008658,0.475438596491228,0.5775,0.0,0.0,0.0,0.0,0.0,2.013,0.0,3.9008,7.8523104,0
5282,A6NH52:P50552,-0.176296750386849,0.0983262108262108,0.1622271825396825,0.9558823529411764,0.26,0.0,0.26,1.7092,0.0,2.013,0.0,1.1757,1.0517354805672,0
5283,O60609:Q5T4W7,0.1935621221781861,0.2503472222222222,0.5,0.625,118.38,0.0,118.38,0.0,5.0289,2.416,2.07,2.7714,8251.21347687265,1
5284,P18089:Q86Y39,0.3624887486902446,0.1130952380952381,0.2673992673992674,1.0,2.07,0.0,2.07,0.0,0.0,2.013,0.0,2.7714,11.548174374,0
5287,O94941:Q96FL8,-0.0306428388780127,0.0700778388278388,0.3194444444444444,0.2241815476190476,0.22,0.0,0.22,0.0,0.0,2.013,0.0,1.1757,0.520670502,0
5288,P08514:Q99828,0.0362187787176804,0.1452131832813651,0.4051684088269454,0.8719498910675381,0.19,1.4239,1.4239,0.0,0.0,2.013,2.07,1.1757,6.9757374842793,1
5289,P63279:Q8IUQ4,0.7187089861487344,0.3853410478410478,0.8384615384615384,0.9328231292517004,3.45,0.0,3.45,3.7695,9.2808,1.5978,5.86,9.4687,10700.3663321591,1
5290,O14964:Q9H9H4,0.4745350986113739,0.2508612599521691,0.4098878394332939,1.0,0.23,3.84,3.84,0.0,0.0,2.013,2.07,9.4687,151.50804755328,1
5291,Q12899:Q9P2R7,0.2180069442985611,0.1090100375814661,0.3669191919191919,0.8078703703703705,0.62,0.0,0.62,0.0,0.0,0.993,0.0,1.1757,0.723831462,0
5292,P20742:Q0VGL1,-0.1562186676987667,0.102892561983471,0.1499433106575963,0.4366013071895424,0.94,0.0,0.94,0.0,0.0,2.013,0.0,0.0,1.89222,0
5293,P10747:P33681,0.2280780164343431,0.2164418914418914,0.8944444444444444,0.8357142857142856,0.38,0.0,0.38,0.9127,3.1392,2.416,181.01,2.7714,1319.56061241087,1
5294,P61247:Q96IL0,0.1154569565217537,0.1168154761904761,0.4107142857142857,1.0,0.54,0.0,0.54,0.0,0.6153,2.013,0.0,5.6875,3.804046871625,0
5295,O75365:P62837,0.2012847966023486,0.0931485181485181,0.4636363636363636,0.8641381766381769,0.41,0.0,0.41,4.2492,0.0,1.1933,0.0,2.7714,5.76155726523864,0
5300,Q8WUQ7:Q9H2H8,0.7937448748032601,0.3879142300194931,0.761904761904762,0.712962962962963,0.19,4.96,4.96,0.0,0.6153,1.5978,0.0,2.7714,13.514196239833,0
5302,O75792:Q96LU7,0.2422370472196641,0.0919117647058823,0.225,0.25,0.28,0.0,0.28,0.0,0.0,2.013,0.0,0.4364,0.245972496,0
5303,O43513:Q9HBV2,0.5778756436132757,0.1428571428571428,0.1547619047619047,1.0,0.24,0.0,0.24,0.0,0.0,1.1933,0.0,1.5818,0.4530148656,0
5305,A1L188:Q9NXR7,0.0314784394485323,0.0922163044567888,0.2225806451612903,0.875,0.0,0.0,0.0,1.0145,0.0,0.993,0.0,2.7714,2.7919042029,0
5306,P01584:P02647,-0.0066547275858149,0.1534486570776893,0.5807738095238096,0.777088948787062,0.19,0.0,0.19,0.0,0.0,2.416,69.61,1.1757,37.56805256208,0
5307,P63000:Q9NQV6,0.4192702817895463,0.1799450549450549,0.505,0.3733333333333333,10.86,5.22,10.86,0.0,0.6153,1.5978,0.0,2.1077,22.5033903008435,0
5308,P46781:P63220,0.9079434630485974,0.7777777777777778,0.7340136054421768,0.7272727272727273,52.16,0.0,52.16,0.0,0.0,1.5978,24.11,45.2798,90983.3052431005,1
5309,P23945:P50222,-0.0393637217507355,0.1556684981684981,0.3466666666666666,0.9590657822001106,0.22,0.0,0.22,0.0,0.0,2.416,0.0,1.5818,0.840758336,0
5310,O60783:Q13563,0.5051088094474443,0.0980717100359957,0.2490121580547112,0.717157337611883,0.56,0.0,0.56,0.0,0.0,2.013,0.0,2.7714,3.124143792,0
5311,O94906:P83876,0.3237242621127804,0.5031746031746032,0.5533730158730158,1.0,0.31,6.7087,6.7087,0.0,606.3917,1.5978,69.61,3.9008,1764978.2352643,1
5312,O60936:P31431,0.2606592531547201,0.1286718332172877,0.4714285714285715,0.9138888888888888,0.24,0.0,0.24,0.0,0.0,2.416,0.0,1.5818,0.917190912,0
5313,P0CG32:Q9NZE8,0.2205260832137741,0.0,0.2010281385281385,0.1714285714285714,0.0,0.0,0.0,0.0,0.0,1.5978,0.0,1.5818,2.52740004,0
5314,O14908:Q9NPI8,-0.0712766999280631,0.1333333333333333,0.475,1.0,0.0,3.51,3.51,0.9127,0.0,1.1933,0.0,1.1757,4.49449938997137,0
5315,Q15118:Q8NA31,0.0323286703591441,0.1566137566137566,0.1305555555555555,1.0,2.13,0.0,2.13,0.0,0.0,2.013,0.0,0.8888,3.810898872,0
5318,Q9NZK5:Q9UJV3,-0.0926714298256531,0.1278829966329966,0.2333333333333333,0.97690065681445,0.15,0.0,0.15,0.0,0.0,1.5978,0.0,1.1757,0.281780019,0
5319,P30988:Q9Y570,0.1472346364022261,0.1269841269841269,0.3333333333333333,0.4077838827838828,0.15,0.0,0.15,0.0,0.0,2.013,0.0,1.1757,0.355002615,0
5320,O75352:O75821,-0.0628223675013337,0.2785714285714286,0.3833333333333333,0.8080808080808081,0.24,0.0,0.24,0.0,0.0,2.013,0.0,5.6875,2.747745,0
5322,O60260:Q9Y6M9,0.7344345736158765,0.1592382154882154,0.2428571428571428,0.890625,0.8,0.0,0.8,0.9127,0.0,2.013,0.0,2.1077,3.097922921016,0
5324,Q6GPH4:Q9Y3D2,0.1742458304787394,0.1349206349206349,0.6000000000000001,0.6904761904761904,0.36,0.0,0.36,0.0,0.0,0.0,0.0,1.5818,0.569448,0
5325,Q13155:Q9NQ84,-0.1160286100090489,0.25,0.3148148148148147,0.1833333333333333,0.94,0.0,0.94,0.0,0.0,2.416,0.0,1.5818,3.592331072,0
5326,P24588:Q8N6N7,0.7558274616760978,0.1,0.0,0.7222222222222222,0.0,0.0,0.0,0.0,0.0,1.1933,0.0,1.5818,1.88756194,0
5327,P01286:Q96PE7,-0.1232333236633248,0.0944444444444444,0.2,0.2708333333333333,0.0,0.0,0.0,0.0,0.0,1.5978,0.0,0.7126,1.13859228,0
5330,P15923:Q6IQ55,0.355762145921659,0.1285182138123314,0.4568627450980391,0.3155575905575906,0.24,7.37,7.37,0.5125,0.6153,2.416,0.0,2.7714,15.5612476819523,0
5331,Q16552:Q9H239,0.0018701126282981,0.1833333333333333,0.5208333333333333,0.5102040816326531,0.41,0.0,0.41,0.0,0.0,2.416,0.0,5.6875,5.63381,0
5333,Q8IXL7:Q9NZ45,0.0911699456191548,0.1306818181818181,0.8518518518518517,0.3489795918367347,0.22,0.0,0.22,0.0,0.0,1.1933,0.0,1.5818,0.4152636268,0
5339,Q13326:Q92731,-0.0904470294077352,0.0941161616161616,0.3796296296296296,0.642141131815045,0.0,0.0,0.0,1.7092,0.0,2.416,0.0,1.5818,6.53192794496,0
5340,O94955:Q92558,0.1986135202308328,0.1006944036355801,0.3316666666666666,0.9027777777777776,0.8,0.0,0.8,0.9127,0.0,2.416,0.0,2.7714,4.888934064384,0
5341,O00178:O95999,0.4658960835966149,0.1846067953210809,0.7554945054945056,0.8514084507042253,0.19,3.84,3.84,0.0,0.0,1.5978,0.0,3.9008,23.9335612416,0
5343,P32004:P46779,-0.2324851943184785,0.1777777777777777,0.3886446886446885,0.7692307692307693,0.22,2.59,2.59,0.0,0.0,2.013,0.0,1.5818,8.246983206,0
5345,P07814:Q96CM3,0.4495098091149737,0.1418650793650793,0.29,0.4835497835497837,0.54,0.0,0.54,0.0,0.6153,2.013,0.0,5.6875,3.804046871625,0
5346,Q13404:Q6UXP7,0.3717974028920772,0.25,0.5,1.0,0.15,0.0,0.15,0.0,0.0,2.013,0.0,0.4364,0.13177098,0
5347,P09001:Q96R45,0.1791414642395666,0.1125,0.2916666666666666,0.1944444444444444,0.0,0.0,0.0,0.0,0.0,1.5978,0.0,0.8888,1.42012464,0
5350,O00522:Q96I45,0.0441948396012226,0.0,0.5833333333333334,1.0,0.54,0.0,0.54,0.0,0.0,2.013,0.0,1.1757,1.278009414,0
5352,P62244:Q9NTJ4,0.5322584302796657,0.1833333333333333,0.9166666666666666,0.2749999999999999,0.94,0.0,0.94,0.0,0.0,0.993,0.0,2.7714,2.586880188,0
5354,Q9H0W8:Q9HAF1,0.6539236670965081,0.2026830808080808,0.2506198347107437,0.8153846153846154,0.15,0.0,0.15,0.0,0.0,1.5978,0.0,2.1077,0.505152459,0
5361,P62244:Q96EH3,0.5101787120490722,0.1800189393939394,0.3142857142857143,0.8911111111111111,1.05,0.0,1.05,0.0,0.0,1.1933,0.0,9.4687,11.8639496955,0
5362,P00167:P62877,-0.269846839046746,0.0741592236389278,0.6313668992012942,0.6543730158730158,0.0,0.0,0.0,0.0,0.0,0.0,0.0,9.4687,9.4687,0
5364,P39019:Q63HQ0,0.4479269659272721,0.123669733044733,0.2669642857142857,0.5333333333333333,0.15,0.0,0.15,0.0,0.0,0.0,0.0,1.1757,0.176355,0
5365,P15884:Q16827,0.0150249522395876,0.1374027592777592,0.2855555555555555,0.4715167548500882,0.54,0.0,0.54,0.0,0.0,2.416,0.0,2.1077,2.749789728,0
5366,P62318:Q96DF8,0.5786563853032896,0.6923076923076924,0.7083333333333334,1.0,0.0,3.86531,3.86531,0.0,0.6153,0.0,5.86,5.6875,79.2666074426363,0
5368,P40937:Q13242,0.8223064969675683,0.1196428571428571,0.9185185185185184,0.8125,0.64,0.0,0.64,1.0145,0.6153,2.013,0.0,18.4426,14.8314926990083,0
5370,Q15370:Q9BZJ3,0.0092093327364961,0.1666666666666666,0.5,0.1547619047619047,0.71,0.0,0.71,0.0,0.0,0.0,0.0,2.7714,1.967694,0
5371,Q96MT8:Q99612,0.4007402076714698,0.0963636363636363,0.4772727272727273,0.512962962962963,0.68,0.0,0.68,0.0,0.0,2.416,0.0,1.1757,1.931534016,0
5373,Q8IY47:Q9BT78,0.5623367076763204,0.1577380952380952,0.4088888888888889,0.1641414141414141,0.36,2.59,2.59,0.0,0.0,2.013,0.0,9.4687,49.366677129,0
5374,Q13951:Q15369,0.298014116661927,0.3815705128205128,0.5699685534591196,0.9732704402515724,1.52,0.0,1.52,0.0,0.0,2.013,0.0,2.7714,8.479818864,1
5375,Q9NPJ6:Q9NVL8,-0.1816436097795182,0.0909090909090909,0.5833333333333334,1.0,18.4,0.0,18.4,0.0,0.0,0.0,0.0,0.6915,12.7236,0
5377,P60983:Q9Y240,0.2323314822726089,0.5,0.1428571428571428,0.4666666666666667,0.15,0.0,0.15,0.0,0.0,1.5978,0.0,0.7126,0.170788842,0
5379,Q13627:Q52LA3,0.6324673020190046,1.0,0.9285714285714284,1.0,0.28,3.51,3.51,0.0,0.0,2.013,0.0,2.7714,19.581686982,1
5380,A9YTQ3:P11926,0.7827506231217582,0.1612433862433862,0.6428571428571429,0.7265625,0.15,0.0,0.15,0.0,0.0,0.0,0.0,1.1757,0.176355,0
5381,Q12933:Q9NVH0,0.440464397140953,0.1654761904761904,0.2717948717948718,0.3430284992784992,0.15,0.0,0.15,0.0,0.0,2.013,0.0,1.1757,0.355002615,0
5382,P16949:Q9BYS1,0.030443544821189,0.0,0.5714285714285714,1.0,0.0,0.0,0.0,0.0,0.0,1.5978,0.0,1.1757,1.87853346,0
5383,Q96LC9:Q9NP94,-0.052716507572592,0.0868945868945868,0.7142857142857143,0.9212018140589568,0.0,0.0,0.0,0.0,0.0,2.013,0.0,1.1757,2.3666841,0
5385,Q9BY14:Q9UL15,0.8648493341949126,0.1204196844821844,0.3756410256410257,0.9151515151515152,0.15,0.0,0.15,0.0,0.0,2.013,0.0,0.8888,0.26837316,0
5386,P61758:Q8TB68,0.4799832677558102,0.1288461538461538,0.4217948717948718,0.625,0.24,0.0,0.24,0.0,0.0,1.5978,0.0,0.5954,0.2283192288,0
5387,Q8WUQ7:Q9NZ63,0.6972363902311809,0.540625,0.6047619047619047,0.7222222222222222,0.19,0.0,0.19,0.0,0.0,2.416,0.0,2.7714,1.272183456,1
5388,Q9HB90:Q9P278,0.5820747088656829,0.2239708703994418,0.6309523809523809,0.9272727272727272,10.86,5.22,10.86,0.0,0.0,2.013,0.0,5.6875,124.33546125,1
5390,Q13585:Q9NPJ6,0.0599086588097764,0.0955988455988456,0.5871794871794873,0.9388690476190475,0.15,0.0,0.15,0.0,0.0,2.416,0.0,2.1077,0.76383048,0
5391,O95229:Q9H081,0.4417867870960955,0.3348214285714286,0.6574074074074074,1.0,0.73,0.0,0.73,0.9127,0.0,2.013,24.11,3.9008,126.137895197719,1
5392,Q8IXM3:Q96A35,-0.1631798529564048,1.0,0.5882867132867132,0.5833333333333334,39.6,0.0,39.6,0.9127,3.1392,2.013,0.0,9.4687,2162.60077313808,1
5393,P0C0L5:P23396,-0.1197551720675439,0.1041822777116894,0.3558661145617667,0.6262049941927991,1.52,3.84,3.84,0.0,0.0,1.1933,0.0,0.4364,1.9997035008,0
5395,Q96CS2:Q9H9V9,0.5852630481623582,0.1068376068376068,0.55,0.4108843537414966,0.19,0.0,0.19,0.0,0.0,2.013,0.0,1.5818,0.604991046,0
5397,P48163:Q8NHY3,0.0958147585367942,0.0940205627705627,0.4444444444444444,0.9306666666666668,0.15,0.0,0.15,0.0,0.0,2.416,0.0,2.1077,0.76383048,0
5398,P62837:P62979,0.6003680786335068,0.2986111111111111,0.8273681515617,0.7761111111111111,0.0,0.0,0.0,2.3254,3.1392,1.5978,0.0,18.4426,215.110305785399,1
5399,P15880:P62244,0.9247997539793316,0.6027777777777777,0.739021164021164,0.6911764705882353,292.74,0.0,292.74,2.3254,0.6153,1.5978,24.11,38.174,615962.039198528,1
5401,O60678:Q9UM82,0.1677288478923536,0.1136463844797178,0.8571428571428571,0.9114583333333331,1.52,0.0,1.52,0.0,0.0,2.013,0.0,2.1077,6.449056152,0
5404,P51991:Q96MU8,0.2241863697859268,0.0769065696181279,0.3888888888888888,0.8666666666666667,3.17,0.0,3.17,0.0,0.0,2.416,0.0,1.1757,9.004357104,0
5405,O75129:P06733,-0.0468989434383915,0.0929071415913521,0.4583333333333333,0.1669563601381783,0.41,0.0,0.41,0.0,0.0,2.416,0.0,1.1757,1.164601392,0
5406,P10826:P19793,0.1242838952781432,0.384263653013653,0.7292857142857145,0.7294763840495547,118.38,9.966,118.38,3.124,5.2693,2.416,181.01,2.7714,2361788.46407745,1
5408,A4D2B0:Q5T8P6,0.525323325063062,0.0,1.0,0.4916666666666667,0.41,0.0,0.41,0.0,0.0,1.5978,0.0,1.1757,0.7701987186,0
5411,O75506:Q8TE58,0.1050133496937868,0.1392857142857143,0.3958333333333333,0.2404761904761904,0.0,0.0,0.0,0.0,0.0,1.5978,0.0,1.1757,1.87853346,0
5413,O00461:Q99547,0.3030197423271226,0.0,0.2798941798941798,0.0,0.24,0.0,0.24,0.0,0.0,2.416,0.0,3.9008,2.261839872,0
5415,O95295:Q96EV8,0.5016903858700834,0.1786472074933613,0.263843537414966,1.0,18.4,0.0,18.4,0.9127,0.6153,2.013,2.07,5.6875,244.888459157107,1
5416,P62805:Q99728,0.1071151159202739,0.1363606393606393,0.7177990708478514,0.8425287356321839,27.7,0.0,27.7,1.2535,0.6153,0.9878,0.0,0.4364,9.20968521133519,1
5418,P04908:Q9BUT9,0.489080177890199,0.0,0.4555555555555555,1.0,0.15,0.0,0.15,0.0,0.0,2.013,0.0,1.5818,0.47762451,0
5419,O95819:Q9H0R8,0.0178458225868294,0.1372222222222222,0.3051282051282051,0.9638694638694636,0.41,4.98492,4.98492,3.7695,0.0,1.1933,0.0,2.7714,62.142796606596,0
5420,P09471:P20839,-0.3004854922455519,0.0714285714285714,0.4757936507936509,0.648168498168498,0.63,2.59,2.59,0.0,0.6153,2.013,0.0,2.7714,8.8905712478814,0
5422,P49190:P62068,0.1476380256530226,0.121875,0.2777777777777777,0.6886363636363636,0.15,0.0,0.15,0.0,0.0,2.013,0.0,1.1757,0.355002615,0
5423,O60810:P01563,0.0,0.1408459595959596,0.4722222222222222,0.1388888888888888,0.26,0.0,0.26,0.0,0.0,0.0,0.0,2.1077,0.548002,0
5424,P49721:Q8WXS3,-0.21945383564038,0.0,0.575,1.0,0.0,0.0,0.0,0.0,0.0,0.993,0.0,1.1757,1.1674701,0
5425,Q14974:Q9P2S6,0.423841643476579,0.0,0.0,0.5,2.32,2.59,2.59,0.0,0.0,1.5978,0.0,1.1757,4.8654016614,0
5426,P55916:Q9BSA9,-0.0959236668277117,0.3692574786324786,0.1911111111111111,0.3494949494949495,0.94,0.0,0.94,0.0,0.0,2.416,0.0,2.1077,4.786671008,0
5427,Q5TGJ6:Q8IYW5,0.6130475704522178,0.2396329644695658,0.2663082437275985,0.0,0.41,0.0,0.41,0.0,0.0,1.5978,0.0,0.8888,0.5822511024,0
5428,P39748:Q86YV9,0.5385759248336768,0.1339315776815776,0.281060606060606,0.8333333333333333,0.0,0.0,0.0,0.0,0.0,1.1933,0.0,2.7714,3.30711162,0
5429,Q86UU1:Q9NZ42,0.1728606522023561,0.0971445221445221,0.6270408163265306,0.8991596638655461,0.41,0.0,0.41,0.0,0.0,2.013,0.0,1.1757,0.970340481,0
5431,A1L168:Q96SW2,0.4540811571170453,0.0,0.0,0.9529411764705882,0.0,0.0,0.0,0.0,0.0,1.5978,0.0,0.7962,1.27216836,0
5432,Q6ZUS5:Q96R72,0.0,0.0,0.0,0.1666666666666666,0.0,0.0,0.0,0.0,0.0,2.013,0.0,0.0,2.013,0
5433,P31947:P55895,-0.0544356017456742,0.1322290454643395,0.35,0.2309523809523809,0.24,72.805,72.805,0.0,0.0,2.013,24.11,1.1757,4154.30816956105,0
5434,Q96A72:Q9Y6H6,0.0921002236331074,0.0780524622436387,0.3111111111111111,0.4076617826617827,0.17,0.0,0.17,0.0,0.0,0.993,0.0,1.1757,0.198469917,0
5435,Q8IW52:Q9NZ42,-0.1767764770669199,0.0971445221445221,0.6270408163265306,0.8991596638655461,0.57,0.0,0.57,0.0,0.0,1.5978,0.0,0.8888,0.8094710448,0
5436,Q15814:Q96RI1,0.013652697654061,0.1208661883190184,0.4075757575757576,0.4926943426943427,0.63,0.0,0.63,0.0,0.0,2.013,0.0,0.6915,0.876953385,0
5438,Q9BZJ0:Q9HCS7,0.8480415120312097,0.497108843537415,0.7506802721088437,1.0,7.68,2.60197,7.68,0.0,400.8352,2.013,5.86,5.6875,206533.199725332,1
5440,Q9BPX1:Q9HCH3,0.097029408900408,0.1102971102971103,0.2833333333333333,0.225,0.62,3.84,3.84,0.0,0.0,1.5978,0.0,2.7714,17.0040688128,0
5441,P13805:Q9C0K3,-0.1133934821429213,0.0,0.1666666666666666,0.2291666666666666,0.29,0.0,0.29,0.0,0.0,1.1933,0.0,0.8888,0.3075754616,0
5442,O95415:Q9UQ84,-0.0568280575111811,0.0,0.4688888888888889,0.6246413717001954,0.45,0.0,0.45,1.7951,0.0,2.013,0.0,0.7126,1.158752685321,0
5443,Q15904:Q16473,0.0635065925751903,0.0,1.0,0.0,0.62,0.0,0.62,0.0,0.0,2.416,0.0,0.4364,0.653692288,0
5444,O95777:Q9Y333,0.7679985618763492,0.7194444444444444,0.3603896103896104,0.9464285714285714,869.75,0.0,869.75,0.9127,30.1977,1.5978,24.11,9.4687,8743923.27786573,1
5445,O60934:Q5FWF5,0.661472000265607,0.1638888888888889,0.5666666666666668,0.2325892857142857,0.54,3.39809,3.39809,0.0,0.0,2.416,5.86,18.4426,887.26136328066,0
5446,P51970:Q9UBF6,0.1059438209632136,0.0942372442372442,0.1968531468531468,0.6897790647790647,0.28,0.0,0.28,0.0,0.0,2.013,0.0,18.4426,10.394987064,0
5450,Q9BUR4:Q9H246,0.1113315583443973,0.0,0.0,1.0,0.0,5.22,5.22,0.0,0.0,2.013,0.0,1.5818,16.621332948,0
5451,P10809:Q9H9R9,-0.1467568682201186,0.2,1.0,0.0,0.0,0.0,0.0,0.0,0.0,1.1933,0.0,1.5818,1.88756194,0
5452,Q15018:Q8WTU2,-0.2646568318836501,0.0,0.5,0.0,0.15,0.0,0.15,0.0,0.0,2.416,0.0,0.7749,0.28082376,0
5455,P28472:Q8WUW1,-0.2578780646118035,0.1794044339498884,0.2648351648351649,0.9803240740740742,0.0,0.0,0.0,0.0,0.0,1.1933,0.0,1.1757,1.40296281,0
5456,P12004:Q6P2C8,0.3464671172743657,0.3262183235867446,0.4694444444444444,0.8055555555555557,2.31,0.0,2.31,0.0,0.0,2.013,0.0,18.4426,85.758643278,0
5457,Q06265:Q99567,0.8257209351023171,0.0995454545454545,0.8787037037037037,0.9166666666666666,0.41,0.0,0.41,0.0,0.0,1.5978,0.0,45.2798,29.6627064204,0
5458,Q13868:Q9H5H4,0.4473914224343391,0.1547619047619047,0.625,0.774537037037037,3.02,0.0,3.02,0.0,0.0,1.5978,0.0,1.5818,7.6327481208,0
5459,O75715:Q6NXT4,0.0217777930544474,0.0893939393939393,0.20625,0.1271749084249084,0.26,0.0,0.26,0.0,0.0,2.416,0.0,2.1077,1.323972832,0
5462,P62333:Q96D53,0.6027448051739093,0.1098484848484848,0.3761904761904762,0.3194444444444444,1.52,0.0,1.52,0.0,0.0,1.5978,0.0,3.9008,9.4737013248,0
5463,A4D1P6:P63220,0.6351687735470584,0.1583333333333333,0.7340136054421768,0.7272727272727273,0.68,0.0,0.68,2.3254,0.0,1.1933,0.0,1.5818,2.98474884398768,0
5465,O00548:Q9P0M9,0.0671806324455596,0.1547619047619047,0.1884920634920635,0.5,0.68,0.0,0.68,0.0,0.0,2.013,0.0,0.8888,1.216624992,0
5468,P02745:P02747,0.9965409629186268,0.3655344655344655,0.586,1.0,292.74,0.0,292.74,0.9127,0.6153,2.416,69.61,38.174,1055439.31360958,1
5469,P51460:Q9Y651,-0.0644590591757228,0.1352678571428571,0.35,0.1962962962962963,0.41,0.0,0.41,0.0,0.0,1.1933,0.0,3.9008,1.9084781024,0
5470,Q14534:Q8NBW4,0.4314726865971415,0.1179365079365079,0.190668202764977,0.6842261904761905,0.0,0.0,0.0,0.0,0.0,0.0,0.0,2.1077,2.1077,0
5472,O43719:P62306,0.1711598315617141,0.7349816849816849,0.4880541871921182,0.9776119402985076,0.54,5.22,5.22,1.2535,0.0,1.5978,0.0,9.4687,98.9937132649722,1
5476,Q5K651:Q93015,0.0252099149840856,0.0906093906093905,0.8333333333333334,0.3858333333333333,1.22,0.0,1.22,0.0,0.0,1.5978,0.0,0.8888,1.7325520608,0
5477,P83110:Q9NZN3,-0.2217056030827539,0.1114838286713286,0.2784798534798535,0.8452380952380952,0.94,3.51,3.51,0.0,0.0,2.416,0.0,2.1077,17.873633232,0
5480,O95059:Q7Z5A4,0.0099041184923377,0.0895622895622895,0.4583333333333333,0.1428571428571428,0.41,0.0,0.41,0.0,0.0,2.013,0.0,1.5818,1.305506994,0
5481,P05198:P62263,0.6235101896701226,0.1808730158730158,0.6812925170068027,0.7375,52.16,0.0,52.16,3.8142,0.0,1.5978,5.86,18.4426,34354.4677426653,1
5482,Q7L5N1:Q92905,0.6421927884268871,0.2178756880222915,0.4578189300411522,0.8775827280064568,200.63,0.0,200.63,2.3254,1027.7826,2.013,0.17,45.2798,7430054.48402938,1
5486,P82673:Q53EQ6,0.2236058022331196,0.0,0.5,0.75,0.24,0.0,0.24,0.0,0.0,1.1933,0.0,1.1757,0.3367110744,0
5488,P59025:Q96E09,-0.1726674662896008,0.068218954248366,0.425,0.1670686456400742,0.15,0.0,0.15,0.0,0.0,2.416,0.0,0.5954,0.21577296,0
5489,P62906:Q9Y4W2,0.2370003139759047,0.1309523809523809,0.3765873015873016,0.5285714285714286,0.15,0.0,0.15,0.5125,5.2693,1.1933,0.0,3.9008,1.88556443718306,0
5491,Q13216:Q8IYX0,0.2572413437507387,0.1547619047619047,1.0,0.6888888888888889,0.68,0.0,0.68,0.0,0.6153,0.9878,0.0,0.8888,0.36734057000256,0
5492,Q14061:Q8WVC0,0.2629632135321022,0.1193993506493506,0.4307692307692307,0.9603174603174603,0.0,0.0,0.0,0.0,0.0,1.5978,0.0,9.4687,15.12908886,0
5493,P11801:Q99471,0.6580730350832849,0.1383608058608058,0.4121212121212121,0.9879032258064516,0.24,0.0,0.24,1.2535,0.6153,1.5978,0.0,1.1757,0.347729415157268,0
5494,Q8NBP7:Q9NUL7,-0.0738658631952678,0.1214285714285714,0.3399999999999999,0.350803489439853,0.54,3.51,3.51,0.0,0.6153,1.5978,0.0,1.1757,4.05707434916238,0
5495,P28331:Q9UI09,0.83671318780389,0.260515873015873,0.40625,0.78125,292.74,0.0,292.74,0.0,0.0,2.013,0.0,45.2798,26682.735016476,1
5496,P01877:Q9BWD3,-0.1759595418606212,0.0,0.0,0.5,0.63,0.0,0.63,0.0,0.0,2.013,0.0,0.0,1.26819,0
5497,P62081:Q96EC8,0.361756972299727,0.1269841269841269,0.2950892857142857,1.0,0.0,0.0,0.0,0.0,0.0,2.013,0.0,3.9008,7.8523104,0
5498,P30281:Q6ICH7,-0.0002713430771093,0.0,0.5,0.6000000000000001,0.0,3.51,3.51,0.0,0.0,2.416,0.0,1.5818,13.413917088,0
5500,Q96J02:Q9H3D4,0.2403566670599539,0.1419772277530898,0.8072916666666667,0.8242374727668846,0.62,19.8388,19.8388,0.5125,0.6153,2.416,10.8,1.5818,258.207254965413,1
5502,O15234:Q9BZI7,0.6744712491209902,0.4248817636377444,0.6092592592592593,0.9093023255813952,0.19,0.0,0.19,0.5125,0.0,2.416,69.61,2.1077,34.516347280226,1
5504,P28067:Q8NDF8,0.2478196647030314,0.0988244890030604,0.4272727272727273,0.2686507936507936,0.68,0.0,0.68,0.0,0.0,1.5978,0.0,0.4364,0.4741503456,0
5505,Q8IYT2:Q9NW08,0.618078197561943,0.1254870129870129,0.3777777777777777,0.1014279701779701,0.19,0.0,0.19,0.0,0.0,2.013,0.0,5.6875,2.175298125,0
5507,P04637:P26447,0.3127243002949373,0.2900641025641025,0.4297619047619048,0.8854166666666667,0.22,4.94562,4.94562,0.0,0.6153,0.0,2.07,2.1077,13.2765978334789,1
5509,Q5T4W7:Q92743,-0.0275685107133694,0.1700892857142857,0.3749999999999999,0.7966269841269842,0.64,2.59,2.59,0.0,0.0,2.416,0.0,1.5818,9.898018592,0
5510,O60359:Q96CB9,-0.1396941119626827,0.09,0.17,0.210897940443395,0.41,0.0,0.41,0.0,0.0,2.416,0.0,0.7126,0.705873056,0
5514,P60604:Q8NC67,-0.1107136693899158,0.0888157894736842,0.2291666666666666,0.8888888888888888,0.23,0.0,0.23,0.0,0.0,0.993,0.0,2.1077,0.481377603,0
5516,P62805:Q96QV6,0.1156861680993012,0.1666666666666666,0.498611111111111,0.4444444444444445,282.86,0.0,282.86,0.9127,5.052,0.9594,24.11,2.1077,63587.0459442702,1
5518,Q13330:Q99504,0.763548995666953,0.2649919361684067,0.6377777777777779,0.6541062801932366,0.41,0.0,0.41,0.0,0.0,2.416,0.0,3.9008,3.863976448,0
5519,Q15788:Q92753,0.2095548531537236,0.331446376789514,0.65,0.7070294784580499,0.41,161.514,161.514,0.5125,0.6153,2.416,0.0,0.0,123.05177639244,1
5520,Q9BRT9:Q9NU02,0.1347428060939109,0.0,0.0,0.9074074074074076,3.02,0.0,3.02,0.0,0.0,2.013,0.0,2.1077,12.813256302,0
5521,Q9H6E4:Q9NZ43,0.3060203748591814,0.117063492063492,0.376984126984127,0.9703703703703704,0.8,0.0,0.8,0.0,0.0,2.013,0.0,2.1077,3.39424008,0
5522,P12235:Q13216,-0.2401310009803819,0.1268171371112547,0.420734126984127,0.9602272727272728,0.36,0.0,0.36,0.0,0.6153,2.013,0.0,1.5818,0.7053176664072,0
5523,P05198:Q13144,0.4869294996600512,0.2792644855144855,0.4909090909090909,0.6279761904761905,52.16,0.0,52.16,0.0,9.2808,2.013,181.01,18.4426,3253055.60458351,1
5524,P28300:Q9BYE2,-0.0054633017343369,0.5,0.4583333333333333,0.1666666666666666,0.62,0.0,0.62,0.0,0.0,2.416,0.0,1.1757,1.761104544,0
5525,Q0Z7S8:Q15942,0.0612958288068465,0.0696778711484593,0.3416666666666667,0.1247835497835497,0.28,0.0,0.28,2.0764,0.0,2.416,0.0,0.4364,0.6129862366208,0
5526,P62263:P62854,0.8683737443582282,0.8673469387755102,0.7300264550264549,0.6099999999999999,869.75,0.0,869.75,2.409,0.0,1.1933,24.11,18.4426,1111732.32987296,1
5527,Q8N983:Q9GZQ8,0.2455877028431135,0.1356812169312169,0.2641534391534391,0.9673202614379084,0.54,0.0,0.54,3.7695,0.0,2.013,0.0,3.9008,15.983613388512,0
5528,Q8N684:Q8WUP2,0.268184029087444,0.1009615384615384,0.4045454545454545,0.8941176470588235,0.83,0.0,0.83,0.0,0.0,2.416,0.0,1.1757,2.357607696,0
5532,P34972:P62873,0.020233633324476,0.3175925925925926,0.4514144271570012,0.8865740740740741,7.06,4.96,7.06,2.409,0.0,0.0,0.0,0.6688,11.374642752,1
5534,O14832:P06729,-0.1761821684389743,0.1138784461152882,0.35,0.9088235294117648,0.0,0.0,0.0,0.0,0.0,1.5978,0.0,0.7962,1.27216836,0
5536,O60262:Q6PGQ1,-0.0417940715290467,0.0,0.0,1.0,0.0,0.0,0.0,0.0,0.0,0.9878,0.0,2.1077,2.08198606,0
5540,Q9H410:Q9UHI7,0.025448947102742,0.1463045634920635,0.2884615384615384,0.6558629776021081,0.0,0.0,0.0,0.0,0.0,2.013,0.0,0.7126,1.4344638,0
5542,P61956:Q15653,0.3381727197232642,0.228761036578374,0.4625,0.976851851851852,1.52,0.0,1.52,1.7951,0.6153,2.013,0.0,1.5818,5.34582202586305,0
5543,P62195:Q96ND8,0.733643233221281,1.0,1.0,0.1703703703703703,0.54,0.0,0.54,0.0,0.6153,0.9878,0.0,0.6915,0.2269561110894,0
5544,Q9NX70:Q9ULD5,0.527785993004146,0.4174836601307189,1.0,0.715079365079365,0.81,0.0,0.81,0.0,0.0,2.013,0.0,3.9008,6.360371424,0
5545,Q96J42:Q99811,0.5429815134248595,0.0954545454545454,0.2916666666666666,0.1855555555555555,0.22,0.0,0.22,0.0,0.0,2.013,0.0,1.1757,0.520670502,0
5547,P51946:Q9H7Y0,0.4614713637343448,0.0,0.5,0.0,5.21,2.59,5.21,0.0,0.0,2.013,0.0,0.7962,8.350330626,0
5548,P47813:Q86V24,0.2723361581726217,0.1315192743764172,0.3333333333333333,0.6027777777777777,0.0,0.0,0.0,0.0,0.0,1.1933,0.0,9.4687,11.29899971,0
5550,P31153:Q00266,-0.2714662772190146,0.6738636363636363,0.7222222222222222,0.6962121212121213,2091.17,0.0,2091.17,0.5125,318.6126,2.013,10.8,2.7714,20573723.5177694,1
5551,O94927:Q9P126,-0.1467744565102128,0.22,0.3611111111111111,0.7375,0.0,0.0,0.0,0.0,0.0,2.416,0.0,0.6915,1.670664,0
5552,Q9UBZ9:Q9UI95,0.3451226543019094,0.1071486868051396,0.5893939393939395,0.976388888888889,52.16,0.0,52.16,0.5125,15.4815,2.013,0.17,2.1077,298.501131255883,1
5553,P63279:Q16513,0.8037899322188007,0.2682539682539682,0.5525252525252524,0.6219772126022126,0.62,5.6935,5.6935,0.5125,0.6153,1.5978,0.89,2.7714,7.0757380390031,0
5554,Q13501:Q9Y4C1,0.4753561346341713,0.2931032203091026,0.6042857142857143,0.4345899470899471,4.13,6.98487,6.98487,0.9127,0.0,2.013,2.07,2.1077,55.9898487097078,0
5556,Q86X51:Q9P0K1,0.1986370501280525,0.1572420634920635,0.3370370370370369,0.8766233766233765,0.0,0.0,0.0,0.0,0.0,1.1933,0.0,0.0,1.1933,0
5557,P08621:P62314,0.2055029282596173,0.6212585034013605,0.4132488479262672,0.8574074074074074,5.21,0.0,5.21,3.124,5.2693,2.013,24.11,5.6875,23673.5870997594,1
5559,P27694:Q969E3,-0.1246225459140262,0.1839285714285714,0.4444444444444444,0.4066666666666666,0.24,0.0,0.24,0.0,0.0,1.5978,0.0,1.1757,0.4508480304,0
5560,P06340:P28068,0.9350876997676852,0.4455128205128205,0.4343434343434344,0.5925925925925926,21.1,3.52956,21.1,1.7951,5.5574,2.416,105.17,9.4687,506432.90953867,1
5561,P61960:Q9Y3U8,0.6545428867863063,0.1476190476190476,0.4301587301587301,0.5833333333333334,0.54,0.0,0.54,3.124,0.0,1.1933,0.0,3.9008,7.8525029746944,0
5562,P50225:Q8IXF9,-0.1413994750650689,0.1625,0.75,0.1547619047619047,0.0,0.0,0.0,0.0,0.0,0.0,0.0,1.5818,1.5818,0
5565,P06734:Q8NEJ0,0.0118186724589969,0.1207482993197279,0.2833333333333333,0.1958760537707906,0.0,0.0,0.0,0.0,0.0,1.5978,0.0,1.1757,1.87853346,0
5566,P50502:Q9P0M9,0.275324672139437,0.1833333333333333,0.1732142857142857,0.5,0.63,0.0,0.63,0.0,0.0,1.5978,0.0,2.7714,2.7897300396,0
5567,P23229:Q6P4F2,-0.1534826181376452,0.1772222222222222,0.205,0.580952380952381,0.54,0.0,0.54,0.0,0.0,1.1933,0.0,0.7126,0.4591866132,0
5568,A6NDV4:O75792,-0.2012748530713269,0.1037037037037037,0.3199999999999999,0.3989795918367347,0.24,0.0,0.24,0.0,0.0,1.5978,0.0,1.1757,0.4508480304,0
5570,P34741:Q8NAT1,0.2951511173535309,0.2662037037037037,0.21,0.2767857142857142,0.41,0.0,0.41,0.5125,0.0,2.416,0.0,2.1077,1.0699991974,0
5571,P26447:Q9HBG4,-0.0396734310356593,0.1031317447984114,0.2167493386243386,0.7333333333333333,0.89,0.0,0.89,0.0,0.0,2.416,0.0,0.6915,1.48689096,0
5572,Q03111:Q3MIR4,-0.0804456389673968,0.0687499999999999,0.2533333333333333,0.9204545454545454,0.0,0.0,0.0,0.0,0.0,2.013,0.0,5.6875,11.4489375,0
5573,P01857:Q9UNQ2,0.0551551132300544,0.1045454545454545,0.3238095238095238,0.1581818181818181,0.17,0.0,0.17,1.2535,0.0,0.9878,0.0,0.0,0.210495241,0
5574,P51157:Q5TYW2,0.4365433480194397,0.0,1.0,0.0,117.65,5.22,117.65,0.0,0.6153,1.1933,0.0,1.1757,101.560540949226,0
5575,P07288:Q96EV8,0.0053573803267944,0.1010174654405423,0.2495578231292517,1.0,2.49,5.24327,5.24327,0.0,0.0,2.013,0.89,1.1757,11.0441557294962,0
5578,P33681:Q08708,-0.0046002342542378,0.3854166666666667,1.0,0.8666666666666666,7.38,0.0,7.38,0.0,0.0,2.416,0.31,2.1077,11.64994248096,0
5580,P04271:Q9NZF1,-0.1263975668136981,0.2416265832932499,0.5714285714285714,0.5,0.26,0.0,0.26,0.0,0.0,2.416,0.0,1.1757,0.738527712,0
5582,P06734:Q9Y5Z6,-0.1074019516120502,0.1157407407407407,0.5,0.1111111111111111,0.0,0.0,0.0,0.0,0.0,1.5978,0.0,1.1757,1.87853346,0
5583,Q5SQQ9:Q969E3,-0.0533875440318722,0.1272557997557997,0.4444444444444444,0.4066666666666666,2.49,0.0,2.49,0.0,0.0,2.013,0.0,2.7714,13.891282218,0
5584,O43181:Q16718,0.270052583915621,0.3410005027652086,0.6557692307692307,0.9270833333333334,52.16,0.0,52.16,0.9127,0.0,2.013,69.61,45.2798,302054.661076583,1
5585,Q9NX38:Q9Y2X0,0.6759911538159159,0.0732011554621848,0.3466666666666666,0.7666666666666666,3.02,0.0,3.02,0.0,0.0,0.0,0.0,1.1757,3.550614,0
5586,P57768:Q63HM9,0.1140231980590287,0.1547619047619047,0.225,0.7083333333333334,0.15,0.0,0.15,0.0,0.0,2.416,0.0,1.5818,0.57324432,0
5587,A6NN92:Q5VT79,0.0,0.2291666666666666,0.1388888888888888,0.0944444444444444,0.0,0.0,0.0,0.0,0.0,2.013,0.0,0.0,2.013,0
5588,O43660:Q99459,0.8538926966056795,0.5410152218782249,0.5196428571428571,0.9252314814814816,0.68,3.52956,3.52956,2.3588,158.1204,2.013,5.86,45.2798,703145.95580917,1
5589,Q8TAP6:Q9UH77,0.3509402554442518,0.0660592772418051,0.6307692307692307,0.8222222222222224,0.41,3.51,3.51,0.0,0.0,2.416,0.0,0.8888,7.537166208,0
5591,P11216:Q99613,0.234956491407507,0.1107622536193964,0.3645833333333333,0.7532051282051283,0.0,0.0,0.0,0.0,0.0,1.5978,0.0,2.1077,3.36768306,0
5593,O15273:Q92928,-0.0689844762069194,0.175,0.5,0.1157407407407407,0.28,0.0,0.28,0.0,0.0,0.993,0.0,0.4364,0.121336656,0
5594,A2VCK2:P62072,0.1565701088544545,0.0852272727272727,0.1880952380952381,0.7603174603174603,0.0,0.0,0.0,0.9127,0.0,1.1933,0.0,1.1757,1.280484156687,0
5596,O95104:P06733,0.4573527509111353,0.1562916867083533,0.3676470588235294,0.2269721019721019,0.19,0.0,0.19,3.5815,0.0,2.416,0.0,1.5818,2.600561073968,0
5597,P07550:Q96B01,-0.0710617003240168,0.1500196232339089,0.4412698412698413,0.7431372549019608,0.0,0.0,0.0,0.0,0.0,2.013,0.0,0.6688,1.3462944,0
5598,A6NI72:O75821,0.1028465485804782,0.365,0.4096491228070176,0.2247474747474747,3.17,0.0,3.17,0.0,0.0,2.013,0.0,0.0,6.38121,0
5601,P31153:Q4ADV7,0.5436064414138922,0.1111729540300969,0.4897435897435898,0.6952380952380952,0.15,0.0,0.15,0.0,0.0,2.416,0.0,3.9008,1.41364992,0
5602,Q2NKJ3:Q9H0C8,0.8172456836830977,0.1478632478632478,0.5,0.2537878787878788,0.0,0.0,0.0,0.0,0.0,2.013,0.0,2.7714,5.5788282,0
5603,P40937:Q969M1,0.0975770704995559,0.1017316017316017,0.431547619047619,0.4083333333333333,0.0,0.0,0.0,0.0,0.0,2.013,0.0,3.9008,7.8523104,0
5604,P58335:Q99459,0.4842104000343261,0.0,0.3446428571428571,0.9252314814814816,0.54,0.0,0.54,1.7092,0.0,2.013,0.0,2.1077,3.9159687226968,0
5605,P57723:P62879,0.0059433422792632,0.0972222222222222,0.5599773242630384,0.9366925064599484,0.0,2.59,2.59,1.2535,0.6153,1.5978,0.0,9.4687,30.2220410515935,0
5606,Q8NAF0:Q9UJY1,0.1446978240011845,0.0747474747474747,0.345,0.9623015873015872,0.61,0.0,0.61,0.0,0.0,1.5978,0.0,1.1757,1.1459054106,0
5607,A6NDV4:Q13322,0.406394881965606,0.1425865800865801,0.4666666666666666,0.9523809523809524,0.54,0.0,0.54,0.5125,0.0,2.416,0.0,1.1757,0.7861059396,0
5608,P10124:Q96ET8,-0.0685854460543204,0.1388888888888889,0.2,0.0,0.61,0.0,0.61,0.5125,0.0,1.5978,0.0,1.1757,0.5872765229325,0
5609,Q14181:Q9UNS1,0.8567623794743152,0.1154306400104719,0.6151515151515151,0.925,0.0,2.59,2.59,0.0,0.0,2.416,0.0,45.2798,283.335631712,0
5610,Q15029:Q9H2H8,0.7386275316891757,0.3879142300194931,0.761904761904762,0.712962962962963,1.52,0.0,1.52,0.0,0.6153,2.013,0.0,9.4687,17.8264405347336,0
5612,O60894:P58304,-0.1444154155164771,0.1006734006734006,0.35,0.8734848484848484,0.68,0.0,0.68,0.0,0.0,2.013,0.0,5.6875,7.7852775,0
5613,O95402:Q8TDC0,0.1474081836701655,0.0,0.3333333333333333,0.9772727272727272,0.15,0.0,0.15,0.5125,0.0,0.0,0.0,2.7714,0.213051375,0
5614,P32927:Q9Y6P5,0.2013554853243268,0.1543290043290043,0.3116666666666666,0.3833333333333333,0.17,0.0,0.17,0.0,0.0,2.416,0.0,0.8888,0.365047936,0
5615,O60888:Q969X0,0.3867998630413587,0.1453703703703703,0.4861111111111111,0.9259259259259258,0.22,0.0,0.22,0.0,0.0,2.013,0.0,1.5818,0.700515948,0
5616,Q96DZ9:Q96ID5,0.1106069325529382,0.1526785714285714,0.2733333333333333,0.0,0.62,0.0,0.62,0.5125,0.0,2.013,0.0,5.6875,3.637899890625,0
5617,Q53EL6:Q99613,0.1587325344440795,0.1546485260770975,0.6145833333333334,0.7532051282051283,0.28,0.0,0.28,0.0,0.0,2.013,0.0,2.7714,1.562071896,0
5619,O00206:P58753,0.1805733952676936,0.2288248714719302,0.7712365591397848,0.7993894993894992,2.27,0.0,2.27,0.5125,9.2808,2.416,10.8,1.5818,445.633055029946,1
5620,Q15427:Q86YI8,0.765400030461607,0.1361590790162218,0.8,0.4380952380952381,0.24,0.0,0.24,0.0,0.0,1.5978,0.0,2.7714,1.0627543008,0
5621,P46783:Q400G9,-0.3056174692168951,0.5,0.5,0.1833333333333333,0.15,0.0,0.15,0.0,0.0,2.013,0.0,1.5818,0.47762451,0
5622,Q08257:Q92542,0.1574888624090276,0.1501713564213564,0.2596844293272864,0.8074074074074075,0.41,0.0,0.41,2.0764,0.0,2.013,0.0,2.7714,4.7493903385368,0
5623,Q969H6:Q9H633,0.4214842671816388,0.6442307692307693,0.65,0.5285714285714287,0.54,0.0,0.54,0.0,5.2693,2.013,24.11,3.9008,538.69302735566,1
5624,O15143:Q9Y3B7,0.5443257540035291,0.1074074074074074,0.2447390572390572,0.9108527131782944,1.55,0.0,1.55,0.0,0.0,2.013,0.0,3.9008,12.17108112,0
5625,O95156:Q6UWJ8,-0.1355411750841882,0.0,0.3333333333333333,1.0,0.41,0.0,0.41,0.0,0.0,0.0,0.0,2.7714,1.136274,0
5628,O43889:P17302,0.207252954408407,0.1607878005418989,0.4197674418604652,0.6514264264264266,1.52,0.0,1.52,2.3254,0.0,2.416,24.11,1.5818,325.676909078496,1
5629,Q969Z3:Q9Y3B2,-0.0612953448637635,0.1522222222222222,0.1837789661319073,0.3290598290598289,0.54,0.0,0.54,0.0,0.0,2.013,0.0,2.7714,3.012567228,0
5633,P05165:Q96QI5,-0.0476563606389501,0.101010101010101,0.2,0.125,0.3,0.0,0.3,0.0,0.0,1.5978,0.0,1.5818,0.758220012,0
5634,Q2QD12:Q2TAA2,0.028957656976996,0.3333333333333333,0.0,0.1458333333333333,0.41,0.0,0.41,0.0,0.0,0.0,0.0,5.6875,2.331875,0
5635,P0C1S8:Q96DZ9,0.0377002535217196,0.1865079365079365,0.6666666666666666,0.166343669250646,0.22,4.96,4.96,0.0,0.0,2.416,0.0,1.1757,14.088836352,0
5637,Q02846:Q16665,0.0123929118631434,0.1009965671850917,0.4156862745098039,0.8152679275019701,0.68,5.22,5.22,2.0764,0.6153,2.416,2.07,1.1757,39.2131952576855,0
5639,Q71DI3:Q8NGS5,0.0,0.1269841269841269,0.3333333333333333,0.1666666666666666,0.0,0.0,0.0,0.0,0.0,0.993,0.0,1.1757,1.1674701,0
5640,P68431:Q86UQ0,0.2019589346340849,0.2,0.7333333333333334,0.1527777777777778,2.34,0.0,2.34,0.0,0.6153,0.993,0.0,1.1757,1.6809257849202,0
5641,P61978:Q8NB15,0.6252857507855863,1.0,1.0,0.885,2.49,0.0,2.49,0.0,0.0,2.013,0.31,1.5818,2.45785572846,0
5643,Q16695:Q9UKL0,0.315875586009453,0.216771323914181,0.525,0.956989247311828,52.16,0.0,52.16,0.5125,0.0,2.013,5.86,2.1077,664.632599120952,1
5644,Q5F1R6:Q6NVU6,0.3701277149273039,0.1644444444444444,1.0,0.905820105820106,0.68,0.0,0.68,0.0,0.0,2.013,0.0,2.1077,2.885104068,0
5645,P62495:P62979,0.5612414894858373,0.1805555555555555,0.8273681515617,0.7761111111111111,0.0,0.0,0.0,0.0,0.0,1.5978,0.0,18.4426,29.46758628,1
5646,P20810:Q13155,0.4820820406960405,0.1460935889507318,0.8066666666666665,0.9919678714859436,2.85,0.0,2.85,1.0145,0.0,2.416,0.0,1.1757,8.21278321884,0
5647,Q15369:Q92624,0.6154206159955355,0.4576068376068375,0.3352272727272727,0.9827380952380952,1.05,3.51,3.51,0.0,0.0,2.013,0.0,3.9008,27.561609504,1
5649,O60934:Q9UNH7,0.6149105612104485,0.1324915824915825,0.2878835978835979,0.926829268292683,0.54,3.39809,3.39809,0.5125,0.0,2.416,5.86,18.4426,454.721448681338,0
5651,Q0VGL1:Q9BY31,0.554912183805118,0.0871212121212121,1.0,0.1592592592592592,0.41,0.0,0.41,0.5125,0.0,1.5978,0.0,0.0,0.335737725,0
5652,P19652:Q15393,-0.2249360925225034,0.1010439213564213,0.293073593073593,0.925925925925926,0.17,0.0,0.17,2.3254,0.0,1.1933,0.0,0.6915,0.3262033483401,0
5653,O60704:P15144,0.325760535026335,0.118010878010878,0.1967320261437908,0.1591269841269841,0.15,0.0,0.15,0.0,0.0,2.416,0.0,2.7714,1.00435536,0
5655,Q8TAB3:Q8TAE8,0.09715317172678,0.1666666666666666,0.1828703703703703,0.1666666666666666,0.41,0.0,0.41,0.0,0.0,2.013,0.0,1.1757,0.970340481,0
5658,P61326:Q9UFB7,-0.0167140652091163,0.2,1.0,0.8321428571428571,0.61,0.0,0.61,0.0,0.0,1.1933,0.0,0.7749,0.5640597837,0
5661,P60568:Q8WY64,0.2919548980815229,0.133495670995671,0.4416666666666666,0.92524154589372,0.68,3.52956,3.52956,0.0,0.0,2.013,10.8,1.1757,90.2162181455568,0
5665,P05121:Q2WGJ8,-0.0615307988339043,0.0,0.3,0.0,0.62,0.0,0.62,0.0,0.0,0.0,0.0,0.4364,0.270568,0
5668,P11836:Q9Y6E2,-0.0748171971018648,0.1111111111111111,0.5,0.9,0.94,0.0,0.94,0.0,0.0,1.5978,0.0,0.7962,1.1958382584,0
5669,P26022:Q96J01,0.1935802854575348,0.0956439393939393,0.3545454545454545,0.25,2.72,4.96,4.96,0.0,0.0,1.5978,0.0,0.7962,6.3099550656,0
5670,O15056:O95983,-0.0179803795457439,0.15215934858792,0.3463541666666666,0.9583333333333336,0.54,0.0,0.54,0.0,0.0,2.013,0.0,3.9008,4.240247616,0
5673,P0C0S8:Q9C0B6,-0.0940039954044448,0.0947115384615384,0.1729166666666666,0.0,0.15,0.0,0.15,0.0,0.0,2.416,0.0,1.1757,0.42607368,0
5676,P10809:Q9BXP5,0.1278458195213809,0.1399144506287363,0.503968253968254,0.6944444444444445,0.24,0.0,0.24,0.0,0.0,2.013,0.0,18.4426,8.909988912,0
5677,P17181:Q9Y468,-0.0098750701886171,0.1163089225589225,0.2077922077922077,0.7491496598639455,0.36,3.84,3.84,0.0,0.0,2.416,0.0,1.5818,14.675054592,0
5679,Q8N7C7:Q969M1,-0.1957864903027881,0.0916666666666666,0.2256944444444444,0.1423088023088023,0.19,0.0,0.19,0.0,0.0,2.013,0.0,0.6915,0.264478005,0
5680,P61927:Q9NQ55,0.7661200780462405,0.1111111111111111,0.2111111111111111,1.0,0.15,0.0,0.15,0.5125,0.0,2.013,0.0,3.9008,0.603646362,0
5681,O94933:P05161,-0.0527298135568594,0.0946597549276121,0.4892857142857142,0.925925925925926,2.34,0.0,2.34,0.0,0.0,2.013,0.0,1.1757,5.538040794,0
5683,Q9BZE4:Q9H6Y2,0.6189277794169972,0.5,0.6,0.0,3.82,2.24017,3.82,0.0,0.6153,2.416,10.8,5.6875,348.8127676488,0
5684,Q8NEP3:Q96JC1,0.1190333556723286,0.117063492063492,0.2608134920634921,0.3333333333333333,0.62,0.0,0.62,0.0,0.0,2.416,0.0,1.1757,1.761104544,0
5685,Q15029:Q8IY31,0.216445953646829,0.1196813474591252,0.3266975308641975,0.992063492063492,0.54,0.0,0.54,0.0,0.0,2.013,0.0,2.1077,2.291112054,0
5686,O95149:Q08116,0.2763508416239571,0.1119552669552669,0.8166666666666667,0.4793650793650793,0.15,0.0,0.15,0.0,0.0,2.013,0.0,0.7962,0.24041259,0
5688,P28324:Q8NFN8,0.0602258528428251,0.1777777777777777,0.2777777777777778,0.1428571428571428,0.17,0.0,0.17,0.0,0.0,2.416,0.0,3.9008,1.602136576,0
5689,Q07001:Q16773,-0.0854937195747438,0.1236111111111111,0.2777777777777777,0.1485786435786436,0.54,0.0,0.54,0.0,0.0,2.013,0.0,2.7714,3.012567228,0
5690,P0CW01:Q96M63,0.9748761424454138,0.1904761904761904,0.3285714285714285,1.0,0.24,0.0,0.24,0.0,0.0,2.013,0.0,0.4364,0.210833568,0
5691,Q14019:Q6UWV6,-0.0757205429626327,0.0782895345395345,0.3133333333333333,0.4867724867724868,0.0,0.0,0.0,0.0,0.0,2.013,0.0,1.5818,3.1841634,0
5692,P09884:Q9Y248,0.6249412818072909,0.1587301587301587,0.3777777777777777,1.0,0.23,3.84,3.84,0.0,0.0,2.013,5.86,45.2798,2051.05409726976,0
5693,P54578:Q5FBB7,0.4277117522504568,0.1171114599686028,0.6304166666666667,0.9821428571428572,0.0,0.0,0.0,0.9127,0.0,2.013,0.0,5.6875,10.44944525625,0
5695,P68036:Q9BVV2,-0.0075430641998859,0.0,0.0,1.0,0.41,0.0,0.41,0.0,0.0,1.1933,0.0,0.6688,0.3272124064,0
5698,P62249:P62841,0.9334822084020226,0.4670970695970695,0.7455026455026454,0.5428571428571428,0.41,0.0,0.41,2.409,15.4815,1.5978,181.01,38.174,168820.953250758,1
5699,P19883:Q9NRQ5,0.1451776536766831,0.0,0.5,1.0,0.0,0.0,0.0,0.0,0.0,2.013,0.0,1.1757,2.3666841,0
5700,O00534:P53990,0.5098449708827943,0.0,0.3426020408163264,0.9418604651162792,0.17,0.0,0.17,0.0,0.0,2.013,0.0,2.1077,0.721276017,0
5701,P10147:Q9HBV2,-0.0229367632571382,0.25,0.1547619047619047,1.0,0.41,0.0,0.41,0.0,0.0,2.416,0.0,1.5818,1.566867808,0
5702,Q16655:Q9UD57,0.378620238670253,0.0,0.35,0.1703703703703703,0.0,0.0,0.0,0.0,0.0,1.1933,0.0,1.5818,1.88756194,0
5704,O60248:P32238,-0.1210512756144722,0.1641865079365079,0.3888888888888889,0.1944444444444444,0.24,0.0,0.24,0.0,0.0,2.013,24.11,3.9008,45.43660889856,0
5707,P14866:P61978,0.9515221569358948,0.2117610751821278,0.651860119047619,0.9802777777777776,16.53,5.45912,16.53,4.0064,3.1392,2.416,5.86,18.4426,54282.874768704,1
5709,Q13489:Q8TD17,0.1515695495593358,0.1309523809523809,1.0,0.93125,2.34,5.22,5.22,0.0,0.0,2.416,0.0,1.1757,14.827364064,0
5710,O95154:P49759,-0.2441744575920975,0.1161616161616161,0.5,0.6824444444444444,0.0,3.51,3.51,0.0,0.6153,1.5978,0.0,1.5818,5.45843344858812,0
5711,O75324:Q96MU8,-0.0238150443339103,0.1258349675016341,0.7777777777777777,0.1875,0.0,0.0,0.0,0.0,0.0,2.416,0.0,2.1077,5.0922032,0
5712,P62269:P62495,0.6399852083110509,0.1183333333333333,0.6129629629629629,0.6124574829931974,0.22,0.0,0.22,0.5125,0.0,1.5978,0.0,9.4687,1.705804768965,1
5713,P02545:Q9UPV7,-0.3694152251597719,0.1534199134199134,0.3584415584415584,0.7666666666666667,0.24,0.0,0.24,0.0,0.0,2.416,0.0,2.1077,1.222128768,0
5716,P35222:Q96PH6,-0.0800861239712231,0.1757187257187257,0.5,0.5555555555555555,0.22,0.0,0.22,0.0,0.0,0.993,0.0,0.5954,0.130071084,0
5719,P05090:Q9BZQ2,-0.0345002549194458,0.1588888888888888,0.4444444444444445,1.0,0.15,3.84,3.84,0.0,0.0,2.416,0.0,1.1757,10.907486208,0
5720,Q9HBH9:Q9NVC6,0.2058428077431134,0.1248042806866336,0.4135416666666666,0.7611791383219955,0.62,4.96,4.96,1.0145,0.6153,0.0,0.0,1.5818,4.8974748467568,0
5721,Q9H2W1:Q9Y2Q5,0.2562909738919285,0.1547619047619047,0.1983113812901046,0.9435626102292768,0.41,0.0,0.41,0.5125,0.0,1.1933,0.0,1.5818,0.3966239526425,0
5722,Q5VVY1:Q86YI8,0.0656600736246763,0.0947954822954823,0.8,0.1084054834054834,0.24,0.0,0.24,0.0,0.0,0.0,0.0,0.4364,0.104736,0
5723,P61960:Q02543,0.599561676498414,0.1488095238095238,0.4264069264069263,0.5833333333333334,3.82,0.0,3.82,3.124,0.0,1.1933,0.0,2.1077,30.0146182670488,0
5724,P62891:Q96T75,-0.1385327324393683,0.0,0.0,0.25,0.0,0.0,0.0,0.0,0.0,0.8011,0.0,0.4364,0.34960004,0
5725,P62805:P68431,0.2336619730472769,0.6417989417989418,0.8444444444444446,0.9709302325581396,2091.17,0.0,2091.17,3.124,5.052,1.1933,24.11,5.6875,5400475.0952496,1
5726,P10809:P61604,0.8546452535070284,0.3971428571428571,0.5875,0.7423611111111112,80.27,0.0,80.27,0.0,111.3431,2.013,24.11,38.174,16558661.4214099,1
5731,P05019:Q8NFW1,-0.0857652839724299,0.2,0.34375,0.2,0.19,0.0,0.19,0.0,0.0,2.013,0.0,1.1757,0.449669979,0
5732,P22681:Q9C0F1,0.5993547229388919,0.1485714285714285,0.3999999999999999,0.9907407407407408,0.83,0.0,0.83,0.0,0.0,2.416,0.0,2.1077,4.226528656,0
5735,P08579:P62306,0.8708598606343498,0.7349816849816849,0.4880541871921182,0.9776119402985076,0.54,0.0,0.54,1.2535,9.7902,1.5978,24.11,45.2798,11559.3599924436,1
5738,P26447:Q5TEC3,0.3637339105743515,0.0833333333333333,1.0,0.6888888888888889,0.24,0.0,0.24,0.0,0.6153,0.0,0.0,0.6915,0.102115188,0
5739,P62750:Q92988,0.2583195153809708,0.0934523809523809,0.425,0.4005050505050505,0.41,0.0,0.41,0.5125,0.0,2.013,0.0,0.8888,0.3759460683,0
5740,Q8IW93:Q9Y4Y9,0.1498497350422312,0.0889804639804639,0.3640476190476191,0.956896551724138,8.98,9.80166,9.80166,0.0,0.6153,0.993,0.17,0.7126,0.72548850659678,0
5741,P40337:Q92905,0.3001083917655697,0.2063908313908313,0.4393004115226337,0.8775827280064568,4.13,0.0,4.13,3.124,0.0,1.1933,5.86,2.7714,250.038880711358,1
5742,Q7Z6K4:Q8IU81,-0.1073380453471859,0.7619047619047619,0.0,0.3018518518518518,0.89,0.0,0.89,0.0,0.0,2.013,0.0,2.7714,4.965157098,0
5744,P61088:Q53EQ6,0.218594330460488,0.0,1.0,0.75,1.02,0.0,1.02,0.0,0.0,0.993,0.0,1.1757,1.190819502,0
5745,O43709:P62266,0.3863403650736052,0.1489285714285714,0.4231126596980255,0.6590909090909091,0.54,0.0,0.54,0.0,0.0,1.5978,0.0,9.4687,8.1697079844,1
5746,O14653:O94855,0.6501037059439784,0.4681318681318682,0.5046992481203008,0.9142857142857144,0.43,3.52956,3.52956,0.0,3.1392,2.416,69.61,5.6875,10598.1369710302,1
5747,A6H8M9:Q8IUQ4,0.4238058399946317,0.1500417710944027,0.3076923076923077,0.1650270364556078,0.94,3.51,3.51,0.0,0.0,1.5978,0.0,1.1757,6.5936524446,0
5751,O76036:Q969Q1,-0.0405766651296714,0.1969949494949495,0.2823129251700679,0.7760770975056689,0.28,0.0,0.28,1.7951,0.0,2.013,0.0,2.1077,2.1325501286628,0
5752,Q15270:Q96G25,0.1117083032030823,0.4216374269005848,0.2625,0.1923611111111111,0.54,0.0,0.54,1.7951,0.0,2.013,0.0,0.0,1.951309602,0
5754,Q86Y39:Q8NFZ0,0.7067653468490729,0.0982677045177045,0.2454545454545454,0.3583049886621314,0.29,0.0,0.29,0.5125,0.0,2.416,0.0,2.1077,0.7568287006,0
5756,P60852:Q9H2P9,0.0911138831033935,0.106060606060606,0.5,0.125,0.0,0.0,0.0,0.0,0.0,0.993,0.0,0.6688,0.6641184,0
5758,Q96SE0:Q9HCU8,-0.0762151407904798,0.0772058823529411,0.4802631578947368,0.9326923076923076,0.15,0.0,0.15,0.0,0.0,1.5978,0.0,2.7714,0.664221438,0
5759,Q49A26:Q8NFM7,0.3343773062805305,0.0944444444444444,0.4476190476190477,0.1428571428571428,0.94,0.0,0.94,0.0,0.0,2.416,0.0,1.1757,2.670061728,0
5761,P62847:P62979,0.8935840070604877,0.5902777777777778,0.8273681515617,0.7605555555555555,0.0,0.0,0.0,2.409,0.6153,1.5978,24.11,38.174,2179.77170814179,1
5762,P46781:Q8NBP7,-0.2430595818189066,0.1406926406926406,0.3460317460317459,0.625705467372134,1.52,0.0,1.52,0.0,0.0,0.9878,0.0,1.5818,2.3750031008,0
5763,P35249:P35250,0.8413648527835539,0.4914786967418546,0.9433823529411766,0.7164902998236331,68.32,0.0,68.32,1.2535,225.1333,2.013,105.17,38.174,155817148.091558,1
5764,P31947:P62879,0.3488658807023453,0.5833333333333334,0.5599773242630384,0.9366925064599484,0.0,72.805,72.805,0.0,0.6153,2.013,0.89,2.7714,222.423727928488,0
5766,P18505:Q12933,-0.1157984324740359,0.2266035551749837,0.3142399267399267,0.4787722600940992,0.8,3.51,3.51,0.0,0.0,2.416,0.0,0.7126,6.042962016,0
5767,O15111:Q96RI1,-0.048891796392172,0.1956137103999128,0.6348484848484849,0.4926943426943427,0.22,8.95024,8.95024,0.5125,0.0,2.416,10.8,0.8888,106.378357913119,0
5768,P62805:P62807,0.4329224076995221,0.3785714285714286,0.5393939393939395,0.6944444444444444,2091.17,0.0,2091.17,1.0145,15.4815,0.8011,24.11,2.7714,1758075.74822597,1
5769,P53999:Q7Z6J6,0.0327195583061327,0.1380952380952381,0.3,0.8055555555555555,3.82,3.66,3.82,0.5125,0.0,2.013,0.0,2.1077,8.306341895775,0
5771,P22676:Q8IWL8,0.7278870113164995,0.0769230769230769,0.4833333333333333,0.1666666666666666,0.0,0.0,0.0,0.0,0.0,0.8011,0.0,1.5818,1.26717998,0
5772,O95868:P62280,0.1085559082784057,0.1074074074074074,0.41003861003861,0.6545454545454545,0.19,0.0,0.19,4.2492,0.0,0.993,0.0,1.1757,0.9425546502948,0
5773,Q96ST3:Q9Y535,0.3376736147481207,0.1619047619047618,0.536111111111111,0.4537037037037037,0.8,0.0,0.8,0.0,0.0,2.013,0.0,2.7714,4.46306256,0
5775,A6ND01:Q8IZ26,0.3441607099417982,0.0833333333333333,0.3999999999999999,0.5851851851851853,0.0,0.0,0.0,0.0,0.0,0.0,0.0,1.1757,1.1757,0
5777,P01861:P55899,0.4238343525530049,0.55,0.5,0.5104166666666666,3.89,2.60197,3.89,0.9127,0.0,2.416,2.07,0.0,17.75599145136,1
5779,P19404:Q14232,0.0608033499123512,0.1275613275613275,0.1954761904761904,0.8180272108843537,0.28,0.0,0.28,0.5125,0.0,1.5978,0.0,5.6875,1.30405445625,0
5780,P08514:Q15124,-0.1013522799949122,0.3590277777777778,0.323469387755102,0.3416666666666667,1.05,0.0,1.05,0.0,0.0,2.013,0.0,2.7714,5.85776961,0
5782,O95994:Q9NPR9,0.1056655142893945,0.1507936507936507,0.2654761904761905,1.0,0.41,0.0,0.41,0.0,0.0,2.013,0.0,1.5818,1.305506994,0
5783,B1AL88:O43257,-0.3357789885460308,0.0653612950516975,0.1944444444444444,0.0989420835574681,0.0,0.0,0.0,0.0,0.0,1.1933,0.0,0.6915,0.82516695,0
5784,P10826:Q9H0S4,0.2329246388089055,0.1517006802721088,0.5181818181818182,0.4373015873015872,0.24,3.51,3.51,0.5125,0.6153,1.1933,0.0,2.1077,2.78385324740902,0
5785,O94788:O94906,0.3035452379124244,0.1290140415140415,0.3088203463203463,0.193734335839599,0.0,0.0,0.0,0.0,0.6153,1.5978,0.0,2.1077,2.072135386818,0
5786,O43889:P0CG36,-0.0143329442447182,0.1543650793650793,0.5,0.625,0.28,0.0,0.28,0.0,0.0,2.013,0.0,0.8888,0.500963232,0
5787,P14678:P62304,0.8534973364303009,0.6498168498168497,0.4571986607142857,0.9791666666666666,292.74,5.43,292.74,1.7092,3.1392,1.5978,69.61,45.2798,7910291.51781461,1
5789,P42704:Q14197,0.7175463969248627,0.1329365079365079,0.2962962962962963,0.1388888888888889,1.22,5.22,5.22,0.0,0.0,2.013,0.4,9.4687,39.7983095928,1
5791,P61296:Q9H0W8,0.0129133540421272,0.3156462585034014,0.5,1.0,0.15,0.0,0.15,0.0,0.0,2.013,0.0,2.7714,0.83682423,0
5792,Q5VZM2:Q92831,0.5567783032834955,0.106493191152282,0.4243589743589745,0.529658810182066,0.24,2.59,2.59,0.0,0.6153,2.013,0.0,5.6875,18.2453359213125,0
5794,P22914:Q9BTT0,0.3190111921131908,0.1559523809523809,0.0,0.5523809523809524,0.31,0.0,0.31,0.0,0.0,2.416,0.0,0.7126,0.533708896,0
5795,P46779:P82251,-4.975468567954078e-05,0.1039682539682539,0.8333333333333333,0.4737103174603174,0.0,0.0,0.0,0.5125,0.0,2.013,0.0,0.7126,0.7351626975,0
5796,P43351:Q9BPX1,0.5695241277605697,0.1428571428571428,0.5,0.9547413793103448,0.0,0.0,0.0,0.0,0.0,1.5978,0.0,2.1077,3.36768306,0
5797,P08708:P63220,0.9430375985306064,0.7777777777777778,0.7340136054421768,0.446969696969697,2.49,0.0,2.49,2.3254,3.1392,1.1933,24.11,45.2798,23679.2177827311,1
5798,P01579:Q2VWA4,-0.0681717804306577,0.2552050222504768,0.3299999999999999,0.5597222222222222,0.24,0.0,0.24,0.0,0.0,1.5978,0.0,0.8888,0.3408299136,0
5799,P50539:Q8TBE1,0.0338395111246966,0.0738095238095238,0.2167548500881834,1.0,0.68,0.0,0.68,0.0,0.0,2.013,0.0,1.1757,1.609345188,0
5800,P62805:Q96LA8,0.3200764165534249,0.1836288711288711,0.8736842105263157,0.5952932098765431,0.54,0.0,0.54,1.7092,0.6153,0.0,5.86,0.4364,1.45229859426476,1
5803,Q9BZS1:Q9HAW0,-0.0343365144292193,0.3018483709273182,0.5133333333333334,0.4805555555555556,0.0,0.0,0.0,1.0145,0.6153,2.416,0.0,1.1757,1.77309667177272,0
5804,P23396:P62249,0.9684162956981214,0.5594877344877344,0.7003759398496241,0.5625,0.22,0.0,0.22,4.2492,15.4815,2.013,24.11,38.174,26813.3788952815,1
5805,O60829:Q9UNA4,0.2066181239259045,0.1256944444444444,0.4444444444444444,0.8404761904761904,0.0,0.0,0.0,0.0,0.0,1.5978,0.0,0.8888,1.42012464,0
5808,P01597:P23443,0.0426126959557793,0.161040848040848,0.4317460317460317,0.2351395730706075,0.24,0.0,0.24,2.3254,0.6153,0.993,0.0,0.0,0.3409926935184,0
5809,P04908:Q99728,0.2999686644754505,0.143496558996559,0.2503849470312884,0.8425287356321839,52.16,0.0,52.16,1.2535,5.2693,2.416,0.0,3.9008,3246.87418416062,1
5811,Q15843:Q86VZ1,0.1974263071644933,0.1458333333333333,0.3333333333333333,0.1458333333333333,0.0,0.0,0.0,0.9127,0.0,0.9878,0.0,0.8888,0.801311025328,0
5812,O95711:P62068,-0.1176151401025539,0.1464750527250527,0.3999999999999999,0.6886363636363636,0.0,0.0,0.0,0.0,0.0,1.5978,0.0,0.7962,1.27216836,0
5817,Q9H2H8:Q9H875,0.7649467514916,0.2889576883384933,0.5380952380952382,0.419047619047619,0.0,0.0,0.0,0.0,0.0,1.5978,0.0,5.6875,9.0874875,0
5821,P58294:Q99551,0.2059196162151179,0.1071572871572871,0.1999999999999999,0.2525510204081632,0.15,0.0,0.15,0.0,0.0,2.416,0.0,0.5954,0.21577296,0
5822,P26599:Q6PCB6,0.1321288176086156,0.1663636363636363,0.5145833333333334,0.8928571428571428,0.63,0.0,0.63,0.0,0.0,1.5978,0.0,2.7714,2.7897300396,0
5825,O15205:P01148,0.0,0.1503517316017316,0.5,0.2777777777777777,3.82,0.0,3.82,0.0,0.0,2.013,0.0,1.1757,9.040733262,0
5827,Q9UK45:Q9Y333,0.7644599585241957,0.7194444444444444,0.3603896103896104,0.9464285714285714,117.65,0.0,117.65,0.9127,9.2808,1.5978,24.11,18.4426,708022.680644947,1
5828,Q9NZ42:Q9Y4X3,0.0023211233340531,0.1435425685425685,0.5,0.54,0.22,0.0,0.22,0.0,0.0,1.1933,0.0,1.1757,0.3086518182,0
5829,Q969H6:Q9Y5U9,0.5642469980623348,0.076237313107061,0.2416666666666666,1.0,0.0,0.0,0.0,0.9127,0.0,1.5978,0.0,9.4687,13.808319402522,0
5830,P06126:P58062,0.0819503758351397,0.1666666666666666,1.0,0.9416666666666668,0.24,2.60197,2.60197,0.0,0.0,2.013,0.0,2.1077,11.039638576197,0
5832,P41223:Q9Y314,0.4499953172750462,0.1055555555555555,0.4428571428571429,0.6157407407407408,0.54,0.0,0.54,0.0,0.0,1.5978,0.0,18.4426,15.9124965912,0
5833,P62877:Q13616,0.4343698426514674,0.5435550070844188,0.6835775335775336,0.951864801864802,21.1,0.0,21.1,20.9141,445.3724,1.5978,181.01,9.4687,538220552.420377,1
5834,P0C0S5:Q8IYU2,0.2979306801116571,0.1912276612276612,0.3325396825396825,0.5034722222222222,0.89,0.0,0.89,0.0,0.6153,1.5978,0.0,3.9008,3.41313151209408,0
5836,P62269:Q9Y6F6,0.0562642825432882,0.1,0.375,1.0,0.41,0.0,0.41,0.0,0.0,0.9594,0.0,1.1757,0.4624662978,0
5838,P28065:P80365,0.0342586013612718,0.1869047619047618,0.5714285714285714,0.1746031746031746,0.19,0.0,0.19,0.0,0.6153,2.013,0.0,1.1757,0.2766819380787,0
5840,P62750:Q9BXN6,-0.1121797446364088,0.0,0.6,1.0,0.71,0.0,0.71,0.0,0.0,0.9594,0.0,0.4364,0.2972643336,0
5841,P62877:Q13618,0.327296190799728,0.2703380325918225,0.5446115288220552,0.9400830737279336,21.1,0.0,21.1,20.9141,668.0587,1.1933,10.8,9.4687,35974934.5620414,1
5842,P34972:Q9NZR1,-0.0976102931891236,0.1234668109668109,0.2583333333333333,0.6666666666666666,0.62,0.0,0.62,0.0,0.0,2.416,24.11,0.7962,28.75464452544,0
5845,P63104:Q9UQ84,0.2855184106379321,0.1239442039442039,0.8688888888888889,0.6246413717001954,0.23,96.2413,96.2413,1.7951,0.6153,2.013,10.8,2.7714,6404.77364534818,1
5846,O75891:Q96CT7,-0.2019512648608731,0.1923076923076923,0.4733333333333333,0.6041666666666666,0.41,0.0,0.41,0.0,0.0,2.013,0.0,2.1077,1.739548041,0
5847,P42677:P63220,0.9153439185993296,0.7777777777777778,0.7340136054421768,0.7272727272727273,18.4,0.0,18.4,2.3254,3.1392,1.1933,24.11,38.174,147519.352338472,1
5848,O14734:P46783,0.1461632772319727,0.1547619047619047,0.7668027210884354,0.7,0.64,0.0,0.64,0.0,0.0,1.5978,0.0,3.9008,3.9889268736,0
5850,P24557:Q16695,-0.0511163873308144,0.1022727272727272,0.4593333333333333,0.8888888888888888,0.0,0.0,0.0,0.0,0.6153,1.1933,0.0,1.5818,1.161416861682,0
5851,P51816:P62750,-0.1446148504019624,0.225,0.263095238095238,0.2761904761904762,0.83,0.0,0.83,0.0,0.0,0.0,0.0,1.1757,0.975831,0
5852,O60760:Q9Y4Y9,0.147944439339909,0.1437728937728937,0.3973809523809525,0.956896551724138,0.89,0.0,0.89,0.0,0.0,0.993,0.0,1.1757,1.039048389,0
5853,O76014:P01570,-0.0531491363950082,0.1162734487734487,0.5,0.5416666666666666,1.52,0.0,1.52,0.0,0.0,1.5978,0.0,2.1077,5.1188782512,0
5854,P0CG47:P61088,0.5601713443062922,0.265753167000157,0.6549523809523811,0.8576892109500807,399.5,0.0,399.5,2.409,9.7902,1.5978,0.0,2.7714,41722.1593085039,1
5855,Q9BRK4:Q9Y646,0.6929766393215877,0.1564625850340135,0.32,0.2185714285714285,0.0,0.0,0.0,0.0,0.0,1.5978,0.0,1.5818,2.52740004,0
5858,Q13330:Q9UFW8,0.8199876478835759,0.5666666666666667,0.75,0.9434782608695652,0.41,0.0,0.41,0.0,0.0,2.013,0.0,1.1757,0.970340481,0
5859,Q92542:Q9NZ42,0.4109825121881126,0.5437500000000001,0.6541666666666668,0.8991596638655461,80.27,0.0,80.27,0.0,0.0,2.013,181.01,9.4687,276942.726243608,1
5860,O95455:Q00987,0.7603276743877827,0.0879424766140991,0.0,0.930399776990686,0.0,0.0,0.0,3.8142,0.0,1.5978,0.0,2.7714,16.889822725464,0
5862,A6NGS2:P62070,0.1380915868500142,0.0,0.0,0.6587024087024087,0.54,0.0,0.54,0.5125,0.0,0.993,0.0,0.8888,0.2442535722,0
5863,P06307:P36888,-0.0554458744045478,0.2105497483546264,0.3237745098039215,0.4165567236995808,0.54,3.84,3.84,0.5125,0.0,2.416,5.86,1.5818,44.072857703424,0
5864,Q92504:Q99584,0.226107110981744,0.1121753246753246,0.4692307692307692,0.5515873015873016,0.19,0.0,0.19,0.0,0.0,2.013,0.0,1.5818,0.604991046,0
5865,P61758:Q9UBP9,-0.0265706789080953,0.1865079365079365,1.0,0.0,0.54,3.51,3.51,0.0,0.0,2.013,0.0,1.5818,11.176413534,0
5866,P13682:P19429,-0.1405283655097123,0.1039778739778739,0.3532967032967032,0.83203125,0.24,0.0,0.24,0.0,0.0,2.013,0.0,1.1757,0.568004184,0
5867,P28331:Q14626,0.0027284081193998,0.1205555555555555,0.2099206349206349,0.3971428571428571,1.05,2.59,2.59,0.0,0.0,2.013,0.0,1.1757,6.129711819,0
5868,Q13356:Q99612,0.3193278064246211,0.0939560439560439,0.4772727272727273,0.512962962962963,2.34,0.0,2.34,0.0,0.6153,1.5978,0.0,1.1757,2.70471623277492,0
5870,P14635:Q9NRZ7,0.4821400030815942,0.1388888888888888,0.5074074074074075,0.7979797979797979,0.41,3.51,3.51,0.0,0.0,2.416,0.0,1.1757,9.970124112,0
5873,P06396:Q96EV2,0.3758177034520478,0.125,0.6,0.2309523809523809,4.13,0.0,4.13,0.0,0.0,2.416,0.0,1.5818,15.783326944,0
5874,Q16619:Q96JC1,0.5571137344764812,0.1224537037037037,0.2191468253968254,1.0,0.68,2.59,2.59,0.0,0.0,1.5978,0.0,1.1757,4.8654016614,0
5875,P08621:Q9H0U9,0.3391744638338709,0.1,0.475,0.8333333333333334,0.41,0.0,0.41,0.9127,0.0,1.5978,0.0,2.1077,1.26021057483342,0
5876,P60369:P60412,0.0,0.0,0.5714285714285714,0.0,0.0,0.0,0.0,0.0,0.6153,2.013,0.0,5.6875,7.04453124375,0
5877,P06746:Q9HB21,0.1645723879898206,0.1390017390017389,0.5133333333333333,0.4925925925925926,0.0,3.51,3.51,0.0,0.0,2.416,0.0,1.5818,13.413917088,0
5878,Q12834:Q5BKU9,0.4692385648955697,0.0,0.25,0.0,0.68,0.0,0.68,0.0,0.0,0.0,0.0,1.5818,1.075624,0
5879,P62081:Q9NWS1,0.5311461845703316,0.1017543859649122,0.75,0.75,0.0,0.0,0.0,0.0,0.0,1.5978,0.0,2.7714,4.42814292,0
5881,O14818:P60900,0.6084872462114703,0.4895238095238096,0.7455898268398268,0.9190972222222222,869.75,0.0,869.75,3.124,158.1204,2.013,24.11,45.2798,944145336.044543,1
5882,P11021:Q9H944,0.5708988225523264,0.4602756892230576,0.3611111111111111,0.9311111111111112,0.62,0.0,0.62,0.0,0.0,2.013,0.0,2.7714,3.458873484,0
5885,P57740:Q8N1F7,0.7102737037464579,0.3525474525474527,0.8321138211382114,0.8636363636363636,0.68,0.0,0.68,0.0,3.1392,0.0,24.11,45.2798,2330.39536961357,1
5887,P51668:Q18PE1,0.2256817245346199,0.1127450980392156,0.5111111111111112,0.5416666666666666,0.68,0.0,0.68,0.0,0.0,1.1933,0.0,1.1757,0.9540147108,0
5888,P05019:P21709,0.0876325635189448,0.2936903836903837,0.3277777777777777,0.1587196368446368,0.26,3.84,3.84,0.0,0.0,2.416,5.86,1.1757,63.91786917888,0
5889,Q7RTU1:Q9NW64,0.3647443793325212,0.2329520697167756,0.3529982363315696,0.6520833333333333,0.45,0.0,0.45,0.0,0.0,2.013,0.0,0.6688,0.60583248,0
5891,P04150:P63104,0.4968630242772691,0.2321581196581196,0.6460416666666667,0.9900379506641366,0.0,201.934,201.934,15.8699,0.6153,2.013,0.89,3.9008,13780.2792622961,1
5892,P0DL12:Q2TAP0,0.5646540108225249,0.0,0.5,0.0,0.0,0.0,0.0,0.0,0.0,0.9878,0.0,0.8888,0.87795664,0
5895,A0PJZ3:P62487,0.370032230198153,0.0740829346092503,0.4858529819694869,0.1220689033189033,0.0,0.0,0.0,0.0,0.0,1.1933,0.0,2.7714,3.30711162,0
5896,Q15369:Q9NY59,-0.0761328447728812,0.085612375486325,0.3428571428571428,0.3226190476190477,0.54,0.0,0.54,0.0,0.0,1.1933,0.0,1.5818,1.0192834476,0
5898,P57768:Q96IV0,0.3160446990263891,0.1692307692307692,0.4375,0.9039351851851852,2.08,0.0,2.08,0.0,0.0,2.416,0.0,5.6875,28.58128,0
5899,Q15029:Q5T0L3,0.2004096470986065,0.1472222222222222,0.5,1.0,0.68,2.59,2.59,0.0,0.0,0.993,0.0,2.7714,7.127680518,0
5900,P06899:P62805,0.236079193478717,0.6615613553113553,0.8918279569892472,0.9662698412698412,869.75,0.0,869.75,4.0064,15.4815,0.8011,24.11,2.7714,2887652.54923937,1
5901,O00744:Q96IV0,-0.0189640266275968,0.2083333333333333,0.425,0.9063492063492063,0.0,0.0,0.0,0.0,0.0,2.013,0.0,0.7749,1.5598737,0
5902,P20963:P49736,0.021804835252622,0.1482732545232545,0.3932098765432098,0.8284920634920635,0.41,0.0,0.41,2.3254,0.0,1.5978,0.0,1.1757,1.79102010023244,0
5903,Q8WZ04:Q92905,0.4885273604196123,0.1616719881425763,0.2580246913580246,0.1217385721623009,0.17,0.0,0.17,3.124,0.0,1.1933,0.0,2.1077,1.3357290851828,0
5905,O95190:Q9NYW4,0.3956555960693129,0.1482142857142857,0.3809523809523809,0.661904761904762,0.15,0.0,0.15,0.0,0.0,0.0,0.0,0.8888,0.13332,0
5908,O15375:P07766,0.2280300040855131,0.1081507523815216,0.7072954822954822,0.7999999999999999,0.22,0.0,0.22,0.0,0.0,2.416,0.0,0.8888,0.472414976,0
5909,P36578:P61960,0.7107244418394445,0.1365559787434787,0.5857142857142857,1.0,0.19,0.0,0.19,0.0,0.0,1.5978,0.0,5.6875,1.726622625,0
5910,P28335:Q9NZC9,-0.2125056412323099,0.1001172438672438,0.2261904761904762,0.5479437229437231,0.19,0.0,0.19,0.0,0.0,2.416,0.0,1.1757,0.539693328,0
5912,Q9H410:Q9ULZ3,0.3113986587765943,0.1128137257655329,0.4263558201058202,0.8919191919191919,0.54,0.0,0.54,0.0,0.0,2.416,0.0,1.5818,2.063679552,0
5914,P61758:P62070,0.2664459419028203,0.1687499999999999,0.3122448979591837,0.6587024087024087,3.45,2.59,3.45,0.5125,0.6153,2.013,0.0,3.9008,8.5427429503878,0
5916,P25786:P40306,0.4376570727276003,0.3108974358974359,0.8666836734693878,0.8873015873015873,80.27,0.0,80.27,3.7695,13.3811,1.5978,24.11,9.4687,1476858.2418383,1
5917,O60844:Q9UBY9,-0.0715671606860413,0.1035631035631035,0.3458333333333334,0.9833333333333332,0.54,0.0,0.54,0.0,0.0,2.013,0.0,2.7714,3.012567228,0
5918,P25786:Q86YT9,-0.0088231891437719,0.1635912698412698,0.5416666666666666,0.8333333333333334,0.54,0.0,0.54,0.0,0.0,1.5978,0.0,0.6915,0.596634498,0
5919,P08473:Q96SL4,0.4437542485046782,0.2291666666666666,0.3,0.7880952380952381,0.0,0.0,0.0,0.0,0.0,2.013,0.0,2.1077,4.2428001,0
5920,Q15906:Q8IZ08,0.3238801593225179,0.3333333333333333,0.2142857142857142,0.7222222222222222,0.19,0.0,0.19,0.0,0.0,1.5978,0.0,0.7126,0.2163325332,0
5921,Q6P1N9:Q92564,0.5795841466453231,0.0762527233115468,0.3703703703703704,0.9047619047619048,0.0,0.0,0.0,0.0,0.0,1.5978,0.0,2.7714,4.42814292,0
5922,Q9Y314:Q9Y421,0.2201813834988367,0.125,0.6363636363636365,0.625,0.22,0.0,0.22,0.0,0.0,2.416,0.0,18.4426,9.802610752,0
5924,P04637:P48730,0.4423579969321949,0.1610958485958485,0.7329472329472329,0.6804525335775333,0.83,5.87789,5.87789,1.2535,0.6153,1.5978,5.86,2.7714,117.639170406269,1
5925,P26715:P52435,0.1361780773922424,0.0833333333333333,0.326882688268827,0.8311728395061728,0.94,0.0,0.94,0.0,0.0,0.9878,0.0,1.1757,1.0916750724,0
5927,P07988:P62273,0.0088558671441932,0.1777777777777777,0.4042176870748298,0.1964285714285714,0.19,0.0,0.19,0.0,0.0,1.1933,0.0,1.1757,0.2665629339,0
5928,P46527:Q6VMQ6,0.7365400339545212,0.725,0.6604166666666668,0.7231481481481481,0.0,0.0,0.0,0.0,0.0,2.416,5.86,2.7714,39.236816064,0
5929,P37231:Q8N7M2,0.0548373849802777,1.0,1.0,0.4112554112554112,0.15,0.0,0.15,0.0,0.0,2.416,0.0,1.1757,0.42607368,0
5931,O00203:P37173,0.6141175310680699,0.1641904049311456,0.8292181069958849,0.8005157205861432,0.23,6.73805,6.73805,1.0145,0.6153,2.416,181.01,3.9008,7175.07389364252,0
5932,A6ND01:Q96IR7,-0.1482641646516946,0.1428571428571428,0.2,0.1619047619047619,0.0,0.0,0.0,0.0,0.0,2.416,0.0,1.5818,3.8216288,0
5933,P43080:Q7RTV0,-0.1059892576300359,0.1017217630853994,0.307312925170068,0.7589285714285714,0.0,0.0,0.0,0.0,0.0,0.9878,0.0,1.1757,1.16135646,0
5935,P28065:Q9Y5P6,0.3829171685721633,0.1051123479694908,0.5357142857142857,0.7133333333333333,0.0,0.0,0.0,0.0,0.6153,1.5978,0.0,5.6875,5.59153105875,0
5937,A8MZ26:Q15118,0.0288868181293743,0.1070294784580498,0.1928571428571428,0.1361531986531986,0.19,2.59,2.59,0.0,0.0,2.013,0.0,0.4364,2.275245588,0
5938,P05155:Q13330,0.321925277256034,0.0966264128028834,0.3365384615384615,0.89004329004329,0.17,0.0,0.17,0.0,0.0,2.416,0.0,1.1757,0.482883504,0
5939,P61218:Q00403,0.2907950819125799,0.3802327137148565,0.6748015873015872,0.2053159628631327,4.05,0.0,4.05,1.2535,0.0,2.013,69.61,9.4687,6735.73708435568,1
5940,O75884:P48039,-0.1371994273655828,0.1124603174603174,0.3214285714285714,0.8078231292517006,0.0,0.0,0.0,0.0,0.0,1.5978,0.0,1.5818,2.52740004,0
5941,P01911:Q5VWW1,-0.1463793981010625,0.1759259259259259,0.2583333333333333,1.0,0.68,3.84,3.84,0.0,0.0,0.9878,0.0,0.4364,1.6553315328,0
5943,P06703:Q969V1,-0.2104142753420801,0.5,1.0,0.1428571428571428,0.15,3.51,3.51,0.0,0.0,2.416,0.0,1.5818,13.413917088,0
5944,P07900:Q9BY15,-0.19734129831539,0.2222222222222222,0.7071428571428572,0.1666666666666666,0.41,3.66,3.66,0.0,0.0,2.013,0.0,0.8888,6.548305104,0
5945,Q15018:Q9NXR7,0.1970315113464809,0.2028966131907308,0.4317972350230412,0.875,54.04,0.0,54.04,1.2535,0.0,2.416,0.0,3.9008,638.396198945792,1
5949,P33991:P49736,0.9227821627743572,0.2315870726280942,0.6154320987654321,0.8284920634920635,60.92,0.0,60.92,2.3254,400.8352,2.416,181.01,38.174,947961245.949589,1
5950,P62195:P62333,0.6931910739195004,0.36639325586694,0.8288253968253969,0.94182769726248,282.86,0.0,282.86,1.7092,158.1204,0.0,24.11,45.2798,83455321.7406841,1
5951,Q6PKH6:Q92685,0.6800496156506844,0.1027777777777777,0.24,0.0955840455840456,0.0,0.0,0.0,0.0,0.0,1.1933,0.0,0.0,1.1933,0
5954,P43235:Q96PF1,-0.0329923042705139,0.0,0.0,0.9246753246753248,0.54,2.59,2.59,0.0,0.0,2.416,0.0,0.7126,4.459051744,0
5955,Q8N5F7:Q9BRI3,-0.364527000349162,0.0856969419469419,0.3026041666666667,0.9444444444444444,0.62,0.0,0.62,0.0,0.0,2.013,0.0,0.7126,0.889367556,0
5956,Q8TEQ0:Q9UJY1,0.0006664875940331,0.0,0.0,0.2424382716049382,0.44,3.84,3.84,0.0,0.0,2.416,0.0,1.5818,14.675054592,0
5957,P15313:Q92585,-0.0340510512107057,0.1399884066550733,0.4601010101010101,0.85,0.41,0.0,0.41,0.0,0.0,1.1933,0.0,2.1077,1.0311985481,0
5959,P09038:Q9BZZ5,0.4848190257928322,0.2805555555555555,0.3814814814814815,0.725,52.16,0.0,52.16,0.0,0.0,2.013,5.86,2.1077,1296.84409584576,1
5961,P14678:Q9NZ63,0.4289939911824658,0.540625,0.6047619047619047,0.7222222222222222,0.26,0.0,0.26,0.5125,0.0,2.416,0.0,3.9008,1.2557923456,0
5963,P02763:Q99873,-0.2395986876206914,0.1353704455266955,0.4494505494505493,0.604561403508772,0.15,0.0,0.15,0.5125,0.0,1.5978,0.0,1.1757,0.1444122597375,0
5964,P01909:Q8IWL3,0.3052769705392866,0.1763636363636363,0.3125,0.934375,0.24,0.0,0.24,0.0,0.0,1.5978,0.0,1.1757,0.4508480304,0
5966,P68431:Q9Y5B9,0.2767387290914313,0.2664399092970521,0.8701754385964913,0.8194444444444445,21.37,0.0,21.37,1.7951,9.7902,2.013,24.11,2.7714,50515.5319783001,1
5968,P0CG48:P60604,0.4630101182141292,0.3762820512820513,0.6000000000000001,0.7924836601307189,869.75,0.0,869.75,0.0,9.7902,1.1933,0.0,0.0,10160.981062785,1
5969,Q5T0T0:Q9H0R8,-0.0116065732297593,0.1304040404040403,0.3051282051282051,0.9638694638694636,0.83,0.0,0.83,0.0,0.0,2.013,0.0,3.9008,6.517417632,0
5971,O75150:Q9UK45,0.4579167102265592,0.0939393939393939,0.3502801120448179,0.9631782945736432,0.71,3.84,3.84,0.5125,0.0,1.5978,0.0,2.7714,8.71458526656,0
5973,P00167:P14678,-0.1003105906403452,0.0752869352869352,0.3582622601279318,0.9495370370370372,0.15,3.84,3.84,1.2535,0.0,2.416,0.0,2.7714,32.229361760256,0
5975,P46527:Q9NR55,0.228363184962523,0.3473624108734403,0.4854497354497354,0.8926954732510288,0.0,0.0,0.0,0.0,0.0,2.416,0.0,0.7126,1.7216416,0
5977,P04085:Q9NQS1,0.68697168862697,0.1553030303030303,0.5,1.0,0.24,0.0,0.24,0.0,0.0,2.013,0.0,1.1757,0.568004184,0
5978,O43505:Q15436,-0.1135025482913512,0.1058922558922558,0.2634057971014492,0.965714285714286,0.17,0.0,0.17,0.0,0.0,2.013,0.0,2.1077,0.721276017,0
5979,P0CW18:Q5QNW6,-0.0989859098079052,0.0,0.3666666666666667,0.1216931216931216,0.22,3.51,3.51,0.0,0.0,2.013,0.0,1.1757,8.307061191,0
5982,P54727:Q96IV0,0.3639640681856301,0.1424836601307189,0.675,0.9063492063492063,10.53,2.60197,10.53,1.7951,225.1333,2.416,2.07,18.4426,392505.889596549,1
5987,Q7L576:Q8WUW1,0.7876392070772664,0.2674488390397481,0.6435897435897436,0.9837962962962964,0.0,0.0,0.0,0.0,0.6153,2.013,0.0,2.7714,3.43265299146,1
5988,O95677:Q9NVM4,0.0368576952055659,0.2472892187177901,0.4666666666666667,0.436671335200747,0.8,0.0,0.8,0.0,0.0,2.013,0.0,1.5818,2.54733072,0
5989,P04908:Q99961,-0.0365605133726056,0.1719576719576719,0.1882936507936508,0.9791666666666666,0.94,0.0,0.94,0.0,0.0,2.416,0.0,1.5818,3.592331072,0
5990,Q8NC69:Q92503,0.3690003748308412,0.1386904761904762,0.6571428571428571,0.7083333333333334,0.62,0.0,0.62,0.0,0.0,2.416,0.0,1.5818,2.369409856,0
5991,Q9P0N9:Q9ULX5,0.0936616457543626,0.1333669108669108,0.3594516594516594,0.8242063492063492,0.23,0.0,0.23,0.0,0.0,2.013,0.0,1.5818,0.732357582,0
5993,P62826:Q9HCJ3,-0.0860909890330958,0.0,0.6,1.0,0.83,0.0,0.83,0.0,0.0,0.993,0.0,1.5818,1.303703742,0
5994,P60174:Q8IZU8,0.3624871944037049,0.1369047619047619,0.2,0.1587301587301587,0.0,0.0,0.0,0.0,0.0,0.0,0.0,1.1757,1.1757,0
5995,P56746:Q15910,0.2034358007197798,0.1446340696340696,0.3676767676767676,0.7491791959533893,2.49,0.0,2.49,1.7092,0.0,2.416,0.0,1.1757,12.0888692220096,0
5997,Q06265:Q9H5X1,0.2313183276979725,0.205,0.6714285714285715,0.9733333333333332,0.23,0.0,0.23,0.0,0.0,1.5978,0.0,9.4687,3.4796904378,0
5998,P28331:Q99767,0.0217203025394485,0.1016414141414141,0.1807936507936507,0.9487179487179488,0.62,5.22,5.22,0.0,0.0,2.013,0.0,1.1757,12.354091002,0
5999,Q86UY6:Q8N660,0.6284567117371214,0.0,0.5,0.0,0.19,3.84,3.84,0.0,0.0,0.993,0.0,1.5818,6.031593216,0
6001,Q9NST1:Q9UBX5,-0.0746020576749327,0.1374716553287981,0.3535714285714286,0.183743842364532,0.0,0.0,0.0,0.0,0.0,2.416,0.0,1.1757,2.8404912,0
6002,Q14249:Q9NYB9,-0.0818180004095686,0.1195618484080022,0.2922222222222222,0.9787558685446008,0.54,5.24327,5.24327,0.0,0.0,1.5978,0.4,1.1757,3.93986325392568,0
6005,P62807:Q7Z494,0.0903018521267727,0.0956508306508306,0.475,1.0,2.32,0.0,2.32,0.5125,0.0,2.013,0.0,1.1757,2.8139873949,0
6006,Q8WUX2:Q92597,-0.1916133069009873,0.1028499278499278,0.4436974789915966,0.1362342638204707,0.0,0.0,0.0,0.0,0.0,2.013,0.0,1.5818,3.1841634,0
6008,P80098:Q86VP1,0.1402041707966568,0.1481195887445887,0.3375,0.9722772277227724,0.83,0.0,0.83,0.9127,0.0,2.416,0.0,1.1757,2.1517885441392,0
6009,P63316:Q16612,-0.067735653973198,0.1275252525252525,0.5,1.0,0.0,0.0,0.0,0.0,0.0,1.1933,0.0,2.1077,2.51511841,0
6010,O43809:Q16630,0.8099311796961871,0.7196918767507002,0.5263440860215054,0.8957516339869284,263.49,2.59,263.49,0.0,15.4815,2.013,5.86,45.2798,2178828.59033158,1
6011,O60603:Q16543,0.1150332801412862,0.1638888888888889,0.5004504504504504,0.9915254237288136,2.49,3.52956,3.52956,0.0,0.0,2.416,5.86,1.1757,58.7505089424499,0
6013,Q30154:Q8N135,0.1088078483467129,0.1341269841269841,0.3333333333333333,0.0,2.31,2.59,2.59,0.0,0.0,0.993,0.0,0.8888,2.285878056,0
6014,Q5VZV1:Q8NET6,0.0477104928495544,0.1388888888888889,0.35,0.3119047619047619,0.41,0.0,0.41,0.0,0.0,2.416,0.0,1.5818,1.566867808,0
6017,Q9Y242:Q9Y294,0.5273454295012109,0.0778783716283716,0.4090909090909091,0.9416666666666668,0.68,3.29623,3.29623,0.5125,0.0,1.1933,0.89,2.1077,3.78146269410157,0
6018,P34972:P49746,-0.046858879931549,0.1645833333333333,0.375,0.611111111111111,0.15,0.0,0.15,0.0,0.0,2.416,0.0,0.7962,0.28854288,0
6019,P05019:Q9UHA3,0.3582217390987751,0.2,0.2749999999999999,0.875,0.24,0.0,0.24,0.0,0.0,0.0,0.0,1.1757,0.282168,0
6020,C9JPN9:Q9UHD2,0.0,0.1057760674542681,0.9020833333333332,0.1221021000276319,11.64,0.0,11.64,0.5125,0.0,2.416,0.0,0.4364,6.2896795872,0
6021,A6NGN4:P62312,0.0,0.0927489177489177,0.3057539682539682,0.1640070921985815,0.64,0.0,0.64,0.0,0.0,0.9878,0.0,0.0,0.632192,0
6022,Q70EK9:Q9ULB5,0.3420146434589949,0.1556547619047619,0.1423611111111111,0.3253968253968253,3.17,0.0,3.17,0.0,0.0,2.013,0.0,1.1757,7.502388597,0
6023,O75521:P34910,-0.2652927024017531,0.0638937086305507,1.0,1.0,0.0,0.0,0.0,0.0,0.0,1.5978,0.0,1.1757,1.87853346,0
6026,P16050:Q9BUZ4,-0.0745783075605265,0.1606421356421356,0.4690476190476191,0.9633968253968256,0.94,3.51,3.51,0.0,0.0,2.013,0.0,1.1757,8.307061191,0
6027,P86452:Q92558,-0.0830779025796793,0.0932900432900433,0.2816666666666666,0.861111111111111,0.54,0.0,0.54,0.0,0.0,2.013,0.0,1.1757,1.278009414,0
6029,P78396:Q92560,0.748083324792842,0.1633663827212214,0.5714285714285714,0.667037037037037,0.34,6.7087,6.7087,0.0,0.0,0.0,0.89,1.1757,7.0198025451,0
6031,Q8NFQ5:Q9NR50,0.03890533864272,0.0,0.3375,0.2005952380952381,0.15,0.0,0.15,0.0,0.0,2.013,0.0,0.5954,0.17978103,0
6034,P29803:P40616,-0.0400196368247996,0.1534391534391534,0.2767857142857142,0.3997222222222222,0.36,0.0,0.36,0.0,0.6153,2.013,0.0,0.5954,0.2654862426216,0
6037,P53803:Q9UKP6,-0.0072191896966812,0.0917532467532467,0.3611111111111111,0.1458333333333333,0.15,0.0,0.15,0.0,0.0,0.993,0.0,0.6688,0.09961776,0
6039,P04234:Q9BXF6,-0.0727334759153396,0.1165242165242165,0.1777529761904762,0.888888888888889,0.41,3.84,3.84,0.0,0.0,2.416,0.0,0.8888,8.245788672,0
6040,P61326:Q9NZ63,0.4605758980647629,0.540625,0.6047619047619047,0.7222222222222222,0.15,0.0,0.15,0.0,0.0,0.0,0.0,9.4687,1.420305,0
6041,P12004:P40938,0.9597649987452328,0.2853893994244871,0.9333333333333336,0.6518440709617179,54.04,3.52956,54.04,0.5125,30.1977,2.013,105.17,38.174,6759061.4421402,1
6042,P01920:Q92966,0.1787124762797001,0.0878787878787878,0.4470588235294118,0.8090811965811966,0.41,3.84,3.84,0.0,0.0,1.5978,0.0,1.1757,7.2135684864,0
6044,Q7L804:Q9Y2X0,0.6187289460426139,0.0818321078431372,0.5466666666666666,0.7666666666666666,0.94,0.0,0.94,0.0,0.0,2.416,0.0,1.1757,2.670061728,0
6045,Q6RSH7:Q9P2S5,0.3754065040302936,0.0,0.0,1.0,0.41,0.0,0.41,1.2535,0.0,1.5978,0.0,1.1757,0.9654440937651,0
6047,P42285:Q9UN79,0.6129252269324792,0.1017293312747858,0.5666666666666668,0.6533635676492818,0.54,0.0,0.54,0.0,0.0,2.013,0.0,1.5818,1.719448236,0
6048,Q8NC69:Q96EB1,0.7735675618518737,0.0759048821548821,0.35,0.6785714285714286,0.41,0.0,0.41,0.0,0.0,2.416,0.0,2.7714,2.745237984,0
6051,P34998:Q9HAQ2,-0.0164896544398293,0.1424603174603174,0.232312925170068,0.945162835249042,0.64,3.84,3.84,0.0,0.0,2.013,0.0,2.1077,16.292352384,0
6052,O43915:P36941,0.2742169343425051,0.1648412698412698,0.7,0.875,0.15,0.0,0.15,0.0,0.0,2.416,0.0,1.1757,0.42607368,0
6053,P10747:P27986,-0.0258285575516953,0.180556262909204,0.8759037378392217,0.948304178814383,0.15,20.6262,20.6262,4.0064,3.1392,2.416,10.8,3.9008,26403.8275010616,1
6055,P12645:Q9HAU4,0.1215315047395763,0.1548520923520923,0.4580459770114942,0.779861111111111,0.54,0.0,0.54,0.0,0.0,2.013,0.0,0.8888,0.966143376,0
6057,Q6DKJ4:Q6UUV9,-0.1564298750650788,0.1227380952380952,0.5266666666666666,0.1016414141414141,0.41,0.0,0.41,0.0,0.0,2.013,0.0,1.5818,1.305506994,0
6058,Q00059:Q96GQ7,0.7404300192646488,0.1611111111111111,0.5,0.2966269841269841,0.23,3.51,3.51,0.0,0.0,2.013,0.0,18.4426,130.308587838,0
6059,P13232:P61604,0.2762164118399918,0.2005555555555555,0.2444444444444444,0.7423611111111112,0.0,0.0,0.0,0.0,0.0,0.993,0.0,1.1757,1.1674701,0
6060,P01374:P02489,-0.0273987301251338,0.1849567099567099,0.4361111111111111,0.9843896713615023,0.44,0.0,0.44,0.0,0.6153,2.416,0.0,2.1077,1.3786223567424,0
6061,P29279:P62701,0.2850236323229524,0.1960737179487179,0.3822023809523809,0.7369565217391304,0.94,2.59,2.59,3.5815,0.0,2.013,0.0,2.7714,51.749684583597,0
6065,Q5JTC6:Q9H492,0.0680939938502356,0.1141281233386496,0.4902263374485596,0.9188888888888888,0.17,5.43,5.43,0.0,0.0,2.013,0.0,1.1757,12.851094663,0
6066,P06400:Q3MII6,0.5331225753452343,0.1636363636363636,0.3333333333333333,0.9285714285714284,1.22,3.51,3.51,0.0,0.0,2.416,0.0,0.6915,5.86403064,0
6067,P51956:Q15906,0.4172300794445843,0.1856746031746032,0.2804713804713805,0.8708333333333332,0.54,0.0,0.54,0.5125,0.6153,2.013,0.0,2.1077,0.722482138998427,0
6068,P43628:Q8WU43,-0.1112374580784253,0.0,0.0,0.875,0.0,0.0,0.0,0.0,0.0,1.5978,0.0,0.8888,1.42012464,0
6069,O14653:P48431,-0.3687445049954586,0.09055441752053,0.7730392156862745,0.5594920634920634,0.54,0.0,0.54,4.0064,0.0,1.5978,0.0,1.5818,5.46791878093824,0
6071,Q9NQE7:Q9UQB8,0.0148213534945046,0.0980673566199882,0.1366891315754952,0.1631924198250728,0.17,3.51,3.51,0.0,0.0,2.013,0.0,1.5818,11.176413534,0
6074,O94989:Q6UVJ0,0.0002024154262938,0.125,0.3114583333333333,1.0,0.8,2.59,2.59,0.0,0.0,2.416,0.0,0.7749,4.848890256,0
6076,P01889:Q9BTV7,-0.0345452482634607,0.2083333333333333,0.0,0.0,0.41,7.37,7.37,0.0,0.0,0.9594,0.0,0.8888,6.2845074864,0
6077,O95983:P78316,0.3795923131072901,0.095299938157081,0.5185185185185185,0.425,0.68,0.0,0.68,0.5125,0.0,2.416,0.0,9.4687,7.9724181512,0
6079,P60866:P62249,0.931195978956651,0.5594877344877344,0.7003759398496241,0.5625,80.27,0.0,80.27,4.0064,15.4815,2.013,24.11,38.174,9224211.70103688,1
6080,O14948:O75558,0.4616731578656702,0.1124603174603174,0.2866666666666667,0.993798449612403,0.0,0.0,0.0,0.0,0.0,2.416,0.0,9.4687,22.8763792,0
6083,P08253:Q99593,0.1255949133537783,0.2237257501408444,0.475170068027211,0.6027777777777777,1.05,0.0,1.05,0.0,0.0,2.416,0.0,5.6875,14.42805,0
6084,P28223:Q92698,-0.0451906415645028,0.2091279932189023,0.3444444444444444,0.3612990810359231,0.41,0.0,0.41,0.0,0.0,2.013,0.0,1.5818,1.305506994,0
6086,P49005:P55089,-0.0725570740306013,0.0784960750034279,0.4222222222222223,0.3633333333333333,0.24,0.0,0.24,0.0,0.0,1.5978,0.0,1.1757,0.4508480304,0
6087,Q13503:Q96PS8,-0.1510437612491728,0.1185425685425685,0.3158263305322129,0.7680860805860805,0.98,0.0,0.98,0.0,0.0,2.013,0.0,0.5954,1.174569396,0
6088,Q13098:Q8N3J9,0.4352470027257161,0.1055555555555555,1.0,0.6444444444444445,0.41,0.0,0.41,0.0,0.0,1.1933,0.0,2.1077,1.0311985481,0
6089,P01850:Q9H9L4,0.3558338889228184,0.125,0.4184523809523809,0.0,0.15,0.0,0.15,0.5125,0.0,2.013,0.0,0.0,0.154749375,0
6090,P24855:Q5J8M3,0.1161869378206323,0.2424242424242423,0.2571428571428571,0.7714285714285715,0.0,0.0,0.0,0.5125,0.0,2.013,0.0,1.1757,1.21292560125,0
6092,Q09013:Q6NZY4,0.2790982196190716,0.148015873015873,0.3575757575757575,0.8587662337662337,0.19,5.22,5.22,1.0145,0.6153,2.416,0.0,0.7962,6.26799400845589,0
6093,P08133:P25103,0.3296260207099962,0.1447802197802197,0.6554421768707483,0.7759259259259258,0.19,0.0,0.19,0.0,0.0,2.416,24.11,1.1757,13.01200613808,0
6094,O95298:Q8IUN9,-0.072304104377556,0.112797619047619,0.625,0.9125,0.68,0.0,0.68,0.0,0.0,2.416,0.0,0.8888,1.460191744,0
6096,P61313:Q9Y3C1,0.4750873842449963,0.125,0.4599999999999999,1.0,0.15,0.0,0.15,0.5125,0.0,1.5978,0.0,18.4426,2.265320695275,0
6098,O95863:Q96PE7,0.2866747716171544,0.0944444444444444,0.5714285714285714,0.7642857142857142,0.68,0.0,0.68,0.0,0.6153,1.5978,0.0,0.6688,0.44711012941056,0
6099,Q00597:Q9H252,0.0119044416204306,0.0958333333333333,0.2777777777777777,0.0833333333333333,0.41,0.0,0.41,0.0,0.0,2.416,0.0,1.5818,1.566867808,0
6102,P14784:P40933,0.4323388571060787,0.2130583574131961,0.5142857142857142,0.738095238095238,52.16,0.0,52.16,0.9127,0.0,2.416,2.07,3.9008,928.723837278339,1
6103,P59998:Q9H293,-0.0640808416718908,0.0912433155080214,0.5,0.3333333333333333,0.15,0.0,0.15,0.0,0.0,0.9878,0.0,1.1757,0.174203469,0
6105,Q8NEQ6:Q9Y6X1,-0.4667125413660571,0.0857409684332761,0.2585714285714285,1.0,0.0,0.0,0.0,0.0,0.0,1.1933,0.0,1.1757,1.40296281,0
6106,P08754:P48546,-0.010748767790402,0.2427896177896178,1.0,0.3878571428571428,1.55,4.94562,4.94562,0.0,0.6153,1.5978,24.11,0.541,63.4197537509922,0
6109,Q92830:Q9NYK5,0.1497923059745075,0.2,0.2537878787878788,0.25,0.26,0.0,0.26,0.0,0.6153,2.416,0.0,2.1077,0.8146404835296,0
6111,P12643:P50914,0.2615798178129385,0.1967592592592592,0.3918650793650793,0.6176470588235294,0.24,0.0,0.24,2.0764,0.0,1.5978,0.0,1.5818,1.25949442633344,0
6112,P28300:Q8TAT6,0.2265836227579187,0.1324074074074074,0.3294871794871795,0.8346153846153845,0.54,0.0,0.54,1.0145,0.0,2.013,0.0,1.5818,1.744380235422,0
6113,Q6ZYL4:Q8IX94,-0.1721224742443492,0.0883838383838383,0.375,0.0,0.41,0.0,0.41,0.0,0.0,1.1933,0.0,0.4364,0.2135100092,0
6115,P08754:Q01718,-0.0436079923387161,0.7083333333333334,0.9285714285714286,0.7638888888888888,8.98,3.66,8.98,0.0,0.0,0.0,0.0,0.7126,6.399148,0
6116,Q9H5V9:Q9HCG8,0.9005893353368593,0.0791666666666666,0.4684523809523809,0.875,0.0,0.0,0.0,0.0,0.0,2.013,0.0,3.9008,7.8523104,0
6117,Q5VZM2:Q9UI09,0.2508167003235679,0.1430555555555555,0.3357142857142857,0.78125,0.22,0.0,0.22,0.0,0.0,2.013,0.0,3.9008,1.727508288,0
6118,Q7Z6J4:Q9H6Z9,-0.109079550486601,0.1104577521244187,0.7000000000000001,0.8680555555555557,0.0,2.59,2.59,0.0,0.0,2.416,0.0,1.1757,7.356872208,0
6120,Q3LI64:Q96RI0,0.0,0.1784992784992784,0.3461538461538461,0.2222222222222222,0.0,0.0,0.0,0.0,0.0,0.0,0.0,2.7714,2.7714,0
6122,P61960:Q14956,0.4143009508903251,0.1538690476190476,0.3119047619047618,0.6354166666666666,1.05,0.0,1.05,0.9127,0.0,0.993,0.0,1.5818,1.505283042879,0
6124,P22736:Q9P086,0.1262728056706575,0.5256578947368421,0.3222222222222222,0.8944444444444444,0.54,3.51,3.51,0.0,0.0,2.013,0.0,0.7126,5.034967938,0
6125,Q8IXL7:Q9UNK0,0.614689510483802,0.1142857142857142,0.2681547619047619,0.9653455284552848,0.15,0.0,0.15,0.0,0.0,1.1933,0.0,2.1077,0.3772677615,0
6126,P47871:P62753,-0.2362707681051659,0.1599206349206349,0.4130952380952382,0.2754385964912281,0.23,0.0,0.23,3.5815,0.0,1.5978,0.0,1.5818,2.0819331459498,0
6129,P54619:Q86VB7,0.2878254602252361,0.1714285714285714,0.685897435897436,0.8125,0.62,0.0,0.62,0.0,0.0,2.416,0.0,1.1757,1.761104544,0
6130,O75364:Q99719,-0.0914239823767532,0.2169642857142857,0.2331349206349206,0.1939393939393939,0.62,0.0,0.62,0.5125,0.0,2.416,0.0,5.6875,4.36620275,0
6131,Q13569:Q9P0Z9,-0.2105197304953996,0.0888888888888888,0.2777777777777778,0.2571428571428571,0.22,0.0,0.22,0.0,0.0,2.013,0.0,0.8888,0.393613968,0
6132,P20309:P62873,0.0722475075450851,0.4726220538720538,0.3565535124941067,0.8865740740740741,52.16,6.7087,52.16,2.409,0.0,1.5978,181.01,2.1077,76596.3656083026,1
6133,B6SEH8:Q16543,0.2030337004868759,0.0,0.4869369369369369,0.0,0.0,0.0,0.0,0.0,0.0,0.993,0.0,0.8888,0.8825784,0
6134,O60243:Q9HAW0,0.1672755526747556,0.104076479076479,0.2285714285714285,0.4805555555555556,0.0,0.0,0.0,0.0,0.0,2.416,0.0,1.5818,3.8216288,0
6138,Q01658:Q8NFU5,0.7487456683139114,0.0967676767676767,0.8142857142857143,0.1885802469135802,0.0,0.0,0.0,0.0,0.0,2.013,0.0,5.6875,11.4489375,0
6139,P51157:Q75LS8,0.0854946939232114,0.0,0.2,0.1666666666666666,0.57,0.0,0.57,0.0,0.6153,2.013,0.0,0.4364,0.3080989991772,0
6140,P28223:Q14515,0.4409071496773346,0.4583333333333333,0.3666666666666667,0.5416666666666666,0.58,0.0,0.58,0.0,0.0,2.416,0.0,1.5818,2.216544704,0
6141,Q16630:Q96F07,0.1396647149360768,0.1030014103543515,0.3953703703703703,0.7,0.0,0.0,0.0,0.9127,0.0,2.416,0.0,5.6875,12.5414107,0
6144,P01116:P02647,-0.2246602545642609,0.1206234625589464,0.4370238095238095,0.777088948787062,0.54,0.0,0.54,0.0,0.0,1.5978,10.8,1.1757,10.95560713872,1
6145,O75628:Q15126,0.1422616796838253,0.0668367346938775,0.375,0.3420138888888889,0.63,0.0,0.63,0.0,0.0,2.013,0.0,0.7962,1.009732878,0
6147,P23759:Q15070,-0.3081031111719999,0.1139804639804639,0.2166666666666667,0.6153846153846154,0.17,0.0,0.17,0.0,0.0,2.013,0.0,0.7126,0.243858846,0
6149,Q96K19:Q9NUG6,0.4067063725958239,0.1944444444444444,0.181547619047619,1.0,3.02,0.0,3.02,0.0,0.0,2.013,0.0,1.1757,7.147385982,0
6150,P22681:P32245,-0.1397519492737566,0.2140231681898348,0.9047619047619048,0.5381944444444443,0.62,0.0,0.62,0.0,0.0,2.416,0.0,1.1757,1.761104544,0
6151,P31947:Q9NZD4,-0.0373825650573904,0.2019047619047619,0.625,1.0,0.71,0.0,0.71,0.0,0.6153,1.5978,0.0,1.1757,0.82066176293598,0
6152,Q5VZV1:Q9UNE7,0.3955485815267354,0.1106317293817293,0.4738888888888888,0.8448388203017833,0.63,0.0,0.63,0.0,0.0,2.013,0.0,1.1757,1.491010983,0
6153,P25787:P28065,0.6893694481720355,0.3842105263157895,0.8607469015003263,0.911027568922306,80.27,0.0,80.27,2.3588,9.7902,1.5978,24.11,9.4687,676154.480289997,1
6154,P42677:Q86SG2,0.2552361401722589,0.0969742063492063,0.4366666666666666,0.9457142857142856,0.29,0.0,0.29,0.0,0.6153,1.1933,0.0,1.1757,0.25034047492797,0
6155,A6NNB3:O95971,-0.0508168938297416,0.1015662699873226,0.8333333333333333,0.0,0.63,0.0,0.63,0.0,0.0,1.5978,0.0,1.1757,1.1834760798,0
6156,P26022:Q9H4B4,0.0539423395328756,0.1271034521034521,0.3401960784313725,0.6330645161290323,0.94,0.0,0.94,0.0,0.0,2.416,0.0,3.9008,8.858872832,0
6157,P62269:P62913,0.931243614456706,0.3308206413469571,0.6087797619047619,0.8271103896103899,0.0,0.0,0.0,2.0764,15.4815,1.1933,24.11,45.2798,41876.9851752358,1
6159,Q16651:Q5JS54,0.0278643421802231,0.1111111111111111,0.3333333333333333,0.5,0.34,0.0,0.34,0.0,0.0,2.013,0.0,1.5818,1.082615556,0
6160,P12814:Q9NPC6,-0.0551923804103778,0.1695028011204482,0.7333333333333333,0.9083333333333332,0.41,0.0,0.41,0.0,0.6153,2.416,0.17,1.1757,0.121818470204592,1
6161,P22681:P78333,-0.0842373856039354,0.2055555555555555,0.4252279635258357,1.0,0.24,0.0,0.24,0.0,0.0,2.416,0.0,1.1757,0.681717888,0
6163,P08631:Q9H270,-0.0593537056830528,0.1605772151824783,0.271701982228298,0.931687242798354,0.83,3.51,3.51,0.9127,0.6153,2.013,0.0,1.5818,6.27649848276605,0
6164,Q9BYL1:Q9NVM4,0.6701210014208916,0.0913142413142413,0.238095238095238,0.0,0.19,0.0,0.19,0.0,0.0,2.013,0.0,2.1077,0.806132019,0
6165,Q9HD33:Q9ULJ7,0.4703086387030366,0.1,0.25,0.25,3.44,2.59,3.44,0.0,0.0,2.013,0.0,2.7714,19.191169008,0
6166,P08729:Q9BYC9,0.1197023187087621,0.125,0.2175662878787878,0.425,0.54,0.0,0.54,0.0,0.0,1.1933,0.0,1.5818,1.0192834476,0
6167,P62306:P62308,0.9455767083771818,0.6875850340136054,0.459054834054834,0.903125,292.74,0.0,292.74,1.7951,0.6153,1.5978,69.61,38.174,1372838.18448701,1
6168,P14635:Q9H1A4,0.8149390590774908,0.1792809042809043,0.7125,0.3333333333333333,0.54,5.24327,5.24327,0.0,0.6153,2.416,24.11,9.4687,1779.40019731021,1
6169,P50990:Q2M1P5,0.3162932716909024,0.1851851851851852,0.4083333333333334,0.6724537037037037,0.19,0.0,0.19,0.0,0.6153,2.013,0.0,1.1757,0.2766819380787,0
6170,P09132:P09496,0.6208397776843334,0.1878787878787879,0.5546368775820831,0.824074074074074,0.41,0.0,0.41,0.0,0.0,2.013,0.0,5.6875,4.694064375,0
6172,Q5XKE5:Q9UI95,-0.0370027825098047,0.1052796562411947,0.362121212121212,0.976388888888889,0.41,0.0,0.41,0.0,0.0,2.013,0.0,1.1757,0.970340481,0
6173,Q13601:Q6PHW0,0.106060786103035,0.0961538461538461,0.7948717948717949,0.3611111111111111,0.8,0.0,0.8,0.0,0.0,1.5978,0.0,1.1757,1.502826768,0
6177,Q9BQ61:Q9NY12,0.6774097058996305,0.1571428571428571,0.0,0.7884615384615384,0.63,5.43,5.43,0.0,0.0,1.1933,0.0,3.9008,25.2756977952,0
6182,P61956:Q9HC62,0.6603160857121514,0.1938453703159585,0.5537037037037037,0.8863287250384024,292.74,0.0,292.74,0.9127,3.1392,0.0,5.86,9.4687,46539.0032581737,1
6183,Q8WVF1:Q9Y6M9,0.2086113003637022,0.1027332144979203,0.2023809523809523,0.25,0.0,0.0,0.0,0.0,0.0,2.013,0.0,1.1757,2.3666841,0
6185,P24928:Q9BTT4,0.529414870734923,0.1673202614379084,0.6333333333333333,0.8632478632478632,0.54,0.0,0.54,0.0,81.5138,2.416,2.07,1.5818,348.212009890242,1
6186,P62847:P84098,0.931387311919636,1.0,0.6576719576719576,0.5192307692307693,0.54,0.0,0.54,2.3254,15.4815,2.013,24.11,45.2798,42721.8401037159,1
6188,O00590:Q15942,0.1143165787408686,0.1896374458874459,0.3416666666666667,0.953030303030303,0.17,0.0,0.17,0.0,0.0,2.416,0.0,1.1757,0.482883504,0
6190,Q12834:Q9UQ07,0.368536738477857,0.4185606060606061,0.3299999999999999,0.1381613756613756,0.94,5.70543,5.70543,0.0,0.6153,2.013,0.89,2.1077,13.2561641574423,0
6191,P30153:Q86YW0,-0.0793650547920962,0.2374338624338624,0.50625,0.1346938775510203,0.63,2.59,2.59,0.0,0.0,2.013,0.0,0.7126,3.715261242,0
6192,O00292:Q9BYD2,0.3337684941510211,0.1339285714285714,0.1811904761904762,0.2571428571428571,0.22,0.0,0.22,0.0,0.0,2.013,0.0,1.1757,0.520670502,0
6193,P50991:Q9NPI0,0.5928885710181685,0.1428571428571428,0.3999999999999999,0.0,0.0,0.0,0.0,0.0,0.0,1.1933,0.0,5.6875,6.78689375,0
6194,Q16548:Q9Y6I3,-0.147811577384711,0.149003774003774,0.6180451127819547,0.8666666666666668,0.15,0.0,0.15,0.0,0.0,2.416,0.0,0.8888,0.32210112,0
6196,Q8N960:Q96MW1,0.5224974118864604,0.0,0.5,1.0,1.52,0.0,1.52,0.0,0.0,2.416,0.0,3.9008,14.324985856,0
6199,Q13501:Q9GZQ8,0.3317098096548918,0.4860780423280422,0.6361111111111113,0.9676470588235296,5.21,2.60197,5.21,3.7695,5.2693,2.013,69.61,18.4426,267431.125312812,1
6201,O43665:Q9BQ04,0.1381603350708399,0.1392857142857143,0.5066666666666666,0.7780612244897959,0.15,0.0,0.15,0.0,0.0,2.416,0.0,1.1757,0.42607368,0
6202,P13861:Q92546,0.649445156672424,0.119047619047619,0.5,0.7460317460317459,0.0,0.0,0.0,0.0,0.0,2.416,0.0,2.7714,6.6957024,0
6203,Q3LI73:Q9H6Z9,0.0,0.0,0.7000000000000001,0.8680555555555557,0.0,0.0,0.0,0.0,0.0,0.0,0.0,0.8888,0.8888,0
6204,P22001:Q9NX24,0.179290948367462,0.0816374983041649,0.3043083900226758,0.5047619047619046,0.19,0.0,0.19,0.0,0.6153,1.5978,0.0,0.6688,0.12492783027648,0
6205,Q99471:Q9H2Z4,-0.0243026971301253,0.5416666666666666,0.6,0.3777777777777777,0.54,0.0,0.54,0.0,0.0,1.5978,0.0,0.7126,0.6148398312,0
6206,P06748:P13693,0.5980549559606174,0.4307498057498057,0.5109668109668111,0.8522727272727274,3.17,0.0,3.17,0.0,0.6153,2.013,0.0,18.4426,72.4122595118538,0
6207,P40616:Q8TEU8,0.2123369521329101,0.1166125541125541,0.5,0.5178571428571429,0.68,0.0,0.68,0.0,0.0,1.1933,0.0,0.5954,0.4831337576,0
6208,Q86UY6:Q96EY1,0.4247777437568464,0.1198946886446886,0.461959496442255,0.8011044176706826,0.41,5.43,5.43,0.0,0.0,2.416,0.0,5.6875,74.61363,0
6209,P34741:P54710,-0.0380498981332957,0.1125846375846375,0.473015873015873,0.5185714285714286,0.0,0.0,0.0,0.0,0.0,2.416,0.0,1.5818,3.8216288,0
6212,Q7RTT6:Q9BWJ2,0.5779359361908211,0.0,0.0,0.0,0.29,0.0,0.29,0.0,0.0,0.993,0.0,0.0,0.28797,0
6213,P57772:Q9ULP0,-0.1644967480286065,0.0772607810146509,0.4734848484848485,0.3333333333333333,2.14,0.0,2.14,0.0,0.0,2.013,0.0,1.1757,5.064703974,0
6215,Q9H5V9:Q9HCS7,0.8168732576270273,0.1022727272727272,0.7506802721088437,1.0,0.19,0.0,0.19,0.0,0.0,1.5978,0.0,3.9008,1.1842126656,0
6216,Q13158:Q96RU3,0.4020904761102042,0.5625,0.6770476190476191,0.9583333333333334,0.68,0.0,0.68,0.0,0.0,2.416,0.0,1.1757,1.931534016,0
6217,P01861:Q86UW1,0.1265143875730781,0.1107142857142857,0.65625,0.3392857142857143,0.15,0.0,0.15,0.0,0.0,2.013,0.0,0.4364,0.13177098,0
6218,P13984:Q9UPT9,0.3565640219731648,0.2930130385487528,0.275,0.6722056878306878,0.94,0.0,0.94,0.0,0.6153,2.416,0.0,3.9008,5.4508644535296,0
6219,Q96I34:Q99471,0.0642061499898352,0.0,0.4121212121212121,0.9879032258064516,1.99,0.0,1.99,0.0,0.6153,1.5978,0.0,2.1077,4.12354941976782,0
6220,O60934:Q96RE9,0.4187830460251693,0.1547619047619047,0.5142857142857143,0.4111111111111112,0.41,0.0,0.41,0.0,0.0,2.013,0.0,1.5818,1.305506994,0
6223,Q96QT6:Q9UJY1,0.0508938056085835,0.0747474747474747,0.48,0.9623015873015872,0.64,0.0,0.64,0.0,0.0,2.416,0.0,1.1757,1.817914368,0
6225,B7Z8K6:P07766,0.8190054962149173,0.1704367213982598,0.6864977614977614,0.0,0.19,3.84,3.84,0.5125,0.0,2.013,0.0,0.0,3.961584,1
6226,Q13501:Q14596,0.7134270323114124,0.4566666666666666,0.4034090909090908,0.936411149825784,80.27,5.24327,80.27,4.0064,3.3154,2.416,105.17,3.9008,1056783.42036978,1
6231,P40937:Q14190,-0.0005436137579378,0.086866211130917,0.7,0.4775,0.68,0.0,0.68,0.0,0.0,2.013,0.0,2.1077,2.885104068,0
6232,P80098:Q86V40,0.1241546508450843,0.2297619047619047,0.3888888888888888,0.2992063492063492,0.41,0.0,0.41,0.0,0.0,2.013,0.0,1.1757,0.970340481,0
6233,O94864:Q16082,0.3786466644356313,0.1052380952380952,0.52,0.9446428571428572,0.22,0.0,0.22,0.0,0.0,2.013,0.0,1.1757,0.520670502,0
6234,P35244:P59826,0.1972834678548428,0.1,0.5,0.8333333333333334,0.0,0.0,0.0,0.0,0.0,0.0,0.0,1.1757,1.1757,0
6235,Q8WXC6:Q9UNS2,0.0416842877788877,0.1821741854636591,0.557142857142857,1.0,0.0,0.0,0.0,0.0,0.6153,0.0,0.0,9.4687,5.82609111,1
6236,P58658:Q6P1J9,0.6650777539150101,0.0,0.418181818181818,0.4913419913419913,0.41,0.0,0.41,0.0,0.0,2.013,0.0,1.1757,0.970340481,0
6239,Q8NEM0:Q96BI3,0.568237711682302,0.1391082875457875,0.2730034722222222,0.9131274131274132,0.15,0.0,0.15,0.0,0.0,2.013,0.0,1.5818,0.47762451,0
6240,Q3MIW9:Q96CT7,-0.192236164630517,0.237037037037037,0.4166666666666666,0.375,0.54,0.0,0.54,0.0,0.0,0.993,0.0,1.1757,0.630433854,0
6241,P29374:Q6ZRR5,0.366775262284224,0.0,1.0,0.0,0.22,0.0,0.22,0.0,0.0,2.013,0.0,1.5818,0.700515948,0
6243,P11686:P59190,-0.0014362995189246,0.1063636363636363,0.2976190476190476,0.412037037037037,1.05,0.0,1.05,0.0,0.0,1.5978,0.0,1.5818,2.653770042,0
6244,A5A3E0:P62753,-0.0387345501935539,0.1641233766233766,0.4130952380952382,0.6885964912280702,0.15,5.24327,5.24327,0.0,0.0,2.013,0.0,1.1757,12.409163741007,0
6247,P30405:Q5T2W1,0.0933478689699328,0.1557291666666666,0.5,0.8782608695652173,0.15,0.0,0.15,0.0,0.0,2.013,0.0,1.1757,0.355002615,0
6249,P48551:Q5T9S5,0.6089384325743379,0.0,0.5,0.0,0.19,0.0,0.19,0.0,0.0,2.013,0.0,2.7714,1.059977358,0
6251,P55107:Q16633,-0.1555981499933917,0.1006944444444444,0.2,0.3060876623376623,0.54,0.0,0.54,0.0,0.0,0.0,0.0,2.1077,1.138158,0
6253,A0AVT1:P49888,0.1344169366894581,0.1340079365079365,0.875,0.3357142857142857,0.23,0.0,0.23,0.0,0.0,2.013,0.0,1.1757,0.544337343,0
6254,O60783:P82673,0.3208475487714203,1.0,0.6240530303030303,0.625,0.19,0.0,0.19,0.0,0.0,2.416,0.0,45.2798,20.785239392,1
6256,O75489:Q9UQC9,-0.0784044140415695,0.2485714285714285,0.3833333333333333,0.1395833333333333,0.41,2.59,2.59,0.0,0.0,1.1933,0.0,1.1757,3.6336736779,0
6257,P02671:Q8IXL6,0.2117327499170098,0.1162472943722943,0.393939393939394,0.4555480682839175,0.63,0.0,0.63,0.0,0.0,2.013,0.0,2.1077,2.672964063,1
6258,P26038:Q96J94,-0.1121286963671783,0.1479341171648864,0.3547619047619048,0.5233333333333333,2.14,0.0,2.14,0.9127,0.0,2.416,0.0,0.6688,3.1559856385024,0
6259,Q14192:Q9UBQ5,0.3894166378377693,0.1565079365079364,0.3825396825396826,0.8111111111111112,0.24,0.0,0.24,1.2535,0.0,2.013,0.0,1.5818,0.957923717256,0
6260,P0CE72:Q9NPB6,0.6194366104448031,0.0,0.3707070707070707,0.982905982905983,0.83,3.51,3.51,0.0,0.0,2.416,0.0,1.5818,13.413917088,0
6261,P01860:P50222,-0.0673616091526684,0.1158272283272283,0.3466666666666666,0.4839414040906578,0.15,0.0,0.15,0.5125,0.0,1.5978,0.0,0.4364,0.05360339385,0
6262,P21757:P39019,0.0615723883735021,0.115995670995671,0.4086378737541528,0.7017543859649122,0.0,0.0,0.0,2.3254,0.0,1.5978,0.0,1.1757,4.368341707884,0
6264,P42285:Q96MR9,0.2128187460615445,0.0714285714285714,1.0,0.175,0.54,0.0,0.54,0.0,0.6153,1.5978,0.0,1.5818,0.83975899209048,0
6266,O14964:Q9Y577,0.3206151849146723,0.2715151515151515,0.5714285714285714,0.8394746787603931,0.68,0.0,0.68,0.0,0.0,2.416,0.0,2.1077,3.462698176,1
6267,Q92917:Q9UNP9,0.6439702970368223,0.3809941520467836,0.6574646074646076,0.6701058201058201,1.52,0.0,1.52,0.0,0.0,1.5978,0.0,9.4687,22.9962150672,0
6269,A2RTY3:Q9GZQ3,0.0404374743081345,0.0,0.0,1.0,0.63,0.0,0.63,0.0,0.0,2.013,0.0,1.5818,2.006022942,0
6270,P46782:P62263,0.966333541336694,0.580595238095238,0.6812925170068027,0.7375,52.16,0.0,52.16,4.2492,5.2693,1.5978,24.11,38.174,1717453.45936307,1
6271,O75190:Q9UII2,-0.0665976738743098,0.1563011063011062,0.4066666666666666,0.8213675213675213,0.0,0.0,0.0,0.0,0.0,2.013,0.0,2.7714,5.5788282,0
6272,P01210:P62873,0.0549729303746255,0.423015873015873,0.4464639321074963,0.8865740740740741,0.68,0.0,0.68,2.3254,0.0,1.5978,0.0,1.5818,3.99650691605088,0
6273,Q86WT6:Q9H1C4,0.1021953569184601,0.1492290053276212,0.238095238095238,0.967741935483871,0.0,0.0,0.0,0.0,0.0,2.416,0.0,2.1077,5.0922032,0
6274,Q3ZLR7:Q9Y3B2,0.3176762747384357,0.0632119514472455,0.1023001508295625,0.1971916971916971,0.8,3.84,3.84,0.0,0.0,2.013,0.0,0.0,7.72992,0
6276,Q14691:Q96I27,0.4851094863266605,0.0769230769230769,1.0,0.7749999999999999,2.34,0.0,2.34,0.0,0.0,0.0,0.0,1.1757,2.751138,0
6277,P18545:P83369,-0.0664037778473258,0.102328431372549,0.2440476190476189,0.6875,0.24,0.0,0.24,0.0,0.0,2.013,0.0,2.7714,1.338918768,0
6278,P40306:Q5SQ64,0.246241762717909,0.0,0.238095238095238,1.0,0.57,0.0,0.57,0.0,0.0,0.0,0.0,0.8888,0.506616,0
6279,O43889:P05090,0.147556923453725,0.1477566877566877,0.4095238095238095,0.9580357142857142,0.15,2.59,2.59,0.0,0.0,2.416,0.0,1.1757,7.356872208,1
6282,O60936:O94929,0.0006914184497683,0.1503016591251885,0.3611111111111111,0.9083333333333332,0.81,0.0,0.81,0.0,0.0,2.013,0.0,2.1077,3.436668081,0
6283,P62979:Q9BRS2,0.74094642764765,0.2809523809523809,0.625,0.2868279569892473,3.45,3.51,3.51,1.7951,0.6153,1.5978,0.0,9.4687,58.6537052176442,1
6284,O95298:Q53G59,0.3202550394854798,0.1289452971271153,0.3571428571428571,0.9914089347079038,0.41,0.0,0.41,0.5125,0.0,2.013,0.0,2.7714,1.172251275525,0
6285,Q15464:Q9BUZ4,0.1268563475245846,0.2441341991341991,0.4690476190476191,0.9633968253968256,0.68,23.2116,23.2116,1.7951,0.0,2.416,0.89,3.9008,349.489671328924,0
6286,Q5HYL7:Q5T4W7,-0.0461066078051554,0.1351114163614163,0.5,0.5333333333333334,0.41,0.0,0.41,0.0,0.0,0.0,0.0,2.7714,1.136274,0
6287,Q15797:Q9H237,0.3089032125310985,0.1888321995464852,0.3768518518518518,0.6571428571428571,0.0,0.0,0.0,0.0,0.0,2.416,0.0,2.1077,5.0922032,0
6288,Q96EV8:Q9Y2G8,0.155438845740972,0.2,1.0,0.0,0.41,0.0,0.41,0.0,0.0,2.013,0.0,2.1077,1.739548041,0
6291,P02724:P07438,-0.0298070222540987,0.1038600288600288,0.35,0.763265306122449,0.0,0.0,0.0,0.0,0.0,1.1933,0.0,1.1757,1.40296281,0
6293,Q5SRR4:Q9Y2L1,0.265373882416137,0.0,0.3716553287981859,0.6582070707070709,0.19,0.0,0.19,0.0,0.0,1.5978,0.0,1.1757,0.35692135739999997,0
6294,Q02535:Q8NEX9,-0.0666306108011761,0.1168831168831168,0.625,0.1111111111111111,0.22,0.0,0.22,0.0,0.0,2.416,0.0,0.6915,0.36754608,0
6296,O75052:Q92585,0.0134990833174747,0.1148962148962148,0.4601010101010101,0.85,0.19,5.22,5.22,0.0,0.0,1.5978,0.0,2.7714,23.1149060424,0
6298,Q8N5T2:Q9UBU7,0.230678616006609,0.0863782051282051,0.0,0.8222883597883598,0.0,0.0,0.0,0.0,0.0,0.0,0.0,1.1757,1.1757,0
6299,O00154:P80098,0.0137761596291843,0.0864715531382198,0.5,0.55,0.41,0.0,0.41,0.0,0.0,2.013,0.0,1.5818,1.305506994,0
6300,P62899:Q15185,0.8179866386791862,0.1255390773247916,0.7146341463414634,0.8273273273273273,0.54,0.0,0.54,2.0764,0.0,2.416,0.0,18.4426,49.9601641879296,0
6301,P08621:P56555,-0.0397670781180986,0.3333333333333333,0.5,0.5,2.85,0.0,2.85,0.0,0.0,0.8011,0.0,1.1757,2.6842818195,0
6303,P61204:Q96H22,0.0460502022366756,0.1555555555555555,0.4803571428571428,1.0,1.55,0.0,1.55,0.5125,0.0,0.993,0.0,2.1077,1.6625840581875,0
6304,Q16348:Q5T2W1,-0.048532013772239,0.2015796703296703,0.5,0.8782608695652173,0.41,17.2067,17.2067,0.0,0.6153,2.416,181.01,1.1757,5443.52871791199,1
6305,Q14108:Q9Y6G3,0.4557179408967815,0.1055555555555555,0.2848958333333333,0.2666666666666666,0.0,0.0,0.0,0.0,0.0,0.0,0.0,3.9008,3.9008,0
6306,P46782:P63220,0.9298474116537948,0.7777777777777778,0.7340136054421768,0.7272727272727273,0.68,0.0,0.68,2.3254,0.0,0.0,24.11,38.174,1455.36343837808,1
6308,O60404:Q9H0U6,0.0,0.1064814814814814,0.2005208333333333,0.1476190476190476,0.54,0.0,0.54,0.0,0.0,2.013,0.0,0.5954,0.647211708,0
6309,O75554:P83876,0.3102391344345045,0.5031746031746032,0.5533730158730158,1.0,1.55,2.84462,2.84462,0.0,0.0,0.993,24.11,3.9008,265.658919523486,1
6311,P11908:Q9UHP7,0.2196960597526687,0.1428571428571428,0.3733333333333333,0.9617647058823532,0.17,0.0,0.17,0.0,0.0,1.1933,0.0,1.5818,0.3208855298,0
6312,Q9HDD0:Q9UJV3,-0.1427890860778928,0.083852524109877,0.3333333333333333,0.9852627257799672,0.89,0.0,0.89,0.5125,0.0,2.416,0.0,1.1757,1.2956190486,0
6313,O43513:O95402,0.7715077005282517,0.4797410192147034,0.455952380952381,0.8648148148148148,0.83,0.0,0.83,2.3588,0.0,2.013,24.11,1.1757,111.713771740942,1
6316,P02766:Q9NRM0,-0.0700309014034014,0.1143819143819143,0.3333333333333333,0.305050505050505,0.41,0.0,0.41,0.0,0.0,2.416,0.0,2.7714,2.745237984,0
6317,P60709:Q9NPH3,-0.0069129528950929,0.1540201118326118,0.9125,0.1591836734693877,0.0,0.0,0.0,0.0,0.0,1.5978,0.0,2.1077,3.36768306,0
6318,P54578:P62191,0.7967234422764714,0.6842105263157894,0.8616541353383458,0.927020202020202,3.82,0.0,3.82,2.3254,158.1204,1.5978,5.86,18.4426,242544.323674048,1
6319,Q8IXL7:Q8WW18,-0.0711815826125528,0.0,0.0,1.0,0.22,3.51,3.51,0.0,0.0,0.0,0.0,1.5818,5.552118,0
6320,P16066:Q0VG06,0.132298591379032,0.0909090909090909,0.324074074074074,0.475,0.8,7.37,7.37,0.0,0.0,2.013,0.0,3.9008,57.871527648,0
6321,O75683:P46778,0.7387458394306977,0.1157407407407407,0.4062770562770561,0.4166666666666666,0.15,0.0,0.15,2.0764,0.0,2.013,0.0,2.1077,1.321462519146,0
6322,P62805:P62837,0.2599855565435026,0.0931485181485181,0.509090909090909,0.8641381766381769,2.31,0.0,2.31,4.2492,3.1392,0.9878,0.0,2.1077,64.1528501496599,0
6324,O15239:P57103,0.2736660042450586,0.135084471084471,0.2425865800865801,0.1378367003367003,0.0,0.0,0.0,0.0,0.0,2.416,0.0,1.1757,2.8404912,0
6326,Q10586:Q15528,0.1015022542150209,0.6842105263157894,0.4208333333333333,0.9771428571428572,0.62,0.0,0.62,0.0,0.0,2.013,0.0,2.7714,3.458873484,0
6327,P43628:Q03395,-0.1385692071755215,0.1371825396825396,0.625,1.0,0.24,0.0,0.24,0.0,0.0,0.9878,0.0,1.1757,0.2787255504,0
6330,Q14699:Q9HD33,0.4139494913220941,0.1111111111111111,0.1879084967320261,0.1428571428571428,0.17,0.0,0.17,0.0,0.0,2.013,0.0,1.1757,0.402336297,0
6331,P98172:Q9Y450,-0.0384896398927316,0.1468885281385281,0.3638095238095238,0.4189814814814814,0.22,0.0,0.22,0.0,0.0,2.013,0.0,1.1757,0.520670502,0
6334,Q969T4:Q9Y5W9,0.2228091808205562,0.0684523809523809,0.2797619047619047,0.8933333333333332,0.41,0.0,0.41,0.0,0.0,2.013,0.0,1.1757,0.970340481,0
6336,O43674:Q71UI9,0.4471910849691263,0.1454545454545454,0.35,0.3333333333333333,0.58,0.0,0.58,1.2535,0.0,1.5978,0.0,9.4687,10.9993014738858,0
6338,P59910:P62753,0.0366050586186408,0.1130853994490358,0.6630952380952381,0.6885964912280702,0.19,0.0,0.19,3.5815,0.0,1.5978,0.0,1.5818,1.7198578162194,0
6341,Q8WUQ7:Q9ULR0,0.838439844354699,0.5345238095238096,0.7703809523809524,0.9791666666666666,0.62,0.0,0.62,0.0,0.0,2.013,0.0,5.6875,7.09834125,0
6343,Q5XUX0:Q9UBU7,0.1262330505278954,0.1051587301587301,0.4646464646464646,0.8222883597883598,0.41,2.59,2.59,0.0,0.0,2.416,0.0,1.1757,7.356872208,0
6344,P25788:Q9BQP9,-0.024401253127752,0.0,0.5,0.5,0.54,0.0,0.54,0.0,0.0,0.993,0.0,1.1757,0.630433854,0
6345,O43543:Q9BUI4,0.4793791759995054,0.0976346093993152,0.5444444444444444,0.9675213675213676,0.63,0.0,0.63,0.5125,0.0,2.013,0.0,2.7714,1.801264155075,0
6347,O15379:P07360,-0.1415668862355681,0.1696428571428571,0.4074074074074074,0.5666666666666667,0.0,0.0,0.0,0.0,0.0,1.1933,0.0,1.1757,1.40296281,0
6348,Q16552:Q7Z449,0.1076494789509905,0.193030303030303,0.2785714285714286,0.1744588744588744,0.0,0.0,0.0,0.0,0.0,0.0,0.0,2.7714,2.7714,0
6349,Q13868:Q562F6,0.3039432355179364,0.1902777777777777,0.8060606060606059,1.0,0.24,0.0,0.24,0.5125,0.0,1.1933,0.0,9.4687,1.38977696433,0
6350,Q96QZ0:Q99062,-0.0470364881858379,0.169047619047619,0.5772727272727273,0.2749999999999999,0.0,2.59,2.59,0.0,0.0,2.416,0.0,1.1757,7.356872208,0
6351,P07766:P0CF51,0.1570993283551992,0.4145299145299145,0.4537037037037037,0.5,0.34,0.0,0.34,0.0,0.0,2.013,0.0,0.0,0.68442,0
6353,P06307:Q10981,-0.0995576399766588,0.1682828282828282,0.2023809523809523,0.4338151927437642,0.15,0.0,0.15,0.0,0.0,2.013,0.0,2.7714,0.83682423,0
6354,P04259:Q9NQT5,0.0652287121426391,0.1003953562777092,0.4145337301587301,0.9495,0.54,0.0,0.54,0.9127,0.0,1.5978,0.0,1.5818,1.24564932891432,0
6355,Q66K66:Q9H3D4,-0.2186962210183678,0.1212411152066324,0.3046875,0.0,0.17,0.0,0.17,0.0,0.0,2.416,0.0,2.1077,0.865674544,0
6356,P39900:Q96D46,-0.0961774083740573,0.1830411010558069,0.5666666666666667,0.2299999999999999,0.45,0.0,0.45,0.0,0.0,1.1933,0.0,1.5818,0.849402873,0
6357,O14810:P49674,0.0275862292499046,0.1309573528323528,0.8380208333333334,0.6778851540616246,0.19,0.0,0.19,4.0064,0.0,2.013,0.0,2.1077,3.2296873209216,0
6360,Q99584:Q9NYF3,-0.0409236583313008,0.5,1.0,1.0,0.22,0.0,0.22,0.0,0.0,2.013,0.0,1.1757,0.520670502,0
6362,P63104:Q9P0K1,0.1275008185474454,0.212797619047619,0.3370370370370369,0.8766233766233765,0.0,141.35,141.35,0.9127,5.2693,2.013,0.4,1.1757,643.542262430195,1
6363,O95297:Q9UNM6,0.6586170342728178,0.0969696969696969,0.4645050125313283,0.8333333333333334,0.24,0.0,0.24,2.3254,0.0,1.5978,0.0,3.9008,3.47844395695104,0
6364,P68371:Q9H2X6,-0.1311892099928698,0.1265185297793993,0.4699792960662525,0.3923180592991914,0.0,6.44772,6.44772,0.0,0.0,1.5978,5.86,2.1077,127.243321678992,0
6365,P0CG08:Q53GS7,0.6977375370809636,0.3586309523809524,0.2582706766917293,0.9759562841530056,7.38,0.0,7.38,0.0,0.0,2.013,0.0,5.6875,84.49315875,0
6366,Q8TAE8:Q9P2U7,0.0085389028757254,0.089543512043512,0.2271825396825396,0.1194444444444444,0.19,0.0,0.19,0.5125,0.0,2.013,0.0,2.1077,0.4131426597375,0
6367,P62244:Q8N2E2,-0.036327553282706,0.0,0.5,1.0,18.4,0.0,18.4,0.0,0.0,0.993,0.0,1.1757,21.48144984,0
6368,O00217:O15239,0.5119596349616602,0.3496969696969697,0.609375,1.0,0.0,0.0,0.0,0.0,0.0,1.1933,0.0,18.4426,22.00755458,1
6369,Q5T2W1:Q6P996,0.0541073695572476,0.1,0.2269230769230769,0.2888888888888889,0.0,0.0,0.0,0.0,0.0,2.416,0.0,2.1077,5.0922032,0
6376,P21796:Q9BV81,0.5081979962351402,0.106060606060606,0.4037037037037037,0.904,0.24,0.0,0.24,0.0,0.0,1.5978,0.0,9.4687,3.6309813264,0
6377,Q4G0W2:Q9NWT6,0.5850387686542673,0.1636363636363636,0.0,0.1337387955365483,0.15,0.0,0.15,0.0,0.0,2.013,0.0,1.5818,0.47762451,0
6380,O00478:Q15393,0.5499185438482328,0.113974796649429,0.293073593073593,0.925925925925926,0.62,0.0,0.62,2.0764,0.0,0.993,0.0,1.5818,2.0221041914832,0
6381,Q15382:Q9BYX7,-0.0582176198308289,0.1898148148148148,0.3624242424242424,0.4006734006734007,0.41,2.59,2.59,0.0,0.6153,2.013,0.0,0.4364,1.3999586102964,0
6382,P31260:Q93015,0.0929709541728184,0.0888888888888888,0.8333333333333334,0.3858333333333333,0.54,0.0,0.54,0.5125,0.0,1.5978,0.0,0.6915,0.305775180225,0
6384,P40855:Q15113,0.4668405582902649,0.1833333333333333,0.3166666666666667,0.7352941176470588,0.0,0.0,0.0,0.0,0.0,2.416,0.0,0.8888,2.1473408,0
6385,A6ND91:Q9BTT0,0.1120737226110054,0.0767773892773892,0.0,0.1493197278911564,0.94,3.66,3.66,0.0,0.0,2.013,0.0,1.5818,11.654038044,0
6386,O75843:Q16514,0.1696994609405028,0.0842732267732267,0.3373737373737374,0.7660256410256411,0.28,0.0,0.28,0.0,0.0,2.013,0.0,2.7714,1.562071896,0
6387,P50440:Q5SR56,-0.3870799355010845,0.1111111111111111,0.3333333333333333,0.9898648648648648,0.0,2.59,2.59,0.0,0.0,1.5978,0.0,2.1077,8.7222991254,0
6388,P52435:Q03591,-0.1524465651287222,0.0668650793650793,0.4583333333333333,0.9705882352941176,0.63,0.0,0.63,0.0,0.0,0.993,0.0,1.1757,0.735506163,0
6391,O75530:P05120,0.0629166627861685,0.1089743589743589,0.4305555555555556,0.2,1.55,0.0,1.55,0.0,0.6153,1.5978,0.0,2.1077,3.2118098495679,0
6394,P40227:Q13885,-0.1200674497798092,0.2375,0.3314814814814815,0.7632936507936507,118.38,0.0,118.38,0.0,0.6153,2.416,0.0,2.1077,370.912078616285,1
6395,O95006:Q969H6,-0.1004690247956791,0.0804195804195804,0.15,0.1588541666666666,0.62,0.0,0.62,0.0,0.0,2.013,0.0,0.8888,1.109275728,0
6396,Q3LIE5:Q9UBZ9,0.5933062647547254,0.0,0.5,0.1590201465201465,0.54,0.0,0.54,0.0,0.0,2.013,0.0,3.9008,4.240247616,0
6398,P49768:Q9NZ42,0.3715153757207121,0.5437500000000001,0.6541666666666668,0.8991596638655461,292.74,0.0,292.74,0.0,13.3811,0.0,181.01,9.4687,6713775.42473771,1
6399,P84103:Q4J6C6,-0.1185333846787746,0.1308621933621933,0.2583333333333333,0.1809523809523809,0.17,0.0,0.17,0.5125,0.0,2.013,0.0,5.6875,0.9974886796875,0
6402,Q17RD7:Q9BUI4,-0.1609735408500111,0.0,0.0,0.9675213675213676,0.41,0.0,0.41,0.0,0.0,2.416,0.0,0.7126,0.705873056,0
6403,P62306:P83876,0.4771898034726685,0.5031746031746032,0.5533730158730158,1.0,0.54,0.0,0.54,0.0,13.3811,2.013,24.11,45.2798,15879.2893085326,1
6404,O43513:O60244,0.5855314096813306,0.5765625,0.4861111111111111,0.7538095238095237,0.24,0.0,0.24,1.7092,30.1977,0.0,24.11,3.9008,1165.00794321362,1
6406,A2RRH5:Q9BZJ0,0.7827287808304415,0.0,0.5430272108843538,0.625,7.06,3.66,7.06,0.0,0.6153,1.5978,0.0,0.6915,4.7996129606166,0
6408,Q9NQ30:Q9UKL0,0.0624973253916653,0.1219954648526077,0.325,0.956989247311828,0.22,0.0,0.22,0.0,0.0,2.416,0.0,1.1757,0.624908064,0
6409,Q02108:Q9H3M7,0.3820244576930535,0.1713488266119845,0.6666666666666666,0.8358974358974359,0.17,0.0,0.17,0.0,0.0,2.416,0.0,2.1077,0.865674544,0
6411,P06899:P53990,0.2811644054296031,0.2003720238095238,0.4676020408163264,0.9418604651162792,0.62,0.0,0.62,0.0,0.0,2.013,0.0,2.1077,2.630536062,0
6414,Q92934:Q9UH99,0.3673287569452869,0.131998556998557,0.247069597069597,0.9477272727272726,0.54,0.0,0.54,0.9127,0.0,0.0,0.0,2.1077,1.0387968066,0
6415,O43504:Q9Y2Q5,0.4424653739169867,0.4243182743182743,0.7029261518623224,0.9435626102292768,77.86,0.0,77.86,1.7951,0.0,2.013,0.0,18.4426,5188.82433553835,1
6416,Q7Z3S9:Q9H1D9,0.1638834209612605,0.09382215007215,0.2777777777777778,0.9078189300411522,0.54,0.0,0.54,0.0,0.0,0.0,0.0,0.8888,0.479952,0
6417,P04440:Q9ULM3,0.2836823991407287,0.1369312169312169,0.2063973063973063,0.6666666666666666,1.52,3.84,3.84,0.5125,0.0,2.013,0.0,0.8888,3.5210558592,0
6418,Q68CK6:Q96D46,-0.0312558632704016,0.1070165945165945,0.2375,0.2199999999999999,2.31,0.0,2.31,0.0,0.0,1.1933,0.0,1.5818,4.3602680814,0
6419,Q9NPE3:Q9UDW1,-0.0933025177252078,0.0876068376068376,0.1944444444444444,0.5625,0.19,0.0,0.19,0.5125,0.0,1.1933,0.0,45.2798,5.2614035224825,0
6420,P55769:Q96RK1,-0.1429146548772152,0.0888888888888888,0.5666666666666667,0.1666666666666666,0.0,0.0,0.0,0.0,0.0,0.9878,0.0,1.1757,1.16135646,0
6421,Q8IVW1:Q92667,0.2411587737776992,0.125,0.374074074074074,0.1208333333333333,2.32,0.0,2.32,0.0,0.0,1.1933,0.0,2.1077,5.8350747112,0
6422,P53365:Q9P260,0.5455389243692759,0.1666666666666666,0.1875,0.0,0.71,7.37,7.37,0.5125,0.0,2.416,0.0,1.5818,14.4347696812,0
6424,Q5JVG2:Q86VX2,0.6560194383926797,0.2329545454545454,0.3333333333333333,0.1895424836601307,0.0,0.0,0.0,0.0,0.0,0.0,0.0,1.1757,1.1757,0
6426,Q5TH74:Q9P015,-0.1677896166820781,0.0833333333333333,0.3492424242424242,0.0,0.19,0.0,0.19,0.0,0.0,0.0,0.0,2.1077,0.400463,0
6428,P16035:Q15814,-0.0422923564106139,0.1694444444444444,0.3666666666666667,0.7685185185185185,0.19,0.0,0.19,0.0,0.0,2.013,0.0,1.5818,0.604991046,0
6430,P51114:P51116,0.6254067666963931,0.3371871184371184,0.4150793650793651,0.9694656488549618,263.49,5.24327,263.49,0.9127,43.6808,2.416,0.0,1.1757,29838.4472882925,1
6431,O75884:Q01094,0.2097815394062782,0.2043154642292573,0.7829457364341085,0.8254629629629631,0.41,0.0,0.41,2.3254,0.0,2.013,0.89,1.5818,2.70188510782436,0
6432,Q4G0U5:Q9BYD2,-0.0630198220139323,0.1180555555555555,0.1850793650793651,0.6799999999999999,0.62,0.0,0.62,0.0,0.0,2.013,0.0,0.7126,0.889367556,0
6434,A6ND01:Q75V66,-0.0540724967685313,0.163095238095238,0.7066666666666667,0.2808080808080808,0.0,0.0,0.0,0.0,0.0,2.416,0.0,0.8888,2.1473408,0
6435,F8WBI6:Q15910,-0.0853094553407582,0.1051075286369403,0.2003968253968254,0.0,0.62,5.22,5.22,1.2535,0.0,0.993,0.0,0.4364,2.835494646804,0
6436,P41091:Q9Y5W5,-0.365109901304653,0.1384920634920635,0.5,1.0,0.41,0.0,0.41,0.0,0.0,1.1933,0.0,1.1757,0.5752147521,0
6437,O60733:Q93034,0.418256917143201,0.092877298140456,0.5305555555555556,0.8603120243531203,0.64,0.0,0.64,0.0,0.6153,2.416,0.0,2.7714,2.6367140395008,0
6440,P20853:Q9BYV8,-0.1073895509568967,0.1339285714285714,0.4580459770114943,0.3333333333333333,0.15,0.0,0.15,0.0,0.0,1.5978,0.0,2.1077,0.505152459,0
6441,P40337:Q9NYV4,0.6560943261464232,0.2549586421490446,0.5282828282828281,0.2919146825396825,0.54,3.51,3.51,1.7951,0.6153,2.013,0.0,3.9008,30.4424875642539,0
6442,P48551:Q96EN8,0.0044316836223805,0.1152777777777777,0.5,0.5851190476190476,0.41,0.0,0.41,0.0,0.0,1.5978,0.0,2.1077,1.3807500546,0
6443,O95863:Q8NGP2,0.0,0.125,0.3333333333333333,0.1666666666666666,0.17,0.0,0.17,0.0,0.0,2.013,0.0,1.1757,0.402336297,0
6444,P40337:Q9BQI0,0.0047372257357135,0.2083333333333333,0.2238095238095238,0.5666666666666667,0.94,0.0,0.94,0.9127,0.0,2.013,0.0,1.5818,2.7318147790692,0
6446,P10747:Q96MZ0,-0.1698121517853011,0.0,0.2,0.0,0.15,3.51,3.51,0.0,0.0,2.013,0.0,0.6915,4.885883145,0
6447,Q8NB91:Q9NXH8,0.3525793592126408,0.0,0.3352380952380952,0.1180555555555555,0.0,0.0,0.0,0.0,0.0,2.416,0.0,1.1757,2.8404912,0
6448,Q14576:Q6P587,-0.187786742472529,0.1111111111111111,0.1696428571428571,0.5142857142857145,0.41,0.0,0.41,0.0,0.0,1.5978,0.0,0.6688,0.4381295424,0
6451,Q9BUI4:Q9Y535,0.3653010299891935,0.3433333333333333,0.536111111111111,0.4537037037037037,2.49,0.0,2.49,0.0,3.1392,2.013,69.61,9.4687,10371.0827223471,1
6452,O60888:P08833,-0.2555883046065367,0.1699649556792413,0.3999999999999999,0.7564102564102566,0.63,0.0,0.63,0.0,0.0,1.5978,0.0,0.7962,0.8014660668,0
6459,P24588:Q8IWU4,-0.0646941159720227,0.1120510662177328,0.4580423280423281,0.9413832199546486,0.0,0.0,0.0,0.0,0.0,0.0,10.8,1.5818,17.08344,0
6461,O00506:Q8IWT0,0.4574145742828914,0.1111111111111111,0.3833333333333333,0.9333333333333332,0.15,0.0,0.15,0.5125,0.0,1.5978,0.0,1.5818,0.194293878075,0
6462,P07814:Q96EX1,0.306679237632004,0.0,0.6,1.0,0.68,0.0,0.68,0.0,0.0,2.013,0.0,2.7714,3.793603176,0
6463,P48448:Q9Y421,0.1416232910484072,0.2,0.3636363636363636,0.625,0.15,0.0,0.15,0.0,0.0,2.416,0.0,1.5818,0.57324432,0
6464,P34096:Q9BUE0,0.1780546028792748,0.0574122807017543,0.2285714285714286,0.3228070175438596,0.15,0.0,0.15,0.0,0.0,1.5978,0.0,1.1757,0.281780019,0
6467,P08908:Q86XF7,0.2184225753438255,0.1428571428571428,0.1666666666666666,0.9111111111111112,0.54,0.0,0.54,0.0,0.6153,2.013,0.0,5.6875,3.804046871625,0
6470,Q9BVS5:Q9Y2Q5,0.4415577285573003,0.0766190182366653,0.1073286052009455,0.9435626102292768,0.41,0.0,0.41,0.0,0.0,1.1933,0.0,2.1077,1.0311985481,0
6472,O75558:Q86XW9,-0.2217981891252597,0.0769230769230769,0.3,0.125,0.41,0.0,0.41,0.0,0.0,2.416,0.0,0.8888,0.880409728,0
6473,Q96BP3:Q9Y3C7,0.6423174539257763,0.291530910609858,0.3833333333333333,0.1607142857142857,0.19,7.64793,7.64793,0.0,0.6153,2.013,0.31,18.4426,54.1574783865718,0
6474,O95156:P62277,-0.1378538226203023,0.1074074074074074,0.3892857142857143,0.6168253968253966,0.68,0.0,0.68,3.8142,0.0,0.993,0.0,0.8888,2.2891047626304,0
6475,P35270:Q8IWT0,0.0037143566297838,0.1,0.3833333333333333,0.1413690476190476,0.15,0.0,0.15,0.0,0.0,2.013,0.0,2.7714,0.83682423,0
6476,P0C0L4:Q13323,-0.1449195627010445,0.1138125763125763,0.3333333333333333,1.0,0.61,0.0,0.61,0.0,0.0,2.013,0.0,0.4364,0.535868652,0
6479,P18507:Q15050,-0.196533107548376,0.1242559523809523,0.2299319727891156,0.7666666666666667,0.24,0.0,0.24,0.0,0.0,1.5978,0.0,0.7962,0.3053204064,0
6480,O14874:Q9Y3B2,0.6047340512018187,0.2285714285714285,0.1837789661319073,0.96875,0.54,0.0,0.54,0.0,0.0,2.013,0.0,5.6875,6.18242625,0
6485,Q96RK0:Q9UBI6,0.2608999321500683,0.1339285714285714,0.2083333333333333,0.9285714285714286,0.0,0.0,0.0,0.0,0.0,2.013,0.0,0.7126,1.4344638,0
6487,P25788:Q53GL0,0.2078348856676814,0.0814754689754689,0.3999999999999999,1.0,0.62,0.0,0.62,0.9127,0.0,1.5978,0.0,2.1077,1.90568428389444,0
6488,O75935:Q9UKA8,0.4383558525654245,0.1964285714285714,0.5666666666666667,0.762987012987013,0.19,0.0,0.19,0.0,0.0,2.416,0.0,2.7714,1.272183456,0
6489,P19388:P78417,0.4564778855825229,0.0986551327460418,0.5185185185185186,0.2648809523809524,0.81,0.0,0.81,0.5125,0.0,1.5978,0.0,9.4687,6.2804630130075,0
6490,P51811:Q9H2X6,-0.2214414427571044,0.1110533186620142,0.4047619047619047,0.3923180592991914,0.0,3.51,3.51,0.0,0.0,2.416,0.0,1.5818,13.413917088,0
6494,O43674:O43920,0.6819585766984299,0.4229555167055167,0.4742424242424243,0.75,0.24,0.0,0.24,0.0,0.0,2.013,69.61,9.4687,318.43222192584,1
6495,P53990:Q9UH17,0.1895015694279536,0.1055555555555555,0.525,0.4910714285714285,0.15,0.0,0.15,0.0,0.0,1.1933,0.0,1.1757,0.2104444215,0
6498,Q8N684:Q9NVE4,0.1081694826029929,0.095,0.0,1.0,0.0,0.0,0.0,0.0,0.0,2.013,0.0,0.7126,1.4344638,0
6500,O75530:Q86T23,0.358302955558881,0.0,0.0,1.0,0.0,0.0,0.0,0.0,0.0,1.5978,0.0,0.4364,0.69727992,0
6502,A6NCE7:Q8NET5,0.0757885669090949,0.1024816849816849,0.3020833333333333,0.2738095238095238,0.68,0.0,0.68,0.0,0.0,1.5978,0.0,2.1077,2.2900244808,0
6503,P61758:Q8TDG2,-0.1330169058814988,0.1448412698412698,0.5666666666666667,0.5,0.94,0.0,0.94,0.0,0.6153,1.5978,0.0,0.8888,0.82137452953248,0
6504,P63316:Q01726,-0.1302660282937604,0.1340590781767252,0.3541666666666666,0.6018009768009768,0.19,0.0,0.19,0.0,0.6153,0.993,0.0,1.5818,0.1836290281518,0
6505,Q13489:Q96PX8,-0.2250053574082602,0.1452841911175244,0.2833333333333333,1.0,3.02,5.22,5.22,0.0,0.0,2.416,0.0,1.1757,14.827364064,0
6506,P01584:Q96GX1,-0.1577683263038529,0.2666666666666667,0.2571428571428571,0.0,0.38,0.0,0.38,0.0,0.0,2.416,0.0,0.7962,0.730975296,0
6508,P41587:Q15528,0.4944408940997146,0.1,0.2182539682539682,0.3285714285714286,2.31,0.0,2.31,0.0,0.0,2.013,0.0,1.5818,7.355417454,0
6509,P62241:Q2NL82,0.553052778391146,0.6666666666666666,0.5666666666666667,0.4421296296296296,0.0,0.0,0.0,0.0,15.4815,2.013,0.0,18.4426,574.7499722547,1
6511,Q13451:Q9NZN8,0.402566132166475,0.3431166056166057,0.5073015873015874,0.9420546932742054,0.19,3.84,3.84,0.0,0.6153,2.416,0.0,1.5818,9.0295610904576,0
6512,P06340:Q5SSJ5,0.2617582527975256,0.1420454545454545,0.1944444444444444,0.6458333333333333,0.29,0.0,0.29,1.2535,0.0,2.416,0.0,2.1077,1.851092246248,0
6513,O94956:Q9UBY9,-0.1612076392753492,0.1322751322751322,0.2494047619047619,0.2472222222222222,0.41,2.59,2.59,0.0,0.0,2.416,0.0,3.9008,24.409021952,0
6514,O60232:P50591,0.0953659407906575,0.1458241758241758,0.4666666666666667,0.8529761904761903,0.28,0.0,0.28,0.0,0.0,2.416,0.0,1.5818,1.070056064,0
6515,P0CG48:Q9UBL9,0.006807871282928,0.0811077266959619,0.5097796143250689,0.2327097505668934,0.0,0.0,0.0,0.0,0.0,1.1933,0.0,0.0,1.1933,0
6516,O14494:Q9BXY4,0.3854554390354208,0.1752645502645503,0.5,0.5277777777777778,0.15,0.0,0.15,0.0,0.0,2.416,0.0,2.7714,1.00435536,0
6517,Q8N801:Q8NGL0,0.0,0.0737745098039215,0.3333333333333333,0.2777777777777777,0.0,0.0,0.0,0.0,0.0,2.013,0.0,2.7714,5.5788282,0
6519,P40429:P46777,0.9397346386144608,0.2850438252223967,0.5802248677248677,0.3275418275418275,0.54,0.0,0.54,0.0,3.1392,1.5978,24.11,38.174,2492.87235744992,1
6521,P55289:Q5VYX0,0.07982326539006,0.1431277056277056,0.3333333333333333,0.2718253968253968,0.22,0.0,0.22,0.0,0.0,2.013,0.0,1.1757,0.520670502,0
6522,A6NEL2:P09471,-0.0949900553392508,0.0,0.0,0.673611111111111,3.82,3.84,3.84,0.0,0.0,2.013,0.0,1.1757,9.088066944,0
6523,P10082:P31947,-0.0169254598381475,0.1595876345876345,0.4787878787878787,0.9844294967613352,0.24,0.0,0.24,2.0764,0.0,2.416,0.0,2.1077,2.5376281738752,0
6524,O95983:Q9Y5W3,0.2554490045508504,0.2595262957253907,0.7333333333333334,0.4161616161616162,1.05,5.43,5.43,0.9127,0.6153,2.416,0.0,3.9008,28.7385868595521,0
6525,P48448:Q2MKA7,0.1006197654548823,0.0989826839826839,0.45,0.859375,0.17,0.0,0.17,0.0,0.0,2.416,0.0,1.5818,0.649676896,0
6526,O75530:Q8NCK7,0.1554589886467333,0.1168831168831168,0.3055555555555555,0.4821428571428571,0.15,3.84,3.84,0.0,0.0,2.013,0.0,1.1757,9.088066944,0
6527,O75586:Q9H7X7,0.1911311162402676,0.097069597069597,0.3525641025641025,0.1180555555555555,0.22,3.66,3.66,0.0,0.0,2.013,0.0,2.1077,15.528648366,0
6529,P37231:Q92610,0.1687253933796773,0.5555555555555556,1.0,0.5333333333333333,0.0,0.0,0.0,0.0,0.0,2.416,0.0,1.5818,3.8216288,0
6530,P22004:Q8NB91,-0.0376038227595716,0.0947115384615384,0.44,1.0,0.0,0.0,0.0,0.0,0.0,2.416,0.0,1.1757,2.8404912,0
6531,Q00597:Q9Y316,0.4389504274110123,0.125,0.8,1.0,0.0,0.0,0.0,0.0,0.0,0.0,0.0,1.5818,1.5818,0
6533,Q8TEQ8:Q9UMR2,0.7780060126271013,0.0719975490196078,0.3803571428571428,0.1294524919524919,0.0,0.0,0.0,0.0,0.0,2.013,0.0,2.7714,5.5788282,0
6534,O60508:Q9Y314,0.4848809961233722,0.0951178451178451,0.4428571428571429,0.6157407407407408,0.74,0.0,0.74,0.0,0.0,2.013,0.0,3.9008,5.810709696,0
6535,Q01813:Q9Y5B9,0.6457105227617008,0.1017857142857142,0.4491228070175437,0.8194444444444445,0.3,0.0,0.3,0.0,0.0,2.013,0.0,9.4687,5.71814793,0
6536,P04637:P20248,0.7232098840297041,0.1998091998091998,0.3725829725829725,0.9209726443769,0.0,5.24327,5.24327,1.2535,0.6153,2.416,69.61,5.6875,3868.15126433288,1
6538,P20023:P40933,0.5013383105263859,0.1567626817626817,0.4934523809523809,0.738095238095238,0.41,0.0,0.41,0.0,0.0,2.416,10.8,1.5818,16.9221723264,0
6539,P08949:P59768,0.2743984974862842,0.3399999999999999,0.321285140562249,1.0,0.0,0.0,0.0,0.9127,0.0,2.013,0.0,2.1077,3.87240365127,0
6542,Q13616:Q9Y239,0.4250371842627278,0.1595071004645472,0.7663043478260868,0.6880952380952381,1.59,0.0,1.59,0.0,0.0,1.5978,0.0,2.1077,5.3546160654,0
6543,Q8N5D6:Q9Y5Q6,-0.1469006879816722,0.1333333333333333,0.25,0.1559523809523809,0.0,0.0,0.0,0.0,0.0,1.5978,0.0,1.5818,2.52740004,0
6544,O75821:P30532,0.1787625412590306,0.138723544973545,0.2873626373626373,0.4355921855921856,1.63,0.0,1.63,0.0,0.0,2.013,0.0,1.1757,3.857695083,0
6545,Q5H8A4:Q9UI09,0.1463456467677175,0.0806277056277056,0.2836309523809524,0.2291666666666666,0.15,0.0,0.15,0.0,0.0,0.0,0.0,1.5818,0.23727,0
6547,Q5TBB1:Q8IWL3,0.6340465014469269,0.1392857142857143,0.375,0.934375,0.41,0.0,0.41,0.0,0.0,2.416,0.0,5.6875,5.63381,0
6548,P30876:Q9UI14,0.4896186474002609,0.0,0.5122222222222222,0.9947916666666666,0.29,0.0,0.29,0.0,0.0,1.5978,0.0,0.7126,0.3301917612,0
6551,P61158:P62273,0.5567486330311399,0.1777777777777777,0.7327891156462585,0.3055555555555556,0.24,0.0,0.24,0.0,0.0,1.5978,0.0,2.7714,1.0627543008,0
6553,O94925:P57764,0.142876373642591,0.1498856917935865,0.5988095238095238,0.3712070874861572,0.19,0.0,0.19,0.0,0.0,1.5978,0.0,1.1757,0.35692135739999997,0
6556,O43809:Q9H4B8,0.1036527465782402,0.1666666666666666,0.3611111111111111,0.1428571428571428,0.0,0.0,0.0,0.0,0.0,1.5978,0.0,1.1757,1.87853346,0
6557,Q00987:Q6PEW0,-0.0599026036973869,1.0,0.5,0.2,0.3,8.95024,8.95024,0.0,0.0,2.416,2.07,1.5818,70.8033045483878,0
6558,P02675:Q9NRR6,-0.2313397834672812,0.1058469308469308,0.3255555555555556,0.424793388429752,0.0,0.0,0.0,0.0,0.0,2.416,0.0,0.6915,1.670664,0
6560,P38919:Q96DF8,0.5901725784265872,0.6923076923076924,0.7037037037037037,1.0,0.15,0.0,0.15,0.0,0.0,1.1933,0.0,9.4687,1.6948499565,0
6561,O00154:O14810,0.7678745235765256,0.0753288378288378,0.7224999999999999,0.875,0.19,0.0,0.19,0.0,0.0,2.416,0.0,5.6875,2.61079,0
6562,P05455:Q5T1N1,0.0185444878045037,0.0,0.0,1.0,0.94,0.0,0.94,0.5125,0.0,2.013,0.0,1.1757,1.140150065175,0
6565,O43709:P62249,0.3695639308220791,0.1361904761904762,0.4109022556390976,0.5625,1.52,0.0,1.52,0.0,0.0,1.5978,0.0,18.4426,44.7907311456,1
6566,P02686:P50750,-0.1374070490357455,0.1205112665112665,0.3914248871695679,0.8185134310134311,0.24,5.22,5.22,4.0064,0.6153,1.1933,0.0,2.7714,42.5559782779028,1
6567,Q8N465:Q96PD4,-0.0467321598572773,0.0944526307026307,0.2,0.1439594356261022,0.26,0.0,0.26,0.0,0.0,1.1933,0.0,2.1077,0.6539307866,0
6568,P50539:Q6A162,-0.1200990289888827,0.065126050420168,0.903921568627451,0.998501872659176,21.1,0.0,21.1,0.0,0.0,2.013,0.0,0.8888,37.75115784,1
6570,Q8IX90:Q8WVK7,0.2310630888863346,0.3163492063492063,0.6818095238095238,0.8666666666666668,0.19,0.0,0.19,0.0,0.0,2.416,105.17,18.4426,890.35776740768,1
6572,Q5W111:Q8WXQ8,0.3297290955891312,0.0,0.0,0.1339285714285714,0.17,0.0,0.17,0.0,0.0,2.013,0.0,0.6688,0.228870048,0
6573,O14807:Q86UV6,-0.1335460545608907,0.0909090909090909,0.3333333333333333,0.9353321575543796,0.61,2.60197,2.60197,0.0,0.6153,1.5978,0.0,0.4364,1.11633967199711,0
6574,P49006:Q16778,0.0364975808944604,0.1107936507936508,0.3458333333333333,0.9411764705882352,0.0,0.0,0.0,0.0,0.0,2.013,0.0,1.1757,2.3666841,0
6575,O75489:Q99697,0.129592525578303,0.1286180486180486,0.3954545454545455,0.7796072101156847,0.54,0.0,0.54,0.0,0.0,1.5978,0.0,1.1757,1.0144080684,0
6576,O75593:Q8NG77,0.4380157956970426,0.125,0.3333333333333333,0.1666666666666666,0.0,0.0,0.0,0.0,0.0,2.416,0.0,2.1077,5.0922032,0
6577,P36578:P50914,0.9690769140371804,0.5654761904761905,0.683531746031746,0.6176470588235294,0.64,0.0,0.64,0.0,3.1392,2.013,24.11,45.2798,4415.13965085375,1
6578,P28324:Q03395,-0.2218061254093207,0.1622222222222222,0.25,0.875,0.17,0.0,0.17,0.0,0.0,2.416,0.0,2.1077,0.865674544,0
6579,O00321:P28065,-0.0615048773659672,0.1423076923076923,0.2055016900907311,0.1930451127819549,0.17,0.0,0.17,0.0,0.0,2.013,0.0,0.8888,0.304156248,0
6580,Q8WWV3:Q9Y5B9,0.413400876755993,0.0888888888888888,0.2064327485380117,0.8194444444444445,0.24,0.0,0.24,0.0,0.0,2.013,0.0,5.6875,2.747745,0
6581,P62166:Q99538,-0.2975435271147065,0.1263969055635722,0.3100198412698412,0.2442176870748299,0.15,0.0,0.15,0.0,0.6153,1.5978,0.0,1.1757,0.1733792456907,0
6583,P62987:Q99424,-0.0462689516475739,0.11,0.3653846153846153,0.4028769841269842,0.39,0.0,0.39,0.0,0.6153,1.1933,0.0,1.5818,0.45295257605598,0
6584,P01861:Q7RTU5,-0.1109057694256956,0.0769230769230769,0.35,0.2145833333333333,0.17,0.0,0.17,0.0,0.0,1.5978,0.0,0.0,0.271626,0
6585,P19419:Q15119,0.5522210591306514,0.1181715110286538,0.4316326530612245,0.3916170634920635,0.62,0.0,0.62,0.5125,0.0,2.416,0.0,2.7714,2.1275594376,0
6587,O43566:P09651,-0.191207756869311,0.2558377394350245,0.4125,0.7868518518518519,3.16,0.0,3.16,3.8142,0.0,2.416,0.0,0.5954,17.3378924529408,0
6588,P07766:P20963,0.9882534586250672,0.3386104636104636,0.8681623931623932,0.9233333333333332,0.15,0.0,0.15,1.7951,0.0,2.416,69.61,38.174,1728.68609567427,1
6590,O00232:P0CG48,0.429275789166677,0.3,0.836025641025641,0.9823848238482384,3.82,0.0,3.82,20.9141,9.7902,1.5978,0.0,0.0,1249.73094568766,1
6592,Q6GPH4:Q8NGZ9,0.2954719491360463,0.1269841269841269,0.3333333333333333,0.2,0.0,0.0,0.0,0.0,0.0,2.013,0.0,0.8888,1.7891544,0
6595,Q16637:Q6ZTZ1,0.0873182629926801,0.0714285714285714,1.0,0.0,0.41,3.84,3.84,0.0,0.0,2.013,0.0,0.4364,3.373337088,0
6597,Q96IK0:Q99828,0.4882297736406579,0.1245174333242515,0.466260162601626,0.8719498910675381,0.0,0.0,0.0,0.0,0.0,2.013,0.0,2.7714,5.5788282,0
6599,P43628:Q9H313,-0.112575282264113,0.1336008898508898,0.626984126984127,0.4540015540015539,0.15,0.0,0.15,0.0,0.0,0.9878,0.0,1.1757,0.174203469,0
6600,P08476:Q5T5C0,0.2932246686369815,0.1366780045351474,0.3352092352092352,0.3273809523809524,1.05,2.24017,2.24017,0.0,0.0,2.416,5.86,1.5818,50.1680353869306,0
6601,O75575:P54725,0.1833554542571311,0.1144522144522144,0.4989648033126294,0.9412698412698411,3.02,0.0,3.02,2.3254,0.0,2.013,2.07,5.6875,166.433268093592,0
6602,P62873:Q99835,0.1287612841792006,0.1953528794437885,0.3061594202898551,0.4477777777777778,0.19,0.0,0.19,0.0,0.0,2.416,0.0,2.1077,0.967518608,1
6603,O95154:Q9NRE2,-0.1932359465294212,0.0769230769230769,0.35,0.86875,0.17,0.0,0.17,0.0,0.0,2.013,0.0,0.8888,0.304156248,0
6604,P19429:Q8TES7,-0.1189023553868079,0.1222222222222222,0.5750700280112045,1.0,18.4,0.0,18.4,0.9127,0.0,2.416,0.0,2.7714,112.445483480832,0
6606,O00206:Q9NQ35,-0.1591895141290883,0.25,0.0,0.8928571428571428,0.19,0.0,0.19,0.0,0.0,2.416,0.0,1.1757,0.539693328,0
6607,O95257:Q9P0V3,-0.0057662870577034,0.174090909090909,0.4708333333333334,0.8784893267651886,0.29,0.0,0.29,0.0,0.0,2.416,0.0,2.7714,1.941753696,0
6608,O60682:P15884,0.2455078226904046,0.4797542735042734,0.4677248677248677,0.9586299892125136,0.0,0.0,0.0,0.0,0.6153,0.0,0.4,1.5818,0.389312616,1
6609,P39019:P63244,0.8929946141928682,0.1232658069055127,0.5023809523809524,0.8351882613510518,1.52,0.0,1.52,2.3254,0.6153,1.1933,0.0,38.174,99.0707568869023,1
6612,O75822:Q96ES6,-0.2129757539964455,0.2,0.5,0.875,0.0,0.0,0.0,0.0,0.0,2.013,0.0,1.5818,3.1841634,0
6614,P62269:Q9UI42,0.4214854240372402,0.2777777777777777,0.5,0.3035714285714285,0.62,0.0,0.62,0.0,0.0,0.9878,0.0,1.1757,0.7200410052,0
6615,Q96QF0:Q9BTT0,0.4849835054272327,0.1759259259259259,0.4299021965688632,0.5523809523809524,0.54,0.0,0.54,0.5125,0.0,2.416,0.0,3.9008,2.6081841024,0
6616,P15884:Q8WWC4,0.0101931861238581,0.0954545454545454,0.1999999999999999,0.875,0.41,3.84,3.84,0.0,0.0,2.416,0.0,1.1757,10.907486208,0
6617,P08708:P54710,-0.0591422881994612,0.1125846375846375,0.4833333333333333,0.2185714285714285,0.0,0.0,0.0,0.0,0.0,1.1933,0.0,1.5818,1.88756194,0
6618,O00206:Q8NCM2,-0.0687138469482323,0.1255668934240363,0.4388888888888889,0.335016835016835,0.54,0.0,0.54,0.0,0.0,2.013,0.0,1.1757,1.278009414,0
6620,O60291:Q96QD9,0.4628846500773351,0.125,0.3611111111111111,0.8041666666666666,0.19,0.0,0.19,0.0,0.0,2.416,0.0,1.5818,0.726109472,0
6621,P49768:Q9BXM7,-0.0061194341709408,0.147553500139707,0.4284256559766765,0.5157917383820998,0.0,4.85617,4.85617,0.0,0.6153,0.0,69.61,2.1077,438.390592586513,0
6622,Q9BUI4:Q9H0I9,0.3829279096541416,0.0,0.5,0.1888888888888888,0.22,0.0,0.22,0.0,0.0,2.416,0.0,0.6688,0.355480576,0
6624,P48436:Q13951,-0.0801260075567203,0.2537027310924369,0.9769503546099292,0.8648148148148147,0.17,0.0,0.17,0.0,0.0,2.013,0.0,1.1757,0.402336297,0
6625,P04150:P15559,0.1094542126160034,0.1748913998913999,0.7138888888888889,0.5094246031746033,0.15,3.51,3.51,0.0,0.0,2.416,0.0,1.1757,9.970124112,0
6626,O60880:Q02556,0.7528204177465663,0.1678896500325071,0.5571428571428572,0.4395061728395062,0.23,14.0845,14.0845,1.7951,0.0,2.416,2.07,5.6875,719.148809960626,0
6627,Q8TDD1:Q9BXY0,0.7437667507296393,1.0,0.6111111111111112,0.8,0.41,3.84,3.84,0.0,0.6153,2.013,0.0,18.4426,87.7170588408576,0
6629,O94919:P49918,0.240713317496256,0.0759486215688261,0.35,0.7003968253968254,0.24,0.0,0.24,0.0,0.0,2.013,0.0,1.5818,0.764199216,0
6630,P62750:P62891,0.8786504857059697,0.5392628205128205,0.7324263038548752,0.8333333333333334,0.0,0.0,0.0,0.9127,0.0,0.993,24.11,18.4426,402.992214868855,1
6632,O75663:Q8NI77,0.5820993510217819,0.1037734487734487,0.6718364197530864,0.5814236111111111,0.0,0.0,0.0,0.0,0.0,2.013,0.0,9.4687,19.0604931,0
6633,O95257:Q86YI8,0.2906141834872625,0.1963203463203463,0.8,0.4380952380952381,0.19,0.0,0.19,0.0,0.0,2.416,0.0,1.5818,0.726109472,0
6634,O43566:Q9BQ87,-0.0399452787850819,0.1111111111111111,0.4416666666666666,0.5833333333333334,0.83,3.51,3.51,0.0,0.0,2.013,0.0,1.5818,11.176413534,0
6635,P06340:P28067,0.9199198412992492,0.5925925925925926,0.3938949938949939,0.6714285714285715,7.06,3.52956,7.06,3.8142,0.6153,2.416,105.17,3.9008,16422.4355352521,1
6636,O43741:P54619,0.5921016841945178,0.3754639804639804,0.6659999999999999,0.8622655122655123,0.15,0.0,0.15,0.5125,400.8352,2.013,69.61,2.7714,11966.4575045952,1
6637,P63000:Q9H3Q3,0.0736946698803547,0.1833333333333333,0.75,0.3586309523809524,0.17,0.0,0.17,0.0,0.0,1.5978,0.0,1.1757,0.3193506882,0
6638,O95076:Q9Y294,0.146699716713647,0.1293154761904761,0.4636363636363637,0.1962962962962963,0.17,0.0,0.17,0.9127,0.0,2.013,0.0,0.541,0.168973271247,0
6639,P47870:Q6IS14,-0.0805962336961038,0.0989010989010989,0.25,0.1166666666666666,0.54,0.0,0.54,0.0,0.0,1.5978,0.0,0.7962,0.6869709144,0
6640,Q06323:Q9UL46,0.8677997305174744,0.5454545454545454,0.8623407109322602,0.9285714285714284,2091.17,2.60197,2091.17,0.9127,30.1977,0.0,24.11,38.174,53046426.9266718,1
6642,O60262:Q4AE62,0.217195266580531,0.1041666666666666,0.25,0.125,0.0,0.0,0.0,0.0,0.0,2.416,0.0,2.1077,5.0922032,0
6643,O94804:Q9UBF8,0.3112883029898002,0.3294191919191919,0.3463203463203463,0.7668128654970761,0.19,0.0,0.19,0.0,0.6153,2.416,0.0,3.9008,1.1017704746496,0
6646,O15264:O95257,-0.0835727019587081,0.1846938775510203,0.6000000000000001,1.0,0.15,0.0,0.15,1.2535,5.2693,2.416,0.0,1.5818,3.78631745625382,0
6647,P01859:Q9Y5E6,-0.125084877111699,0.1324795574795574,0.75,0.5833333333333334,0.89,0.0,0.89,0.5125,0.0,2.013,0.0,0.4364,0.40069358835,0
6650,Q04837:Q9HCU8,0.4929489632950499,0.0826923076923076,0.1942583732057416,0.9326923076923076,0.15,0.0,0.15,0.0,0.0,0.0,0.0,1.5818,0.23727,0
6651,P27694:Q9Y231,-0.1625207517159938,0.1471821388488055,0.2276785714285714,0.4005602240896359,0.15,0.0,0.15,0.0,0.0,2.013,0.0,2.7714,0.83682423,0
6652,O14807:Q5SRI9,0.008139325103028,0.0,0.2291666666666666,0.1157407407407407,0.0,0.0,0.0,0.0,0.0,2.013,0.0,1.1757,2.3666841,0
6653,Q5JS54:Q96F15,0.2612077770422923,0.0,0.1180555555555555,0.4942307692307692,0.0,0.0,0.0,0.0,0.0,2.013,0.0,1.1757,2.3666841,0
6655,Q86X95:Q92905,0.528735238911501,0.1323712235476941,0.4578189300411522,0.8775827280064568,0.62,0.0,0.62,3.124,0.0,1.5978,0.0,9.4687,29.3032296311568,0
6656,P42127:Q6PIF2,0.0848394779390103,0.2291666666666666,0.425,1.0,0.0,0.0,0.0,0.0,0.0,2.013,0.0,2.7714,5.5788282,0
6658,P62316:Q16637,0.8306774225695744,0.5954045954045954,0.498015873015873,0.9951923076923076,8.98,5.45912,8.98,3.124,0.6153,0.0,69.61,0.4364,524.36132552272,1
6659,P49736:Q9NYP9,0.6772480248832565,0.1683333333333333,0.6733333333333333,0.9670212765957448,0.41,0.0,0.41,0.0,0.0,1.5978,0.0,45.2798,29.6627064204,0
6661,P10321:P43628,0.8284820539369601,0.5714285714285714,1.0,0.9828767123287672,80.27,9.47493,80.27,2.0764,5.5574,2.013,2.07,1.1757,4537.81282766628,1
6662,Q9BZE1:Q9HD33,0.5806988989717944,1.0,0.4772727272727273,1.0,80.27,0.0,80.27,0.0,0.0,0.0,0.0,18.4426,1480.387502,1
6664,P21728:Q8N960,-0.2065971648393847,0.145510878010878,0.25,1.0,0.54,0.0,0.54,0.0,0.0,2.416,69.61,0.7962,72.30769155648,0
6665,Q8N1P7:Q8TCY5,-0.0523813768092269,0.0,0.0,0.3338095238095238,0.29,0.0,0.29,0.0,0.0,2.416,0.0,3.9008,2.733056512,0
6667,Q53GQ0:Q8N684,0.3493993677322988,0.1000784929356357,0.2523809523809523,0.95,0.56,3.84,3.84,0.0,0.0,2.416,0.0,1.1757,10.907486208,0
6669,O43719:P08579,0.2818618082577203,0.9066666666666666,0.4885714285714285,0.9292929292929292,80.27,0.0,80.27,1.2535,0.0,2.013,0.4,18.4426,1494.18204882114,1
6672,O43581:P32927,-0.1907300592368421,0.1258658008658008,0.9285714285714286,0.6938988095238094,3.16,3.84,3.84,1.7951,0.0,2.013,0.0,0.7962,11.0480547919104,0
6674,Q9HB90:Q9NWX6,0.693518983803863,0.158066008066008,0.5035714285714286,0.6129761904761905,2.08,0.0,2.08,0.0,0.0,2.013,0.0,2.7714,11.603962656,0
6676,P59768:Q6PIZ9,0.1349326292810069,0.2414682539682539,0.6952380952380952,0.5833333333333334,0.0,0.0,0.0,0.0,0.0,1.5978,0.0,2.7714,4.42814292,0
6678,O76062:Q9NXA8,-0.1022666685001877,0.098147971309736,0.6908482142857142,0.1383928571428571,0.19,0.0,0.19,0.0,0.0,1.5978,0.0,2.7714,0.8413471548,0
6679,Q969G2:Q9BYQ9,0.012221158065233,0.1666666666666666,0.3214285714285714,0.0,0.19,0.0,0.19,0.0,0.0,0.993,0.0,1.1757,0.221819319,0
6680,P62753:P62847,0.9542059009815748,0.4883928571428571,0.7233766233766233,0.6476190476190476,52.16,0.0,52.16,0.0,15.4815,2.013,181.01,38.174,11232194.9407618,1
6683,P48357:Q14145,0.2564436434551876,0.1422332875457875,0.43984375,0.9542288557213928,3.16,2.59,3.16,0.0,0.0,2.013,0.0,1.1757,7.478721756,0
6685,P62805:Q93077,-0.0309058427076727,0.1388888888888889,0.5166666666666668,0.6,282.86,0.0,282.86,0.0,5.052,0.9594,24.11,1.5818,52285.7539253329,1
6686,Q6P587:Q9NP72,0.0660743488302592,0.0827505827505827,0.45,0.7480158730158729,0.41,0.0,0.41,0.0,0.0,0.0,0.0,9.4687,3.882167,0
6687,O43623:P52298,0.4155932793722647,0.107908268889693,0.8261261261261261,0.8148936170212768,1.52,0.0,1.52,0.0,0.6153,1.5978,2.07,1.5818,4.8929957272472,0
6688,P62304:P62308,0.9010073409432308,0.6875850340136054,0.459054834054834,0.903125,292.74,0.0,292.74,0.9127,158.1204,1.5978,69.61,38.174,179374103.328493,1
6689,P53004:Q9H0X6,-0.2052433192573241,0.0871212121212121,0.75,0.9172939068100358,0.94,0.0,0.94,0.0,0.0,2.013,0.0,1.5818,2.993113596,0
6694,O14994:P46976,-0.1890144256555858,0.0909090909090909,0.2309948979591836,0.1045093795093795,0.17,0.0,0.17,0.0,0.0,2.416,0.0,0.6688,0.274689536,0
6695,P62310:Q9UK45,0.6176237557814097,0.75,0.3502801120448179,0.9631782945736432,118.38,0.0,118.38,0.9127,9.2808,1.5978,5.86,45.2798,425124.694357173,1
6696,P50402:Q8IWZ5,-0.0678512667699096,0.1666666666666666,0.0,0.9882816661340152,0.54,0.0,0.54,0.0,0.0,2.416,0.0,1.1757,1.533865248,1
6698,P13807:P46976,0.5249104373662371,1.0,0.7464285714285716,0.5585034013605442,10.53,0.0,10.53,0.0,15.4815,2.013,105.17,5.6875,196290.13186229,1
6699,Q96CX3:Q9HBL7,0.0696151559551129,0.099537037037037,0.3333333333333333,1.0,0.24,0.0,0.24,0.0,0.0,2.013,0.0,1.5818,0.764199216,0
6700,Q07666:Q16559,0.3247071084115031,0.2582417582417582,0.5,0.5373015873015874,0.0,0.0,0.0,0.5125,0.0,0.0,0.0,1.1757,0.60254625,0
6703,Q69YL0:Q6NXT1,0.274163224815084,0.0,0.3199999999999999,0.8333333333333333,0.74,0.0,0.74,0.0,0.0,0.993,0.0,0.0,0.73482,0
6704,P10632:Q96MT8,-0.2420754045167634,0.1288091958546504,0.4620689655172413,0.9927536231884058,0.0,0.0,0.0,0.0,0.0,2.416,0.0,1.1757,2.8404912,0
6708,P62306:Q9Y314,0.2479798325932895,0.0951178451178451,0.5142857142857143,0.6157407407407408,0.63,3.84,3.84,0.0,0.0,2.013,0.0,9.4687,73.192293504,0
6709,P61960:P62891,0.6021343083405076,0.1316964285714285,0.3990929705215419,0.25,0.0,0.0,0.0,0.9127,0.0,0.993,0.0,5.6875,5.15464438125,0
6711,O43889:P29972,0.4588857512623427,0.1351189598025041,0.6654545454545455,0.836815534892458,0.19,0.0,0.19,0.0,0.0,2.416,0.0,1.1757,0.539693328,1
6714,Q15907:Q9ULT0,0.287662761559982,0.257051282051282,0.4166666666666666,1.0,3.44,2.60197,3.44,0.0,0.6153,1.5978,0.0,3.9008,13.1923285411277,0
6716,Q16659:Q9H6Z9,0.1959032213112636,0.2006172839506173,0.7000000000000001,0.8680555555555557,0.0,0.0,0.0,0.9127,0.0,2.416,0.0,2.1077,4.64765386064,1
6717,O60268:Q9Y376,-0.0188950529373485,0.0,0.3827777777777778,0.0,0.0,0.0,0.0,0.0,0.0,0.0,0.0,2.1077,2.1077,0
6718,P17980:P51665,0.7895788259640264,1.0,0.8254920634920635,0.8675213675213675,4.05,0.0,4.05,1.7092,158.1204,2.013,24.11,45.2798,2405366.71423739,1
6720,O75493:Q9NQ39,-0.3544762725063987,0.0,0.1428571428571428,0.1458333333333333,0.19,0.0,0.19,0.0,0.0,2.416,0.0,0.0,0.45904,0
6721,Q5VUJ9:Q9UL41,0.1875515623374408,0.0,0.5,0.8911564625850339,0.41,5.22,5.22,0.0,0.0,0.993,0.0,2.7714,14.365441044,0
6722,Q15370:Q93034,0.3714261493757526,0.1802064163906269,0.5305555555555556,0.8603120243531203,39.6,3.52956,39.6,2.3588,0.6153,2.416,0.31,3.9008,167.913466616991,1
6724,Q15070:Q9BRJ2,0.8445955606105194,1.0,0.5314285714285714,0.71875,0.0,0.0,0.0,0.0,0.0,0.0,0.0,18.4426,18.4426,1
6726,O60508:Q8WUA2,0.7965198002430344,0.0666666666666666,0.7833333333333333,0.4583333333333333,3.45,8.9,8.9,0.0,0.6153,2.013,0.0,45.2798,499.143243202758,0
6728,P62913:Q8NBP7,-0.2107079503469199,0.1406926406926406,0.3532828282828282,0.625705467372134,2.09,0.0,2.09,0.0,0.0,0.993,0.0,0.7962,1.652409594,0
6729,Q96EH8:Q9Y6Q3,-0.1983202029278498,0.0606617647058823,0.2,0.2146915584415584,0.54,0.0,0.54,0.0,0.0,2.013,0.0,0.7962,0.865485324,0
6730,P16035:Q9BT40,0.4888017047095454,0.1326742007992007,0.3395833333333333,0.629329884207933,0.19,0.0,0.19,0.0,0.0,2.416,0.0,3.9008,1.790623232,0
6732,P20382:P28335,0.0,0.2157710646841081,0.3,0.1787789987789987,0.0,0.0,0.0,0.5125,0.0,2.013,24.11,3.9008,97.0260919188,0
6733,P51580:Q9UJN7,0.0145483342222481,0.0769230769230769,0.2,0.2386363636363636,0.68,0.0,0.68,0.0,0.6153,2.013,0.0,2.1077,1.7752045330404,0
6734,P01730:Q9NV64,0.1970494523258355,0.1507936507936507,1.0,1.0,0.19,6.56,6.56,0.0,0.0,2.013,0.0,1.1757,15.525447696,0
6735,P49715:P61224,0.1326280238636085,0.1608119311244311,0.3170940170940171,0.7096618357487923,0.28,0.0,0.28,1.0145,0.6153,1.1933,0.0,1.1757,0.245212811407032,0
6736,P11908:Q8NCG5,-0.0207932726159412,0.2251602564102564,0.225,0.2125,0.22,0.0,0.22,0.0,0.0,1.5978,0.0,0.6915,0.243073314,0
6737,O94777:P07900,0.1617372597835509,0.1805863513180586,0.2415302579365079,0.9096845922276956,0.83,0.0,0.83,20.9141,0.0,1.1933,0.0,1.5818,32.7656271105638,0
6738,O95168:O96000,0.6527194072099263,0.3496969696969697,0.6803571428571428,0.1875,0.54,0.0,0.54,0.9127,0.0,0.0,69.61,18.4426,632.725869205188,1
6739,P06307:P32238,-0.0573994850653553,0.3470238095238095,0.3888888888888889,0.1944444444444444,0.24,0.0,0.24,0.0,0.6153,2.416,105.17,2.1077,79.0852981410536,1
6740,P61088:Q96FW1,0.5710279279230613,0.2008414936222422,0.5666666666666667,0.9293078055964652,118.38,0.0,118.38,1.7092,5.2693,0.0,5.86,9.4687,59157.8140422165,1
6741,O75489:P03886,0.4369623365756841,0.3328741965105601,0.5953439153439153,0.5694444444444444,0.0,0.0,0.0,0.0,0.6153,0.3129,69.61,0.8888,11.9115467046022,1
6742,P11926:Q7L5D6,0.5600743730139855,0.1366666666666666,0.5304347826086955,1.0,0.19,0.0,0.19,0.0,0.0,2.013,0.0,5.6875,2.175298125,0
6743,P62308:P62316,0.8491913930578108,0.6212585034013605,0.4364087301587301,0.9821428571428572,292.74,0.0,292.74,3.124,9.2808,1.5978,69.61,45.2798,42744186.6875196,1
6744,Q96CS2:Q9NVX0,0.861722790786456,0.4942460317460318,0.7758064516129031,1.0,0.54,0.0,0.54,0.0,0.0,2.416,105.17,18.4426,2530.49049684288,1
6745,Q13427:Q9UIF7,0.7084564103062752,0.1357142857142857,0.8769230769230768,0.2964852607709751,0.17,3.51,3.51,0.0,0.0,2.416,0.0,1.1757,9.970124112,0
6746,Q58FF8:Q92522,0.4138446983434635,0.1334776334776334,0.2666666666666666,0.2085714285714285,0.94,0.0,0.94,0.0,0.0,1.5978,0.0,0.0,1.501932,0
6750,Q16548:Q92934,-0.3007012565624846,0.2020239922678947,0.5644444444444443,0.943486590038314,0.0,84.52,84.52,1.7092,0.6153,2.416,2.07,0.8888,395.10325625997,1
6752,Q15370:Q92624,0.6851834299533355,0.2724675324675325,0.3352272727272727,0.9827380952380952,3.82,0.0,3.82,0.9127,0.0,2.013,0.0,2.1077,14.7925819478514,1
6753,Q13503:Q9NWA0,0.2984815294892137,0.6842105263157894,0.4145833333333333,0.9428571428571428,21.59,0.0,21.59,3.7695,0.0,2.013,0.4,2.1077,138.11757726094,1
6754,O75509:Q9BTK6,-0.0368624599982237,0.1024253524253524,0.2031249999999999,0.8545454545454544,0.0,0.0,0.0,0.0,0.0,2.416,0.0,1.1757,2.8404912,0
6755,P09001:Q5HY98,0.5592198390798294,0.0666666666666666,0.5,0.1709415584415584,0.22,0.0,0.22,0.0,0.6153,1.1933,0.0,3.9008,0.63010499221824,0
6756,P46663:Q9UI10,0.3546269532004352,0.1723609723609723,0.2666666666666666,0.8295238095238094,0.0,0.0,0.0,0.0,0.0,0.0,0.0,0.7126,0.7126,0
6757,O95298:O96000,0.1464522786647717,0.3496969696969697,0.6803571428571428,0.9375,0.94,0.0,0.94,0.5125,0.0,2.013,69.61,45.2798,3056.62127700819,1
6760,P29372:Q8N807,-0.0361125975032508,0.1053030303030303,0.5,0.238095238095238,0.94,0.0,0.94,0.0,0.0,2.013,0.0,2.1077,3.988232094,0
6761,P46781:Q9BRS2,0.6825005392748587,0.2809523809523809,0.625,0.2868279569892473,0.0,0.0,0.0,0.0,0.0,1.5978,0.0,2.7714,4.42814292,1
6765,O15145:O60568,0.4425579316065346,0.1312558356676003,0.3285714285714285,0.6982498982498982,0.0,0.0,0.0,0.0,0.0,1.5978,0.0,5.6875,9.0874875,0
6766,P83369:Q9P0L9,0.0858779546797229,0.0969204869204869,0.3281746031746032,0.3299748638458315,0.41,0.0,0.41,0.0,0.0,2.013,0.0,1.5818,1.305506994,0
6768,Q9BZJ0:Q9NW64,0.7995174429300017,0.3752879673932305,0.5636243386243387,0.6520833333333333,52.16,3.51,52.16,0.0,3.1392,2.013,0.0,18.4426,6078.86488318095,1
6769,P98172:Q86Y46,0.3827137988872399,0.2166666666666666,0.4303258145363408,0.875,0.19,0.0,0.19,0.0,0.0,2.416,0.0,2.7714,1.272183456,0
6771,Q13323:Q16548,0.1351627978154594,0.3740981240981241,0.4166666666666667,0.935897435897436,0.15,8.9,8.9,0.5125,0.0,0.0,2.07,1.5818,14.9350194675,1
6772,P31942:Q06265,0.7386773034985326,0.2340873015873015,0.2949603174603174,0.6229365079365079,0.83,0.0,0.83,0.0,0.0,2.013,2.07,18.4426,63.78438312378,0
6773,Q96DV4:Q9H0U6,0.6671442007220524,0.6923076923076924,0.5045454545454545,0.6547619047619049,71.0,0.0,71.0,0.0,0.0,2.416,0.0,9.4687,1624.2229232,1
6774,P25205:Q8N8R3,0.0482212231195155,0.0916386083052749,0.40625,0.1315192743764172,1.22,0.0,1.22,0.0,0.0,2.013,0.0,1.1757,2.887354602,0
6775,P06028:Q5VSY0,-0.046735365692566,0.0,0.1666666666666666,1.0,0.0,0.0,0.0,0.0,0.0,0.993,0.0,1.1757,1.1674701,0
6777,P24588:P41159,-0.0801379353902955,0.1654169729641428,0.625,0.59375,0.0,0.0,0.0,0.0,0.0,0.0,0.0,1.1757,1.1757,0
6779,P12004:Q9HCU8,0.4658647420748927,0.365625,0.9539473684210528,0.9326923076923076,0.15,0.0,0.15,0.0,0.6153,0.0,105.17,1.1757,11.412126216855,1
6780,O75586:O95125,0.7851403210110907,0.6904761904761904,0.3,0.8440329218106996,0.41,3.86531,3.86531,0.0,0.0,1.5978,2.07,2.7714,35.4304203779178,0
6781,P09661:Q92917,0.3916853771514914,1.0,0.5428571428571429,0.9779411764705882,3.44,0.0,3.44,0.0,0.0,2.013,0.0,5.6875,39.384345,0
6783,P50607:P61960,0.418905280505335,0.1244280025530025,0.5857142857142857,0.5,0.54,2.59,2.59,0.0,0.0,0.993,0.0,0.7126,1.832714562,0
6785,O75385:P02647,-0.22933967245712,0.1534486570776893,0.3745238095238096,0.777088948787062,0.19,4.39006,4.39006,1.2535,0.0,2.416,10.8,1.5818,227.126103745112,0
6786,Q13162:Q9NP92,-0.0799213916374225,0.1875,0.18125,0.2666666666666666,0.0,0.0,0.0,0.0,0.0,0.0,0.0,3.9008,3.9008,0
6787,P50990:Q9NZI7,0.6512271026517265,0.1172893772893773,0.6000000000000001,0.4575757575757576,0.15,0.0,0.15,0.0,0.0,1.5978,0.0,3.9008,0.934904736,0
6788,Q86VX2:Q9UBS9,0.2525235547133884,0.1257936507936508,0.1722222222222222,0.0,0.54,0.0,0.54,0.0,0.0,2.013,0.0,1.5818,1.719448236,0
6791,Q06265:Q6JBY9,0.480154403648421,0.1333333333333333,0.3854166666666667,0.3066666666666666,0.15,0.0,0.15,0.0,0.0,1.5978,0.0,1.1757,0.281780019,0
6794,Q01780:Q9NQT4,0.4470987794080349,0.4295634920634921,0.4220521541950112,0.9669191919191918,7.06,0.0,7.06,0.0,3.1392,2.013,24.11,3.9008,4195.83456141574,1
6795,P07108:Q9H3M7,-0.2283887576201503,0.0947165407691723,0.5,0.8358974358974359,0.22,0.0,0.22,0.5125,0.0,2.013,0.0,1.5818,0.35901442335,0
6796,O94973:P13639,0.1957072198745648,0.1309523809523809,0.514,0.5008169934640522,2.31,3.51,3.51,0.0,0.0,2.013,0.0,9.4687,66.902330781,0
6797,P01850:Q30154,0.4422680202751697,0.3107936507936508,0.5205096073517126,0.0,0.84,2.60197,2.60197,0.5125,0.0,0.993,2.07,0.0,2.74104236928375,1
6798,O15234:Q9BYZ2,0.2000376783129315,0.1,0.39,0.922077922077922,0.19,0.0,0.19,0.9127,0.0,2.416,0.0,0.7126,0.2985550347808,0
6800,Q9NP92:Q9UPQ0,-0.0859584429179516,0.0912709512709512,0.1507142857142857,0.1632653061224489,0.0,0.0,0.0,0.0,0.0,2.416,0.0,1.1757,2.8404912,0
6801,P62166:P86480,0.0,0.0,0.0,1.0,0.0,0.0,0.0,0.0,0.0,0.8011,0.0,0.4364,0.34960004,0
6802,P26373:P84098,0.950756558775027,1.0,0.6576719576719576,0.5384615384615384,0.17,7.40526,7.40526,0.0,5.2693,2.013,24.11,45.2798,85750.9068682948,1
6803,P49736:Q8WXX5,0.6528562505595801,0.5454545454545454,0.4515151515151515,1.0,0.23,0.0,0.23,0.0,0.6153,2.416,0.0,38.174,13.052068675296,1
6804,O75821:P27361,0.083436862756474,0.131731266636927,0.8270642201834862,0.8227430555555555,0.62,0.0,0.62,3.8142,0.6153,2.013,0.0,3.9008,11.4256134040573,0
6805,P13805:Q96S37,-0.017933153576123,0.1031844418208054,0.2983333333333333,0.25,0.17,0.0,0.17,0.0,0.0,2.013,0.0,1.1757,0.402336297,0
6808,Q30154:Q7Z7B0,0.00529167931989,0.1041666666666666,0.3837301587301588,0.0,0.24,5.45912,5.45912,0.0,0.0,0.9878,0.0,1.1757,6.3399842779152,0
6809,P63208:Q9H2F9,-0.0421034921820708,0.1294642857142857,0.3999999999999999,1.0,0.54,0.0,0.54,0.0,0.0,1.1933,0.0,1.1757,0.7575999174,0
6810,P50539:Q9UEW3,-0.1206552327734856,0.0751559000639883,0.3055555555555555,0.3444444444444444,0.0,0.0,0.0,0.0,0.0,2.013,0.0,1.1757,2.3666841,0
6811,O14964:Q96HW7,0.8271327020699342,0.1027777777777777,0.2857142857142857,1.0,0.83,2.59,2.59,0.0,0.0,2.416,0.0,2.7714,17.341869216,1
6812,P62304:Q16637,0.7974030570041407,0.5954045954045954,0.498015873015873,0.9951923076923076,8.98,0.0,8.98,3.124,0.6153,1.5978,69.61,5.6875,10919.1727570375,1
6814,P41732:Q9UI10,-0.3042566120553274,0.0,0.2666666666666666,0.8295238095238094,0.28,0.0,0.28,0.0,0.0,2.013,0.0,1.1757,0.662671548,0
6815,P29972:Q13158,0.111912611161904,0.1476111448937536,0.455094130675526,0.8889438943894388,0.26,0.0,0.26,0.0,0.0,2.416,5.86,1.1757,4.32777239232,0
6816,P17027:Q16659,0.2136076064656498,0.094570707070707,0.255952380952381,0.7180555555555556,0.81,0.0,0.81,0.0,0.6153,2.013,0.0,1.5818,1.5869647494162,0
6817,P53396:Q9HC52,0.4038650573673972,0.0856398809523809,0.6726851851851853,0.9774891774891776,0.22,2.59,2.59,0.0,0.0,1.5978,0.0,2.1077,8.7222991254,0
6820,Q7Z3Y8:Q92542,0.3561309504783896,0.1248917748917748,0.2596844293272864,0.828125,0.24,0.0,0.24,3.124,0.0,2.013,0.0,0.7962,1.201678289856,0
6821,P52298:P55064,-0.0496063756266463,0.1016354016354016,0.2590909090909091,0.6883116883116883,0.0,0.0,0.0,0.0,0.6153,1.1933,0.0,1.1757,0.863243016993,0
6822,Q16611:Q5TIE3,-0.0407414288083778,0.0,0.5,0.0,0.15,3.84,3.84,0.0,0.0,2.416,0.0,1.1757,10.907486208,0
6823,O96004:P78357,0.0846065957554605,0.1300552104899931,0.4083333333333334,0.5833333333333334,0.41,0.0,0.41,0.0,0.0,2.416,0.0,1.5818,1.566867808,0
6824,Q17R89:Q92624,0.3948017564756945,0.1247252747252747,0.2583333333333333,0.9827380952380952,1.59,0.0,1.59,0.0,0.0,2.416,0.0,1.5818,6.076389792,0
6826,Q15118:Q9NXT0,0.5051537879992218,0.1428571428571428,0.5,0.1703703703703703,0.41,0.0,0.41,0.0,0.6153,2.013,0.0,2.1077,1.0703439096273,0
6828,P62701:P62753,0.9474157234786282,0.3528204119113209,0.6630952380952381,0.6885964912280702,80.27,0.0,80.27,4.2492,111.3431,2.013,24.11,38.174,70361064.1118548,1
6829,P62945:Q9NX70,-0.0545518709587687,0.0688057040998217,0.3238095238095238,0.981818181818182,0.0,0.0,0.0,0.0,0.0,1.1933,0.0,2.7714,3.30711162,0
6830,A0A5B9:Q9BYT8,-0.0912547632562292,0.1196969696969697,0.3952380952380952,0.0,0.0,0.0,0.0,0.5125,0.0,0.0,0.0,0.0,0.5125,0
6832,P51665:Q9UI46,-0.0299207542323678,0.0756010656010655,0.2745238095238095,0.8666666666666666,0.54,0.0,0.54,0.0,0.0,1.5978,0.0,0.6688,0.5770486656,0
6834,P40933:Q7Z3V4,0.556356690100783,0.1277777777777778,0.2809523809523809,0.4074074074074074,0.0,0.0,0.0,0.0,0.0,2.013,0.0,1.5818,3.1841634,0
6835,P51553:Q96BR5,0.3943188513056637,0.1111111111111111,0.4222222222222222,1.0,0.19,0.0,0.19,0.0,0.0,0.0,0.0,2.7714,0.526566,0
6836,Q8NET1:Q96PD6,0.2335927749838225,0.0725274725274725,0.25,0.1111111111111111,0.0,0.0,0.0,0.0,0.0,1.1933,0.0,0.4364,0.52075612,0
6837,P56537:P60059,0.531862903920457,0.1055555555555555,0.5555555555555556,0.798611111111111,0.0,0.0,0.0,0.0,0.0,1.1933,0.0,18.4426,22.00755458,0
6842,P63027:Q8IXH7,0.1049579345490564,0.0909090909090909,0.4652173913043477,0.953125,0.0,0.0,0.0,0.0,0.0,2.416,0.0,1.1757,2.8404912,0
6844,P05198:Q14232,0.7490654947019553,0.4206830206830207,0.5,0.8180272108843537,39.6,0.0,39.6,0.0,13.3811,2.013,181.01,45.2798,8742544.37580875,1
6845,O60609:P56199,0.1552767853003765,0.2154497354497354,0.5666078777189889,0.5011904761904762,0.22,0.0,0.22,0.0,0.0,2.416,5.86,1.1757,3.66196125504,0
6847,P15559:P34897,0.3388170367888187,0.1609783734783734,0.3318965517241378,0.569642857142857,0.62,0.0,0.62,1.0145,0.0,2.013,0.0,3.9008,4.939024718496,0
6850,P49902:Q9P086,0.3605818154680913,0.1614450127877237,0.2388888888888889,0.8944444444444444,0.0,0.0,0.0,0.0,0.0,2.013,0.0,1.5818,3.1841634,0
6851,P41091:Q8NGN3,-0.1784222458756244,0.1458333333333333,0.3333333333333333,0.5833333333333334,0.54,0.0,0.54,0.0,0.0,0.993,0.0,0.8888,0.476592336,0
6852,P08559:Q96FA3,-0.0721126615749667,0.1010519783247056,0.2479166666666666,0.7914814814814816,0.0,0.0,0.0,0.0,0.0,0.0,0.0,1.5818,1.5818,0
6853,O95870:Q16655,-0.0421602703709546,0.0,0.3349999999999999,1.0,0.0,0.0,0.0,0.0,0.0,1.1933,0.0,1.1757,1.40296281,0
6858,Q00266:Q6NYC8,-0.1374218648962006,0.0,0.35,0.9902912621359224,0.15,0.0,0.15,0.0,0.0,2.013,0.0,0.6688,0.20194416,0
6860,O00303:Q53EL6,0.3980410635485996,0.1122853535353535,0.5375000000000001,0.9605263157894736,0.19,0.0,0.19,0.0,0.0,2.416,0.0,5.6875,2.61079,0
6861,Q16637:Q8IVE3,0.6154547280261818,0.0833333333333333,0.5280612244897959,0.8333333333333334,3.44,7.37,7.37,0.5125,0.0,2.416,0.0,1.1757,10.7288903238,0
6862,Q3SXY8:Q86YL5,0.4334627015600497,0.1428571428571428,0.5038461538461538,0.0,0.19,2.59,2.59,0.0,0.0,2.416,0.0,1.5818,9.898018592,0
6866,Q8IUC1:Q9NQC8,0.0103404992862388,0.0,0.3372549019607843,1.0,0.0,0.0,0.0,0.0,0.0,1.5978,0.0,0.6688,1.06860864,0
6867,Q13153:Q99259,0.5392496612654034,0.108028083028083,0.3782051282051281,0.8394557823129251,0.0,3.51,3.51,0.9127,0.6153,2.416,0.0,3.9008,18.5768765887713,0
6868,P60369:P84098,-0.0722649264625084,0.0,0.6576719576719576,0.0,0.0,0.0,0.0,0.0,0.0,0.993,0.0,1.5818,1.5707274,0
6870,Q96LB2:Q9Y2A4,0.1621982873537605,0.1458333333333333,0.2,0.1275252525252525,0.17,0.0,0.17,0.0,0.0,2.013,0.0,0.8888,0.304156248,0
6871,O00230:Q96M63,0.1428727960917788,0.0952380952380952,0.3285714285714285,1.0,0.68,0.0,0.68,0.0,0.0,2.013,0.0,2.7714,3.793603176,0
6872,P07814:Q13155,0.5775495155365035,0.0949695729107493,0.8066666666666665,0.9919678714859436,292.74,0.0,292.74,0.0,5.2693,2.416,5.86,18.4426,402764.965704643,1
6873,C9J3V5:O95298,0.0310343521969422,0.0,0.1031746031746031,0.0,0.24,0.0,0.24,0.0,0.0,0.0,0.0,1.5818,0.379632,0
6874,P07900:Q9UJ42,-0.1964520795996835,0.25,0.625,0.8333333333333334,0.0,0.0,0.0,0.0,0.0,1.5978,0.0,1.5818,2.52740004,0
6875,P27037:P62857,0.4454434740228615,0.1264823560278105,0.4093951093951093,0.6538461538461539,0.22,0.0,0.22,2.3254,0.6153,0.993,0.0,2.7714,0.866274888248819,0
6880,O14964:Q8N815,0.3789253575838336,0.1759259259259259,0.3083333333333333,0.0,0.0,5.22,5.22,0.0,0.0,2.013,0.0,0.8888,9.339385968,0
6881,P61236:Q96PD4,-0.0203820651229904,0.1313797313797313,0.2,0.1689153439153439,0.19,0.0,0.19,0.0,0.0,1.5978,0.0,1.5818,0.4802060076,0
6883,P83105:P98170,0.3871915873883978,0.198083833377951,0.4647058823529412,0.8661976911976912,1.52,8.9,8.9,2.3254,0.6153,2.416,0.0,1.1757,36.1716265202647,1
6884,P28062:P28065,0.9194352588769624,0.3914141414141414,0.8607469015003263,0.911027568922306,77.86,0.0,77.86,1.7092,9.7902,2.013,24.11,38.174,2413834.5649112,1
6885,Q14697:Q9BR77,0.488065950319185,0.0,0.5555555555555555,0.0,0.54,0.0,0.54,0.0,0.0,2.013,0.0,1.5818,1.719448236,0
6886,Q13098:Q14541,-0.2189269896620268,0.1287393162393162,0.5999999999999999,0.2685515873015873,0.19,4.96,4.96,0.0,0.0,2.013,0.0,1.5818,15.793450464,0
6887,O94927:Q9UNX3,0.4004312147790538,0.1833333333333333,0.1547619047619047,0.5,0.0,0.0,0.0,0.0,0.0,0.0,0.0,1.5818,1.5818,0
6888,Q5VZ72:Q9NS18,0.635584652819583,0.0952505827505827,0.2154761904761905,0.1886243386243386,0.26,0.0,0.26,0.0,0.0,0.0,0.0,1.1757,0.305682,0
6890,P04908:P62805,0.4342043732199577,0.3426923076923077,0.257168458781362,0.9662698412698412,282.86,0.0,282.86,4.0064,102.7783,0.9594,24.11,2.1077,5678491.68580903,1
6891,O14818:O43639,0.5223417651607314,0.0694781298947965,0.8538461538461538,0.9757009345794392,0.41,13.0318,13.0318,0.0,0.0,2.013,2.07,1.1757,63.8432584785666,0
6892,P50222:Q5EBL4,0.2871902628292134,0.1208333333333333,0.4402777777777777,0.9333333333333332,0.0,0.0,0.0,0.0,0.0,2.416,0.0,2.1077,5.0922032,0
6894,P61978:Q8IXB1,0.6898366358720481,0.2061224489795918,0.36,0.5705357142857144,3.02,0.0,3.02,0.0,0.0,2.416,0.0,45.2798,330.375910336,0
6896,A4GXA9:P54793,-0.1749255341802591,0.0,0.1547619047619047,0.1619047619047619,0.19,0.0,0.19,0.0,0.0,2.013,0.0,2.7714,1.059977358,0
6898,P05198:Q9UI10,0.6110194238057198,0.2941951987406532,0.5416666666666666,0.8295238095238094,80.27,2.59,80.27,0.0,3.1392,2.013,181.01,18.4426,1693326.63228802,1
6900,P08621:Q9Y3B4,0.375191471316931,0.7357142857142857,0.6099773242630384,0.7444444444444445,16.53,0.0,16.53,3.7695,0.6153,2.013,0.0,3.9008,301.05162456618,0
6902,B0I1T2:P35249,0.6893608175349907,0.1068121693121693,0.9345070422535212,0.8132936507936508,0.41,0.0,0.41,0.0,0.6153,2.013,0.0,1.5818,0.8032784534082,0
6903,P61221:P62847,0.6583877424573251,0.1821428571428571,0.7233766233766233,0.3571428571428571,0.54,0.0,0.54,3.5815,0.0,1.5978,0.0,18.4426,56.9906065413828,1
6905,Q8IWL3:Q9H488,0.6441628544892328,0.1090496804782518,0.38,0.18,0.19,0.0,0.19,0.0,0.0,2.013,0.0,2.7714,1.059977358,0
6907,O95983:Q86YP4,0.4034750191142793,0.5412698412698413,0.4275252525252525,0.8825,0.54,7.40526,7.40526,0.9127,0.6153,2.416,24.11,18.4426,4467.57203933836,1
6908,P30260:Q13257,0.5359192460656815,0.1953439153439153,0.7092592592592593,0.9947368421052633,2.49,0.0,2.49,1.0145,3.1392,2.013,24.11,18.4426,7097.95949050609,1
6909,P46783:P63244,0.8780250793808313,0.1232658069055127,0.5023809523809524,0.8351882613510518,3.44,0.0,3.44,2.409,3.1392,1.1933,0.0,38.174,1185.03598406543,1
6910,P61247:Q9HAT2,-0.1016471128319124,0.2777777777777777,0.5773809523809523,0.3305555555555556,0.0,0.0,0.0,0.0,0.0,2.013,0.0,2.1077,4.2428001,0
6912,Q8WVC0:Q9H7X2,-0.072697463756913,0.1666666666666666,0.3333333333333333,0.0,0.15,0.0,0.15,0.0,0.0,2.013,0.0,1.1757,0.355002615,0
6914,P61247:Q8IYY4,0.6129433299576301,0.1494708994708994,0.4142857142857142,0.95,2.85,0.0,2.85,0.0,0.0,2.013,0.0,0.7126,4.08822183,0
6915,Q96A65:Q9H0E7,0.2070660574493152,0.1020612934074472,0.4708333333333333,0.4040178571428571,0.0,0.0,0.0,0.0,0.0,2.416,0.0,1.1757,2.8404912,0
6916,Q9NQR1:Q9P1W3,-0.1487678729745674,0.1547619047619047,0.3055555555555555,0.0976430976430976,0.54,0.0,0.54,0.0,0.0,2.416,0.0,1.1757,1.533865248,0
6917,O75643:Q8WUA2,0.8360932222582141,0.0714285714285714,0.7833333333333333,0.4583333333333333,1.52,0.0,1.52,0.0,0.6153,2.013,0.0,5.6875,10.7076874905,0
6919,Q8N6W0:Q969Q1,-0.0694641219526242,0.0789693639693639,0.6238095238095239,0.7760770975056689,1.05,0.0,1.05,0.5125,0.0,2.416,0.0,2.1077,2.740241847,0
6920,P53367:Q13618,0.2973431951134257,0.0856800470771059,0.5446115288220552,0.9400830737279336,0.54,0.0,0.54,20.9141,0.0,2.416,0.0,18.4426,503.213191024262,0
6924,O94941:P40692,0.6476695653338221,0.068407584479013,0.6956916099773243,0.964102762317048,0.62,0.0,0.62,0.0,0.0,2.013,0.31,0.8888,0.34387547568,1
6925,P24928:Q75QN2,0.8067883704733286,0.188157894736842,0.5200000000000001,1.0,0.54,0.0,0.54,0.0,0.0,2.013,0.0,2.7714,3.012567228,0
6926,Q00013:Q8N4L2,0.3633430562928857,0.1222222222222222,0.4,0.7402597402597403,0.54,11.7156,11.7156,0.0,0.0,2.416,0.0,3.9008,110.41171335168,0
6927,P23396:P46783,0.9467992319571644,1.0,0.7668027210884354,0.7,292.74,0.0,292.74,2.3254,3.1392,2.013,24.11,38.174,3959199.41615939,1
6928,Q9HB96:Q9P0R6,0.1554759538927438,0.067567155067155,0.425,0.7699404761904762,0.0,0.0,0.0,0.0,0.0,2.013,0.0,1.1757,2.3666841,0
6930,P21554:P62873,0.5418648549881615,0.3384259259259259,0.4514144271570012,0.8865740740740741,52.16,0.0,52.16,2.409,0.0,1.5978,0.0,1.5818,317.576509282138,1
6931,P07148:Q5U5R9,-0.3046889005786727,0.0909090909090909,1.0,0.125,0.0,0.0,0.0,0.0,0.0,2.013,0.0,1.1757,2.3666841,0
6932,P51970:P54868,-0.1386934554591417,0.1018200437555276,0.6111111111111112,0.3142857142857143,0.0,0.0,0.0,0.0,0.0,0.0,0.0,1.5818,1.5818,0
6934,Q5VVQ6:Q5VW32,0.5947588962148666,0.1,0.2166666666666666,1.0,0.22,2.59,2.59,0.0,0.0,2.013,0.0,5.6875,29.652748125,0
6935,Q7L622:Q96HW7,0.6156903775497924,0.0916666666666666,0.3979591836734695,1.0,0.41,0.0,0.41,0.0,0.0,2.416,0.0,3.9008,3.863976448,0
6936,P42704:Q9BRJ2,0.7601706478785714,0.1666666666666666,0.3492424242424242,0.71875,0.15,0.0,0.15,0.0,0.0,2.416,0.0,18.4426,6.68359824,0
6937,O43889:P02724,-0.2184204031783794,0.1428571428571428,0.72,0.9852941176470588,0.0,0.0,0.0,0.0,0.0,1.1933,0.0,0.8888,1.06060504,1
6938,P62913:Q92624,0.3818091653647298,0.1485714285714285,0.3208333333333333,0.9827380952380952,0.41,0.0,0.41,0.0,0.0,1.5978,0.0,2.1077,1.3807500546,0
6939,Q9HCU8:Q9Y2H5,-0.2640580149230155,0.0,0.0,1.0,0.19,0.0,0.19,0.0,0.0,1.5978,0.0,1.5818,0.4802060076,0
6940,O60879:P60369,0.1001921160340423,0.0,0.5714285714285714,0.0,0.0,0.0,0.0,0.0,0.0,1.5978,0.0,0.8888,1.42012464,0
6943,Q9HCQ7:Q9HCU9,-0.189916592134344,0.124031524031524,0.3041666666666666,0.9519230769230768,1.52,0.0,1.52,1.0145,0.0,0.0,0.0,1.1757,1.812976428,0
6945,P08708:P50749,-0.1685291475045305,0.1206962971668854,0.4523809523809524,0.246938775510204,0.54,0.0,0.54,0.0,0.0,1.5978,0.0,1.1757,1.0144080684,0
6946,P06396:Q147U1,0.509054596160611,0.25,1.0,0.38125,0.68,0.0,0.68,0.0,0.0,1.5978,0.0,1.5818,1.7186320272,0
6947,P84243:Q9UJT1,0.3306749517960274,0.2291666666666666,0.6322916666666667,0.4583333333333333,0.0,0.0,0.0,0.0,0.6153,1.5978,0.0,3.9008,3.834979227072,0
6948,Q13569:Q32M78,0.7256657168315902,1.0,1.0,0.7234567901234568,0.0,0.0,0.0,0.0,0.0,2.013,0.0,1.5818,3.1841634,0
6949,A8MT69:O00292,0.0341560652850387,0.2222222222222222,0.3482142857142857,0.3333333333333333,0.15,0.0,0.15,0.0,0.0,1.1933,0.0,1.5818,0.283134291,0
6953,Q13951:Q7Z7L7,-0.0312798272212297,0.0888888888888888,0.125,1.0,0.15,0.0,0.15,0.0,0.0,2.416,0.0,3.9008,1.41364992,0
6954,Q86UY6:Q9H8L6,-0.0094317306145763,0.1140321979607693,0.24375,0.6,0.41,3.84,3.84,0.0,0.0,2.013,0.0,1.1757,9.088066944,0
6955,O60341:Q9NWW9,-0.031549409729539,0.125,0.5,0.4525793650793651,0.19,5.43,5.43,0.0,0.0,2.013,0.0,0.8888,9.715108392,0
6956,P19883:Q13401,0.1698237090942686,0.2303030303030303,0.375,0.2513227513227513,0.68,0.0,0.68,0.0,0.0,2.416,0.0,0.0,1.64288,0
6957,Q15185:Q9NWU1,0.2463325220502108,0.2275641025641025,0.3714285714285714,0.1428571428571428,0.19,0.0,0.19,0.0,0.6153,1.5978,0.0,5.6875,1.0623909011625,0
6958,Q14012:Q16514,0.2820172856212668,0.3562573099415204,0.3373737373737374,0.7660256410256411,0.0,0.0,0.0,0.0,0.6153,2.013,0.0,2.7714,3.43265299146,0
6959,O43674:O43676,0.7310025276473239,0.3844535094535095,0.6557692307692307,1.0,0.0,0.0,0.0,0.5125,0.0,2.013,69.61,45.2798,3251.72476277467,1
6960,O14639:Q9P2I0,0.0163296021452031,0.0769230769230769,0.421875,0.925,0.62,0.0,0.62,0.0,0.0,2.013,0.0,1.5818,1.974181308,0
6961,Q9BXI2:Q9H0R8,-0.1168623570878954,0.1157936507936507,0.2916666666666667,0.9638694638694636,0.83,0.0,0.83,0.0,0.6153,2.013,0.0,0.6688,0.6875512037856,0
6962,Q16181:Q96PQ6,0.2972832927791945,0.0769230769230769,1.0,0.8962962962962964,0.68,0.0,0.68,0.0,0.6153,1.5978,0.0,3.9008,2.60778587440896,0
6963,P17181:P36542,-0.0115565113033431,0.0670615468409586,0.2242063492063492,0.4268518518518518,0.23,0.0,0.23,1.0145,0.0,1.5978,0.0,3.9008,1.4543066438304,0
6964,P01857:Q9UIK4,0.0627713506585706,0.1335070911993989,0.2819444444444444,0.3302083333333334,0.22,4.96,4.96,0.5125,0.6153,1.5978,0.0,0.0,2.49910715628,0
6965,Q92917:Q9HCS7,0.6626805117123021,0.497108843537415,0.7506802721088437,1.0,0.54,5.22,5.22,0.0,0.0,2.013,0.0,18.4426,193.792258836,0
6966,P62875:Q9NW08,0.5247193021662184,0.3700757575757575,0.5,0.6113816738816739,117.65,0.0,117.65,0.0,9.2808,1.1933,0.0,9.4687,12337.220953233,1
6967,C9JQI7:O43504,0.1101814080064071,0.1096195471195471,0.2012181616832779,0.0,0.0,0.0,0.0,0.0,0.0,2.013,0.0,1.1757,2.3666841,0
6968,P43897:Q9Y5P8,0.1658980711376746,0.1555555555555555,0.5607142857142857,0.7222222222222223,0.0,0.0,0.0,0.0,0.0,2.013,0.0,2.7714,5.5788282,0
6970,P21554:Q6L8G8,0.0470265090648141,0.0,0.3333333333333333,1.0,0.0,0.0,0.0,0.0,0.0,0.993,0.0,1.1757,1.1674701,0
6972,Q06265:Q9Y3B2,0.8209144012377921,0.5666666666666667,0.4705882352941176,0.96875,8.53,3.51,8.53,1.7951,3.1392,0.0,24.11,45.2798,52475.7161320338,1
6973,O95190:Q9UNU6,-0.2746303628845051,0.1323789846517119,0.25,0.167989417989418,6.9,0.0,6.9,0.0,0.0,2.416,0.0,1.1757,19.59938928,0
6974,P59768:Q8WUM0,0.1607695183585814,0.1338416633871179,0.4577777777777777,0.9423076923076924,0.0,0.0,0.0,0.0,0.0,2.416,0.17,1.5818,0.649676896,0
6975,A6NFI3:P39748,0.1370434895729312,0.0609789848953935,0.3296296296296296,0.1818031715758988,0.54,5.43,5.43,0.0,0.0,0.993,0.0,1.1757,6.339362643,0
6976,A6NK06:P63000,-0.0877419849666969,0.1405505869791584,0.172640252029565,0.4575451631701631,0.0,0.0,0.0,0.0,0.0,1.5978,0.0,1.1757,1.87853346,0
6977,Q75N03:Q9UK41,0.6838189384406268,0.1158429533429533,0.2221513605442177,0.9830508474576272,0.22,0.0,0.22,0.0,0.0,0.0,0.0,1.1757,0.258654,0
6979,P62495:Q6P3R8,0.0901062350063067,0.2,0.0,0.110813492063492,0.54,4.96,4.96,0.0,0.6153,1.1933,0.0,0.8888,3.23684779431552,0
6981,P53365:P63000,0.1523776069194624,0.1570415164252699,0.7229855810008482,0.9104813762626264,0.0,0.0,0.0,2.409,0.6153,2.416,181.01,2.7714,1796.48016307923,1
6982,P16885:Q9UI95,0.2839238156484739,0.1432086076316845,0.3848484848484848,0.976388888888889,0.41,0.0,0.41,0.0,0.0,2.416,0.0,1.1757,1.164601392,0
6983,P19388:Q9BQY9,-0.0519499207802652,0.113095238095238,0.5,1.0,0.24,0.0,0.24,0.0,0.0,1.1933,0.0,2.7714,0.7937067888,0
6984,B1AK53:Q8N292,-0.0598328221549365,0.0954545454545454,0.2611111111111111,0.0,0.0,0.0,0.0,0.0,0.0,1.5978,0.0,0.8888,1.42012464,0
6985,P02724:Q7L2H7,-0.2114036154858569,0.1111111111111111,0.6114583333333333,0.913793103448276,0.0,0.0,0.0,0.0,0.0,0.9878,0.0,1.1757,1.16135646,0
6989,P31785:Q15406,0.0036506347019227,0.198015873015873,0.5750000000000001,0.2103174603174603,0.28,3.51,3.51,0.0,0.0,2.416,0.0,1.1757,9.970124112,0
6990,O14893:Q7L1W4,0.2493303326904027,0.103824962915872,0.3541666666666667,0.4666666666666666,0.24,0.0,0.24,0.0,0.0,2.416,0.0,3.9008,2.261839872,0
6991,P27694:Q96LT7,0.3878786188356965,0.1231060606060606,0.3134004884004883,0.9001161440185831,0.15,0.0,0.15,0.0,0.0,2.013,0.0,1.1757,0.355002615,0
6992,P0CG47:Q8TBB1,-0.0179667634058189,0.4053030303030303,0.5666666666666667,0.995570264765784,52.16,0.0,52.16,2.0764,0.0,1.5978,0.0,1.1757,203.454611470103,1
6994,P04637:P52434,0.6331556725106596,0.5,0.9241803278688524,0.3124999999999999,0.19,9.80166,9.80166,0.0,0.0,1.1933,2.07,2.7714,67.0994302202686,0
6996,P04908:Q96A08,0.7975590162914182,0.3376488095238095,0.3546296296296296,0.5,2091.17,0.0,2091.17,0.9127,5.5574,2.013,24.11,3.9008,2008092.51035264,1
6997,O95813:P27105,-0.1136055013926953,0.1520833333333333,0.3016233766233767,0.5103748326639893,0.15,0.0,0.15,0.0,0.0,2.013,0.0,1.5818,0.47762451,0
7000,Q9H5V9:Q9Y421,0.7332165093583034,0.1428571428571428,0.6363636363636365,0.625,0.19,0.0,0.19,0.0,0.0,2.013,0.0,5.6875,2.175298125,0
7001,P05165:Q07617,0.0155132225618066,0.0939393939393939,0.65,0.1875,0.57,0.0,0.57,0.0,0.0,2.416,0.0,1.1757,1.619079984,0
7002,P49721:Q12893,0.4540941898728923,0.1145833333333333,0.3303571428571428,1.0,0.0,0.0,0.0,0.0,0.0,1.5978,0.0,5.6875,9.0874875,0
7003,Q13427:Q13573,0.9049942903553528,0.294768848528247,0.8085581085581085,0.9504273504273504,11.64,0.0,11.64,3.8142,0.6153,2.013,0.0,45.2798,2489.95576648617,1
7004,Q64ET8:Q86XT4,-0.0383336685939376,0.0,0.2,0.0,0.0,0.0,0.0,0.0,0.0,1.1933,0.0,1.5818,1.88756194,0
7005,O14893:Q9H1P3,0.3122339931353763,0.1102157102157102,0.5259259259259259,0.615018315018315,0.41,0.0,0.41,0.0,0.0,0.0,0.0,2.1077,0.864157,0
7006,O95166:P62854,0.227998323432536,0.1243197278911564,0.7300264550264549,0.6099999999999999,0.64,0.0,0.64,2.409,0.0,1.5978,0.0,3.9008,9.6093248385024,0
7008,P62241:P62280,0.967152613131139,0.8541666666666666,0.7208494208494208,0.6545454545454545,77.86,0.0,77.86,4.2492,15.4815,2.013,24.11,38.174,9489498.54903008,1
7009,Q86WQ0:Q92686,-0.3434288494884888,0.0,0.5,1.0,0.0,0.0,0.0,0.0,0.0,1.5978,0.0,1.1757,1.87853346,0
7010,Q9BYD2:Q9Y6G5,0.7581364177100773,0.0,0.2,1.0,0.8,0.0,0.8,0.0,0.0,1.5978,0.0,5.6875,7.26999,0
7011,O60759:Q6TDP4,0.1267836738930828,0.1134615384615384,0.359375,0.6666666666666666,0.68,5.22,5.22,0.0,0.0,2.416,0.0,0.8888,11.209118976,0
7012,P32927:Q92541,-0.0063850717930455,0.1853226138940424,0.3078231292517007,0.8277777777777778,0.17,0.0,0.17,0.0,0.0,2.013,0.0,1.1757,0.402336297,0
7015,O14718:P26373,0.1800400357598897,0.1166666666666666,0.2846320346320346,0.7375,0.0,0.0,0.0,0.0,0.0,2.013,0.0,1.5818,3.1841634,0
7016,Q5HYK9:Q86TS9,0.0102776973394867,0.0652777777777777,0.2214772727272727,0.75,0.0,0.0,0.0,0.0,0.0,1.5978,0.0,0.7962,1.27216836,0
7018,Q13098:Q8N3S3,0.3644049840857847,0.0,0.35,0.0,0.22,3.51,3.51,0.0,0.0,2.013,0.0,2.1077,14.892228351,0
7019,P01911:Q8IZS8,-0.2728952559200063,0.175,0.2314814814814814,0.1454545454545454,0.94,0.0,0.94,0.0,0.0,0.993,0.0,1.5818,1.476483756,0
7020,O94907:Q5VV41,-0.0926753747510373,0.1104040404040404,0.5,0.8403809523809523,0.15,4.96,4.96,0.0,0.0,2.416,0.0,1.1757,14.088836352,0
7021,Q96LY2:Q9UGY1,0.4716055754789975,0.0,0.0,0.8176470588235293,0.89,0.0,0.89,0.0,0.0,2.013,0.0,1.1757,2.106348849,0
7023,P20592:Q92558,-0.2427351220491298,0.1472709829852687,0.3316666666666666,0.9027777777777776,2.49,0.0,2.49,0.5125,0.0,2.416,0.0,0.7962,2.4547785516,0
7024,Q9P283:Q9UKF6,-0.1748040338922274,0.0804639804639804,0.2736507936507937,0.2816326530612245,1.55,0.0,1.55,0.9127,0.0,2.416,0.0,1.1757,4.018400293272,0
7026,A6NMX2:Q6PJ69,0.0016385801929222,0.0958110516934046,0.1666666666666666,0.119047619047619,0.63,2.59,2.59,0.0,0.0,2.013,0.0,3.9008,20.337483936,0
7028,O94955:P39019,0.1669935603195756,0.0911254023754023,0.6760797342192691,0.7017543859649122,0.0,0.0,0.0,0.0,0.0,2.013,0.0,1.1757,2.3666841,0
7029,Q7L523:Q8NFL0,-0.1595265475126887,0.1202380952380952,0.25,0.3091269841269841,0.15,3.84,3.84,0.0,0.0,1.1933,0.0,0.7962,3.6484049664,0
7031,P25205:Q6NUI6,-0.1872407941593802,0.0909090909090909,0.3611111111111111,0.2888888888888889,2.08,0.0,2.08,0.0,0.0,2.013,0.0,1.1757,4.922702928,0
7032,P19388:P61218,0.4934470579756053,0.7083333333333334,0.9268292682926828,0.7727272727272727,80.27,0.0,80.27,0.0,158.1204,2.013,69.61,45.2798,80530626.1460205,1
7033,Q9BYG3:Q9H6Y2,0.6743249575194337,1.0,0.6,0.0,0.83,3.98183,3.98183,0.5125,0.6153,2.013,24.11,5.6875,346.597873704663,0
7035,Q9BS86:Q9BUR4,0.2513210305187291,0.0931116036158053,0.3786666666666666,0.0,0.15,0.0,0.15,0.5125,0.0,2.013,0.0,1.5818,0.244782561375,0
7036,Q9HCG8:Q9Y314,0.3767533533876458,0.1055555555555555,0.5142857142857143,0.6157407407407408,0.24,0.0,0.24,0.0,0.0,2.013,0.0,2.1077,1.018272024,0
7039,Q15796:Q9HAU4,0.7722464792902307,0.3906204906204905,0.768390804597701,0.8342013888888888,0.83,29.1985,29.1985,1.7951,5.052,2.416,69.61,5.6875,253280.936552718,1
7040,O43660:Q9BZJ0,0.8289219419599245,0.6285714285714286,0.5430272108843538,0.625,52.16,3.52956,52.16,0.0,158.1204,2.013,5.86,45.2798,4405258.29732959,1
7041,P06899:Q8IYW5,0.7102358817688011,0.171855767689101,0.7451612903225806,0.5848484848484848,1.52,5.24327,5.24327,0.9127,0.6153,2.416,5.86,2.1077,87.8659338675199,1
7042,P06733:Q52LJ0,0.6072492915198089,0.1409722222222222,0.434375,0.6632653061224489,0.0,0.0,0.0,0.0,0.0,2.416,0.0,2.1077,5.0922032,0
7043,O00206:Q9NY64,-0.0982808088274344,0.127579365079365,0.6583333333333332,0.1435185185185185,0.0,0.0,0.0,0.0,0.0,2.013,0.0,1.1757,2.3666841,0
7045,O95866:P61758,-0.2773143748718211,0.1509401709401709,0.4541666666666666,0.9766666666666666,0.19,0.0,0.19,1.0145,0.0,1.1933,0.0,0.8888,0.2044369244852,0
7046,P51946:Q6ZNA5,-0.0524550611954594,0.1,0.5,0.2,0.54,3.66,3.66,0.0,0.0,2.416,0.0,1.1757,10.396197792,0
7051,P34897:Q9P0K9,-0.2180425160280928,0.1716666666666666,0.3611111111111111,0.75,0.0,0.0,0.0,0.0,0.0,2.416,0.0,0.7126,1.7216416,0
7056,Q96HH6:Q9H0W8,0.3566868452179425,0.0,0.5,1.0,0.0,0.0,0.0,0.0,0.0,2.013,0.0,2.1077,4.2428001,0
7058,P19419:P63279,0.5467260428547566,0.1569862312896368,0.9103286384976528,0.8845899470899472,1.05,7.37036,7.37036,3.8142,3.1392,0.0,0.89,2.1077,165.542668213242,1
7061,Q4VC31:Q6UWT2,-0.4524253898873042,0.0,0.1833333333333333,0.0,0.0,0.0,0.0,0.0,0.0,0.0,0.0,1.1757,1.1757,0
7062,O00522:Q9BXC9,0.4630051636616126,0.1377206127206127,0.4433333333333334,0.983739837398374,3.82,3.51,3.82,0.0,0.0,2.416,0.0,5.6875,52.49062,0
7063,O95460:Q9NYJ8,-0.2217762357838898,0.0882700632700632,0.4343786295005808,0.8795238095238096,0.81,0.0,0.81,0.0,0.0,2.416,0.0,1.1757,2.300797872,0
7064,O60258:Q6IAA8,-0.1773953553058778,0.2032872145775371,0.1603571428571428,0.8364810330912027,0.0,0.0,0.0,0.0,0.0,2.416,0.0,1.1757,2.8404912,0
7066,O60671:Q9HCG1,0.6904116573385354,0.1607142857142857,1.0,0.1703703703703703,0.24,0.0,0.24,0.0,0.0,1.1933,0.0,2.7714,0.7937067888,0
7067,Q14995:Q92731,0.1540153261080045,0.3600529100529099,0.6203703703703703,0.642141131815045,25.34,7.41566,25.34,1.7092,0.6153,2.416,0.89,1.1757,67.370514586195,0
7068,Q13569:Q5SQQ9,-0.4308826299552381,0.1996511642934686,0.6,0.7216931216931216,0.81,0.0,0.81,0.0,0.0,2.013,0.0,0.7126,1.161915678,0
7069,Q9UNP9:Q9Y314,0.6454287365407991,0.1342592592592592,0.5142857142857143,0.6157407407407408,0.83,0.0,0.83,0.0,0.0,2.416,0.0,18.4426,36.982576928,0
7070,Q2NKJ3:Q8TCD5,0.8281803274097508,0.1527548209366391,0.5814814814814815,0.3908730158730159,0.0,0.0,0.0,0.0,0.0,0.0,0.0,2.1077,2.1077,0
7072,P61224:Q8NHB1,0.1506244618453371,0.175,1.0,0.1666666666666666,2.14,0.0,2.14,0.0,0.0,1.1933,0.0,0.8888,2.2696947856,0
7074,Q05084:Q9BYC9,-0.2637895994677914,0.1,0.3562499999999999,0.425,0.41,0.0,0.41,0.0,0.0,2.013,0.0,2.7714,2.287319562,0
7075,P61326:Q8N807,-0.1159499288905114,0.1559523809523809,0.5,0.238095238095238,0.26,0.0,0.26,0.0,0.0,1.1933,0.0,0.7126,0.2210898508,0
7076,P60604:Q969M2,-0.1062181886824324,0.097070707070707,0.25,0.125,4.49,0.0,4.49,0.0,0.0,0.993,0.0,1.1757,5.241940749,0
7078,P62851:P62906,0.9578610210132448,0.82,0.6422161172161173,0.7,0.0,0.0,0.0,2.409,0.0,0.0,24.11,38.174,2217.18371226,1
7082,O43543:O75446,0.483852445716874,0.1293589743589743,0.5380952380952382,0.8484126984126984,0.19,0.0,0.19,0.5125,0.0,2.013,0.0,1.1757,0.2304558642375,0
7083,P55036:P62333,0.615936275391407,0.36639325586694,0.8288253968253969,0.94182769726248,0.71,2.59,2.59,0.0,158.1204,1.5978,24.11,18.4426,290957.423699974,1
7084,P62701:Q96N95,0.0703712968647598,0.1666666666666666,0.3499999999999999,0.6598765432098764,0.63,0.0,0.63,0.0,0.0,1.5978,0.0,1.1757,1.1834760798,0
7085,Q8NH74:Q8TDH9,0.1477346978189703,0.1119780219780219,0.140625,0.1666666666666666,0.15,0.0,0.15,0.0,0.0,2.013,0.0,0.8888,0.26837316,0
7086,Q8NC51:Q9H910,0.4464533806636074,0.0811688311688311,0.6166666666666667,1.0,0.0,0.0,0.0,0.0,0.0,2.416,0.0,9.4687,22.8763792,0
7087,Q9BXX2:Q9Y294,0.085398519859382,0.1775297619047619,0.4939393939393939,0.4814814814814813,0.54,0.0,0.54,0.5125,0.0,1.1933,0.0,0.8888,0.29352244482,0
7089,P83369:Q9HB31,-0.0364620502944457,0.1037037037037037,1.0,0.25,0.0,0.0,0.0,0.0,0.0,2.013,0.0,1.5818,3.1841634,0
7091,Q13291:Q8TE12,-0.0576817745748558,0.1618742368742368,0.25,0.4183333333333333,0.15,0.0,0.15,0.0,0.0,2.013,0.0,1.5818,0.47762451,0
7092,P26022:Q9NQC7,-0.0510712384234274,0.1097423926835691,0.4556972789115647,0.532999164578112,0.41,0.0,0.41,0.0,0.0,2.416,0.0,2.7714,2.745237984,0
7094,Q9HAW0:Q9UJT0,0.4547285976926291,0.1448412698412698,0.3888888888888888,0.1875,0.54,0.0,0.54,0.0,0.6153,2.013,2.07,1.5818,2.19001135419436,0
7095,Q04743:Q15382,0.2771695755421414,0.1060921882350453,0.2022366522366522,0.5303854875283448,0.19,0.0,0.19,0.0,0.0,1.5978,0.0,1.5818,0.4802060076,0
7096,Q13619:Q8N1G1,0.4545924042731392,0.1666666666666666,0.5666666666666667,0.238095238095238,0.94,0.0,0.94,0.0,0.0,2.416,0.0,1.5818,3.592331072,0
7099,Q5SRH9:Q9Y2W6,0.5288532234433675,0.0,0.1361111111111111,0.8928571428571429,0.22,0.0,0.22,0.0,0.0,2.416,0.0,2.1077,1.120284704,0
7100,P60153:Q96BI3,-0.0479386388518777,0.0760494101486748,0.2730034722222222,0.3126126126126126,0.0,0.0,0.0,0.0,0.0,0.0,0.0,0.8888,0.8888,0
7101,P62249:P62753,0.9621053721519672,0.3528204119113209,0.6630952380952381,0.6885964912280702,0.22,0.0,0.22,3.8142,15.4815,0.0,181.01,38.174,89765.4923544489,1
7103,Q96PD4:Q9NVS9,-0.0048375531788347,0.0931818181818182,0.3999999999999999,0.607936507936508,0.54,0.0,0.54,0.0,0.0,1.5978,0.0,0.7126,0.6148398312,0
7105,O43504:Q9UHA4,0.4456200823112344,0.5001780626780626,0.6840747904577691,0.9057142857142856,117.65,0.0,117.65,1.2535,0.0,2.013,0.0,45.2798,13442.0202280929,1
7106,P10153:P68871,0.9902968455147364,0.1288170823885109,0.5447916666666667,0.7903508771929825,0.0,0.0,0.0,0.0,0.0,2.416,0.0,2.1077,5.0922032,0
7108,P0C6C1:Q8N668,-0.2199233078055301,0.0,0.1202910052910053,0.0,1.05,0.0,1.05,0.9127,0.0,2.416,0.0,0.5954,1.378551864144,0
7109,O14983:P46781,-0.117402742171251,0.1280355447022113,0.4194264069264069,0.5533333333333333,0.19,0.0,0.19,0.0,0.6153,0.993,0.0,2.7714,0.3217280873814,0
7110,Q9NR50:Q9UI10,0.6542001062429583,0.2941951987406532,0.625,0.8295238095238094,292.74,0.0,292.74,0.5125,3.1392,2.013,181.01,45.2798,7770442.78662125,1
7115,P50461:Q99990,-0.0485134973076109,0.8333333333333334,0.7333333333333334,0.9479166666666669,0.0,0.0,0.0,0.0,0.0,2.416,0.0,2.1077,5.0922032,0
7119,A6NNE9:Q5VVY1,0.3459276668802783,0.1428571428571428,0.1625,0.125,2.31,0.0,2.31,0.0,0.0,2.013,0.0,0.4364,2.029273092,0
7120,P49768:Q96BI3,0.5845760144708336,0.5426846590909091,0.6172743055555556,0.9131274131274132,869.75,0.0,869.75,0.0,606.3917,2.416,181.01,18.4426,4253724229.17216,1
7122,P68431:Q9ULG1,0.1414318326638335,0.2384769991912848,0.3555555555555555,0.6593406593406593,7.06,0.0,7.06,0.9127,3.1392,1.1933,0.0,2.1077,50.8756737230755,1
7123,Q16540:Q9NYK5,0.6000963660969447,1.0,0.4778074866310161,0.625,52.16,0.0,52.16,0.0,0.0,2.013,0.0,9.4687,994.195320096,1
7125,P0C0S5:P68431,0.2811428678578773,0.3677248677248677,0.3038766788766789,0.9709302325581396,292.74,0.0,292.74,2.409,318.6126,2.013,24.11,9.4687,103255491.251331,1
7127,P19793:Q75WM6,-0.107030305374338,0.1339285714285714,0.7333333333333334,0.6416666666666667,0.15,9.966,9.966,0.0,0.0,1.5978,10.8,2.1077,362.473157260368,0
7128,Q86XT4:Q8WXF0,0.0204318091295663,0.0613888888888888,0.4861111111111111,0.6071428571428571,1.02,0.0,1.02,0.0,0.0,2.013,0.0,1.5818,3.247846668,0
7130,O15392:P68431,0.5306442395015124,0.1836419753086419,0.8444444444444446,0.9709302325581396,0.24,12.327,12.327,3.124,0.0,2.013,0.89,9.4687,653.269766804926,1
7131,P59768:Q96E35,0.2434008609314577,0.0,0.7083333333333334,0.9866666666666668,0.0,0.0,0.0,0.0,0.0,2.416,0.0,1.5818,3.8216288,0
7132,A8K4G0:P62241,-0.0561385979679672,0.0926406926406926,0.289672619047619,0.5833333333333334,0.15,0.0,0.15,3.8142,0.0,1.1933,0.0,0.8888,0.6068039615352,0
7134,P0CG48:P51522,0.3278034827575786,0.0588235294117647,1.0,0.3777777777777777,2.34,0.0,2.34,0.0,0.0,0.9878,0.0,0.4364,1.0087176528,0
7135,P62910:P63279,0.744780174692489,0.1572805258467023,0.4948356807511738,0.2364898989898989,0.19,0.0,0.19,3.8142,0.0,1.5978,0.0,9.4687,10.9640204386643,0
7136,P63272:Q96HW7,0.7620961246076242,0.2894736842105262,0.4285714285714286,1.0,0.54,0.0,0.54,0.0,0.0,1.5978,0.0,3.9008,3.3656570496,0
7137,Q13356:Q8NHS9,0.0523854844873043,0.1911375661375661,0.25,1.0,0.22,0.0,0.22,0.0,0.0,0.993,0.0,1.5818,0.345560028,0
7138,Q9BVS5:Q9H7L2,0.0513694184839732,0.0909090909090909,0.1833333333333333,0.0,0.26,0.0,0.26,0.0,0.0,1.5978,0.0,0.4364,0.1812927792,0
7139,Q13491:Q13501,-0.3195640125808479,0.1405871478948402,0.3740997393982468,0.8690962099125366,0.54,0.0,0.54,15.8699,0.0,2.416,0.0,1.1757,24.3422880992352,0
7141,P50552:Q8IWL1,0.083759947426982,0.1428571428571428,0.3859649122807017,0.8333333333333334,0.41,0.0,0.41,0.0,0.0,2.013,0.0,1.1757,0.970340481,0
7142,P06733:Q7M4L6,-0.0458666955977539,0.1111111111111111,0.0,0.3333333333333333,2.13,0.0,2.13,0.0,0.0,2.416,0.0,0.7962,4.097308896,0
7143,Q9UJV3:Q9Y6F1,0.4097990040330097,0.1012598512598512,0.4499999999999999,0.3133333333333333,0.8,4.96,4.96,0.0,0.0,2.416,0.0,1.1757,14.088836352,0
7145,Q9BXU0:Q9NXG2,0.1794902041628962,0.125,0.5,0.75,0.0,0.0,0.0,0.0,0.0,1.5978,0.0,1.1757,1.87853346,0
7146,Q92664:Q92843,-0.0122845551463846,0.1114677650391936,0.2733333333333333,0.245,0.0,0.0,0.0,0.0,0.0,2.416,0.0,1.1757,2.8404912,0
7147,P0C0S5:Q9BTT0,0.6895603962375526,0.4537037037037037,0.4299021965688632,0.5523809523809524,0.41,0.0,0.41,0.0,9.7902,0.0,0.0,45.2798,181.7523021636,1
7148,P62906:Q9UJY4,0.5154371534056398,0.1081818181818181,0.221875,0.8796296296296297,0.41,3.51,3.51,0.0,0.0,1.1933,0.0,2.1077,8.8280656191,0
7149,A8K5M9:Q0VGL1,0.4468018191309203,0.1012078830260648,0.1609410430839002,0.296078431372549,0.19,0.0,0.19,0.0,0.0,1.1933,0.0,0.6915,0.1567817205,0
7150,P23497:P49841,0.247405250213249,0.1341158841158841,0.4601265822784811,0.6852712282323932,1.22,13.2959,13.2959,19.2898,0.0,1.5978,24.11,2.1077,20824.4666704177,0
7151,O95257:Q96AP7,0.1833707828190185,0.1490981240981241,0.2854166666666666,0.8095238095238094,0.29,2.59,2.59,0.0,0.0,2.416,0.0,1.5818,9.898018592,0
7152,O75822:P61221,0.7377395502285261,0.237293956043956,0.5259259259259259,0.3750661375661375,0.19,2.59,2.59,0.5125,15.4815,1.5978,0.0,38.174,1253.42039463435,1
7154,P61956:Q96F05,0.4496962815040343,0.0,0.4733333333333333,1.0,0.0,0.0,0.0,0.0,0.0,0.993,0.0,2.1077,2.0929461,0
7155,P25685:Q53EZ4,0.0916584931266924,0.1623456790123456,0.4680555555555556,1.0,0.54,0.0,0.54,0.0,0.0,2.013,0.0,1.5818,1.719448236,0
7156,P63096:Q96LB2,-0.0341454866740079,0.5404040404040404,0.6666666666666666,0.1833333333333333,8.98,3.51,8.98,0.9127,0.0,0.0,0.0,0.8888,7.2846456848,1
7159,P08865:P13521,-0.2126064540977682,0.1501587301587301,0.285,0.619047619047619,0.0,0.0,0.0,0.0,0.0,2.013,0.0,1.5818,3.1841634,0
7160,O15514:Q9NX70,0.1353261578118385,0.0536340852130325,0.5380952380952382,0.981818181818182,0.41,0.0,0.41,0.9127,0.0,2.013,0.4,3.9008,1.17535580714112,1
7161,Q16659:Q9Y646,-0.0874634247410875,0.1860544217687074,0.375,0.2185714285714285,0.0,4.96,4.96,0.0,0.6153,2.013,0.0,1.1757,7.2228548045808,0
7165,Q8N1A0:Q96DX5,0.1242121775069757,0.0,0.132716049382716,0.9702380952380952,0.28,0.0,0.28,0.5125,0.0,2.416,0.0,1.1757,0.4076104872,0
7166,Q8IZ20:Q8WUF5,-0.0540344654649123,0.217445331189675,0.36,0.9420289855072465,0.97,9.73115,9.73115,0.5125,0.0,2.013,0.4,1.5818,6.35204219233155,0
7169,P84090:Q8N0W4,0.0524937943157768,0.1317640692640692,0.3086666666666666,0.77,0.54,0.0,0.54,0.0,0.0,1.1933,0.0,1.1757,0.7575999174,0
7170,P32780:Q8IV01,0.0620145156026585,0.1321428571428571,0.1958333333333333,0.4722222222222222,0.8,0.0,0.8,0.0,0.0,2.416,0.0,0.6688,1.29265664,0
7171,P28360:Q92917,0.4861468700980097,0.1666666666666666,0.5428571428571429,0.9779411764705882,0.81,5.22,5.22,0.5125,0.0,2.013,0.0,1.1757,6.331471638525,0
7173,O95918:Q4G0M1,0.7468638255696051,0.2032905586477014,0.3333333333333333,0.1216931216931216,0.0,0.0,0.0,0.0,0.0,2.013,0.0,0.4364,0.8784732,0
7175,P21728:P49184,-0.2381745190871277,0.1055555555555555,0.4499999999999999,0.8433035714285714,0.0,2.59,2.59,0.0,0.0,2.416,0.0,0.7962,4.982173728,0
7176,O95995:P01591,-0.2134677859473765,0.1356691919191919,0.3492063492063492,0.365,0.22,0.0,0.22,0.0,0.0,1.5978,0.0,0.7126,0.2504903016,0
7179,P01850:P01889,0.7156505286765572,0.4101977567886659,0.4501904761904761,0.0,0.97,8.95024,8.95024,1.7951,0.0,0.9878,2.07,0.0,32.8520666498207,1
7180,P20963:Q8N8Q1,0.372754324255597,0.1428571428571428,1.0,0.6464285714285715,0.19,0.0,0.19,0.0,0.0,2.416,0.0,2.1077,0.967518608,0
7181,P62068:Q99575,0.1539281228161027,0.1269841269841269,0.2100793650793651,0.6807692307692306,0.0,0.0,0.0,0.0,0.0,2.416,0.0,2.7714,6.6957024,0
7182,P28068:Q15750,0.156265231110102,0.1347222222222222,0.2465579710144926,0.8963734567901235,0.41,3.84,3.84,1.0145,0.0,2.013,0.0,1.1757,9.219843914688,0
7183,P08621:P62318,0.6064299173149948,0.623299319727891,0.4820287018917157,0.8857723577235771,5.21,3.86531,5.21,2.409,5.2693,2.013,24.11,9.4687,30391.9657164876,1
7184,P19388:Q9H2S6,0.2772381030514123,0.1074074074074074,0.4444444444444444,1.0,0.94,0.0,0.94,0.0,0.0,0.993,0.0,1.1757,1.097421894,0
7185,Q05084:Q99496,0.0838866256728354,0.1109931734931734,0.3960573476702508,0.9562383522909838,1.02,0.0,1.02,0.0,0.0,2.416,0.0,2.1077,5.194047264,0
7188,P11686:Q6V702,0.0022683349712113,0.0,0.35,1.0,0.68,0.0,0.68,0.5125,0.0,0.993,0.0,1.5818,0.5473984989,0
7189,Q86XT4:Q96CX3,-0.1677655373436861,0.071078431372549,0.2,0.3455555555555555,2.34,0.0,2.34,0.0,0.6153,2.416,0.0,1.1757,4.0897449107424,0
7191,P61247:Q8NBP7,-0.2222197371774878,0.1834350834350833,0.3367243867243867,0.625705467372134,0.54,7.40526,7.40526,0.0,0.0,1.5978,5.86,0.6915,47.9460162858973,0
7193,P10809:Q9BRK4,-0.04061640909188,0.1686507936507937,0.4583333333333333,1.0,0.0,0.0,0.0,0.0,0.0,1.5978,0.0,1.5818,2.52740004,1
7194,P20036:P86790,0.4149462125212606,0.1666666666666666,0.5590277777777778,0.0,0.15,2.59,2.59,0.5125,0.0,1.5978,0.0,0.8888,1.88503794402,0
7195,Q8N2U9:Q8NH40,-0.0070537894344231,0.101010101010101,1.0,0.1666666666666666,0.15,0.0,0.15,0.0,0.0,1.5978,0.0,1.1757,0.281780019,0
7196,P49639:Q9Y6Y9,0.3706687366538803,0.1180870980870981,0.2566666666666666,0.7625,0.19,0.0,0.19,0.0,0.0,0.0,0.0,1.1757,0.223383,0
7197,P43657:Q92913,-0.188578374080658,0.1609777903256164,0.3064484126984126,0.5476190476190476,0.0,0.0,0.0,0.0,0.0,2.416,0.0,1.1757,2.8404912,0
7198,P28331:Q01081,-0.1177565136149299,0.1129629629629629,0.1716435185185185,0.9413978494623656,0.0,0.0,0.0,0.0,0.0,2.013,0.0,5.6875,11.4489375,0
7199,O75629:Q9NQH7,0.4015175221968265,0.1694444444444444,0.3,0.1304797979797979,0.19,0.0,0.19,0.0,0.0,2.013,0.0,2.1077,0.806132019,0
7200,O75489:O95169,0.5001025866532745,0.3496969696969697,0.4954051796157058,1.0,0.24,0.0,0.24,0.0,0.0,1.5978,69.61,45.2798,1208.67570376042,1
7201,P35408:Q15185,0.0822054494885072,0.1346028310314025,0.4585365853658537,0.8273273273273273,0.19,0.0,0.19,0.0,0.0,2.416,0.0,1.1757,0.539693328,0
7202,Q6WN34:Q9UPV7,-0.1199767000602787,0.135079365079365,0.39375,0.7666666666666667,0.41,0.0,0.41,0.0,0.0,2.416,0.0,2.1077,2.087803312,0
7203,O95500:P46976,-0.2213371427614222,0.125,0.3248299319727891,0.6226190476190476,0.0,0.0,0.0,0.0,0.0,2.416,0.0,0.7126,1.7216416,0
7205,P01732:Q9Y330,0.0025872794845163,0.1642857142857142,0.5,0.5206349206349207,0.22,0.0,0.22,0.0,0.0,2.013,0.0,1.1757,0.520670502,0
7207,Q8TDD1:Q9H9Y2,0.8035460154741065,1.0,0.7777777777777778,0.6,0.19,0.0,0.19,0.0,13.3811,2.013,0.0,9.4687,48.4595692018779,0
7208,Q8WWY3:Q9Y5Q5,-0.0635068448741569,0.1166666666666666,0.371031746031746,0.4880952380952381,0.24,5.22,5.22,0.0,0.0,2.013,0.0,1.1757,12.354091002,0
7211,P02753:Q6P5W5,-0.123055859334902,0.1163090877376591,0.2843915343915344,0.2146825396825397,0.15,0.0,0.15,0.0,0.0,2.416,0.0,2.1077,0.76383048,0
7212,Q15393:Q15427,0.7400626609842449,0.7863636363636363,0.5064761904761904,0.9683098591549296,52.16,9.47493,52.16,0.0,5.2693,2.013,24.11,9.4687,126305.380078384,1
7213,A1KXE4:Q16548,-0.1004644545205389,0.0,0.4166666666666667,0.935897435897436,0.0,0.0,0.0,0.0,0.0,2.416,0.0,1.5818,3.8216288,0
7214,P49768:Q92542,0.5224499296974573,0.4084017939131575,0.5679894179894179,0.828125,52.16,0.0,52.16,0.0,400.8352,0.0,181.01,18.4426,69795617.0138021,1
7215,P05112:Q7Z4K8,0.1105761841495565,0.1350902184235517,0.3666666666666667,0.1428571428571428,2.49,0.0,2.49,0.5125,0.0,2.013,0.0,2.7714,7.119282136725,0
7216,P11177:Q13151,0.419211022565469,0.0983796296296296,0.4458333333333333,0.5220238095238094,0.41,0.0,0.41,0.0,0.0,1.1933,0.0,5.6875,2.7826264375,0
7218,P30511:P61769,0.8870862841905819,0.1442093890957527,0.5394557823129253,0.9240196078431372,869.75,3.52956,869.75,20.9141,5.2693,0.993,24.11,5.6875,13051319.1983846,1
7219,Q9UHA4:Q9Y4K1,0.2261663157463465,0.25,0.3333333333333333,0.6666666666666666,0.94,5.43,5.43,0.0,0.0,2.013,0.0,1.5818,17.290007262,0
7220,Q15393:Q96GX2,0.397784112704674,1.0,0.5,1.0,0.0,0.0,0.0,0.0,0.0,0.0,0.0,5.6875,5.6875,0
7221,Q7L5N1:Q9BT78,0.8112580726788322,0.5756578947368421,0.4338888888888887,0.961038961038961,28.75,0.0,28.75,0.5125,225.1333,2.013,0.0,45.2798,302356.793390122,1
7223,Q05925:Q96MU8,0.3204320039957362,0.1744308160974827,0.3888888888888888,0.1944444444444444,0.19,0.0,0.19,0.0,0.0,2.013,0.0,1.5818,0.604991046,0
7224,Q96MM7:Q9BZM6,-0.0170664793615873,0.0799984329396094,0.2059523809523809,0.1083333333333333,0.0,7.37,7.37,0.0,0.0,1.1933,0.0,1.5818,13.9113314978,0
7225,O95484:P28288,-0.069016460667995,0.1333333333333333,0.4567307692307692,0.6618773946360152,0.22,0.0,0.22,0.9127,0.0,1.5978,0.0,1.1757,0.37719824756724,0
7231,P60174:Q9NS15,-0.052943654882922,0.0908790704245249,0.3645833333333333,0.5277777777777778,0.17,0.0,0.17,0.0,0.0,1.5978,0.0,1.5818,0.4296580068,0
7233,P02708:Q6A162,0.0462424346274781,0.1339285714285714,0.4627450980392156,0.1999250936329588,18.4,3.51,18.4,0.0,0.0,2.013,0.0,1.1757,43.54698744,0
7234,Q7L5N1:Q8NA47,0.0439048296415156,0.0818903318903318,0.5,0.0,0.62,0.0,0.62,0.0,0.0,2.013,0.0,0.8888,1.109275728,0
7235,P13866:Q96CP2,-0.1679510902877277,0.0,0.0,0.25,0.0,0.0,0.0,0.0,0.0,1.5978,0.0,1.1757,1.87853346,0
7237,P47898:Q9P2R7,0.4815244707926822,0.1110080395794681,0.1887445887445887,0.1791245791245791,0.19,0.0,0.19,0.0,0.0,1.1933,0.0,1.5818,0.3586367686,0
7240,O95777:Q9Y4Z0,0.3394110549170609,0.4321428571428572,0.3973389355742296,0.8988095238095238,292.74,0.0,292.74,0.5125,15.4815,2.013,5.86,9.4687,259430.315080931,1
7241,P62318:Q8N4C8,0.4534544837093934,0.1113975310403882,0.3770833333333333,0.3565145502645503,0.22,0.0,0.22,0.5125,0.6153,1.1933,0.0,1.5818,0.130949751154645,0
7242,O60936:Q9UDY6,-0.2846393340252062,0.1342592592592592,1.0,0.8908730158730158,0.29,0.0,0.29,0.0,0.0,2.416,0.0,1.1757,0.823742448,0
7243,P29084:Q9BYE4,0.033259175470125,0.0815850815850815,0.8125,0.0,0.0,0.0,0.0,0.0,0.0,0.9594,0.0,0.8888,0.85271472,0
7246,Q8TBB1:Q96CX6,0.040699759758192,0.1111111111111111,0.0,0.0,0.89,3.51,3.51,0.0,0.0,2.013,0.0,1.1757,8.307061191,0
7247,A8MT65:P51149,0.4292577082358139,0.0683455482337194,0.1801910078225868,0.1892473805264503,7.68,0.0,7.68,1.0145,0.6153,0.9878,0.0,0.4364,2.0665882235355,0
7248,P04908:P06899,0.8291027013351813,0.1889277389277389,0.4885416666666666,0.7037037037037037,2091.17,0.0,2091.17,0.0,111.5878,2.013,24.11,18.4426,208866691.515205,1
7250,Q99459:Q9Y2E5,0.5986305589364391,0.1339285714285714,0.187037037037037,0.81875,0.64,0.0,0.64,0.0,0.0,2.013,0.0,1.1757,1.514677824,0
7251,Q15369:Q9H173,0.2881112219431481,0.0911172161172161,0.2599999999999999,0.8545454545454544,0.0,0.0,0.0,0.0,0.0,1.5978,0.0,2.1077,3.36768306,0
7252,A2A3K4:P50225,-0.1129396331464698,0.1033022533022533,0.5555555555555556,0.5004960317460319,0.15,0.0,0.15,0.0,0.0,0.0,0.0,0.8888,0.13332,0
7253,O60269:P50553,-0.0344335374298124,0.0975126283030694,0.2083333333333333,0.5799768518518519,0.0,0.0,0.0,0.0,0.0,2.013,0.0,2.1077,4.2428001,0
7254,P37231:Q14520,-0.0840728745940973,0.3055555555555555,0.5,0.2107142857142857,0.19,4.96,4.96,0.0,0.0,2.416,0.0,0.6915,8.28649344,0
7255,Q8TCC3:Q9BQC6,0.6422381702606169,1.0,0.5540584415584415,0.625,0.15,0.0,0.15,0.0,0.0,1.5978,0.0,45.2798,10.852209666,1
7257,P46783:Q8N531,0.2892871283747071,0.3214285714285714,0.125,0.78125,0.41,0.0,0.41,0.0,0.0,2.013,0.0,2.7714,2.287319562,0
7258,P06276:P14867,-0.098861645557509,0.1261160714285714,0.2921428571428571,0.1371843434343434,0.54,0.0,0.54,0.0,0.0,2.416,0.0,1.1757,1.533865248,0
7259,O95677:P06396,0.0527757329182877,0.1305938055938056,0.3893537414965986,0.9778751123090744,0.94,0.0,0.94,0.0,0.0,2.416,0.0,1.5818,3.592331072,0
7260,P10914:Q9NZH6,-0.0705142999774155,0.3233266733266733,0.6666666666666666,0.7999999999999999,0.24,0.0,0.24,0.0,0.0,2.416,0.0,0.8888,0.515361792,0
7261,Q96DZ9:Q99259,0.1509033824214487,0.0999937562437562,0.3717948717948717,0.8394557823129251,0.0,0.0,0.0,0.5125,0.0,2.013,0.0,2.7714,2.8591494525,1
7264,P13984:P20226,0.6113996349725744,0.4263605442176869,0.7681421864520454,0.8110902255639098,1.52,0.0,1.52,3.8142,3.1392,2.013,69.61,9.4687,24147.4792183758,1
7266,Q8N4P3:Q9Y5R6,-0.0056301700147955,0.0,0.0,0.2966049382716049,0.15,0.0,0.15,0.0,0.0,1.5978,0.0,1.1757,0.281780019,0
7267,P62851:Q9Y5R2,-0.1910414986085959,0.1819489538239538,0.3194444444444444,0.2257142857142857,0.68,0.0,0.68,0.0,0.0,2.013,0.0,1.5818,2.165231112,0
7270,Q9H2W6:Q9H8Y5,0.2488149010323045,0.1857575757575757,0.5,0.1632653061224489,0.68,2.59,2.59,0.0,0.0,2.416,0.0,2.1077,13.188806288,0
7271,Q9BSY4:Q9Y570,0.2504002825786861,0.125,0.2,0.4077838827838828,0.19,0.0,0.19,0.0,0.0,1.5978,0.0,1.1757,0.35692135739999997,0
7272,Q86TC9:Q9H6T3,-0.0057210371735641,0.125,0.61875,1.0,0.15,5.22,5.22,0.0,0.0,2.416,0.0,0.7126,8.986969152,0
7273,O60671:P31942,0.7535759954784744,0.1422222222222222,0.60625,0.7272727272727273,0.22,0.0,0.22,2.0764,0.0,2.013,0.0,9.4687,8.7069857320248,0
7274,O00748:P68036,-0.0231032868822119,0.1431120268620268,0.3511904761904761,0.1503571428571428,0.83,0.0,0.83,0.0,0.0,1.1933,0.0,1.5818,1.5666764102,0
7275,P05230:Q99584,0.179333189618156,0.3940705128205128,0.4948717948717948,0.5515873015873016,1.52,0.0,1.52,0.5125,0.0,2.416,2.07,1.5818,6.162491088864,1
7276,P63151:Q14152,0.7184610658126621,0.1315584415584415,0.5493827160493827,0.7533333333333333,0.68,5.22,5.22,2.3254,0.0,2.416,0.0,18.4426,540.862969285901,0
7277,Q92843:Q9NYZ3,-0.2240836092367129,0.1583333333333333,0.7157738095238095,0.7777777777777778,0.19,7.37,7.37,0.0,0.0,2.416,0.0,1.5818,28.165404256,0
7278,O60244:Q9Y6E7,0.0053277449229723,0.0903465873528898,0.21875,0.4228670634920635,0.17,4.96,4.96,0.0,0.0,2.013,0.0,1.1757,11.738753136,0
7280,Q14585:Q96M63,0.4599902256041836,0.0797773654916512,0.1952380952380952,1.0,0.54,0.0,0.54,0.0,0.0,2.013,0.0,1.5818,1.719448236,0
7281,O95297:Q15526,0.3056348826281866,0.1094444444444444,0.2229166666666666,0.7083333333333334,0.15,0.0,0.15,0.0,0.0,1.5978,0.0,2.7714,0.664221438,0
7282,P13765:P28068,0.9110493420711137,0.4455128205128205,0.4343434343434344,0.5777777777777778,21.1,2.60197,21.1,0.9127,5.5574,2.416,105.17,2.7714,75365.0825290304,1
7283,P50502:P50990,0.4068668469865149,0.4466422466422466,0.5327526132404182,0.810990338164251,0.17,6.7087,6.7087,2.3254,0.0,2.013,10.8,18.4426,6254.97699844994,0
7284,Q15796:Q99504,0.5761636476036168,0.2240584415584416,0.6377777777777779,0.6541062801932366,0.17,0.0,0.17,0.0,0.6153,2.416,0.0,5.6875,1.437322341,0
7286,P56856:Q86YD5,-0.1694303610552859,0.1357142857142857,1.0,0.7777777777777777,0.24,0.0,0.24,0.0,0.0,2.416,0.0,1.1757,0.681717888,0
7287,P31151:P40306,-0.1401979198438811,0.1527777777777777,0.8666836734693878,0.8873015873015873,0.19,0.0,0.19,0.0,0.0,0.0,0.0,1.1757,0.223383,0
7288,P45379:P79522,-0.2297361224509337,0.0,0.0,0.9342857142857144,0.0,0.0,0.0,0.0,0.0,2.013,0.0,1.1757,2.3666841,0
7289,P62487:Q9NVC6,0.7982993157684621,0.1384173574963048,0.4135416666666666,0.7611791383219955,0.68,0.0,0.68,0.0,0.0,1.5978,0.0,5.6875,6.1794915,1
7290,O95125:Q15750,0.7417813453138629,0.1096239408739408,0.4807971014492754,0.8963734567901235,0.29,2.60197,2.60197,0.0,0.0,2.013,0.31,2.1077,3.42228795862107,0
7291,P42704:Q4U2R6,0.5824254761808153,0.1833333333333333,0.2810132575757575,0.4375,0.56,0.0,0.56,0.0,0.0,2.416,0.0,9.4687,12.810772352,0
7292,Q5JY77:Q9NR50,0.2835397991195398,0.1026623376623376,0.4625,0.2630952380952381,0.0,0.0,0.0,0.0,0.0,1.5978,0.0,1.1757,1.87853346,0
7293,Q52LA3:Q9H1J7,0.0847667961638266,0.083013283013283,0.2811111111111111,0.5555555555555555,0.0,0.0,0.0,0.0,0.0,2.013,0.0,1.1757,2.3666841,0
7294,O94906:Q8WWY3,0.8243101196952362,0.5376923076923077,0.3707301587301587,0.970352564102564,0.64,7.40526,7.40526,0.0,30.1977,2.013,181.01,45.2798,3689478.81316009,1
7295,O95169:Q9H0X6,0.6782925569036414,0.0871212121212121,0.2,0.1219941348973607,0.19,0.0,0.19,0.0,0.0,0.0,0.0,1.1757,0.223383,0
7296,Q8WUQ7:Q9H5V9,0.8728990332895609,0.0981481481481481,0.5990196078431372,0.75,0.41,0.0,0.41,0.0,9.7902,2.013,0.0,3.9008,31.5190326040128,1
7298,O43567:Q9Y256,0.0319242437826425,0.1687179487179487,0.7261904761904763,0.1547619047619047,0.15,0.0,0.15,0.0,0.0,2.013,0.0,0.7126,0.21516957,0
7299,P41271:Q9UBP9,0.5606410686492991,0.1342592592592592,0.5,0.0,0.24,0.0,0.24,0.0,0.0,2.416,0.0,2.1077,1.222128768,0
7302,P32969:Q9NQ55,0.6400899520347417,0.1111111111111111,0.4537037037037037,1.0,0.54,0.0,0.54,0.0,0.0,2.013,0.0,2.7714,3.012567228,0
7303,O75251:Q9NUD7,0.2351620078299561,0.0,0.0,1.0,0.28,0.0,0.28,0.0,0.0,0.993,0.0,1.5818,0.439803672,0
7304,O95999:Q8NF64,0.2767314895553404,0.3440927493559073,0.3787878787878787,0.8982259570494864,0.0,0.0,0.0,0.0,0.0,2.416,0.0,1.1757,2.8404912,0
7306,O76076:P01210,-0.0962815337117771,0.2100198412698412,0.3156349206349206,0.4305555555555556,0.24,0.0,0.24,0.0,0.0,0.0,0.0,2.1077,0.505848,0
7307,Q9NW64:Q9Y314,0.4193015180218258,0.1207792207792207,0.4428571428571429,0.6157407407407408,0.68,0.0,0.68,0.5125,0.0,2.416,0.0,9.4687,7.9724181512,0
7308,P50539:Q8N344,0.2854747551341411,1.0,0.5083333333333333,0.5442176870748299,0.61,0.0,0.61,0.0,0.0,2.416,0.0,1.1757,1.732699632,0
7312,O43670:Q6E0U4,0.1005825009612174,0.1666666666666666,0.5,1.0,0.17,0.0,0.17,0.5125,0.0,1.5978,0.0,1.1757,0.1636672277025,0
7313,P05230:Q68E01,-0.2641303082657479,0.1445300911210002,0.4070175438596491,1.0,0.0,0.0,0.0,0.0,0.0,2.013,0.0,1.5818,3.1841634,0
7316,Q6DKI7:Q70UQ0,-0.0549541247430148,0.0769230769230769,0.3125,1.0,0.0,0.0,0.0,0.0,0.0,1.5978,0.0,0.8888,1.42012464,0
7317,Q9NVA1:Q9Y2W6,0.370214593036185,0.1065018315018315,0.4904761904761904,0.8928571428571429,0.17,0.0,0.17,0.0,0.0,2.416,0.0,2.7714,1.138269408,0
7319,P53365:Q86YD5,0.2952633111359301,0.1026785714285714,1.0,0.7777777777777777,0.41,2.59,2.59,0.0,0.0,2.416,0.0,1.5818,9.898018592,0
7322,P04908:P68431,0.892985684115129,0.3677248677248677,0.2807336182336182,0.9709302325581396,292.74,0.0,292.74,3.124,5.5574,1.5978,24.11,45.2798,8865206.93560889,1
7323,O75414:Q15596,0.809068130106798,0.1136143177809844,0.2110644257703081,0.6064213564213564,0.54,0.0,0.54,2.0764,0.0,2.013,0.0,1.1757,2.6536587472296,0
7324,Q15459:Q8WUA2,0.8450246506775695,0.0555555555555555,0.7833333333333333,0.4583333333333333,2.13,0.0,2.13,1.7951,0.6153,2.013,0.0,5.6875,26.9352090159465,0
7325,P05161:P52747,0.2007854949346913,0.1754960317460317,1.0,0.8317460317460317,35.64,0.0,35.64,0.9127,0.6153,2.013,0.0,1.1757,47.3688623056898,0
7326,P67775:Q9BQ15,0.7297312144816338,0.1231917388167388,0.4156862745098039,0.6714285714285715,0.22,0.0,0.22,0.0,0.0,1.1933,0.0,2.7714,0.7275645564,0
7328,Q16236:Q6P1K2,0.6504260933780148,0.2277890238416554,0.5941176470588235,0.9623015873015872,0.63,0.0,0.63,0.0,0.0,2.013,2.07,1.5818,4.15246748994,1
7330,P82979:Q0VGL1,0.3591947265790005,0.0810852026761117,0.1499433106575963,0.8599439775910364,0.41,0.0,0.41,0.0,0.0,2.013,0.0,3.9008,3.219447264,0
7331,Q7Z6B0:Q96PE7,-0.0805290812866005,0.0793650793650793,0.3125,0.7642857142857142,0.0,0.0,0.0,0.0,0.0,1.1933,0.0,3.9008,4.65482464,0
7333,P29373:P30532,0.0030288163637041,0.242526455026455,0.2873626373626373,0.4355921855921856,0.41,0.0,0.41,0.0,0.0,0.0,0.0,1.1757,0.482037,0
7335,O15212:P40227,0.6336476355784779,0.4459475709475709,0.3809523809523809,0.7876157407407408,3.82,0.0,3.82,3.124,0.6153,1.5978,10.8,9.4687,1199.76954166975,1
7337,Q8IXM3:Q9NP08,0.3816887542875165,0.0702380952380952,0.3999999999999999,0.2212301587301587,0.54,0.0,0.54,0.0,0.0,1.5978,0.0,5.6875,4.90724325,0
7338,P62316:Q9UK59,0.82101921596805,0.5111111111111111,0.6000000000000001,0.2785714285714285,0.54,0.0,0.54,0.0,0.0,1.1933,24.11,5.6875,88.36128448875,0
7339,P13569:P61964,-0.1775300334578247,0.112528675028675,0.3857654889912955,0.985111111111111,0.68,3.51,3.51,0.0,0.6153,1.5978,0.0,1.1757,4.05707434916238,0
7340,O43583:P10827,-0.1143962312789181,0.1190553699174389,0.3636363636363636,0.5795882936507937,0.15,0.0,0.15,2.3254,0.0,0.0,0.0,1.1757,0.410095917,0
7342,Q12933:Q13489,0.5436879104866066,0.2552721088435373,0.882170542635659,0.6777777777777778,3.45,20.9024,20.9024,1.2535,15.4815,2.416,10.8,2.1077,22308.1219911014,1
7343,P14678:Q9Y333,0.912450811628168,0.7194444444444444,0.3603896103896104,0.9464285714285714,117.65,5.24327,117.65,0.9127,3.1392,1.1933,24.11,18.4426,178857.833447841,1
7344,O15273:Q9Y4K3,-0.2043676019232834,0.0841600306652209,0.7123845060412225,0.8118960404674691,0.41,29.7697,29.7697,3.7695,0.0,2.013,5.86,1.1757,1556.31002465037,0
7345,P04141:P15509,0.2278052446102085,0.4108843537414965,0.8815104166666666,0.5452380952380953,118.38,0.0,118.38,0.0,0.0,2.013,0.0,1.1757,280.168063758,1
7346,O15169:Q5VWG9,0.6900948323306443,0.1376280480140774,0.383095238095238,0.7964285714285714,0.63,0.0,0.63,0.0,0.0,2.416,0.0,1.5818,2.407626144,0
7349,P01210:P63096,-0.0468903420389195,0.3154761904761905,0.6295681063122923,0.521326164874552,0.0,2.59,2.59,1.2535,0.0,1.5978,0.0,1.5818,8.2053685108626,0
7350,O96008:Q8WXS3,-0.1985120174691031,0.0,0.5083333333333333,1.0,0.0,0.0,0.0,0.0,0.0,1.1933,0.0,1.1757,1.40296281,0
7351,O95644:P62879,0.3829018964187327,0.3214285714285714,0.5599773242630384,0.9366925064599484,0.0,3.84,3.84,0.0,0.0,1.5978,0.0,2.7714,17.0040688128,0
7353,P10321:Q96F63,0.4379094612025238,0.0,0.5,0.0,0.15,9.47493,9.47493,0.0,0.0,0.9878,0.0,1.5818,14.8045974538572,0
7354,A6NLC8:P07550,-0.053091491893559,0.0745399177393267,0.1309098925765592,0.420199190787426,0.0,0.0,0.0,0.0,0.0,1.5978,0.0,0.0,1.5978,0
7355,P17181:Q9Y679,0.5303693771226398,0.180021645021645,0.2687074829931973,0.6166666666666666,0.24,0.0,0.24,0.0,0.0,2.416,0.0,1.5818,0.917190912,0
7357,Q8N4N3:Q9H944,0.6413281051757421,0.0685268365719493,0.0,0.9311111111111112,1.52,0.0,1.52,0.0,0.0,2.013,0.0,2.1077,6.449056152,0
7358,Q52LA3:Q969E2,0.420929989824131,0.0666666666666666,0.1964285714285714,1.0,0.54,0.0,0.54,0.0,0.0,2.013,0.0,2.1077,2.291112054,0
7359,O43521:Q16548,0.3796759518805658,0.3740981240981241,0.6666666666666666,0.935897435897436,0.22,56.9,56.9,0.9127,7.4748,2.416,2.07,2.1077,4091.81476171858,1
7360,P62256:Q15904,0.4743447615429369,0.068227806632784,0.1985863095238095,0.7733333333333333,2.13,0.0,2.13,0.0,0.0,1.1933,0.0,3.9008,9.9147764832,0
7361,O75976:Q6PIF2,0.2344760778525758,0.2291666666666666,0.425,0.1428571428571428,0.0,0.0,0.0,0.0,0.0,2.416,0.0,1.1757,2.8404912,0
7362,A6ND01:Q8IUB3,0.0997692467948768,0.1055555555555555,0.5,0.5625,0.0,0.0,0.0,0.0,0.0,1.5978,0.0,2.7714,4.42814292,0
7363,O95843:P40938,-0.1129912514806778,0.1084656084656084,0.2420634920634921,0.6518440709617179,0.73,0.0,0.73,0.0,0.0,1.5978,0.0,3.9008,4.5498697152,0
7364,P26022:Q8NGX2,-0.0178222848031388,0.1269841269841269,0.3333333333333333,0.1666666666666666,0.22,0.0,0.22,0.0,0.0,2.416,0.0,0.6915,0.36754608,0
7365,P01854:P08183,0.1095738601546419,0.1427248677248677,0.6735930735930735,0.2042397660818713,0.68,0.0,0.68,0.0,0.0,2.013,0.0,0.4364,0.597361776,0
7366,O75822:P62266,0.5121638762005702,0.2141666666666666,0.6914053426248548,0.6590909090909091,0.41,0.0,0.41,0.0,5.2693,0.0,0.0,18.4426,39.8436327938,1
7367,P62318:Q7L0Q8,0.06743325503421,0.1086580086580086,0.3575757575757576,0.7144841269841269,0.41,0.0,0.41,0.9127,0.6153,1.5978,0.0,1.1757,0.432531515947865,0
7368,Q7Z353:Q96DV4,0.5960427037920695,0.0625,0.2176470588235294,1.0,0.26,0.0,0.26,0.5125,0.0,2.013,0.0,0.8888,0.2384048238,0
7369,A6NNZ2:Q9NV70,0.1506127861458221,0.1420238095238095,0.425,0.2450396825396825,0.94,3.51,3.51,0.0,0.0,2.013,0.0,0.0,7.06563,0
7372,O43557:Q9UI46,-0.0844197290771121,0.1326719576719576,0.2245238095238095,0.8666666666666666,0.54,0.0,0.54,0.0,0.0,1.5978,0.0,1.1757,1.0144080684,0
7373,P61158:Q9NZL6,0.2066074352348025,0.1339285714285714,0.7777777777777778,0.7142857142857143,0.62,0.0,0.62,0.0,0.0,1.5978,0.0,3.9008,3.8642729088,0
7374,Q8IU81:Q8TD06,-0.130043116601312,0.0,0.6666666666666666,1.0,0.22,0.0,0.22,0.0,0.0,2.013,0.0,1.1757,0.520670502,0
7376,P08908:Q96MI9,0.0785136650502812,0.1222222222222222,0.2698412698412698,0.2785714285714286,0.0,0.0,0.0,0.0,0.0,2.013,0.0,2.1077,4.2428001,0
7377,P62314:Q9NZ63,0.2819950909865635,0.540625,0.6047619047619047,0.7222222222222222,0.34,0.0,0.34,0.5125,0.0,2.013,0.0,9.4687,3.321290922675,0
7378,P42830:Q03468,0.2321845490729019,0.1301803751803751,0.4277310924369747,0.7384013605442179,0.54,3.84,3.84,1.7092,0.0,2.013,0.0,0.8888,11.7428071698432,0
7379,P53990:Q9UQ10,0.1443056426316746,0.125,0.0,0.1696428571428571,0.22,0.0,0.22,0.0,0.0,1.5978,0.0,1.1757,0.4132773612,0
7380,P62070:P62760,-0.2619760700986421,0.1105248917748917,0.75,0.9583333333333334,0.71,0.0,0.71,0.0,0.6153,2.013,0.0,1.1757,1.0339167159783,0
7381,O60906:Q13451,0.0702213481684384,0.1013223471206664,0.4666666666666667,0.9206989247311828,0.15,2.59,2.59,1.0145,0.0,2.013,0.0,0.8888,4.701101589492,0
7382,P24386:P62316,0.6663602669745814,0.1013278388278388,0.3780753968253968,0.9821428571428572,0.19,5.43,5.43,0.0,0.0,1.1933,0.0,1.1757,7.6180880583,0
7383,Q5SWA1:Q9UP38,0.4561928452667531,0.1279625256897984,0.163095238095238,0.6018518518518519,0.24,0.0,0.24,0.0,0.0,1.5978,0.0,2.1077,0.8082439344,0
7384,P62906:Q96D46,0.6687886686285438,0.0876882376882376,0.5666666666666667,0.319047619047619,0.62,0.0,0.62,0.0,15.4815,1.5978,0.0,9.4687,145.217013295376,1
7388,P48729:Q9UMS5,0.0696583628579511,0.0,0.4166666666666666,0.0,0.26,0.0,0.26,0.0,0.0,1.5978,0.0,5.6875,2.36274675,0
7391,Q6ZT21:Q96QZ0,-0.1332293752234316,0.0,0.5666666666666667,0.1674603174603174,0.0,0.0,0.0,0.0,0.0,0.0,0.0,0.8888,0.8888,0
7392,P12004:Q9P1Z2,-0.0274444088794554,0.2588966588966589,0.6,0.7230385487528345,0.0,0.0,0.0,0.0,0.0,1.1933,0.0,0.5954,0.71049082,0
7393,Q13098:Q15369,0.503702146536838,0.2189571150097465,0.6265723270440251,0.9732704402515724,1.52,0.0,1.52,2.3254,0.0,2.013,0.0,5.6875,40.467506079,1
7394,P11836:Q9H9Q4,0.1067182232144314,0.150582827666161,0.5026190476190475,0.8833333333333333,0.0,0.0,0.0,0.0,0.0,2.013,10.8,1.5818,34.38896472,0
7397,P10301:Q7L266,-0.3235178953852487,0.0892857142857142,0.3055555555555555,0.1339285714285714,0.0,0.0,0.0,0.0,0.0,0.0,0.0,1.1757,1.1757,0
7400,A5D6W6:Q495X7,-0.0139920157827603,0.0969696969696969,0.25,0.2276785714285714,0.22,0.0,0.22,0.0,0.0,2.013,0.0,3.9008,1.727508288,0
7402,Q12864:Q7Z4H3,-0.2090020687027177,0.0,0.0,0.7208333333333333,0.23,0.0,0.23,0.0,0.0,1.5978,0.0,2.7714,1.0184728716,0
7403,P06340:P13765,0.8650947277378261,0.2791666666666667,0.4880952380952381,0.58125,200.63,2.59,200.63,0.9127,5.5574,2.416,105.17,18.4426,4768771.69707272,1
7404,P46783:P62249,0.9179752641513264,0.5594877344877344,0.7003759398496241,0.5625,1.52,0.0,1.52,4.0064,5.2693,1.5978,24.11,38.174,47188.7112537141,1
7405,Q15528:Q9Y3C7,0.5056144804673532,0.2863839285714286,0.3888888888888889,0.7851851851851851,0.24,0.0,0.24,1.7092,0.0,2.013,0.0,5.6875,4.696445754,1
7406,P01116:Q86UL8,0.1293790282788555,0.1510010822510822,0.3879166666666666,0.7366666666666666,0.81,4.98492,4.98492,0.0,0.6153,2.013,0.4,1.1757,2.90365753003636,0
7407,Q7Z7L7:Q96QV6,0.2146471669699678,0.0909090909090909,0.0993404743404743,0.3333333333333333,0.24,0.0,0.24,0.0,0.0,2.013,0.0,1.5818,0.764199216,0
7408,O60921:Q6ZUB1,0.0095868375168379,0.1555555555555555,0.5,0.0,0.0,0.0,0.0,0.0,0.0,1.1933,0.0,0.5954,0.71049082,0
7409,Q9P0N9:Q9UHP3,0.4460169152954615,0.1027056277056277,0.74,0.7943027210884352,0.0,0.0,0.0,0.0,0.0,2.416,0.0,2.7714,6.6957024,0
7410,P83369:Q969L4,0.3856580084241913,0.3984962406015038,0.67,0.7030303030303031,118.38,3.52956,118.38,0.9127,0.0,2.013,105.17,1.5818,36182.086385165,1
7412,O75711:P62263,-0.3935458670004744,0.1007903207903207,0.4074829931972789,0.7375,0.94,0.0,0.94,3.8142,0.0,0.993,0.0,1.1757,4.1857865880948,0
7413,Q86T26:Q9NPC8,0.005294524182155,0.114609721554166,0.2333333333333333,0.1443306693306693,0.41,5.22,5.22,0.5125,0.0,1.5978,0.0,1.1757,5.025546638865,0
7416,P33993:Q13291,0.6619985226906858,0.1389518259518259,0.40625,0.8386363636363636,0.94,0.0,0.94,0.0,0.0,1.1933,0.0,0.6915,0.775656933,0
7418,O75367:P20248,0.3713819992892141,0.1081412581412581,0.3725829725829725,0.9209726443769,0.63,5.22,5.22,1.0145,0.0,2.416,0.0,5.6875,72.76807629,0
7419,O15514:P19388,0.5289018039236804,0.532051282051282,0.9247967479674796,0.8393004115226339,0.22,0.0,0.22,1.2535,3.1392,2.013,69.61,18.4426,2237.1935597506,1
7420,Q16644:Q6ZYL4,-0.2555135573373128,0.0977855477855478,0.9455399061032864,1.0,0.41,0.0,0.41,0.5125,0.0,1.5978,0.0,2.1077,0.7076344029825,0
7421,O00206:Q6ZMR5,-0.1192146121915158,0.25,0.6666666666666666,0.1666666666666666,0.8,4.96,4.96,0.0,0.0,2.416,0.0,0.8888,10.650810368,0
7425,P46782:P62851,0.9254958018852614,0.7834821428571428,0.6813186813186813,0.6785714285714286,77.86,0.0,77.86,2.3254,3.1392,2.013,24.11,38.174,1053027.48699245,1
7426,P34897:Q92903,-0.175388698223657,0.1353979353979353,0.3285714285714285,0.65,0.0,0.0,0.0,0.0,0.0,2.013,0.0,2.7714,5.5788282,0
7427,P61769:Q68CZ6,0.4859217511127141,0.1857142857142857,0.7974999999999999,1.0,0.19,0.0,0.19,0.0,0.0,2.416,0.0,1.5818,0.726109472,0
7428,O95983:Q7Z4L0,0.1988913998208523,0.1,0.2638888888888889,0.0,0.54,0.0,0.54,0.0,0.0,1.1933,0.0,1.1757,0.7575999174,0
7430,P30511:P43630,0.5921848726465273,0.1964285714285714,1.0,0.8333333333333334,80.27,9.47493,80.27,3.8142,5.5574,2.416,0.31,0.4364,556.124140089094,1
7434,O60237:P54727,0.1775277097091307,0.1038600288600288,0.792063492063492,0.8866255144032922,0.83,0.0,0.83,0.0,0.6153,2.416,0.0,2.7714,3.4194885199776,0
7435,Q03188:Q93077,-0.0338785854522117,0.1214285714285714,0.5166666666666668,0.6,0.28,0.0,0.28,0.0,5.2693,1.5978,0.0,2.1077,4.96869305745624,1
7436,Q5VVQ6:Q8N3I7,0.0448580895756432,0.1002725669392336,0.5411111111111111,0.8627450980392156,1.02,0.0,1.02,0.0,0.0,2.013,0.0,2.1077,4.327656102,0
7437,P15509:Q9H0W7,-0.1584156582201487,0.0,0.2,0.225,0.17,0.0,0.17,0.0,0.0,2.013,0.0,1.5818,0.541307778,0
7438,Q9NUL7:Q9P0M9,0.4423567630507309,0.1180555555555555,0.2378246753246753,0.4722222222222221,0.22,0.0,0.22,0.0,0.0,2.013,0.0,5.6875,2.51876625,1
7439,P80294:Q9NQ50,0.192169783727059,0.1555555555555555,0.248885918003565,0.90625,0.0,0.0,0.0,0.0,0.0,2.013,0.0,2.1077,4.2428001,0
7440,P16671:P49450,-0.0596704959670936,0.1441137566137566,0.4099999999999999,0.8958333333333334,0.0,0.0,0.0,0.0,0.0,1.1933,0.0,1.1757,1.40296281,0
7441,Q969M1:Q9HB96,-0.124897657592353,0.125,0.3458333333333333,1.0,0.0,0.0,0.0,0.0,0.0,2.013,0.0,2.1077,4.2428001,0
7444,P01861:Q9NQZ8,0.0127137868085313,0.0741758241758241,0.2,0.4634920634920634,0.36,9.80166,9.80166,0.0,0.0,2.013,0.17,0.4364,1.46378425633704,0
7445,P62873:Q01718,-0.0476251801180365,0.7222222222222223,0.9285714285714286,0.7638888888888888,2.34,6.7087,6.7087,0.0,0.0,1.5978,5.86,1.1757,73.8507520993777,1
7446,O95298:Q13753,0.1170416716097453,0.1278860028860028,0.4833333333333333,0.25,1.52,0.0,1.52,0.0,0.0,2.416,0.0,1.5818,5.808875776,0
7447,O60516:Q9H492,-0.3937883294262647,0.0633173242306369,0.3359053497942386,0.9188888888888888,0.54,0.0,0.54,3.7695,0.0,0.0,0.0,1.1757,2.393172621,0
7449,P40937:Q8N159,-0.0350321922098608,0.0946969696969697,0.35,0.1111111111111111,0.54,0.0,0.54,0.0,0.0,1.5978,0.0,1.1757,1.0144080684,0
7451,A0AVT1:P31153,0.5385066012819614,0.1337967587967587,0.4444444444444444,0.8426190476190476,0.54,0.0,0.54,0.0,0.0,2.416,0.0,5.6875,7.42014,0
7452,O95750:P20042,0.0957034696464831,0.159992784992785,0.4658730158730159,0.8447154471544716,0.68,0.0,0.68,0.0,0.0,1.1933,0.0,2.1077,1.7102805188,0
7453,P08579:Q9H2H8,0.8204151109133949,0.3879142300194931,0.761904761904762,0.712962962962963,7.06,0.0,7.06,0.9127,0.0,1.5978,5.86,45.2798,2731.85273532869,0
7454,Q96DF8:Q9BZJ0,0.7574385890378584,0.6285714285714286,0.4288548752834467,0.625,0.15,7.37,7.37,0.0,0.0,1.5978,0.0,3.9008,45.9349860288,0
7455,Q12908:Q5TBE3,-0.0212486176825695,0.0,0.0,1.0,0.17,0.0,0.17,0.0,0.0,1.1933,0.0,1.5818,0.3208855298,0
7456,Q8IX90:Q96BD8,0.9883718427271554,0.2662698412698412,0.5681547619047619,0.9191919191919192,0.0,0.0,0.0,0.0,0.0,2.416,105.17,38.174,9699.65914528,1
7458,P02724:Q8IW03,0.0176296006487043,0.0892857142857142,0.475,0.4111111111111111,0.0,0.0,0.0,0.0,0.0,0.0,0.0,1.1757,1.1757,0
7461,Q8IUW3:Q96E93,0.3937288604214984,0.0,0.3166666666666666,0.8958333333333334,0.15,0.0,0.15,0.0,0.0,2.416,0.0,1.1757,0.42607368,0
7462,O15209:P06312,0.1190751304996949,0.082051282051282,0.471813725490196,0.5,0.54,0.0,0.54,0.0,0.0,1.5978,0.0,0.4364,0.3765311568,0
7463,O00311:Q9UBU7,0.683879304266545,0.3152281746031746,0.8282828282828283,0.8222883597883598,282.86,7.79736,282.86,0.9127,0.0,1.1933,69.61,18.4426,395496.831874668,1
7467,P04921:Q495W5,0.2527734751208368,0.0,0.4166666666666666,0.5669642857142857,0.15,0.0,0.15,0.0,0.0,0.0,0.0,1.5818,0.23727,0
7469,P02008:Q0VG06,0.0344720304538041,0.1111111111111111,0.2546296296296296,0.925,0.0,0.0,0.0,0.0,0.0,2.013,0.0,3.9008,7.8523104,0
7470,P20774:P53004,0.3705137847554967,0.125,0.4666666666666666,0.3738095238095238,2.31,2.59,2.59,0.0,0.0,2.416,0.0,1.5818,9.898018592,0
7472,Q96DE5:Q9UKT4,0.2632272079587494,0.1824089905820675,0.692156862745098,0.746790890269151,0.24,0.0,0.24,0.0,0.0,2.416,0.0,2.1077,1.222128768,1
7473,P17302:Q32MZ4,0.162262829152435,0.225,0.6595238095238097,0.5742063492063493,0.54,0.0,0.54,0.5125,0.0,2.416,0.0,3.9008,2.6081841024,0
7474,Q13616:Q96HD1,0.3822439097260963,0.2083333333333333,0.4666666666666666,0.5932539682539683,0.41,0.0,0.41,0.0,0.0,2.013,0.0,1.5818,1.305506994,0
7478,Q8TDI7:Q9P0M9,0.1133249700194697,0.1055555555555555,0.1884920634920635,0.1166666666666666,0.22,0.0,0.22,0.0,0.0,2.013,0.0,1.1757,0.520670502,0
7479,Q15762:Q5TB30,0.6269293866044501,0.5625,0.2,0.5714285714285714,0.15,0.0,0.15,0.0,0.0,2.416,0.0,1.5818,0.57324432,0
7482,P29372:Q9HCX3,0.5169299339735851,0.0666807169438748,0.5,0.3629629629629629,0.41,0.0,0.41,0.0,0.0,1.5978,0.0,0.5954,0.3900453492,0
7483,O60404:P62269,0.0,0.1194444444444444,0.2894274376417233,0.1527777777777778,0.15,0.0,0.15,0.0,0.0,0.9594,0.0,0.8888,0.127907208,0
7484,P83876:Q8N394,0.0877492598250579,0.1309523809523809,0.2619047619047618,0.5669642857142857,0.54,0.0,0.54,0.0,0.6153,0.993,0.0,1.1757,0.3879059503662,0
7485,A5PLK6:Q8IUQ4,0.3068379032865632,0.0,0.4538461538461539,0.0,0.0,4.96,4.96,0.0,0.0,1.5978,0.0,0.8888,7.0438182144,0
7486,O75593:Q8TCN5,0.1101026983314074,1.0,1.0,0.5714285714285714,1.05,0.0,1.05,0.0,0.0,2.013,0.0,1.5818,3.34337157,0
7487,P62318:Q9NZ63,0.5674463465477334,0.540625,0.6047619047619047,0.7222222222222222,0.3,0.0,0.3,0.5125,0.0,2.013,0.0,9.4687,2.930550814125,0
7488,P28472:Q16613,0.0154839251840977,0.1650348017995077,0.3333333333333333,0.6583333333333333,0.41,0.0,0.41,0.0,0.0,2.416,0.0,2.7714,2.745237984,0
7489,Q13615:Q16254,0.6401124171293823,0.1196608946608946,0.5095238095238095,0.7834834834834834,0.68,0.0,0.68,0.0,0.0,2.416,0.0,2.7714,4.553077632,0
7490,P30519:Q15906,0.0110071460107427,0.0999084249084249,0.2804713804713805,0.8708333333333332,0.41,0.0,0.41,0.0,0.0,2.013,0.0,9.4687,7.814802171,0
7492,Q13946:Q16665,0.0834235877211524,0.1009965671850917,0.5529411764705883,0.1796834371302456,0.15,0.0,0.15,0.0,0.0,2.416,0.0,3.9008,1.41364992,0
7493,P62166:P83859,-0.0114316194255909,0.1599206349206349,0.5,0.25,0.54,0.0,0.54,0.0,0.0,0.9878,0.0,1.1757,0.6271324884,0
7495,Q8WXX5:Q9UBL9,0.0507153752058968,0.1079004329004329,0.5097796143250689,0.2327097505668934,0.0,0.0,0.0,0.0,0.0,2.013,0.0,1.1757,2.3666841,0
7497,P53007:Q8NHX4,0.04489371805853,0.0,0.2,0.2,0.0,0.0,0.0,0.0,0.0,0.993,0.0,1.1757,1.1674701,0
7498,P49721:Q16611,0.3213296759855782,0.147002587576358,0.2421052631578947,0.9443415637860084,0.0,0.0,0.0,0.0,0.0,1.1933,0.0,9.4687,11.29899971,0
7501,P63098:Q0D2H9,-0.0753629382082846,0.125,0.2166666666666666,1.0,0.93,3.84,3.84,0.0,0.0,0.9594,0.0,0.0,3.684096,0
7502,Q8NC69:Q9NRX3,0.0521022289805351,0.0,0.1833333333333333,0.0,0.15,0.0,0.15,0.5125,0.0,2.013,0.0,0.7962,0.123211452375,0
7504,Q12874:Q6ZNC8,0.4654208319659821,0.1347985347985348,0.2916666666666667,0.1271604938271605,0.0,0.0,0.0,0.0,0.0,2.013,0.0,5.6875,11.4489375,0
7505,P61769:Q9NPA0,0.1665629299996599,0.1,0.475,0.8384615384615385,0.31,0.0,0.31,0.0,0.0,2.013,0.0,9.4687,5.908752861,0
7506,O43566:P63096,-0.2432489235261244,0.3971230158730159,0.6295681063122923,0.521326164874552,0.0,0.0,0.0,2.3588,5.5574,2.013,0.89,0.7126,16.7356419345184,1
7510,P05198:Q6UW78,0.2726259039323623,0.1198412698412698,0.3964285714285714,0.1833333333333333,0.41,0.0,0.41,0.0,0.0,0.993,0.0,3.9008,1.588132704,0
7511,Q15019:Q9BXJ3,-0.1337254148205447,0.1881818181818181,0.5,0.8666666666666666,0.0,2.59,2.59,0.0,0.0,2.013,0.0,0.7749,4.040072883,0
7513,P05231:P08887,0.2184228199546014,0.3304576804576805,0.575493612078978,0.6634199134199134,77.86,0.0,77.86,0.5125,21.926,2.416,181.01,1.5818,605227.632914737,1
7514,P09038:P26022,0.5399652116069884,0.132011322011322,0.5251700680272109,0.9204545454545454,0.41,0.0,0.41,0.5125,0.0,2.416,10.8,5.6875,31.18313835,1
7518,P02647:P83110,-0.1602552790406202,0.2285714285714285,1.0,0.8852813852813853,0.41,0.0,0.41,0.0,0.6153,2.416,0.0,1.5818,0.9640937622624,0
7519,P26998:P40227,-0.0625427715427033,0.1339105339105339,0.0,0.7876157407407408,0.0,0.0,0.0,0.0,0.0,1.5978,0.0,1.1757,1.87853346,0
7521,P49959:Q86U38,0.8709640320829367,0.1822222222222222,0.2583333333333333,0.5,0.0,0.0,0.0,0.0,0.0,2.013,0.0,5.6875,11.4489375,0
7522,Q9H4F1:Q9NRG7,0.4985417365281529,0.0,0.125,0.25,0.23,0.0,0.23,0.0,0.0,2.013,0.0,1.5818,0.732357582,0
7523,A0JLT2:Q16594,0.8382122769910773,0.2689026583464382,0.6458937198067634,0.7786922379945636,0.41,0.0,0.41,2.3254,0.0,2.416,0.0,2.7714,6.3837764079936,0
7524,Q01094:Q8TF01,-0.0128922572130319,0.0,0.5166666666666666,0.5,1.26,0.0,1.26,0.0,0.0,2.416,0.0,0.6688,2.035934208,0
7525,O15273:Q9NQE9,0.1747645279893227,0.0,0.3,0.4642857142857142,0.58,0.0,0.58,0.9127,0.0,2.013,0.0,1.1757,1.2528420952806,0
7526,Q8WXH5:Q9UL54,0.4549702601452304,0.1343541379255665,0.0,0.2128858024691357,0.28,30.4501,30.4501,0.5125,0.6153,2.416,5.86,1.1757,159.830836422944,0
7527,P01350:Q5T0B9,-0.1332158627694827,0.125,0.2,0.187037037037037,0.0,0.0,0.0,0.0,0.0,2.013,0.0,2.1077,4.2428001,0
7528,O75409:Q8ND90,0.3257912302011103,0.0833333333333333,0.225,1.0,0.0,0.0,0.0,0.0,0.0,1.5978,0.0,2.7714,4.42814292,0
7529,P28074:Q7Z7J9,-0.0667380182640997,0.1,0.2611111111111111,0.2222222222222222,0.0,0.0,0.0,0.0,0.0,1.5978,0.0,1.5818,2.52740004,0
7530,Q15554:Q9BY79,0.1374917466233575,0.2171717171717171,0.375,1.0,0.0,3.52956,3.52956,0.0,0.0,2.416,2.07,1.5818,27.921543064969,0
7531,O95983:Q96MX0,0.4474601698341449,0.1780753968253968,0.3833333333333333,0.9696969696969696,0.74,3.66,3.66,0.5125,0.0,2.416,0.0,2.7714,12.5594637768,0
7532,O00217:Q9BVC4,0.1335118391629363,0.0900240494194742,0.162015503875969,0.8984375,0.63,0.0,0.63,0.0,0.0,1.5978,0.0,18.4426,18.5645793564,0
7533,P35453:Q9UBB5,0.1583907695747924,0.2159888392031249,0.4515873015873015,0.3417233560090703,0.24,0.0,0.24,0.9127,0.0,2.416,2.07,1.1757,1.28796210690163,0
7535,P35611:Q13330,0.7595295178056294,0.1187271878448349,0.4903846153846153,0.89004329004329,0.63,0.0,0.63,0.0,0.0,2.416,0.0,9.4687,14.412118896,0
7539,Q6IAA8:Q86W11,0.4408826668548625,0.1666666666666666,0.25,0.6444444444444445,0.0,0.0,0.0,0.0,0.0,2.013,0.0,1.1757,2.3666841,0
7543,O76080:P55036,0.5246700379408404,0.0833333333333333,0.4792563600782778,0.9819182389937108,0.29,0.0,0.29,19.2898,0.0,2.416,0.0,3.9008,52.7201135051776,0
7544,Q92731:Q9P1P4,-0.0378014077076685,0.5555555555555556,0.3333333333333333,0.1944444444444444,0.0,3.51,3.51,0.0,0.0,2.416,0.0,0.0,8.48016,0
7545,P62306:Q8TBE9,0.7385410583344434,0.1444444444444444,1.0,0.125,0.15,0.0,0.15,0.0,0.0,1.1933,0.0,3.9008,0.698223696,0
7546,O14647:Q9NUG6,0.5343939207356143,0.1666666666666666,0.3,1.0,1.05,0.0,1.05,0.0,0.0,2.416,0.0,1.5818,4.01271024,0
7547,A6ND01:Q99623,0.1417892254526721,0.1384226884226884,0.2689189189189188,0.8813333333333333,0.0,0.0,0.0,0.0,0.0,1.5978,0.0,1.1757,1.87853346,0
7548,O00206:Q8N699,0.6148032032052663,0.2,0.4375,0.0,0.0,0.0,0.0,0.0,0.0,2.416,0.0,2.7714,6.6957024,0
7551,P08138:Q9NVX0,0.1916131334635247,0.1479700854700854,0.7758064516129031,1.0,0.54,0.0,0.54,0.0,0.0,2.416,0.89,1.1757,1.36514007072,0
7554,P05198:Q8N9F8,0.2475886734627237,0.1428571428571428,1.0,0.1696428571428571,3.02,0.0,3.02,0.0,0.0,1.1933,0.0,0.7126,2.5680436516,0
7555,Q9H410:Q9Y328,-0.2616633012019438,0.1888888888888888,0.1957936507936508,0.9285714285714286,0.22,0.0,0.22,0.0,0.0,2.416,0.0,0.7749,0.411874848,0
7556,P10809:P25098,0.028589808185067,0.1368847202180535,0.7333333333333333,0.6783588435374149,0.24,8.9,8.9,0.0,3.1392,2.416,0.0,2.1077,142.270454140416,0
7557,O95718:P62310,0.048772319700447,0.1168154761904761,0.3120748299319728,0.9441649899396376,0.0,3.84,3.84,0.0,0.0,1.1933,0.0,1.5818,7.2482378496,0
7559,P05546:Q496H8,-0.1717133850175997,0.1428571428571428,0.4777777777777778,1.0,0.0,0.0,0.0,0.0,0.0,2.416,0.0,2.1077,5.0922032,0
7560,A6ND36:Q92769,0.1177796542264849,0.0822272634772634,0.3204545454545454,0.795575582257825,0.22,0.0,0.22,0.0,0.0,1.5978,0.0,1.1757,0.4132773612,0
7562,Q9HB96:Q9NWT8,0.3484129272984443,0.078125,0.3619318181818182,1.0,0.24,0.0,0.24,0.0,0.0,0.0,0.0,2.7714,0.665136,0
7564,Q15019:Q16181,0.6480672002931984,0.2669413919413919,0.358390022675737,0.8972222222222221,2091.17,2.60197,2091.17,1.2535,15.4815,0.0,5.86,45.2798,10767845.8883174,1
7565,P05198:P41091,0.7527493695681301,0.7083333333333334,0.7628787878787878,0.8378737373737373,77.86,3.52956,77.86,0.5125,606.3917,2.013,24.11,45.2798,53174939.2654818,1
7567,Q8TCJ2:Q9H0U3,0.6719830063965871,0.5437964812964813,0.5794871794871796,0.125,12.29,0.0,12.29,0.0,9.7902,2.416,181.01,45.2798,2382579.7430507,1
7568,Q8WVK7:Q9NTI5,0.4808771710520994,0.3197278911564626,0.4641975308641974,0.967391304347826,0.24,0.0,0.24,0.0,0.0,2.416,24.11,9.4687,132.37188060288,0
7569,P62873:Q9Y2T5,0.1641721741051826,0.3351190476190476,1.0,0.4365079365079365,52.16,4.96,52.16,0.0,0.0,1.5978,0.0,0.5954,49.6213790592,1
7572,A6NK97:O60271,0.2000011224056346,0.1644877344877345,0.4361111111111111,0.2113636363636363,0.0,0.0,0.0,0.0,0.0,2.416,0.0,0.8888,2.1473408,0
7573,P27469:Q9HDC9,0.264860367371404,0.1428571428571428,0.2,0.3630952380952381,0.0,0.0,0.0,0.0,0.0,2.013,0.0,2.7714,5.5788282,0
7577,P14784:P60568,0.2137106387161932,0.1951555023923444,0.5,0.5119047619047619,77.86,0.0,77.86,0.9127,0.0,2.416,5.86,1.1757,1182.86045835366,1
7578,P09693:P0CF51,0.1332376684743085,0.4145299145299145,0.4537037037037037,0.5,0.71,0.0,0.71,0.0,0.0,2.013,0.0,0.0,1.42923,0
7580,P53803:Q6B9Z1,0.2027941193650265,0.0,0.5,1.0,0.22,0.0,0.22,0.0,0.0,0.9878,0.0,0.8888,0.1931504608,0
7581,P62280:Q08AM6,0.6600229410169361,0.119047619047619,0.2744397759103641,0.9949664429530202,0.19,0.0,0.19,0.0,0.0,1.5978,0.0,2.7714,0.8413471548,0
7584,O43567:Q24JQ0,0.193729928725967,0.125,0.75,0.3482142857142857,0.19,0.0,0.19,0.0,0.0,2.013,0.0,1.5818,0.604991046,0
7585,Q8IUK5:Q9UKF6,0.1226266195932256,0.0794871794871794,0.3944444444444445,0.5196428571428571,0.54,0.0,0.54,0.5125,0.0,2.416,0.0,1.1757,0.7861059396,0
7588,P78330:Q8IWZ5,0.2003785293968699,0.0909090909090909,0.0,0.9880872483221476,0.28,0.0,0.28,0.0,0.0,1.5978,0.0,1.1757,0.5259893688,0
7589,O60678:Q6GMR7,-0.1470744423720204,0.1805555555555555,0.35,0.1428571428571428,0.22,0.0,0.22,0.0,0.0,1.1933,0.0,1.1757,0.3086518182,0
7590,P07766:P09693,0.962533674457477,0.314074074074074,0.8418518518518519,0.7511111111111111,0.15,3.84,3.84,0.5125,0.6153,2.416,10.8,38.174,1206.14734109657,1
7591,Q03426:Q5RKV6,-0.0022089266572968,0.1328150199473728,0.445610119047619,0.2083333333333333,0.24,0.0,0.24,0.0,0.0,0.993,0.0,2.7714,0.660480048,0
7593,O75396:P62993,0.2789532729058616,0.09818346389202,0.2480737433862433,0.9809264069264068,0.0,20.686,20.686,15.8699,0.0,2.013,2.07,9.4687,12952.5473245125,0
7594,Q5VZB9:Q92542,-0.158095823598497,0.1217146489873762,0.2596844293272864,0.828125,0.24,0.0,0.24,0.0,0.0,0.0,0.0,0.7962,0.191088,0
7595,P08319:Q03468,-0.2025849149181864,0.1191376524709857,0.7659663865546218,0.7384013605442179,1.22,0.0,1.22,0.0,0.6153,1.1933,0.0,0.6915,0.6194247736887,0
7596,Q96GJ1:Q9UQ84,0.2499942230478856,0.1551851851851852,0.2177777777777777,0.6246413717001954,1.22,0.0,1.22,0.0,3.1392,2.013,0.0,2.1077,16.2491776501824,0
7598,Q8IWL3:Q9UL45,0.6819849144309906,0.1076237715772599,0.3067460317460317,0.971861471861472,0.0,0.0,0.0,0.5125,0.0,0.0,0.0,3.9008,1.99916,0
7602,O00482:P28340,-0.0858955167794173,0.1319776714513556,0.8400709219858157,0.7902777777777777,0.22,5.22,5.22,0.0,0.0,1.1933,0.0,1.5818,9.8530733268,0
7607,Q15019:Q96NJ5,-0.0319963222448733,0.0,0.0,1.0,0.54,0.0,0.54,0.0,0.0,2.013,0.0,1.1757,1.278009414,0
7608,O75069:Q9P015,-0.2560965047548722,0.2121212121212121,0.2203174603174603,0.75,0.28,0.0,0.28,0.0,0.0,2.013,0.0,1.1757,0.662671548,0
7609,Q16611:Q8TCB0,0.3698510374669175,0.3999999999999999,0.5,1.0,0.0,0.0,0.0,0.0,0.0,2.013,0.0,1.5818,3.1841634,0
7611,P10747:Q13683,-0.0519149320785368,0.2269841269841269,0.6180555555555556,0.5666666666666667,0.15,2.60197,2.60197,0.0,0.0,2.416,2.07,0.8888,11.5657448266483,0
7612,P37231:Q8N782,0.0211138141221109,0.0,1.0,0.5,0.19,0.0,0.19,0.0,0.6153,1.5978,0.0,0.0,0.1867940046,0
7613,O60671:P36507,0.6262705109825626,0.1217733377733377,0.4386807181889149,0.7711226851851851,0.41,4.2513,4.2513,0.0,0.6153,2.416,0.89,2.7714,15.5881586446179,0
7615,Q52LA3:Q8N6M0,0.7034533793512362,0.1057307771593486,0.1666666666666666,0.65,0.0,0.0,0.0,0.0,0.0,2.013,0.0,9.4687,19.0604931,0
7617,Q6IQ49:Q96DF8,0.5539518206525239,0.6904761904761906,0.4074074074074074,1.0,0.15,0.0,0.15,0.0,0.0,2.416,0.0,3.9008,1.41364992,0
7618,P43234:P51970,-0.2511406586221323,0.1074603174603174,0.1836309523809524,0.7708333333333334,0.15,3.84,3.84,0.0,0.0,2.013,0.0,2.1077,16.292352384,0
7620,O75934:Q13356,0.3375575823500425,0.3244444444444444,0.6285714285714284,0.6098765432098765,0.19,0.0,0.19,0.0,0.0,2.013,0.0,3.9008,1.491938976,0
7621,Q13895:Q9NSI2,0.3869801192027033,1.0,0.5370370370370371,1.0,0.15,0.0,0.15,0.0,0.0,1.5978,0.0,5.6875,1.363123125,1
7624,P60369:Q4VXU2,0.0341550300938238,0.0,0.3519047619047619,0.0,0.0,0.0,0.0,0.0,0.0,1.5978,0.0,1.5818,2.52740004,0
7625,Q9H8P0:Q9NP92,0.1332846558916295,0.1714285714285714,0.2432539682539682,0.1458333333333333,0.0,0.0,0.0,0.0,0.0,2.013,0.0,2.7714,5.5788282,0
7626,Q86UY6:Q9P1V8,0.3275911911410411,0.1666666666666666,0.0,0.125,0.15,0.0,0.15,0.0,0.0,2.013,0.0,1.5818,0.47762451,0
7628,Q5T4F4:Q5T653,0.3527405666479772,0.125,0.3099999999999999,0.25,0.24,0.0,0.24,0.0,0.0,2.013,0.0,2.1077,1.018272024,0
7634,Q15796:Q15797,0.699260605602527,0.2181900404122626,0.5153174603174603,0.8002873563218391,2091.17,0.0,2091.17,2.409,0.6153,2.416,181.01,5.6875,7709637.58071285,1
7635,O95886:Q93077,-0.2561456923645777,0.1805555555555555,0.2699999999999999,0.6,2.85,0.0,2.85,0.0,0.0,2.013,0.0,1.1757,6.745049685,0
7637,P29017:Q5JS54,0.1851248146725083,0.125,0.3333333333333333,0.5,0.15,6.56,6.56,0.0,0.0,1.5978,0.0,1.1757,12.3231794976,0
7640,P68431:Q8WWZ7,0.0892087318990825,0.1109136234136234,0.3037414965986394,0.1673280423280423,0.68,0.0,0.68,0.0,0.6153,1.5978,0.0,0.8888,0.59418582987456,0
7642,P62314:Q16637,0.6801613269088032,0.5954045954045954,0.498015873015873,0.9951923076923076,8.98,7.40526,8.98,3.124,0.6153,1.5978,69.61,2.1077,4046.4774364849,1
7643,P0CG48:P54725,0.6166597086883746,0.1395222424634189,0.4989648033126294,0.9412698412698411,869.75,0.0,869.75,2.0764,114.5243,1.5978,0.0,0.0,330465.038699294,1
7644,P02008:P13861,0.4246124415737218,0.1275252525252525,0.3110653235653235,0.8174152236652238,0.0,0.0,0.0,0.0,0.0,1.5978,0.0,1.5818,2.52740004,0
7645,Q86V71:Q96DV4,0.5576951587480969,0.0625,0.2140374331550802,0.2,0.45,0.0,0.45,0.0,0.0,0.993,0.0,0.8888,0.39716028,0
7648,P11686:Q9BXK5,0.027576759406251,0.1238631670616964,0.3214285714285714,0.986328125,0.19,3.51,3.51,0.5125,0.0,2.416,0.0,1.1757,5.1096886074,0
7649,Q99547:Q9Y3A5,0.1203747678079577,0.1938041125541125,0.43,0.7033333333333334,0.54,0.0,0.54,1.2535,0.0,2.013,0.0,2.1077,2.871908959689,0
7650,P80294:Q8WUW1,-0.2989000042884486,0.1267381608290699,0.3743589743589744,0.9837962962962964,0.0,0.0,0.0,0.0,0.0,0.993,0.0,1.5818,1.5707274,0
7651,P78334:Q8IYW5,0.3797899170765994,0.103560225782448,0.4225806451612903,0.1362674362674362,0.24,0.0,0.24,0.0,0.0,2.416,0.0,1.1757,0.681717888,0
7652,P61964:Q13541,0.0537921241321399,0.2083333333333333,0.45,0.952127659574468,0.71,0.0,0.71,0.9127,0.6153,2.013,0.0,5.6875,4.56497600298114,0
7654,P35348:P53004,-0.2139122883523632,0.125,0.7222222222222223,0.3738095238095238,0.15,0.0,0.15,0.0,0.0,2.416,0.0,2.1077,0.76383048,0
7655,P07900:Q5XKK7,0.2379191114853279,0.0,0.0,1.0,0.61,0.0,0.61,0.0,0.0,2.013,0.0,1.1757,1.443677301,0
7657,Q8IWU5:Q9HCS7,0.5942241963063352,0.1297258297258297,0.4113945578231291,0.3333333333333334,0.54,3.51,3.51,0.0,0.0,1.5978,0.0,2.1077,11.8205675406,0
7659,Q8IUQ4:Q92830,0.689595338042875,0.1408984261925438,0.2903157448611993,0.3899657847026268,0.8,5.24327,5.24327,0.0,0.6153,2.416,5.86,1.5818,72.2495679488424,0
7660,P56962:Q96NL1,-0.1757766100459431,0.1428571428571428,0.4083333333333333,1.0,0.24,0.0,0.24,0.0,0.0,0.0,0.0,1.1757,0.282168,0
7662,O75348:Q8WVK7,0.1424820263165445,0.1224481074481074,0.6818095238095238,0.8666666666666668,0.0,0.0,0.0,0.0,0.0,2.013,0.0,5.6875,11.4489375,0
7663,A8MUP2:O00206,0.1104269952941243,0.0931903397528397,0.1463425129087779,0.7888605442176869,0.64,0.0,0.64,0.0,0.0,2.013,0.0,0.8888,1.145058816,0
7664,P51157:Q9Y5S9,0.654268159110098,0.0719145233851116,0.3696267696267695,0.9415094339622644,0.62,0.0,0.62,0.9127,0.6153,1.5978,0.0,9.4687,5.26768053559051,0
7669,P10589:Q00403,0.2709991597499755,0.11828231292517,0.6748015873015872,0.7200486096712511,0.19,3.51,3.51,1.7092,0.0,2.013,2.07,1.1757,29.3907480044504,1
7670,O60888:Q8NHG7,0.4036480255218127,0.08668430335097,0.5283333333333333,1.0,0.0,0.0,0.0,0.0,0.0,0.0,0.0,3.9008,3.9008,0
7672,O75558:Q2MJR0,-0.2291121455345031,0.0856177156177156,1.0,0.3333333333333333,0.94,2.59,2.59,0.0,0.0,2.416,0.0,0.8888,5.561612672,0
7673,P04798:Q02577,-0.1031964784696719,0.1643523143523143,0.4722222222222222,0.629059829059829,0.0,0.0,0.0,0.0,0.0,2.013,0.0,2.1077,4.2428001,0
7675,Q16695:Q9BYW3,0.986982377219434,0.1056998556998557,0.5,0.0,0.0,0.0,0.0,0.0,0.0,0.9594,0.0,2.1077,2.02212738,0
7676,P20248:Q12834,0.8574458231428332,0.1651388888888889,0.819496855345912,0.9548685145700072,2.49,6.5487,6.5487,1.2535,15.4815,2.013,5.86,38.174,57227.0726702659,1
7677,P01270:Q9BRJ6,-0.046771137763983,0.55,1.0,0.7976190476190476,0.24,0.0,0.24,0.9127,0.0,2.013,0.0,2.1077,0.9293768763048,0
7678,P61224:Q7Z7G1,0.2265293027346844,0.1461904761904761,0.3194444444444444,0.9,0.15,0.0,0.15,0.0,0.0,1.5978,0.0,0.8888,0.213018696,0
7679,P47929:Q99728,0.5674999675021842,0.102074925074925,0.4007259001161442,0.8425287356321839,0.45,0.0,0.45,1.7092,0.6153,2.416,0.0,1.1757,1.34426769258479,0
7680,Q15185:Q5K651,0.4510340181798275,0.1180555555555555,0.5625,1.0,0.24,2.59,2.59,0.0,0.0,2.416,0.0,2.1077,13.188806288,0
7683,P61960:Q02878,0.7319539111930804,0.1322751322751322,0.3772959183673468,0.425,3.16,0.0,3.16,4.0064,0.0,0.993,0.0,9.4687,119.036731947878,0
7684,P54727:Q05086,0.790671160474347,0.1613227292358484,0.3673280423280423,0.90546875,0.0,3.86531,3.86531,4.0064,5.2693,2.013,5.86,18.4426,17752.3192966088,1
7685,Q8IY37:Q8NI36,0.9124047424533592,0.3939393939393938,0.6476190476190478,1.0,0.83,6.7087,6.7087,0.0,0.6153,2.416,0.0,9.4687,94.4305617900513,1
7686,P62841:Q8NC51,0.6841976261473149,0.0802083333333333,0.6305555555555556,0.6018518518518517,0.15,0.0,0.15,2.0764,0.0,1.1933,0.0,9.4687,3.5191864496766,1
7687,P63146:Q9Y2K9,0.0833452698342489,0.1203703703703703,0.5111111111111111,0.6626984126984127,2.89,0.0,2.89,0.0,0.0,1.1933,0.0,1.5818,5.4550540066,0
7688,Q9HDC9:Q9NVC6,0.0927910565855225,0.0977360602360602,0.3197916666666666,0.7611791383219955,0.62,0.0,0.62,1.0145,0.0,2.013,0.0,2.7714,3.509027149518,0
7690,Q16559:Q9Y605,0.2189003945097723,0.0,0.5,1.0,0.0,0.0,0.0,0.0,0.0,1.5978,0.0,0.7126,1.13859228,0
7693,P05026:Q86Y39,-0.1511716908549244,0.1611111111111111,0.3621794871794871,1.0,0.15,0.0,0.15,0.0,0.0,0.0,0.0,1.1757,0.176355,0
7696,P02545:P50402,0.7277185932006184,0.2556577681577682,0.4629870129870129,0.9785353535353536,1.52,0.0,1.52,2.3254,13.3811,2.416,181.01,9.4687,195849.707634006,1
7698,P63316:Q96QG7,-0.1377197534308789,0.1288600288600288,0.6233333333333333,0.945,0.54,0.0,0.54,0.0,0.0,2.013,0.0,0.7962,0.865485324,0
7699,Q16204:Q9UBQ5,0.5787270039044873,0.1466666666666666,0.6444444444444444,0.8111111111111112,0.0,0.0,0.0,0.0,0.0,2.416,0.0,2.1077,5.0922032,0
7700,Q86UA1:Q9UHD2,0.6797342694796965,0.0653969203732452,0.1407407407407407,0.7347137791286726,1.59,0.0,1.59,0.0,0.6153,2.416,0.0,18.4426,43.5916307689632,0
7708,Q9NZ63:Q9UQ35,0.4803224040940572,1.0,0.606265664160401,0.72,0.54,0.0,0.54,4.2492,0.0,1.5978,0.0,1.1757,4.31042276424528,0
7709,P08579:Q9Y314,0.325563005369303,0.0738095238095238,0.4428571428571429,0.6157407407407408,4.13,0.0,4.13,0.0,0.0,2.416,0.0,9.4687,94.479446096,0
7711,P06702:Q9H7Z3,-0.063382806370559,0.1544572711239377,0.3444444444444444,1.0,18.4,0.0,18.4,0.0,0.0,2.416,0.0,0.8888,39.51107072,0
7713,O95721:Q8NDN9,0.1198075645667542,0.3333333333333333,0.7333333333333334,1.0,0.54,0.0,0.54,0.9127,0.0,2.416,0.0,2.1077,2.5097330847456,0
7714,Q8N5N7:Q9H0U6,0.5077909831064293,0.6923076923076924,0.5045454545454545,0.0,0.15,0.0,0.15,0.0,0.0,2.416,0.0,45.2798,16.40939952,1
7715,P20248:Q9UJX2,0.7175768514967712,0.1706008497675164,0.6845238095238095,0.991421568627451,0.63,6.7087,6.7087,1.0145,3.1392,2.416,10.8,18.4426,10281.3996495714,0
7716,P62280:P62857,0.8906330669189009,0.522077922077922,0.7066924066924067,0.6538461538461539,2.34,0.0,2.34,2.0764,0.0,1.1933,24.11,38.174,5336.31426197814,1
7718,Q07837:Q8N4P3,0.0803869670737325,0.0,0.0,0.9069444444444444,0.15,0.0,0.15,0.0,0.0,2.013,0.0,1.5818,0.47762451,0
7719,O60244:Q6UXS9,0.5271934735566481,0.1044823232323232,0.35,0.1428571428571428,0.19,2.59,2.59,0.0,0.0,2.013,0.0,0.4364,2.275245588,0
7720,P25398:Q6UB35,0.281138121851392,0.1282738095238095,0.6428571428571428,0.2166666666666666,0.24,0.0,0.24,0.0,0.0,1.5978,0.0,5.6875,2.180997,0
7721,O15212:P50991,0.6408083135520762,0.3471944721944722,0.3764880952380952,0.7445987654320988,8.53,0.0,8.53,3.124,0.6153,2.013,10.8,9.4687,3375.24155028638,1
7722,A6NGS2:Q96SW2,0.0785253535429716,0.0,0.0,0.9529411764705882,0.15,0.0,0.15,0.9127,0.0,0.0,0.0,0.8888,0.121681164,0
7724,P62753:Q8ND94,0.6018324870259669,0.0,1.0,0.0,0.15,0.0,0.15,0.0,0.0,1.5978,0.0,1.1757,0.281780019,0
7725,O94973:Q8N8F7,0.4014907393057641,0.0,1.0,1.0,0.0,2.59,2.59,0.0,0.0,1.5978,0.0,1.1757,4.8654016614,0
7727,O95931:Q8NFH5,0.1375048744806138,0.1298484848484848,0.3560975609756097,0.7685185185185185,1.22,3.84,3.84,0.5125,0.0,2.013,0.0,1.1757,4.6576343088,0
7728,Q14152:Q53EL6,0.2492669423759273,0.1122853535353535,0.5375000000000001,0.9605263157894736,0.54,0.0,0.54,0.0,0.0,2.416,0.0,9.4687,12.353244768,0
7729,Q71UI9:Q96P26,-0.0428141272592095,0.0909090909090909,0.4666666666666666,0.1381613756613756,0.15,0.0,0.15,0.0,0.0,1.1933,0.0,0.6688,0.119711856,0
7730,P28066:Q8NDP4,0.2329534808595234,0.0526315789473684,1.0,0.92265625,0.61,0.0,0.61,0.0,0.6153,0.993,0.4,1.1757,0.17527602201732,0
7731,P31483:Q6P587,-0.0326966981780077,0.1111111111111111,0.378125,0.5142857142857145,0.26,0.0,0.26,0.0,0.0,1.5978,0.0,2.1077,0.8755975956,0
7732,P62249:P63244,0.9546264274171972,0.1232658069055127,0.5023809523809524,0.8351882613510518,80.27,0.0,80.27,2.409,0.0,1.5978,0.0,38.174,11794.5166815634,1
7733,P68431:Q9BVA1,-0.1480268055948507,0.162691629358296,0.2565079365079365,0.5000541125541125,0.22,0.0,0.22,0.0,3.1392,2.013,5.86,1.1757,9.57810460168742,0
7735,Q15750:Q8WV15,0.4992963054649454,0.0,0.5,1.0,0.19,0.0,0.19,0.0,0.0,2.013,0.0,2.1077,0.806132019,0
7736,P16035:Q9NUH8,0.3645849846547076,0.131060606060606,0.25,1.0,0.0,0.0,0.0,0.0,0.0,2.013,0.0,1.1757,2.3666841,0
7737,O75564:Q86YP4,0.5077767671270204,0.1008895866038723,0.4275252525252525,0.8825,0.63,0.0,0.63,0.0,0.0,0.0,0.0,1.1757,0.740691,0
7738,P0C0S5:Q7LFL8,0.1152931616405625,0.2386363636363636,0.3333333333333333,0.2819047619047619,1.52,0.0,1.52,0.0,0.0,1.5978,0.0,2.1077,5.1188782512,0
7739,O60880:Q13207,0.1679915576635385,0.1304874138207471,0.3944444444444445,0.5925120772946858,0.71,23.2602,23.2602,0.9127,0.0,2.416,0.4,1.5818,32.4526366760395,0
7741,Q13158:Q9NY12,0.8184289954626053,0.0999999999999999,0.3532091097308489,0.2705128205128205,0.19,0.0,0.19,0.0,0.0,1.1933,0.0,5.6875,1.2895098125,0
7742,O60930:P0C7M3,0.075172907432044,0.0909090909090909,0.1879365079365079,0.0,0.0,0.0,0.0,0.0,0.0,0.9878,0.0,0.8888,0.87795664,0
7743,P19793:Q96M93,-0.1063845509913674,0.1833333333333333,0.3166666666666666,0.1571428571428571,0.0,7.41566,7.41566,0.0,0.0,2.416,10.8,1.1757,227.492463299674,0
7744,O95907:Q92542,0.0990562452416542,0.0820508405735678,0.5679894179894179,0.138047138047138,0.0,0.0,0.0,0.0,0.0,2.416,0.0,1.1757,2.8404912,0
7745,P09132:Q6NUJ5,0.0773912632243225,0.1154882154882154,0.44,0.8888888888888888,0.41,0.0,0.41,0.0,0.0,2.013,0.0,2.1077,1.739548041,0
7748,O00206:Q9NPH5,0.1762682108545069,0.2033662325328992,0.4555555555555555,0.2293898809523809,0.6,0.0,0.6,0.0,0.0,2.416,24.11,2.1077,73.6638114912,1
7749,O95983:Q8WW38,0.4803179203710335,0.25310390997891,0.6204081632653061,0.7185374149659864,3.44,3.84,3.84,0.9127,0.0,0.0,0.0,1.5818,5.5438420224,0
7750,P21728:Q8TDQ7,-0.0293984832398503,0.10007215007215,0.4666666666666666,0.8104395604395603,0.0,0.0,0.0,0.0,0.0,1.5978,0.0,1.1757,1.87853346,0
7751,P28340:P49005,0.5772647345140387,0.6066666666666667,0.8625,0.9642857142857144,5.51,0.0,5.51,0.0,225.1333,1.5978,105.17,45.2798,9438655.31857812,1
7752,P61960:Q86UV7,0.1482595006612467,0.1428571428571428,0.75,0.1269841269841269,7.68,0.0,7.68,0.0,0.0,0.993,0.0,2.1077,16.073826048,0
7756,P28065:Q16795,0.3162489766899851,0.1448412698412698,0.2008928571428571,0.6845238095238095,0.15,0.0,0.15,0.0,0.6153,1.5978,0.0,3.9008,0.5752468840608,0
7757,Q06330:Q8N7M2,0.5979917626180808,1.0,1.0,0.4112554112554112,0.54,0.0,0.54,0.0,0.0,1.1933,0.0,2.1077,1.3581639414,0
7758,Q92917:Q9UMS4,0.7082725020831363,0.3129755048872695,0.6279922779922781,0.9065058479532164,2.72,4.96,4.96,0.9127,0.0,1.5978,0.0,5.6875,41.1389832126,0
7759,O43543:Q96L11,0.3555187403117069,0.1666666666666666,0.5,0.0,0.19,0.0,0.19,0.0,0.0,0.0,0.0,1.5818,0.300542,0
7761,O15287:Q9UI09,0.2002964057578252,0.1664351851851851,0.3515625,0.78125,0.54,0.0,0.54,0.0,0.0,1.5978,0.0,2.1077,1.8185488524,0
7762,Q5T1C6:Q86YJ5,0.7310029275235401,0.0909090909090909,0.2238095238095238,0.1339285714285714,0.29,0.0,0.29,0.0,0.0,2.013,0.0,1.1757,0.686338389,0
7763,Q8IYE0:Q96JC1,0.619177719745886,0.1406445406445406,0.2191468253968254,1.0,0.24,0.0,0.24,0.0,0.0,2.013,0.0,2.1077,1.018272024,0
7765,P62805:Q71DI3,0.4362245603982899,0.7777777777777777,0.9,0.9166666666666666,2091.17,0.0,2091.17,2.3254,0.0,1.1933,24.11,5.6875,0.0,1
7766,P40337:Q9BUL5,0.6349676769942815,0.3272727272727272,0.7833333333333333,0.92,0.54,0.0,0.54,0.9127,0.0,2.013,0.0,3.9008,3.8700739991232,0
7768,Q86UL3:Q9BZE1,0.3208394566910647,0.225,0.2434126984126984,0.1125,0.0,0.0,0.0,0.0,0.0,2.416,0.0,2.7714,6.6957024,0
7769,P63104:Q13363,0.3812657245615493,0.4071455505279034,0.6055555555555555,0.9216182048040455,0.15,0.0,0.15,2.0764,0.6153,2.013,0.0,9.4687,3.65277840062377,0
7770,P00736:Q13569,0.2962431739016491,0.1019008769008769,0.4274509803921568,0.481084656084656,0.17,4.96,4.96,0.0,0.0,2.013,0.0,0.8888,8.874205824,0
7771,P20700:Q9BPX1,-0.19017380805783,0.1111111111111111,0.5,0.9547413793103448,0.0,0.0,0.0,0.0,0.6153,1.5978,0.0,1.1757,1.155861637938,0
7772,P27816:P68400,0.2270586861954183,0.1651230083048264,0.5288065843621399,0.8132592592592593,0.0,13.23,13.23,0.0,0.6153,2.416,0.0,3.9008,76.7180177874432,0
7773,Q5T749:Q7Z6K4,0.2092181595567241,0.0,0.0,0.625,0.0,0.0,0.0,0.0,0.0,0.993,0.0,2.1077,2.0929461,0
7777,Q9UF12:Q9Y6Y9,-0.1453577780659541,0.0585478029595676,0.2187362637362637,0.1840029761904762,0.15,0.0,0.15,0.0,0.0,2.013,0.0,0.7126,0.21516957,0
7778,Q5VUB5:Q6NZ36,-0.2525783481238848,0.0852380952380952,0.2777777777777778,0.8936507936507938,0.54,0.0,0.54,0.0,0.0,0.0,0.0,1.1757,0.634878,0
7779,P07384:Q96G25,0.6080907612562825,0.0963369963369963,0.2625,0.7422222222222221,1.22,0.0,1.22,0.0,0.0,2.013,0.0,2.7714,6.806170404,0
7780,Q96GS4:Q9P0K1,-0.0619844889921047,0.1402777777777777,0.1964285714285714,0.8766233766233765,0.0,0.0,0.0,0.0,0.0,2.013,0.0,1.5818,3.1841634,0
7784,P01909:Q92613,0.2398281310678876,0.1299663299663299,0.21875,0.9272727272727272,0.29,5.22,5.22,0.0,0.0,2.013,0.0,1.1757,12.354091002,0
7785,Q9BRQ8:Q9UKL0,0.2877463999802365,0.1272727272727273,0.3317857142857142,0.956989247311828,0.15,0.0,0.15,0.9127,0.0,2.416,0.0,1.1757,0.388877447736,0
7787,Q08752:Q86Y78,0.0593181419621856,0.1666666666666666,0.4520833333333333,0.8285714285714285,0.62,0.0,0.62,0.0,0.0,2.013,0.0,1.1757,1.467344142,0
7788,O00487:P0CG48,0.2349125584451265,0.5555555555555556,0.836025641025641,0.9823848238482384,54.04,0.0,54.04,20.9141,9.7902,0.993,0.0,0.0,10987.4100584027,1
7790,P62913:Q9NX58,0.1884121241481779,0.248969298245614,0.6454545454545455,0.7782608695652173,0.83,0.0,0.83,0.0,0.0,1.5978,0.0,5.6875,7.542614625,1
7791,P32927:Q9BS26,0.2903016523786058,0.196031746031746,0.2334656084656085,0.7857142857142857,0.94,0.0,0.94,0.0,0.0,2.013,0.0,2.1077,3.988232094,0
7792,P41968:P63096,0.0307234691936684,0.3337337662337661,0.6295681063122923,0.521326164874552,0.0,2.60197,2.60197,2.3588,0.0,0.0,24.11,0.8888,131.520866167785,0
7793,P17022:Q8N5N7,0.3348218544214416,0.0625,0.2140374331550802,0.0,0.68,0.0,0.68,0.0,0.0,2.013,0.0,1.1757,1.609345188,0
7794,Q8IY81:Q9H6F5,0.5903662842537782,0.0,0.5772727272727273,0.75,0.54,0.0,0.54,0.0,0.0,1.1933,0.0,18.4426,11.8840794732,0
7797,O75394:Q8WZA9,0.1839013079391451,0.0,0.0,0.22,0.17,0.0,0.17,0.0,0.0,0.9878,0.0,1.5818,0.2656253468,0
7800,O60687:O95169,-0.0737915437351098,0.1308608058608058,0.1849624060150375,0.125,0.19,0.0,0.19,0.5125,0.0,2.416,0.0,1.1757,0.2765928306,0
7801,Q53GS7:Q9NWC5,0.2173110135624528,0.0,1.0,1.0,2.13,0.0,2.13,0.0,0.0,2.416,0.0,1.1757,6.050246256,0
7803,A8MXD5:Q9H9H5,-0.0276775811710486,0.103258547008547,0.1275252525252525,0.6666666666666666,0.24,0.0,0.24,0.0,0.0,2.013,0.0,1.1757,0.568004184,0
7804,Q16514:Q7Z4L0,0.4050360199401617,0.0833333333333333,0.2638888888888889,0.0,0.74,0.0,0.74,0.0,0.0,0.993,0.0,1.1757,0.863927874,0
7805,Q3LI76:Q92831,0.0,0.0,0.4243589743589745,0.529658810182066,0.0,0.0,0.0,0.0,0.0,1.1933,0.0,1.1757,1.40296281,0
7808,P04141:P50222,0.0497940119778345,0.1683445720945721,0.54,0.9590657822001106,0.0,0.0,0.0,0.0,0.0,2.013,0.0,1.5818,3.1841634,1
7810,P62837:Q9UJV3,0.4650714689959204,0.1386938547348764,0.2933333333333333,0.9852627257799672,16.01,0.0,16.01,1.7951,0.6153,1.1933,0.0,1.5818,33.3785991285698,1
7811,Q99650:Q9BUR4,0.2853010085461077,0.1015551908409051,0.2699999999999999,0.6638095238095237,0.62,3.51,3.51,0.0,0.0,2.013,0.0,0.8888,6.279931944,0
7812,O75530:Q00978,0.7012723873802629,0.2981481481481481,0.7205128205128204,0.586574074074074,0.15,3.84,3.84,0.0,0.0,1.5978,0.0,1.5818,9.7052161536,0
7814,Q13618:Q9UNS2,0.8340219769644266,0.1983251633986928,0.557142857142857,1.0,4.13,2.60197,4.13,1.7951,0.6153,2.416,10.8,18.4426,2195.17145188031,1
7819,P04908:Q9NXA8,0.3156903187011752,0.1221688034188034,0.4303819444444444,0.1383928571428571,0.28,0.0,0.28,0.5125,0.6153,2.013,0.0,2.7714,0.49258570427451,1
7820,Q86T13:Q9NPE3,0.1922678018890354,0.1005772005772005,0.2261904761904762,0.7344444444444442,0.15,0.0,0.15,0.0,0.0,0.993,0.0,0.7962,0.11859399,0
7822,P31153:P81277,-0.0236091131218784,0.1415778665778665,0.5,0.2777777777777777,0.0,0.0,0.0,0.0,0.0,1.5978,0.0,0.5954,0.95133012,0
7826,Q15185:Q96I82,0.2008333771247034,0.2352380952380952,0.35,0.8333333333333334,0.71,0.0,0.71,0.0,0.0,2.416,0.0,1.1757,2.016748752,0
7827,A0AUZ9:P43629,-0.125863269502029,0.0,0.2,0.4090909090909091,0.54,0.0,0.54,0.0,0.0,0.993,0.0,0.8888,0.476592336,0
7829,O43824:Q9Y3B7,0.7208183037545173,0.0,0.4114057239057239,0.2393410852713178,0.68,0.0,0.68,0.0,0.0,1.1933,0.0,5.6875,4.61508775,1
7830,P62873:P63096,0.404254813279211,0.3971230158730159,0.6736434108527132,0.521326164874552,0.54,2.60197,2.60197,0.0,15.4815,2.416,5.86,3.9008,2224.65951759232,1
7831,P49593:P82980,0.0132351996283085,0.0909090909090909,0.4666666666666666,0.4654761904761905,0.22,0.0,0.22,0.0,0.0,2.416,0.0,2.1077,1.120284704,0
7832,Q86VZ4:Q9UJV3,0.4903343394195967,0.1013928201428201,0.1809523809523809,0.9786247947454844,0.94,0.0,0.94,0.0,0.0,2.416,0.0,2.1077,4.786671008,0
7833,P09693:Q12805,-0.06740177026888,0.1245265151515151,0.375,0.8876543209876544,0.15,0.0,0.15,0.0,0.0,0.0,0.0,1.5818,0.23727,0
7834,O75508:P59998,-0.0394510473210613,0.1488095238095237,0.4209876543209876,0.8768115942028984,0.0,0.0,0.0,1.0145,0.0,0.993,0.0,1.5818,1.5935029473,0
7837,Q6FI13:Q9P2J8,0.1358877491465357,0.1666666666666666,1.0,0.7511111111111111,2.34,0.0,2.34,0.0,0.6153,1.5978,0.0,0.8888,2.04469829692128,0
7839,P49642:Q9HAW4,0.884764679247161,0.1109313725490196,0.7333333333333331,0.7866666666666666,0.0,0.0,0.0,0.0,0.0,0.0,0.0,45.2798,45.2798,0
7840,P48552:Q04323,0.6321098967815801,0.1043754538852578,0.6142857142857142,0.8476190476190476,2.89,0.0,2.89,0.0,0.0,0.0,0.0,0.7962,2.301018,0
7841,Q8N884:Q99877,0.2694725276915713,0.1111111111111111,0.584848484848485,0.4444444444444445,1.52,0.0,1.52,0.0,0.0,2.013,0.0,1.5818,4.839928368,1
7842,P63027:Q7Z5H3,0.3256439717963976,0.1866071428571428,0.513888888888889,0.5714285714285714,0.0,4.96,4.96,0.0,0.0,2.013,0.0,1.5818,15.793450464,0
7843,P16442:Q92759,0.1405023071783944,0.1630952380952381,0.4667953667953667,0.4291666666666667,0.41,0.0,0.41,0.0,0.0,0.0,0.0,1.1757,0.482037,0
7844,P06729:Q5PRF9,-0.1019399343741399,0.1547619047619047,0.2888888888888888,0.8466666666666666,0.19,0.0,0.19,0.0,0.0,2.013,0.0,2.1077,0.806132019,0
7845,Q15366:Q8TCC7,-0.0363775662758827,0.1572916666666666,0.5208333333333333,0.1867857142857142,0.19,0.0,0.19,0.0,0.0,2.416,0.0,1.1757,0.539693328,0
7846,P16104:Q8IXH8,0.0943401435132191,0.1700892857142857,0.2428571428571428,0.7708333333333333,0.54,0.0,0.54,0.0,0.0,2.416,0.0,2.1077,2.749789728,0
7847,P20815:Q7RTV0,-0.0003920296895441,0.1261849261849262,0.3316893424036281,0.7589285714285714,0.0,0.0,0.0,0.0,0.0,0.9594,0.0,0.7126,0.68366844,0
7848,P62244:P63220,0.9649743324517014,0.7777777777777778,0.7340136054421768,0.7272727272727273,52.16,0.0,52.16,2.3254,3.1392,0.0,24.11,38.174,350444.393241555,1
7849,O14737:O14818,0.6656318995253769,0.0909090909090909,0.8074874686716792,1.0,0.41,0.0,0.41,2.409,0.0,2.013,0.0,45.2798,90.026202597606,0
7851,P08253:P16035,0.7225715129716356,0.349587912087912,0.6635531135531136,0.6820436507936508,399.5,0.0,399.5,0.9127,0.6153,2.416,0.4,18.4426,3998.62629444822,1
7853,P62269:P63244,0.940218443469113,0.1232658069055127,0.5023809523809524,0.8351882613510518,0.54,0.0,0.54,2.3254,5.2693,1.5978,0.0,45.2798,478.708644359546,1
7854,P06748:Q96HL8,0.1756620165888504,0.1333333333333333,0.3333333333333333,0.8461538461538461,0.54,5.22,5.22,0.0,0.0,1.5978,0.0,2.1077,17.5793055732,0
7859,Q9NP59:Q9NP92,0.1275870385725806,0.5625,0.2590277777777778,0.25,0.0,0.0,0.0,0.0,0.0,2.416,0.0,1.1757,2.8404912,0
7860,P13671:Q9NPE3,-0.0288124650138823,0.0913419913419913,0.3122448979591837,0.7344444444444442,0.71,0.0,0.71,0.0,0.0,0.993,0.0,1.1757,0.828903771,0
7862,Q96DF8:Q9H2H8,0.6309123857578102,0.3879142300194931,0.4047619047619047,0.712962962962963,0.0,0.0,0.0,0.0,0.0,0.0,0.0,3.9008,3.9008,0
7863,P61769:Q16655,0.0554922159616632,0.0,0.3349999999999999,1.0,0.0,0.0,0.0,0.9127,0.0,2.416,0.0,1.1757,2.59251631824,1
7864,P50749:Q5SWA1,-0.0732385317104891,0.2437950937950937,0.2291666666666666,0.9074074074074072,0.54,0.0,0.54,0.9127,0.0,2.013,0.0,2.1077,2.0910979716858,0
7865,A2VDF0:P06703,0.0027566881021952,0.1273809523809523,0.4033333333333333,0.2214285714285714,0.0,0.0,0.0,0.0,0.0,1.5978,0.0,2.7714,4.42814292,0
7866,P01583:Q9UBB5,0.2354712172748839,0.1731658553087124,0.4531024531024531,0.627437641723356,0.34,0.0,0.34,0.0,0.0,1.5978,0.0,2.1077,1.1450122404,0
7867,P0CG48:P63146,0.7985203147700765,0.2266889126272663,0.6742296918767507,0.6059941520467835,869.75,0.0,869.75,1.0145,9.7902,1.1933,0.0,2.7714,28568.4649897047,1
7870,P63316:Q8IYR6,-0.1071492642839617,0.1428571428571428,0.3333333333333333,0.2,0.19,0.0,0.19,0.0,0.0,2.416,0.0,1.1757,0.539693328,0
7871,Q14140:Q9Y2T5,-0.1858694628875634,0.1259259259259259,0.3333333333333333,0.4365079365079365,0.15,0.0,0.15,0.0,0.0,1.5978,0.0,1.1757,0.281780019,0
7872,Q5GJ75:Q8NEM8,0.0554953450094271,0.1875,0.4666666666666667,0.2035714285714285,0.0,0.0,0.0,0.0,0.0,0.0,0.0,0.8888,0.8888,0
7873,P50553:Q96DL1,-0.1376176507529752,0.0,0.5,1.0,0.41,0.0,0.41,0.0,0.0,2.013,0.0,1.1757,0.970340481,0
7874,Q12933:Q8NBP5,0.3886121440496504,0.1666666666666666,0.5,0.25,0.15,0.0,0.15,0.0,0.0,2.416,0.0,2.1077,0.76383048,0
7875,P51795:Q96IV0,0.1367937894182014,0.1282828282828282,0.675,0.9063492063492063,0.24,0.0,0.24,0.0,0.0,2.013,0.0,3.9008,1.884554496,0
7878,P20020:Q71UI9,0.4704034233646301,0.2051282051282051,0.6479591836734694,0.3333333333333333,0.22,0.0,0.22,0.0,0.6153,1.1933,0.0,3.9008,0.63010499221824,0
7880,Q14566:Q9ULJ3,0.6329258680711055,0.1203703703703703,0.6125,0.686111111111111,0.68,0.0,0.68,0.0,0.0,1.5978,0.0,2.1077,2.2900244808,0
7881,P62306:Q9UK10,0.5606485573958305,0.0645833333333333,1.0,0.3694444444444444,0.57,0.0,0.57,0.0,0.0,0.0,0.0,1.1757,0.670149,0
7882,P01563:Q9UDW3,0.1526547408137296,0.1214285714285714,0.4166666666666666,0.9548872180451128,0.64,0.0,0.64,0.0,0.0,1.1933,0.0,1.5818,1.2080396416,0
7884,P35575:Q9P0P8,0.0021419988691513,0.246031746031746,0.2,0.5571428571428572,0.15,0.0,0.15,0.0,0.0,2.013,0.0,0.7962,0.24041259,0
7887,P51161:Q96HW7,0.0861774942892001,0.1416666666666666,0.3607142857142857,0.5,0.19,0.0,0.19,0.5125,0.0,2.416,0.0,1.5818,0.3721311044,0
7890,A6NMK7:Q13098,0.4808974463926602,0.0,0.1919191919191919,0.2400793650793651,0.24,3.51,3.51,0.0,0.0,1.5978,0.0,1.1757,6.5936524446,0
7891,O43502:O75771,0.8157514149697103,0.5037190082644628,0.7629629629629628,0.9055680868838766,60.92,0.0,60.92,0.9127,0.6153,2.013,105.17,3.9008,28252.9755103038,1
7892,B7Z8K6:Q9BZG1,-0.0820549472590939,0.1222372534872534,0.191005291005291,0.0,0.15,2.59,2.59,0.0,0.0,1.1933,0.0,0.0,3.090647,0
7893,P34897:Q2M3T9,-0.0103458310453574,0.1666666666666666,0.3888888888888889,0.7083333333333334,0.22,0.0,0.22,0.0,0.0,1.5978,0.0,1.1757,0.4132773612,0
7895,Q5T653:Q9H853,0.1409306816842449,0.0,0.0,0.1964285714285714,0.17,0.0,0.17,0.0,0.0,2.013,0.0,0.0,0.34221,0
7896,Q8WXK4:Q9HC62,0.0141042960051576,0.1581310846016728,0.4981481481481482,0.8863287250384024,0.15,0.0,0.15,0.0,0.0,2.416,0.0,0.6688,0.24237312,0
7898,P16402:P62873,-0.001556455261167,0.1066498316498316,0.4464639321074963,0.8865740740740741,2.72,0.0,2.72,2.0764,0.6153,1.1933,0.0,1.1757,4.8754308173172,0
7899,P17302:P40261,-0.0953355286121658,0.1844917582417582,1.0,0.125,0.24,0.0,0.24,0.5125,0.0,2.416,0.0,3.9008,1.1591929344,0
7901,Q13769:Q86V81,0.4923217855196624,0.6058441558441559,0.6842105263157895,0.8575757575757575,0.94,0.0,0.94,0.0,0.0,2.416,181.01,18.4426,7581.40153584704,1
7903,P83731:Q8N608,-0.437725067746995,0.1683760683760683,0.6444444444444445,0.319047619047619,0.22,0.0,0.22,0.0,0.0,1.5978,0.0,2.1077,0.7408902732,0
7904,O14893:P62316,0.7874646483084494,0.6215855572998429,0.4364087301587301,0.9821428571428572,9.24,0.0,9.24,0.0,0.0,1.1933,69.61,5.6875,4365.3056271825,1
7905,P62987:Q15797,0.3136097082696401,0.106017131017131,0.5153174603174603,0.8002873563218391,1.22,0.0,1.22,3.124,0.6153,1.5978,0.89,2.1077,7.02876445979382,1
7907,Q13489:Q7Z7H8,0.2228584601101098,0.1369047619047619,0.2988095238095238,0.75,0.63,4.96,4.96,0.0,0.0,2.416,0.0,1.1757,14.088836352,0
7908,Q06609:Q9NP61,0.1472035694686946,0.1402777777777777,0.7363636363636363,0.937142857142857,0.24,0.0,0.24,0.0,0.0,1.5978,0.0,2.1077,0.8082439344,0
7910,P19388:Q9BTT4,0.8239483586912572,0.076007326007326,0.6333333333333333,0.8632478632478632,0.19,0.0,0.19,0.0,9.2808,2.013,2.07,9.4687,69.5734423617634,1
7911,P20226:Q99832,0.7732907608126068,0.1032677045177045,0.3981481481481481,0.8520299145299146,0.24,0.0,0.24,2.3254,0.6153,2.013,0.0,9.4687,6.54530602412677,0
7912,A6NMX2:O75473,-0.0928448036644828,0.1435305435305435,0.1397569444444444,0.5933333333333334,0.54,3.51,3.51,0.0,0.6153,2.013,0.0,1.1757,5.1113347508223,0
7914,O43583:O75175,0.6055418239851938,0.1168414918414918,0.2607142857142857,1.0,0.83,3.84,3.84,0.0,0.0,2.013,0.0,5.6875,43.96392,0
7915,Q9ULJ6:Q9UNE7,0.5673034637024166,0.1502692349129,0.6238888888888889,0.8096489587230328,25.34,5.22,25.34,0.0,0.0,2.013,0.0,2.1077,107.512554534,0
7916,Q5U4N7:Q9NWQ9,0.2044374040737128,0.0,0.6,1.0,0.54,0.0,0.54,0.0,0.0,0.993,0.0,0.0,0.53622,0
7918,P08559:P12034,0.0795997755475638,0.1198660714285714,0.2,0.3333333333333333,0.0,0.0,0.0,0.0,0.0,2.013,0.0,0.7962,1.6027506,0
7919,O60290:P40306,0.1566958975176923,0.2361111111111111,0.4842857142857142,0.8845238095238095,0.24,0.0,0.24,0.0,0.0,2.013,0.0,0.8888,0.429397056,0
7922,Q96B96:Q9NPH5,0.3692779471751407,0.0868158076491409,0.2993551587301587,0.2293898809523809,0.22,0.0,0.22,0.0,0.0,2.013,0.0,1.5818,0.700515948,0
7924,Q96J02:Q9H3M7,0.4413985503343374,0.1885129490392648,0.8333333333333334,0.8358974358974359,0.62,13.5077,13.5077,0.0,9.7902,2.416,2.07,2.7714,1832.90290077341,1
7925,P01594:Q9HD26,0.0050005739546538,0.1167285095856524,0.3303030303030303,0.9756944444444444,2.89,3.51,3.51,0.9127,0.0,0.993,0.0,0.0,3.181151961,0
7926,O95251:Q9P2T1,0.5727443860431735,0.1388888888888889,0.5833333333333334,0.4971428571428571,0.17,0.0,0.17,0.0,0.0,1.5978,0.0,2.7714,0.7527842964,0
7927,O60934:Q96T51,0.6141485409093967,0.155050505050505,0.4563492063492064,0.8394736842105263,0.41,0.0,0.41,0.0,0.0,2.416,0.0,2.7714,2.745237984,0
7928,Q13564:Q16832,0.4787810706000256,0.2028370054489457,0.5220238095238094,0.3473036819811013,0.17,5.22,5.22,0.0,0.6153,2.013,0.0,0.7962,5.1478201586196,0
7929,P55289:Q9Y6X1,-0.141124269071025,0.1331360946745562,0.225,1.0,0.0,0.0,0.0,0.0,0.0,1.5978,0.0,1.1757,1.87853346,0
7930,P10826:P22735,-0.0210067441876756,0.1959821428571428,0.4285714285714285,0.8993197278911567,0.54,4.98492,4.98492,0.0,0.0,2.416,2.07,1.5818,39.4345636440307,0
7931,P62491:Q4G0W2,0.1547172372527668,0.1434027777777777,0.0,0.0991008991008991,0.41,3.51,3.51,0.0,0.0,1.1933,0.0,2.1077,8.8280656191,0
7932,O14841:Q15907,-0.1317056160514856,0.1139730639730639,0.2858465608465608,0.8039562289562291,0.83,3.66,3.66,0.0,0.0,1.5978,0.0,3.9008,22.8116755584,0
7934,Q13495:Q96H22,0.0440862703565764,0.1041666666666666,0.6767857142857142,0.0,0.15,0.0,0.15,0.5125,0.0,2.416,0.0,1.1757,0.218362761,0
7935,P19404:P28331,0.6348117625378618,0.3521212121212121,0.439141414141414,0.729656862745098,292.74,0.0,292.74,1.0145,15.4815,2.013,69.61,45.2798,29172057.8104286,1
7936,P18507:Q96QU6,-0.4443699473468787,0.1833333333333333,0.0,0.725925925925926,0.15,0.0,0.15,0.0,0.0,2.416,0.0,1.1757,0.42607368,0
7937,P63208:Q69YL0,0.2782716634077923,0.0,0.5,1.0,8.53,0.0,8.53,0.0,0.0,0.9878,0.0,0.0,8.425934,0
7938,Q8N201:Q9NRY2,0.4134652739178743,0.1323747680890538,0.4111111111111111,1.0,0.0,0.0,0.0,0.0,0.0,2.416,0.0,1.5818,3.8216288,0
7939,Q12874:Q9Y3B4,0.8685950432996993,0.7374768089053803,0.6099773242630384,0.7444444444444445,1.52,0.0,1.52,0.5125,0.6153,2.013,5.86,18.4426,104.27685171484,1
7941,Q15572:Q15843,0.3654881018749304,0.0875299043062201,0.5319047619047619,0.9574829931972788,3.82,0.0,3.82,3.8142,0.0,0.0,0.0,1.1757,17.1302358708,0
7943,O14653:Q9UP65,-0.0155005233074456,0.0944252044252044,0.6563095238095238,0.1952876984126984,0.0,0.0,0.0,0.0,0.0,2.013,0.0,1.1757,2.3666841,0
7944,P63316:Q9NQG5,-0.0090418444571969,0.1166666666666666,0.4,0.9342857142857144,0.54,0.0,0.54,0.0,0.0,2.013,0.0,1.5818,1.719448236,0
7945,O95299:Q9NX14,0.3731127423447999,0.3858585858585858,0.6576923076923076,0.125,0.0,0.0,0.0,0.0,0.0,2.013,0.0,9.4687,19.0604931,1
7946,P83369:Q9UKF6,0.2329385071744597,0.7105263157894737,0.7277777777777776,0.5196428571428571,7.68,0.0,7.68,0.0,0.0,2.013,181.01,2.1077,5898.15741005568,1
7947,P31947:P80162,-0.0450053653247372,0.1834920634920635,0.5833333333333334,0.5714285714285714,0.19,0.0,0.19,0.0,0.6153,2.013,0.0,1.5818,0.3722509906038,0
7948,P06753:Q01432,0.6074349094617162,0.0716117216117216,0.5611111111111111,0.5750000000000001,0.0,0.0,0.0,0.0,0.0,2.416,0.0,3.9008,9.4243328,0
7949,Q9H944:Q9NWA0,0.2072825435021778,0.5166666666666667,0.4145833333333333,0.9428571428571428,0.17,0.0,0.17,0.0,0.0,2.416,0.4,1.5818,0.2598707584,1
7950,P62837:Q8IY49,0.022374380358319,0.0822510822510822,0.35,0.8928571428571428,0.0,0.0,0.0,0.0,0.0,1.5978,0.0,2.1077,3.36768306,0
7951,P30260:P51955,0.3252299624776864,0.2304978354978354,0.7146103896103896,0.4837535014005603,0.54,7.13229,7.13229,0.0,3.1392,2.416,5.86,18.4426,5846.07889452013,1
7959,O14529:O60921,-0.2354756831963008,0.0910888879638879,0.4122807017543859,0.2,0.94,0.0,0.94,0.0,0.0,2.416,0.0,1.1757,2.670061728,0
7960,P37173:Q13685,0.4907315783066506,0.3584415584415584,0.75,0.85,0.71,4.57815,4.57815,0.0,0.6153,2.013,5.86,3.9008,129.619997240321,0
7962,P08708:P63244,0.9226441772247728,0.1232658069055127,0.5023809523809524,0.2429494278331488,118.38,0.0,118.38,2.409,0.6153,1.5978,0.0,45.2798,12694.8907410884,1
7963,P27930:P29084,-0.1048720723108344,0.1111111111111111,0.4753086419753086,0.8,0.19,0.0,0.19,0.5125,0.0,2.013,0.0,1.1757,0.2304558642375,0
7964,P29375:P68431,0.4050646204445467,0.462037037037037,0.8444444444444446,0.9709302325581396,0.68,0.0,0.68,2.3254,5.052,1.5978,5.86,0.8888,66.480457808082,1
7965,Q6GTX8:Q9BYP8,-0.1310172951588717,0.0,0.238095238095238,1.0,0.0,0.0,0.0,0.0,0.0,1.5978,0.0,1.1757,1.87853346,0
7966,Q9NP92:Q9P298,-0.1802783335684945,0.125,0.6,0.0,0.0,0.0,0.0,0.0,0.0,2.416,0.0,0.7126,1.7216416,0
7967,P82980:Q8IUZ0,-0.254452576577489,0.0,0.3888888888888888,0.0,0.24,0.0,0.24,0.0,0.0,2.013,0.0,0.6688,0.323110656,0
7968,P48039:P63096,1.5972489774445588e-05,0.5004004329004328,0.6295681063122923,0.521326164874552,0.0,0.0,0.0,2.3588,0.6153,2.013,10.8,0.7962,25.1227824623833,1
7969,Q5CZA5:Q9HD33,0.4830067957512237,0.0625,0.249331550802139,0.2,0.94,0.0,0.94,0.0,0.0,1.5978,0.0,2.1077,3.1656220764,0
7971,O75348:Q15596,0.6488132612620026,0.1131537126635165,0.3607843137254902,0.6064213564213564,0.0,0.0,0.0,0.0,0.0,2.013,0.0,1.5818,3.1841634,0
7972,O95835:Q92624,0.8571195570985696,0.1452380952380952,0.3208333333333333,0.9827380952380952,0.68,2.59,2.59,0.0,0.6153,2.416,0.0,9.4687,36.4564155553584,0
7974,C9JG80:Q9H0F5,0.5557840922035807,0.0,0.4061224489795919,0.0,0.15,0.0,0.15,0.0,0.0,0.8011,0.0,0.4364,0.052440006,0
7975,P55061:P62487,0.3813333330439893,0.1555555555555555,0.4858529819694869,0.9428571428571428,0.15,0.0,0.15,0.0,0.0,1.5978,0.0,2.7714,0.664221438,0
7976,P68402:Q9Y3B2,0.4267209250725354,0.3133333333333333,0.4502100840336134,0.96875,0.19,0.0,0.19,0.0,0.0,2.013,0.0,5.6875,2.175298125,0
7977,P49459:P62805,0.1723680085405343,0.4362337662337662,0.8918279569892472,0.9662698412698412,3.02,0.0,3.02,3.8142,0.6153,1.1933,5.86,1.5818,78.3964049774037,0
7979,O14599:Q99828,0.0,0.1141782459964278,0.2584785133565621,0.8719498910675381,0.24,0.0,0.24,0.9127,0.0,0.8011,0.0,0.8888,0.15596604876864,0
7980,O95881:Q68DK7,0.6005058880768982,0.075091575091575,0.2067599067599068,0.875,0.41,0.0,0.41,0.0,0.0,2.416,0.0,1.5818,1.566867808,0
7981,Q07960:Q8N4P3,-0.1463415533627674,0.0,0.0,0.9069444444444444,0.17,0.0,0.17,0.0,0.0,2.013,0.0,1.5818,0.541307778,0
7982,P62263:Q9BRS2,0.7241408436783713,0.4444444444444445,0.625,0.2868279569892473,0.54,0.0,0.54,0.9127,0.0,1.5978,0.0,5.6875,4.478840914275,1
7984,Q8IXM3:Q9UBV2,-0.585089560930866,0.1572222222222222,0.2715924426450742,1.0,0.68,0.0,0.68,0.0,0.0,2.013,0.0,1.1757,1.609345188,0
7986,P18615:Q9UL03,0.8731120058160153,0.2869047619047619,0.5235294117647058,0.7333333333333334,0.54,0.0,0.54,0.9127,0.0,2.416,0.0,1.1757,1.3999588118496,0
7987,P63104:Q9UBF8,0.4365608635101559,0.2765918109668109,0.3463203463203463,0.7668128654970761,0.0,296.581,296.581,0.9127,0.6153,2.013,2.07,9.4687,6571.47360758344,1
7988,Q8TAE8:Q9H115,0.0845355832951001,0.0877913752913752,0.1944444444444444,0.9690476190476192,2.32,0.0,2.32,0.0,0.0,2.013,0.0,1.1757,5.490707112,0
7989,P78552:Q9Y6L6,0.2382145066553457,0.1101315351315351,0.8666666666666666,0.1535714285714285,1.05,0.0,1.05,0.0,0.0,2.416,0.0,2.1077,5.34681336,0
7990,O75821:Q99613,0.7640755670271895,0.6161477411477412,0.6145833333333334,0.7532051282051283,1.22,4.96,4.96,2.0764,158.1204,2.013,24.11,5.6875,449513.765739824,1
7993,Q99816:Q9H9H4,0.5003039110948634,0.2508612599521691,0.4439393939393939,1.0,3.17,71.02,71.02,0.0,5.052,2.416,2.07,2.7714,4972.90883739478,1
7994,P05981:Q9Y5B9,-0.3764777290834581,0.1208333333333333,0.4491228070175437,0.8194444444444445,11.35,8.9,11.35,0.0,0.0,1.5978,0.0,0.6688,12.128708064,0
8000,P01597:Q6ZVW7,0.4545026779305329,0.125,1.0,0.1428571428571428,0.23,0.0,0.23,0.0,0.0,1.1933,0.0,0.0,0.274459,0
8001,O43557:P35713,-0.0904405172503146,0.1439356939356939,0.3299999999999999,0.1521541950113378,0.15,0.0,0.15,0.0,0.0,1.5978,0.0,2.7714,0.664221438,0
8002,P29374:P54136,0.5088050622751832,0.1507936507936507,0.4757575757575757,0.2111111111111111,0.94,0.0,0.94,0.0,0.0,2.013,0.0,2.1077,3.988232094,0
8003,P15880:P63220,0.8947433175252483,0.7777777777777778,0.7340136054421768,0.7272727272727273,2091.17,0.0,2091.17,0.0,0.0,1.1933,24.11,38.174,2296697.82991042,1
8007,O75394:Q15172,0.0213228509456188,0.0982142857142857,0.1933333333333333,0.2396825396825396,0.19,0.0,0.19,1.2535,0.0,0.993,0.0,2.1077,0.4984665079065,0
8008,O95997:Q9HCS7,0.2833294928441688,0.1976190476190476,0.4113945578231291,1.0,0.41,5.22,5.22,0.0,0.0,0.993,0.0,1.1757,6.094193922,0
8010,P13861:P13928,0.1490968761768917,0.1125901875901876,0.4928571428571429,0.7589490968801313,0.0,0.0,0.0,0.0,0.0,2.013,0.0,2.1077,4.2428001,0
8013,Q15070:Q9BYD1,0.6366877706631537,0.6875,0.4788048552754435,0.4571428571428572,0.0,0.0,0.0,0.0,0.0,0.0,0.17,5.6875,0.966875,1
8014,Q03188:Q6FI13,0.1346516898982936,0.1,0.5472222222222223,0.6666666666666666,0.28,0.0,0.28,0.0,5.2693,1.5978,0.0,0.8888,2.09525757435456,1
8015,O14495:Q96IY1,0.2768678033289078,0.236111111111111,0.3827380952380951,1.0,0.38,0.0,0.38,0.0,0.0,2.416,0.0,1.1757,1.079386656,0
8016,P01042:Q9NXA8,0.0220548755131563,0.1331349206349206,0.2354166666666666,0.1383928571428571,0.15,0.0,0.15,0.0,0.0,2.013,0.0,2.1077,0.636420015,0
8017,Q76EJ3:Q9HAW0,0.0933218008071233,0.0853608197358197,0.2272222222222222,0.1322751322751322,0.0,0.0,0.0,0.0,0.0,2.013,0.0,1.5818,3.1841634,0
8018,P01709:Q9BWQ6,-0.0264180772909029,0.1666666666666666,0.1892857142857142,0.4896551724137931,0.24,0.0,0.24,0.0,0.0,1.1933,0.0,0.4364,0.1249814688,0
8019,P05106:Q9GZU1,0.1506637420797526,0.1425856307435254,0.4124269005847953,0.3938714063714064,0.63,2.59,2.59,0.0,0.0,2.416,0.0,2.7714,17.341869216,0
8022,P83110:Q96NY9,0.4804317486589362,0.134018759018759,0.3602040816326531,0.7568027210884353,0.41,3.84,3.84,0.0,0.0,1.5978,0.0,2.1077,12.9319029504,0
8024,P00519:Q9NVM4,0.3047073529640762,0.2472892187177901,0.6888888888888889,0.436671335200747,0.34,20.6892,20.6892,0.0,0.6153,2.416,5.86,2.7714,499.487209470928,0
8025,O15234:Q6PI25,-0.2415593717378045,0.1136363636363636,0.2786487322201608,1.0,0.15,0.0,0.15,0.0,0.0,2.013,0.0,0.8888,0.26837316,0
8026,Q16613:Q9Y5C1,-0.0883873458116993,0.1448275862068965,0.3694444444444444,0.2615079365079365,0.0,0.0,0.0,0.0,0.0,2.416,5.86,2.1077,29.840310752,0
8027,Q15118:Q9NTJ4,0.2663817011662459,0.35,0.1999999999999999,0.2749999999999999,0.68,0.0,0.68,0.0,0.0,1.5978,0.0,2.1077,2.2900244808,0
8028,P01574:Q9BXU7,-0.01507885037766,0.1204081632653061,0.3428571428571428,0.6741071428571428,0.41,0.0,0.41,0.0,0.0,2.013,0.0,2.1077,1.739548041,0
8030,Q11201:Q96J94,-0.082087972957557,0.120093795093795,0.2714285714285714,0.1358201058201058,0.23,0.0,0.23,0.0,0.0,2.416,0.0,1.1757,0.653312976,0
8032,P15907:Q9Y5S9,-0.0502935852826691,0.0918290043290043,0.356113256113256,0.9415094339622644,0.15,0.0,0.15,0.0,0.0,0.0,0.0,1.5818,0.23727,0
8033,P61313:P61960,0.7801530548612878,0.1365559787434787,0.5857142857142857,1.0,0.62,0.0,0.62,0.0,0.0,0.0,0.0,18.4426,11.434412,0
8035,Q15906:Q9GZT4,0.750794806882983,0.0884615384615384,0.4761904761904762,0.2893565759637188,0.0,0.0,0.0,0.5125,0.0,1.1933,0.0,2.1077,1.288998185125,0
8036,P62244:Q15672,0.3289641310702354,0.1534937755276738,0.65,0.7057291666666667,0.45,0.0,0.45,0.0,0.0,1.5978,0.0,1.1757,0.845340057,0
8038,O43567:P00533,0.1991918069297558,0.1241555090611694,0.3249525916561315,0.922194977146668,0.83,3.51,3.51,20.9141,0.6153,2.416,0.0,2.1077,230.005879243917,0
8040,O95674:Q5QNW6,-0.0093735393187817,0.0,0.3666666666666667,0.3333333333333333,0.0,0.0,0.0,0.0,0.0,0.0,0.0,1.1757,1.1757,0
8042,P08172:Q9BXU3,-0.0311478335812467,0.0,0.0,0.7916666666666667,0.41,0.0,0.41,0.0,0.0,2.013,0.0,2.7714,2.287319562,0
8043,P09693:Q96N46,0.2011292674724693,0.0,0.0,0.3333333333333333,0.24,3.84,3.84,0.0,0.0,2.013,0.0,1.5818,12.227187456,0
8044,P28906:Q9Y2Q5,0.2277542473614305,0.1873015873015872,0.1983113812901046,0.9435626102292768,0.68,0.0,0.68,0.0,0.0,1.1933,0.0,0.7962,0.6460717128,0
8049,O60341:O95863,0.219330709554591,0.2285884990430444,0.5464285714285714,0.8929248529248529,0.71,0.0,0.71,0.0,0.6153,2.416,0.4,1.5818,0.66781128898176,1
8050,O75792:Q6UWB4,0.0907903659480681,0.1191919191919191,0.5462962962962964,0.1666666666666666,0.17,0.0,0.17,0.0,0.0,1.1933,0.0,0.8888,0.1803028568,0
8051,P0CG48:P61077,0.6531878202915725,0.4903368045782906,0.7893939393939394,0.7918595679012346,869.75,0.0,869.75,3.5815,114.5243,1.1933,0.0,0.0,425702.969367129,1
8052,Q6NVU6:Q9HB20,0.3691284897321059,0.1574074074074074,0.3166666666666666,0.9305555555555556,0.0,0.0,0.0,0.0,0.0,2.013,0.0,1.5818,3.1841634,0
8053,Q96FT9:Q9UQ74,0.4119745515895563,0.0,0.5,0.0,0.24,0.0,0.24,0.0,0.0,0.993,0.0,0.7962,0.189750384,0
8054,P61604:Q7Z5Y7,0.2029347775924374,0.3125,0.5,1.0,0.19,0.0,0.19,0.0,0.0,0.0,0.0,2.1077,0.400463,0
8055,P31947:Q6NXT1,-0.0228588825802674,0.1919642857142857,0.5800000000000001,0.8333333333333333,0.62,3.51,3.51,0.0,0.6153,2.416,0.0,1.5818,8.2535831842464,0
8056,P15509:Q8N5G0,-0.2886329248531679,0.0833333333333333,0.288888888888889,1.0,0.22,5.43,5.43,0.0,0.0,2.013,0.0,1.1757,12.851094663,0
8057,O14497:O96019,0.7968001953828004,0.2351435392159374,0.3639115646258503,0.8030303030303031,0.0,0.0,0.0,0.0,0.6153,2.013,24.11,2.7714,82.7612636241006,1
8060,P62877:Q13617,0.68884327749425,0.4774392274392274,0.7192307692307692,0.9313172043010752,21.1,0.0,21.1,4.0064,606.3917,1.1933,5.86,18.4426,6610882.13717878,1
8062,P49005:Q629K1,0.2892809578799986,0.0,0.25,0.0,0.54,0.0,0.54,0.0,0.0,1.5978,0.0,1.1757,1.0144080684,0
8063,Q5T653:Q9BQ65,0.191966385088603,0.1158730158730158,0.6000000000000001,0.1254545454545454,0.3,0.0,0.3,0.0,0.0,2.013,0.0,3.9008,2.35569312,0
8066,P02675:P02679,0.99986294844578,0.1787992007992008,0.7530904280904281,0.6739583333333333,715.03,0.0,715.03,0.5125,0.6153,2.416,69.61,38.174,1447575.69042513,1
8067,Q8N5D6:Q8WVP7,0.219312253905632,0.1458333333333333,0.25,0.1625,0.0,0.0,0.0,0.0,0.0,2.013,0.0,1.1757,2.3666841,0
8068,A8K8V0:P16284,0.1013303286371697,0.0789930480147871,0.1617535903250189,0.9804347826086957,0.54,0.0,0.54,0.0,0.0,2.416,0.0,1.1757,1.533865248,0
8069,O14807:Q13131,-0.0891451984574903,0.1026294321475044,0.2702702702702702,0.6507083825265642,1.52,4.85617,4.85617,3.5815,0.6153,2.013,0.89,2.7714,53.1347628312801,0
8073,Q7RTX0:Q9UNA4,0.2592365052306558,0.0900641025641025,0.4444444444444444,0.155026455026455,0.41,0.0,0.41,0.0,0.0,2.416,0.0,0.5954,0.589779424,0
8075,O15392:Q99705,-0.1423785382510941,0.1928571428571428,0.2972222222222222,0.3779761904761904,0.29,12.327,12.327,0.0,0.0,2.013,5.86,1.5818,230.011927878348,0
8079,P53365:Q6PKC3,0.6272625012866394,0.0,0.5,1.0,0.22,9.75,9.75,0.0,0.0,2.416,0.0,3.9008,91.8872448,0
8080,Q8TCC3:Q9BYC9,0.7323757230464086,1.0,0.4982954545454545,0.3898809523809524,80.27,0.0,80.27,0.0,0.0,1.5978,0.0,9.4687,1214.4119627922,1
8081,Q14714:Q5VTR2,0.5989581562083762,0.1134384134384134,0.2103174603174603,0.0,0.41,0.0,0.41,0.9127,0.0,2.416,0.0,1.5818,1.4300802483616,0
8082,Q2MKA7:Q8NGN6,-0.0927945438036173,0.2121212121212121,0.3333333333333333,0.1666666666666666,0.19,0.0,0.19,0.0,0.0,0.0,0.0,2.7714,0.526566,0
8084,P29373:Q2TAA8,-0.0605621336997228,0.1714285714285714,0.75,1.0,0.19,0.0,0.19,0.0,0.0,2.013,0.0,1.1757,0.449669979,0
8085,O00217:Q5U5Z8,0.1511542414061596,0.1168831168831168,0.2111111111111111,0.6547619047619047,0.19,0.0,0.19,0.0,0.0,0.0,0.0,1.1757,0.223383,0
8086,P53803:Q00403,0.587233982251856,0.3802327137148565,0.6748015873015872,0.7200486096712511,0.58,0.0,0.58,1.7092,0.0,1.5978,69.61,45.2798,4992.51557276265,1
8088,Q96FC7:Q9HB90,-0.3601371027142732,0.0,0.4317275747508305,0.6699410774410776,1.55,2.59,2.59,0.0,0.0,1.5978,0.0,1.5818,6.5459661036,0
8089,P60953:Q6NZY7,0.3207734042432075,0.3204545454545455,0.5875,0.3333333333333333,0.24,5.24327,5.24327,0.0,0.6153,0.9878,181.01,1.5818,912.456771694678,1
8090,O14818:P28065,0.4592908546012559,0.3842105263157895,0.8607469015003263,0.911027568922306,80.27,0.0,80.27,2.3588,9.7902,2.013,24.11,9.4687,851858.160485521,1
8091,Q86YB7:Q9UQ84,-0.1735149775376559,0.0820420592479416,0.2177777777777777,0.2047619047619047,2.08,0.0,2.08,0.0,0.0,2.013,0.0,1.5818,6.623059872,0
8093,P62714:Q5JS54,0.2577166075196828,0.2,1.0,0.5,0.15,0.0,0.15,0.0,0.0,0.993,0.0,3.9008,0.58102416,0
8094,Q5I0G3:Q86XT4,0.0447477611982289,0.0909090909090909,0.0,0.1393162393162393,0.19,0.0,0.19,0.0,0.0,2.416,0.0,1.5818,0.726109472,0
8096,A0PJX8:Q96FW1,-0.3258455539719798,0.0,0.3666666666666667,0.0,0.0,0.0,0.0,0.0,0.0,0.0,0.0,1.1757,1.1757,0
8097,P53803:P62875,0.2680379923904925,0.5771929824561404,0.9303278688524588,0.7838151927437643,0.36,0.0,0.36,1.7951,9.2808,0.0,181.01,18.4426,20021.715079777,1
8098,P23396:Q7Z5L9,0.6296865809995461,0.1708333333333333,0.65,0.1777777777777777,0.68,0.0,0.68,0.5125,0.0,2.013,0.0,2.1077,1.47861583485,0
8099,P15291:P25786,0.7519131396151522,0.1638888888888889,0.4486062717770036,0.9967248908296944,0.29,0.0,0.29,0.0,0.0,1.5978,0.0,3.9008,1.8074824896,0
8101,P25963:Q9NZ42,0.1631527188467962,0.1343045843045843,0.6270408163265306,0.8991596638655461,0.71,0.0,0.71,0.0,0.0,2.013,24.11,1.1757,40.51313509221,0
8102,O15240:P01563,-0.030143941999353,0.2057389369889369,0.5277777777777778,0.375,0.81,0.0,0.81,0.5125,0.0,1.5978,0.0,1.5818,1.049186941605,0
8105,O60812:P58743,0.1190906262178628,0.0,0.2133333333333333,0.3387125220458554,0.17,0.0,0.17,0.0,0.0,2.416,0.0,1.5818,0.649676896,0
8106,O95371:P01282,-0.1551208984654453,0.2294141464596009,0.3142857142857142,0.3257142857142858,0.19,0.0,0.19,0.0,0.0,2.013,0.0,1.5818,0.604991046,0
8108,A6NKH3:Q8N3F9,0.1415855890651401,0.0714285714285714,0.0833333333333333,0.0,0.15,0.0,0.15,0.0,0.0,1.1933,0.0,0.0,0.178995,0
8109,A1L020:Q5VYX0,0.372775609597748,0.0,0.5,0.188265306122449,0.68,0.0,0.68,0.0,0.0,2.013,0.0,1.5818,2.165231112,0
8110,O75396:Q9BQ66,-0.0583763265069009,0.0,0.1805555555555555,1.0,0.0,0.0,0.0,0.5125,0.6153,0.9878,0.0,0.8888,0.2768559443034,0
8111,O75339:P68871,-0.0920602916611616,0.0891774891774891,0.3885416666666667,0.2305137844611528,0.24,0.0,0.24,0.0,0.0,2.013,0.0,1.5818,0.764199216,0
8112,P06899:P16104,0.4374202384101353,0.1427117074844347,0.7238930659983293,0.9371428571428572,2091.17,0.0,2091.17,4.0064,5.5574,2.416,24.11,9.4687,25680282.7398942,1
8114,P06753:Q6ZP65,-0.0973192921955489,0.1352272727272727,0.4166666666666666,0.4166666666666666,0.0,0.0,0.0,0.0,0.0,2.416,0.0,1.1757,2.8404912,0
8115,Q5VVY1:Q6UXN8,0.187181910422519,0.0772058823529411,0.5,0.125,0.62,0.0,0.62,0.0,0.0,1.5978,0.0,0.4364,0.4323135504,0
8117,P48431:Q16534,0.2102268955239784,0.63,0.5857142857142857,0.5683006535947712,0.24,0.0,0.24,0.0,0.0,2.416,0.0,1.5818,0.917190912,0
8118,O00422:Q969H6,0.0378852947715348,0.1874999999999999,0.2413139329805996,0.8968750000000001,0.57,0.0,0.57,0.9127,0.0,2.013,0.0,18.4426,19.3138488399582,0
8119,P35226:Q15125,-0.25299764474971,0.2336837765409193,0.2857142857142857,0.9484777517564402,0.17,0.0,0.17,0.9127,0.0,1.5978,0.0,0.6915,0.1714318742133,0
8120,Q06330:Q92585,0.801465922645183,0.3794995013777263,0.8843434343434344,0.85,0.24,0.0,0.24,0.5125,3.1392,1.5978,24.11,2.7714,41.2233172824006,1
8121,A6PVC2:O43567,-0.0695397752589706,0.1022058823529411,0.3576190476190476,0.2808922558922558,0.62,0.0,0.62,0.0,0.0,2.013,0.0,0.0,1.24806,0
8122,Q13155:Q7Z402,0.1374297688668831,0.1269841269841269,0.6666666666666666,0.1547619047619047,0.83,2.59,2.59,0.0,0.0,2.416,0.0,1.5818,9.898018592,0
8123,Q14406:Q8N9N8,0.131980943089932,0.2,0.3625,0.9648148148148148,0.54,0.0,0.54,0.0,0.0,1.5978,0.0,2.1077,1.8185488524,0
8124,Q9BZJ0:Q9NZ63,0.606133481278862,0.540625,0.6047619047619047,0.7222222222222222,2.09,3.84,3.84,0.0,0.0,2.013,0.0,5.6875,43.96392,0
8126,Q8IWZ5:Q9BUP0,-0.0418037445906911,0.0697115384615384,0.0,0.1717171717171717,0.28,3.66,3.66,0.0,0.0,2.013,0.0,1.5818,11.654038044,0
8127,P42285:Q9NYA1,0.5531421310313174,0.1071991247523162,0.4566378066378067,0.4664682539682539,0.54,0.0,0.54,0.0,0.0,2.013,0.0,2.7714,3.012567228,0
8128,Q9BVG4:Q9ULG1,0.7688567919828666,0.0,0.0,0.6593406593406593,0.41,0.0,0.41,0.5125,0.0,2.013,0.0,2.7714,1.172251275525,0
8129,O60603:Q8WWL2,-0.1650803666273607,0.1240560365560365,0.4785714285714286,0.611111111111111,0.24,0.0,0.24,0.0,0.0,2.416,0.0,0.7126,0.413193984,0
8130,P22681:Q9BW91,0.1198790826661432,0.1098901098901098,0.3509259259259259,0.34375,0.41,0.0,0.41,0.0,0.0,2.416,0.0,1.1757,1.164601392,0
8131,P51553:Q96I51,0.5203632500852692,0.1088095238095238,0.2281746031746032,0.6444196428571428,1.52,0.0,1.52,0.0,0.0,2.416,0.0,3.9008,14.324985856,0
8132,O14901:Q8N490,-0.1468818113064287,0.14,0.4803571428571428,0.8158730158730159,0.54,0.0,0.54,0.0,0.0,2.013,0.0,1.5818,1.719448236,0
8135,I1YAP6:P28324,-0.013947863568192,0.2333333333333333,0.4625,0.1104040404040404,0.62,0.0,0.62,0.0,0.0,2.013,0.0,0.4364,0.544653384,0
8137,Q99471:Q9NZ53,-0.1481454706365619,0.1666666666666666,0.2666666666666666,0.8666666666666666,0.34,0.0,0.34,0.0,0.0,0.0,0.0,1.5818,0.537812,0
8138,Q5TAX3:Q8N4P3,0.3299500235992825,0.0,0.0,0.9069444444444444,0.19,0.0,0.19,0.0,0.0,1.5978,0.0,0.8888,0.2698236816,0
8142,Q03188:Q5QNW6,0.3475866062303318,0.0,0.5333333333333334,0.4444444444444445,0.54,0.0,0.54,0.0,5.2693,2.013,0.0,1.5818,9.0602885899548,1
8143,Q96LM9:Q9NRQ5,0.1990058579844034,0.0,1.0,1.0,0.0,0.0,0.0,0.0,0.0,0.993,0.0,0.8888,0.8825784,0
8144,A6NN73:Q99836,-0.0684069131581396,0.090378479860577,0.2802674494455315,0.0,0.0,0.0,0.0,0.0,0.0,1.1933,0.0,0.4364,0.52075612,0
8145,P22674:P62304,-0.1246984280754896,0.1195054945054945,0.3009486607142857,0.9791666666666666,0.22,3.66,3.66,0.0,0.6153,1.5978,0.0,1.1757,4.23045359485308,0
8147,P16452:P62993,0.2972769967579877,0.1421787808151444,0.3436189058956916,0.9809264069264068,0.19,16.112,16.112,0.0,0.0,2.013,0.89,1.1757,33.937492655088,0
8148,P01210:Q13794,-0.0511625930477552,0.1752657527657528,0.2988888888888888,1.0,0.0,0.0,0.0,0.0,0.0,0.993,0.0,1.1757,1.1674701,0
8150,I3L273:P60369,0.7100104366691243,0.0,0.15,0.0,0.0,0.0,0.0,0.0,0.0,0.993,0.0,0.4364,0.4333452,0
8151,O60636:P01780,-0.0918197281913451,0.21875,0.5702380952380952,0.5,2.85,0.0,2.85,0.0,0.0,1.1933,0.0,0.4364,1.484154942,0
8152,P28331:Q16795,0.7425364166509411,0.2576898795648795,0.5571428571428572,0.6845238095238095,52.16,2.60197,52.16,0.0,0.0,2.013,69.61,45.2798,330946.270490394,1
8154,P07864:Q9UNS2,0.5236958109574037,0.0835336538461538,0.557142857142857,1.0,0.29,0.0,0.29,0.0,0.0,1.5978,0.0,1.5818,0.7329460116,0
8155,O60609:Q9UNF0,0.1437655192531547,0.1529761904761904,0.5397186147186147,0.943809523809524,0.26,0.0,0.26,0.0,0.0,2.416,0.0,1.1757,0.738527712,0
8157,P55822:Q12834,-0.1101891695045572,0.0,0.4515723270440251,0.9548685145700072,0.94,0.0,0.94,1.2535,0.0,1.5978,0.0,1.1757,2.2134571905834,0
8158,P27701:Q99627,-0.0483660221846589,0.0,0.2743271221532091,1.0,2.31,0.0,2.31,0.0,0.0,2.013,0.0,1.5818,7.355417454,0
8159,O60306:Q9H741,0.2147086719399267,0.0769230769230769,0.3333333333333333,1.0,0.17,0.0,0.17,0.0,0.0,2.013,0.0,3.9008,1.334892768,0
8162,O94972:Q4KMG9,-0.0917152501187652,0.0,0.3333333333333333,1.0,0.0,29.7697,29.7697,0.0,0.0,1.5978,0.0,0.7126,33.895550597916,0
8165,P49736:Q96B77,0.5478229789564495,0.25,0.2613636363636363,1.0,0.68,0.0,0.68,0.0,0.0,2.013,0.0,3.9008,5.339571072,0
8167,O75436:Q13427,0.788873876711854,0.1134259259259259,0.5722222222222222,0.7766666666666667,0.15,3.66,3.66,0.0,0.0,2.013,0.0,9.4687,69.761404746,0
8168,Q13415:Q14320,0.0085476593767081,0.1255555555555555,0.6000000000000001,0.75,0.68,0.0,0.68,0.0,0.0,2.013,0.0,1.1757,1.609345188,0
8172,Q96NY8:Q9Y6G3,0.1006186677732482,0.1339285714285714,0.2378472222222222,0.25,0.41,0.0,0.41,0.0,0.0,2.013,0.0,0.7126,0.588130158,0
8174,Q9NR50:Q9NTI2,0.048229081998403,0.1318582651915985,0.3344444444444444,0.2395833333333333,0.54,0.0,0.54,0.0,0.0,2.013,0.0,1.1757,1.278009414,0
8175,Q9H5V9:Q9ULR0,0.845441448133562,0.119047619047619,0.7703809523809524,0.9791666666666666,0.0,0.0,0.0,0.0,0.0,2.416,0.0,18.4426,44.5573216,0
8177,Q8NFW5:Q9ULM3,0.0415982591616759,0.4647138047138046,0.2199023199023199,0.4336734693877551,0.41,2.59,2.59,0.9127,0.0,2.013,0.0,1.5818,7.5270215721162,0
8178,P01732:Q16538,-0.0492036518879211,0.5,1.0,0.7222222222222223,0.36,0.0,0.36,0.0,0.0,2.013,0.0,2.1077,1.527408036,0
8180,O60244:Q8N7B6,0.3116300285522323,0.0,0.0,1.0,0.22,0.0,0.22,0.0,0.0,2.013,0.0,5.6875,2.51876625,0
8182,P01877:Q7Z5Y6,-0.0312107682703932,0.175,1.0,0.3333333333333333,0.19,0.0,0.19,0.0,0.0,2.013,0.0,0.0,0.38247,0
8185,P26998:Q16559,0.0829613087982741,0.2887179487179487,0.0,0.5373015873015874,0.0,0.0,0.0,0.0,0.0,2.013,0.0,5.6875,11.4489375,0
8187,P40227:Q6IMN6,0.2710419800609395,0.122947002492457,0.5393333333333333,0.80625,0.0,0.0,0.0,0.0,0.0,1.5978,0.0,1.5818,2.52740004,0
8188,Q9GZR7:Q9Y2L1,0.6681355452232404,0.4479166666666666,0.3954648526077097,0.6654761904761904,0.19,4.96,4.96,0.5125,0.6153,2.013,0.0,9.4687,29.8123762100611,0
8189,P20226:P47870,0.0017255303182923,0.0974172432505765,0.2434920634920635,0.1201814058956916,0.54,0.0,0.54,0.0,0.0,1.5978,0.0,1.5818,1.3647960216,0
8190,P21579:Q99584,-0.0597889054011101,0.1274038461538461,0.4564102564102563,0.5515873015873016,0.54,0.0,0.54,0.0,0.0,2.013,10.8,1.1757,13.8025016712,1
8191,P62875:Q9NVU0,0.3951233950939724,0.0625,0.6846153846153845,0.0,0.68,0.0,0.68,0.5125,3.1392,0.9878,0.0,2.7714,2.9949529394759,1
8194,P09001:Q8NFP7,0.0474024150264302,0.1118055555555555,0.2428571428571428,0.197704081632653,0.22,0.0,0.22,0.0,0.0,2.013,0.0,0.5954,0.263678844,0
8197,O14681:P50914,0.3403708000347024,0.1355820105820105,0.683531746031746,0.6176470588235294,0.17,3.51,3.51,0.0,0.0,2.416,0.0,5.6875,48.23091,0
8198,P21554:Q5JQF8,0.3571993276936774,0.0,0.2519047619047619,0.1507936507936507,0.15,0.0,0.15,0.0,0.0,2.416,0.0,1.5818,0.57324432,0
8199,O60894:Q9BV19,0.1591298185949288,0.3333333333333333,0.5,1.0,0.23,0.0,0.23,0.0,0.0,2.013,0.0,2.1077,0.975844023,0
8200,Q9H2H8:Q9NW64,0.8040597890873888,0.3752879673932305,0.5636243386243387,0.6520833333333333,80.27,0.0,80.27,0.5125,0.0,0.0,5.86,9.4687,2282.62781778425,0
8201,O75593:Q15796,-0.0134351595414081,0.2207242541128208,0.4508130081300813,0.8248319748319746,0.19,0.0,0.19,3.8142,30.1977,2.013,24.11,2.1077,2238.62170302607,1
8202,Q8IYW5:Q9BYG5,0.1601953864815393,0.1639682539682539,0.4245370370370369,1.0,2.34,0.0,2.34,0.9127,0.0,2.013,0.0,2.1077,9.0614245439718,0
8204,P13984:P29084,0.6480223046282982,0.625,0.9197530864197532,0.8,2.27,0.0,2.27,0.5125,3.1392,2.416,69.61,45.2798,27810.6907773262,1
8205,O60921:Q9H0E2,-0.1195475088308624,0.1489538239538239,0.5909863945578231,0.9363799283154122,0.54,0.0,0.54,0.0,0.0,2.013,0.0,3.9008,4.240247616,0
8206,Q0VG06:Q8IVF7,0.4878321019649162,0.0895188145188145,0.6027777777777777,0.6666666666666666,0.41,0.0,0.41,0.0,0.0,2.416,0.0,2.7714,2.745237984,0
8207,P42766:P61960,0.6306885999514072,0.1365559787434787,0.5428571428571428,0.25,0.54,0.0,0.54,1.0145,0.0,1.5978,0.0,9.4687,8.2881687501738,0
8210,O15296:Q96IV0,0.0587414795479192,0.2083333333333333,0.675,0.9063492063492063,6.9,0.0,6.9,0.0,0.0,2.013,0.0,0.7126,9.89780022,0
8213,Q8N5M9:Q9BZE1,0.715482898095965,0.1339285714285714,0.221058201058201,0.25,0.0,0.0,0.0,0.0,0.0,0.0,0.0,18.4426,18.4426,0
8215,P53990:Q9ULD2,0.1890614601562276,0.0909090909090909,0.4072222222222222,0.8888888888888888,0.0,0.0,0.0,0.0,0.0,2.013,0.0,2.1077,4.2428001,0
8216,Q96DF8:Q9H0R8,0.1165988583320004,0.0957886557886557,0.2532051282051282,0.9638694638694636,0.0,0.0,0.0,0.0,0.0,0.0,0.0,2.7714,2.7714,0
8217,P42285:Q13868,0.7550147192417327,0.3648915187376725,0.4589371980676328,0.9101351351351352,33.21,0.0,33.21,0.0,9.2808,2.013,2.07,45.2798,58153.1051928802,1
8219,P05090:Q3SY46,0.0,0.0,0.3333333333333333,1.0,0.0,3.66,3.66,0.0,0.0,1.5978,0.0,1.1757,6.8754324636,0
8220,Q9HB96:Q9NVD7,0.234190301153554,0.0901873767258382,0.4157407407407407,0.9437229437229436,0.0,0.0,0.0,0.0,0.0,2.013,0.0,0.8888,1.7891544,0
8222,O75264:P28749,-0.1597592194508651,0.1697330447330447,0.4821428571428571,0.4774305555555555,0.0,0.0,0.0,0.0,0.0,1.5978,0.0,2.1077,3.36768306,0
8223,Q6PIV2:Q86SG7,0.841090877458779,0.0927272727272727,0.5,0.4285714285714285,0.15,0.0,0.15,0.0,0.0,2.416,0.0,2.1077,0.76383048,0
8224,Q32M45:Q8WVC0,0.0845644962302369,0.0998060966810966,0.2953296703296703,0.9591836734693876,0.0,0.0,0.0,0.0,0.0,2.416,0.0,1.1757,2.8404912,0
8226,P50222:Q9BXX2,0.2197766286553044,0.3333333333333333,0.5,0.5,0.64,0.0,0.64,0.0,0.0,2.013,0.0,1.1757,1.514677824,0
8227,Q9NVJ2:Q9P0P8,0.2019568099950525,0.1031746031746031,0.2,0.5571428571428572,0.15,0.0,0.15,0.0,0.0,1.5978,0.0,2.1077,0.505152459,0
8228,Q9BUZ4:Q9HBQ8,0.5365647730119211,0.0,0.0,1.0,0.0,23.3587,23.3587,0.0,0.0,2.013,0.0,0.4364,20.51999193684,0
8230,Q99832:Q9UNF1,0.5537776373956753,0.1226107226107226,0.4742857142857143,1.0,0.0,0.0,0.0,0.0,0.0,1.1933,0.0,5.6875,6.78689375,0
8231,O14818:O43361,0.3852573925246755,0.0526315789473684,1.0,0.175,0.83,0.0,0.83,0.0,0.6153,0.993,0.0,1.1757,0.5962258125999,0
8233,P61081:Q13564,0.4106360630009525,0.4092565263019808,0.7685185185185185,0.816017316017316,0.8,5.00777,5.00777,0.0,158.1204,1.5978,181.01,2.1077,482687.507746471,1
8235,O00451:Q01094,0.0832284566519421,0.1059166886753093,0.434108527131783,0.1542574590651513,0.15,0.0,0.15,0.0,0.0,2.416,0.0,2.1077,0.76383048,0
8237,P55769:Q96DR8,0.0109933898585366,0.0,0.2206349206349206,1.0,0.0,0.0,0.0,0.0,0.0,0.0,0.0,1.1757,1.1757,0
8239,O95777:Q9Y253,0.6094708201865819,0.1116760037348272,0.8438596491228069,0.5775,0.41,0.0,0.41,0.0,0.0,2.013,0.0,3.9008,3.219447264,0
8240,P13861:Q92667,0.721471307254151,0.1098901098901098,0.4166666666666667,0.7916666666666666,0.34,3.84,3.84,0.9127,5.052,2.416,10.8,5.6875,2627.63302674862,1
8243,Q9Y2B4:Q9Y689,-0.1070012822894475,0.1107142857142857,0.625,0.1203703703703703,21.37,0.0,21.37,0.0,0.0,1.1933,0.0,0.5954,15.1831888234,0
8245,O15198:Q13485,0.6222207857305826,0.207807846579033,0.7495884773662551,0.8590870352615319,282.86,0.0,282.86,3.8142,0.6153,2.416,24.11,3.9008,150837.643255502,1
8246,P38571:Q14596,0.1932061150357573,0.1626262626262626,0.4034090909090908,0.1385897300531446,0.68,3.86531,3.86531,0.0,0.0,2.416,0.89,3.9008,32.4208913554995,0
8247,Q6FI13:Q7L0R7,0.3904030615206773,0.0588235294117647,0.0,0.8464646464646464,0.68,0.0,0.68,0.0,0.6153,2.416,0.0,0.8888,0.8984559800832,0
8251,P05156:Q71DI3,-0.2049676186039026,0.1142857142857142,0.4714285714285714,0.9166666666666666,0.68,0.0,0.68,0.0,0.0,1.5978,0.0,0.8888,0.9656847552,0
8252,Q96A59:Q96M63,-0.052624707458449,0.1564625850340135,0.3285714285714285,1.0,0.71,0.0,0.71,0.0,0.0,1.5978,0.0,2.7714,3.1439814732,0
8253,O95299:Q96E09,0.4107297531331658,0.0711951447245564,0.55,0.0938852813852813,0.41,0.0,0.41,0.0,0.0,2.416,0.0,2.1077,2.087803312,0
8254,Q16718:Q86X83,0.0013181671571803,0.0,0.2,1.0,0.61,0.0,0.61,0.5125,0.0,2.013,0.0,18.4426,11.606188681725,0
8255,O00358:Q86YL7,-0.0346923892287439,0.2195971620971621,0.3135135135135135,0.7434920634920634,0.0,0.0,0.0,0.0,0.0,2.013,0.0,1.5818,3.1841634,0
8256,Q96SW2:Q9P0N9,0.3707360608027462,0.1335786435786435,0.4047619047619047,0.9256678281068526,0.0,0.0,0.0,0.0,0.0,2.416,0.0,2.7714,6.6957024,0
8257,Q8NH54:Q9BUZ4,0.0339428866280962,0.1716269841269841,0.3299319727891156,0.1636272246272246,0.17,0.0,0.17,0.0,0.0,2.013,0.0,1.1757,0.402336297,0
8258,O76090:Q13324,-0.0665450464967172,0.3106227106227106,0.8666666666666667,0.6465608465608466,0.15,0.0,0.15,0.0,0.0,2.416,0.0,2.7714,1.00435536,0
8259,P06307:P09960,-0.2853816286068232,0.1335420531849103,0.4773333333333333,0.1947368421052631,0.24,0.0,0.24,0.0,0.0,2.013,0.0,1.1757,0.568004184,0
8260,O75506:Q8WWU7,-0.0023428124399923,0.0,0.5,0.6333333333333334,0.0,0.0,0.0,0.0,0.0,1.1933,0.0,0.8888,1.06060504,0
8261,P46778:Q9Y3B9,0.7169367711900602,0.125,0.2,0.0,0.17,0.0,0.17,0.0,0.0,2.013,0.0,3.9008,1.334892768,0
8262,P37173:Q8N2H4,0.5871716627614917,0.112037037037037,0.4479166666666666,1.0,0.17,3.51,3.51,0.0,0.0,2.013,0.0,2.7714,19.581686982,0
8263,O43865:P42773,-0.0289741586535517,0.1422110717565263,0.58,0.9585687382297552,1.02,0.0,1.02,0.0,0.0,2.013,0.0,1.5818,3.247846668,1
8264,P62877:P63208,0.5874310552964227,0.4374034350742425,0.6557765151515151,0.9854413702239788,0.68,0.0,0.68,2.409,158.1204,1.5978,181.01,18.4426,1381594.98839317,1
8265,Q9NUL7:Q9NX20,0.7381313385410082,0.1111111111111111,0.2491258741258741,0.5833333333333334,0.19,0.0,0.19,0.0,0.6153,2.416,0.0,9.4687,2.6744088631344,1
8266,O75558:Q14956,0.1709945832164434,0.109405525030525,0.8333333333333334,0.6354166666666666,0.8,0.0,0.8,0.0,0.0,2.416,0.0,2.1077,4.07376256,0
8267,O75152:P47870,-0.1705610772743155,0.0743474798621857,0.2106349206349205,0.1201814058956916,0.19,3.84,3.84,0.0,0.0,0.0,0.0,1.5818,6.074112,0
8268,O60508:Q9H5V9,0.8026247787952371,0.0892773892773892,0.5990196078431372,0.75,0.28,5.22,5.22,0.0,0.0,2.013,0.0,5.6875,59.76345375,0
8271,P12004:P49005,0.5807987873207862,0.43,0.8625,0.9642857142857144,0.22,3.52956,3.52956,0.5125,400.8352,2.013,105.17,45.2798,6950570.29975808,1
8272,P28068:Q8NH56,0.5025623375182665,0.1458333333333333,0.2,0.1666666666666666,0.22,0.0,0.22,0.0,0.0,2.416,0.0,0.4364,0.231955328,0
8273,Q96I36:Q9Y5B9,0.1677770262735793,0.0975240298548569,0.2064327485380117,0.8194444444444445,0.0,0.0,0.0,0.0,0.0,1.1933,0.0,1.1757,1.40296281,0
8274,P62805:Q96H22,0.2652404304973887,0.2666666666666666,0.6767857142857142,1.0,52.16,0.0,52.16,0.5125,0.0,0.8011,0.0,0.4364,9.34550826928,1
8275,Q16633:Q86WC6,-0.0298684054821255,0.0,0.0,0.8673469387755102,0.54,0.0,0.54,0.9127,0.0,0.0,0.0,1.5818,0.7796027844,0
8279,Q9C0B9:Q9H0R8,0.1612737805149691,0.0,0.3051282051282051,0.3251248751248751,0.15,0.0,0.15,0.5125,0.0,1.5978,0.0,2.7714,0.340413486975,0
8280,P51553:Q7Z5A4,0.0327182173510167,0.2148148148148148,0.1916666666666666,0.1428571428571428,0.0,8.9,8.9,0.0,0.6153,2.013,0.0,0.7126,7.855367627646,0
8281,Q99062:Q9NY12,-0.1643885095923006,0.106060606060606,0.3532091097308489,0.2705128205128205,0.83,0.0,0.83,0.5125,0.0,1.1933,0.0,0.7126,0.3617157510925,0
8282,P15509:Q9BYD6,-0.2850424564618942,0.1,0.2253086419753086,0.625,0.41,0.0,0.41,0.0,0.0,2.416,0.0,1.1757,1.164601392,0
8284,P23396:P60866,0.9190534902348778,0.8461538461538461,0.7799422799422799,0.7023809523809523,263.49,0.0,263.49,4.2492,9.2808,2.013,24.11,38.174,19251535.6772619,1
8285,O75367:P11836,0.2951795803552547,0.1096999405822935,0.4785714285714285,0.9387254901960784,0.19,0.0,0.19,0.0,0.0,2.013,0.0,1.1757,0.449669979,0
8286,O95777:Q9P000,0.235821012673948,0.0669642857142857,0.4974358974358974,1.0,2.31,0.0,2.31,0.0,0.0,1.1933,0.0,2.7714,7.6394278422,0
8287,P34820:Q13564,0.2158648189665939,0.2514561196379378,0.4351851851851852,0.2848484848484849,0.15,0.0,0.15,0.0,0.0,2.013,0.0,1.1757,0.355002615,0
8289,Q9BT73:Q9BUR4,0.7245290045237766,0.0945765135891186,0.3233333333333333,0.6638095238095237,0.94,0.0,0.94,0.5125,0.0,0.0,0.0,9.4687,4.561546225,0
8290,Q16543:Q2TB10,0.7737430962311641,0.1636363636363636,0.2,0.2333333333333333,0.68,0.0,0.68,0.0,0.0,2.416,0.0,2.7714,4.553077632,0
8294,Q15025:Q99828,0.2918335407511287,0.1305825487643669,0.3999999999999999,0.8719498910675381,0.54,0.0,0.54,0.0,0.0,2.416,0.0,5.6875,7.42014,0
8295,Q13616:Q5JTZ5,-0.1847047852063887,0.0,0.0,1.0,0.54,0.0,0.54,0.0,0.0,0.993,0.0,0.7962,0.426938364,0
8296,P53778:Q9NW08,0.1081122302860204,0.0967794831431195,0.4888888888888888,0.1363155363155363,0.15,0.0,0.15,0.0,0.6153,1.5978,0.0,2.7714,0.4086954508014,0
8297,P13861:Q06455,0.1587858020727943,0.1282828282828282,0.4571428571428572,0.9515957446808512,0.0,0.0,0.0,0.0,3.1392,2.013,0.4,2.1077,5.327599229568,1
8298,O75636:Q9UEE5,0.086391561160875,0.1351491101491101,0.2666666666666666,0.1086805555555555,0.0,0.0,0.0,0.0,0.0,2.013,0.0,0.8888,1.7891544,0
8299,P61960:P62888,0.6883274270812171,0.1369047619047619,0.3696825396825395,0.4375,0.0,0.0,0.0,3.124,0.0,1.5978,0.0,9.4687,47.26327359864,0
8300,Q659A1:Q99259,-0.3547410736113713,0.0700663919413919,0.2884615384615384,0.8394557823129251,0.0,0.0,0.0,0.0,0.0,2.416,0.0,1.1757,2.8404912,0
8301,A6NLP5:P61218,-0.1143893960338701,0.0817307692307692,0.0,0.0,0.19,0.0,0.19,0.0,0.0,1.5978,0.0,2.1077,0.6398597814,0
8304,P29372:Q53FZ2,0.1036360718176081,0.1003996003996004,0.7083333333333334,0.2146825396825396,0.22,0.0,0.22,0.0,0.0,1.5978,0.0,1.5818,0.5560280088,0
8306,P13984:P30876,0.6229831729043724,0.5416666666666666,0.9637820512820512,0.2113237639553429,18.4,0.0,18.4,1.7092,3.1392,2.013,69.61,9.4687,130989.190537452,1
8307,P09544:P10144,0.1174202469328972,0.1475550765024449,0.4991666666666667,0.3894557823129251,0.0,0.0,0.0,0.0,0.0,2.013,0.0,1.5818,3.1841634,0
8308,E9PI22:O43809,0.0,0.0,0.0,0.851978021978022,0.0,0.0,0.0,2.3254,0.0,0.8011,0.0,0.4364,0.812959933016,0
8309,O15013:P11926,0.2084120171079243,0.1436507936507936,0.8571428571428571,0.7008928571428571,0.0,0.0,0.0,0.0,0.0,2.416,0.0,1.1757,2.8404912,0
8310,P62877:Q15370,0.477184872960364,0.2277777777777777,0.6172839506172839,0.9393939393939392,7.06,3.67486,7.06,2.3254,0.0,0.993,0.31,45.2798,228.832555919568,1
8312,Q14152:Q9Y5P8,0.241080533921577,0.1714285714285714,0.5607142857142857,0.7222222222222223,0.0,0.0,0.0,0.0,0.0,2.013,0.0,1.5818,3.1841634,0
8314,P01270:P55344,-0.0521395062422556,0.2166666666666666,0.3611111111111111,0.25,0.24,0.0,0.24,0.0,0.0,2.013,0.0,3.9008,1.884554496,0
8315,P62273:P62280,0.8112543533515411,0.8541666666666666,0.7208494208494208,0.4372294372294373,0.19,0.0,0.19,0.0,0.0,1.5978,24.11,38.174,279.40932575148,1
8316,O95298:P51970,0.2459848459027605,0.3496969696969697,0.5553819444444444,0.7708333333333334,0.41,0.0,0.41,0.0,0.0,2.013,69.61,45.2798,2601.37981021974,1
8318,O95486:Q9UI47,-0.2601202843098457,0.1257834757834757,0.2499999999999999,0.9857723577235772,0.0,0.0,0.0,0.0,0.0,2.416,0.0,1.5818,3.8216288,0
8319,P04234:P09693,0.9928712266931704,0.314074074074074,0.8418518518518519,0.7511111111111111,0.94,0.0,0.94,0.5125,7.4748,2.416,10.8,38.174,3586.82059586234,1
8321,Q8N5N7:Q99880,0.4353795407103089,0.0909090909090909,0.3933333333333333,0.0,0.41,0.0,0.41,0.0,0.0,2.013,0.0,2.7714,2.287319562,0
8322,P05120:P34910,-0.0184057917912362,0.2358585858585858,1.0,0.125,0.0,0.0,0.0,0.0,0.0,2.013,0.0,2.1077,4.2428001,0
8324,Q8N954:Q9NVP2,0.4517826813620927,0.0,0.1976190476190476,0.8857142857142856,0.17,0.0,0.17,0.0,0.0,2.013,0.0,2.7714,0.948400794,0
8325,Q9BYR4:Q9NRX1,0.0390807782847903,0.125,0.3952380952380952,0.0,0.19,0.0,0.19,0.0,0.0,0.993,0.0,2.7714,0.522880038,0
8326,Q96JX3:Q9UKT9,-0.2302833500237804,0.0865552503052503,0.3190476190476191,0.0,0.24,0.0,0.24,0.0,0.0,2.416,0.0,1.1757,0.681717888,0
8327,P62750:Q8N5N7,0.5078169574032505,1.0,0.2764705882352941,0.0,0.41,0.0,0.41,0.5125,0.0,2.013,0.0,18.4426,7.800880917225,0
8328,Q9NQ50:Q9UHN6,0.0337681251863758,0.1814814814814815,0.3595238095238095,0.2833333333333333,0.19,0.0,0.19,0.0,0.0,2.416,0.0,1.1757,0.539693328,0
8329,Q5JVS0:Q9HAW0,0.0518701646890391,0.1058469308469308,0.3272222222222222,0.4805555555555556,0.0,3.84,3.84,0.0,0.0,2.416,0.0,2.1077,19.554060288,0
8330,P60709:Q93015,0.0275166504533986,0.1843253968253968,0.8333333333333334,0.3858333333333333,869.75,0.0,869.75,0.0,0.0,1.5978,0.0,1.1757,1633.854476835,1
8331,P20962:Q8WU43,-0.1382172097739755,0.0,0.0,0.8666666666666667,0.0,0.0,0.0,0.0,0.0,1.5978,0.0,1.1757,1.87853346,0
8333,O60936:Q6ZWJ8,-0.0980820547456233,0.2,0.5,0.0,0.34,2.59,2.59,0.0,0.0,2.013,0.0,3.9008,20.337483936,0
8334,P08708:Q14296,0.4266233664737682,0.1541132478632478,0.25,0.261060606060606,0.41,0.0,0.41,0.0,0.0,1.1933,0.0,2.1077,1.0311985481,0
8335,O75934:P10620,-0.1223050372774958,0.1166666666666666,0.2604401154401154,0.7476190476190476,0.56,0.0,0.56,0.0,0.0,2.013,0.0,2.1077,2.375968056,0
8336,Q9BYD2:Q9HBM6,0.5769168851118333,0.1099589646464646,0.1830546265328874,0.7976190476190477,0.28,0.0,0.28,0.0,0.0,2.416,0.0,2.7714,1.874796672,0
8337,O75781:Q9P2R7,0.2592461377120559,0.1110080395794681,0.2623048668503214,0.8078703703703705,0.15,0.0,0.15,0.0,0.0,1.1933,0.0,1.1757,0.2104444215,0
8338,Q8WUA2:Q9UNP9,0.857947118082492,0.3786549707602339,0.6574646074646076,0.6701058201058201,118.38,3.52956,118.38,0.5125,0.6153,2.013,10.8,5.6875,4615.81145379542,0
8340,O75663:O95166,0.2813477094177211,0.1105930394391932,0.4131519274376417,0.9205607476635514,0.94,0.0,0.94,3.5815,0.0,2.013,0.0,3.9008,26.435666715744,0
8341,P40937:Q9H0D6,0.7248213395958971,0.1570294784580499,0.48,0.7311827956989247,0.29,0.0,0.29,1.0145,0.0,1.5978,2.07,18.4426,17.9458882285203,0
8342,P18621:Q8NBP7,-0.2131015232720529,0.1406926406926406,0.3367243867243867,0.625705467372134,1.22,0.0,1.22,0.5125,0.0,1.5978,0.0,0.7962,0.79542326709,1
8343,P49959:Q13643,-0.0174058226781338,0.175,0.3669642857142857,0.988,0.26,0.0,0.26,0.0,0.0,2.013,0.0,1.1757,0.615337866,0
8344,O14983:O95971,-0.0823627597286393,0.1072301967038809,0.875,0.7255952380952381,1.22,0.0,1.22,0.0,0.0,1.5978,0.0,1.1757,2.2918108212,0
8346,P01861:P08235,-0.0404252066537543,0.1095238095238095,0.4555555555555555,0.2202380952380952,0.22,3.51,3.51,0.5125,0.0,2.013,0.0,0.4364,1.58026347765,0
8348,P13805:Q9HD64,-0.013583693284125,0.0,0.0,1.0,0.22,0.0,0.22,0.0,0.0,0.9878,0.0,0.4364,0.0948367024,0
8350,P42702:Q9UI95,0.1464723987053613,0.1374203787665326,0.2550505050505049,0.976388888888889,0.41,0.0,0.41,0.0,0.0,2.013,0.0,1.1757,0.970340481,0
8351,P40617:Q6UWT4,0.3168770920780361,0.0,0.2,1.0,0.0,0.0,0.0,0.0,0.0,1.5978,0.0,1.1757,1.87853346,0
8352,O14994:P49005,-0.241863275159223,0.0917482517482517,0.2284090909090909,0.125,0.41,0.0,0.41,0.0,0.0,2.013,0.0,0.7962,0.657127746,0
8354,P53004:Q9H7B7,0.0015690864139462,0.0,0.5,0.0,0.22,0.0,0.22,0.0,0.0,0.9594,0.0,1.1757,0.2481526476,0
8355,O75995:P17181,0.2802951381256722,0.1319624819624819,0.3098739495798319,0.0,0.64,0.0,0.64,0.9127,0.0,2.416,0.0,2.1077,2.9744984708096,0
8356,Q16543:Q6UXD1,0.2844053900712783,0.0,0.5,0.0,0.0,0.0,0.0,0.0,0.0,0.993,0.0,0.8888,0.8825784,0
8357,P04899:Q96E93,0.399151777713272,0.3352272727272727,0.55,0.8958333333333334,0.41,0.0,0.41,0.0,0.0,0.0,0.0,1.5818,0.648538,0
8360,P0CG48:P35998,0.5998951062229638,0.4339869281045752,0.7940766550522648,0.8996527777777779,3.45,0.0,3.45,0.0,9.7902,1.1933,0.0,0.0,40.305127527,1
8361,Q9H9D4:Q9NR28,0.5187027621428221,0.0877164502164502,0.2915674603174603,1.0,0.24,42.1689,42.1689,0.0,0.0,2.416,0.31,2.1077,66.5671083313488,0
8363,P11908:P60891,0.1945191248214534,0.3359557109557109,0.6607142857142857,0.9563864087301588,2091.17,0.0,2091.17,0.9127,111.5878,2.416,105.17,5.6875,307782780.907735,1
8364,Q86UY8:Q96JC1,0.2569715282866407,0.0,0.2191468253968254,0.2,0.15,0.0,0.15,0.0,0.0,2.416,0.0,2.1077,0.76383048,0
8365,Q13573:Q92963,0.6974572534353438,0.1944444444444444,0.3333333333333333,0.5581018518518518,2.89,0.0,2.89,0.0,0.6153,2.013,0.0,5.6875,20.3586952944375,0
8366,Q12874:Q8N6U8,0.4808631353162443,0.0911495911495911,0.1958333333333333,0.761904761904762,0.15,0.0,0.15,0.0,0.0,2.013,0.0,1.5818,0.47762451,0
8367,Q8WUA2:Q9ULR0,0.8266759288160815,0.0549105607155142,0.7703809523809524,0.9791666666666666,0.17,0.0,0.17,0.0,0.6153,1.5978,0.0,18.4426,3.08233899247428,0
8369,P0C0S5:P84243,0.366846199046681,0.1781545614878948,0.3039055973266499,0.8927469135802468,292.74,0.0,292.74,2.3254,668.0587,2.013,24.11,18.4426,407059123.363577,1
8370,O95299:Q86Y38,0.2441151304123633,0.1073625869080414,0.275,0.0909090909090909,0.15,0.0,0.15,0.0,0.0,2.416,0.0,1.5818,0.57324432,0
8371,Q96JC1:Q9H270,0.9471534073048566,0.2498296723915919,0.3352787563313879,0.931687242798354,2.08,0.0,2.08,0.0,0.0,2.416,0.0,9.4687,47.582868736,1
8375,Q7Z304:Q86TV6,0.0107590732194545,0.0,0.8333333333333334,1.0,0.63,2.59,2.59,0.0,0.0,2.416,0.0,1.5818,9.898018592,0
8376,P17181:P20336,-0.2780251732808377,0.0909646834646834,0.3378183831672203,0.7443181818181818,0.84,3.66,3.66,0.5125,0.0,1.5978,0.0,2.1077,6.316931499795,0
8377,Q15797:Q9P126,-0.110857976877482,0.6571428571428571,0.9166666666666666,0.7375,0.23,0.0,0.23,0.0,0.0,2.013,0.0,1.1757,0.544337343,0
8378,A8MVA2:Q8NC69,0.0,0.0,0.9285714285714286,0.0,0.0,0.0,0.0,0.0,0.0,0.993,0.0,0.4364,0.4333452,0
8379,O60291:Q9NYP3,0.5472431189659501,0.0969636844636844,0.5982142857142857,1.0,0.41,0.0,0.41,0.0,0.0,0.0,0.0,0.7962,0.326442,0
8380,O95721:P15813,0.0147587596442307,0.1552374393283484,0.4288461538461537,0.5277777777777778,0.54,5.22,5.22,0.0,0.0,2.013,0.0,1.5818,16.621332948,0
8381,O60575:P32780,-0.0694503816367745,0.0,0.4796296296296296,0.9434782608695652,0.54,3.51,3.51,1.7092,0.0,2.013,0.0,0.7962,9.6153688525752,0
8383,P25398:Q13515,0.3704952246913685,0.1217532467532467,0.3733333333333333,0.9788732394366196,0.0,0.0,0.0,0.0,0.0,1.5978,0.0,0.7962,1.27216836,0
8384,P46527:Q8N8U9,0.2624306880683271,0.2015099979385693,0.4444444444444444,0.0,0.0,0.0,0.0,0.0,0.0,2.416,0.0,1.5818,3.8216288,0
8387,Q8IW35:Q96H22,0.216136944367665,0.2,0.7482142857142857,1.0,0.17,0.0,0.17,0.0,0.0,2.416,0.0,5.6875,2.33597,0
8388,B4DS77:Q969Q1,-0.0868750039650255,0.0875764921353156,0.2823129251700679,0.3959235209235209,0.29,0.0,0.29,0.9127,0.0,2.416,0.0,1.5818,1.0115201756704,0
8389,O60888:Q9H2L4,0.5854155021164409,0.0,1.0,1.0,0.41,0.0,0.41,0.0,0.0,1.5978,0.0,5.6875,3.725869875,0
8390,Q9BZ68:Q9NPE3,0.1139739054542781,0.0602157529678538,0.2261904761904762,0.0,0.54,0.0,0.54,0.9127,0.0,1.1933,0.0,0.4364,0.25665881979096,0
8391,O60262:P62879,-0.2436637810096208,0.5714285714285714,0.3307084449941593,0.9366925064599484,0.0,0.0,0.0,0.0,13.3811,1.5978,69.61,2.1077,3136.85657711189,1
8393,Q8TBZ8:Q9HCS7,0.7804842305499268,0.0574040682399815,0.2701814058956915,1.0,3.02,0.0,3.02,0.0,0.0,0.993,0.0,1.1757,3.525759702,0
8394,Q14BN4:Q92541,0.4898207624129496,0.1175082853654282,0.4547619047619048,0.8277777777777778,0.15,0.0,0.15,0.5125,0.0,2.416,0.0,18.4426,3.425344098,0
8395,P01597:Q9H1K4,-0.1910746917535982,0.1148358585858585,0.2222222222222222,0.3277777777777778,0.54,0.0,0.54,0.0,0.0,0.993,0.0,0.0,0.53622,0
8396,Q5SWA1:Q9Y6M5,0.2918867500760356,0.0965517815517815,0.2762103174603175,0.593148148148148,18.4,0.0,18.4,0.0,0.0,0.0,0.0,9.4687,174.22408,0
8397,P62847:Q9BYB0,-0.0829308516577782,0.1046112296112296,0.3727272727272727,0.8154761904761904,0.0,0.0,0.0,0.9127,0.6153,2.013,0.0,1.1757,1.32909265728647,0
8398,P99999:Q6A162,-0.1018489282491927,0.1964285714285714,0.903921568627451,0.998501872659176,0.24,0.0,0.24,0.0,0.0,1.5978,0.0,1.1757,0.4508480304,1
8399,O95777:P14678,0.7050535285909308,0.7103174603174602,0.4851279317697229,0.9495370370370372,118.38,0.0,118.38,2.3588,5.2693,2.013,24.11,9.4687,676166.611810015,1
8401,P25786:Q9Y5H4,0.1201438513995779,0.2333333333333333,0.3333333333333333,0.1666666666666666,0.41,0.0,0.41,0.0,0.0,1.1933,0.0,0.8888,0.4348480664,0
8402,Q16630:Q6B0B8,0.2324563195623298,0.0,1.0,0.875,0.41,3.84,3.84,0.0,0.0,2.013,0.0,1.1757,9.088066944,0
8403,O43809:Q7L0R7,0.3773387295541979,0.1,0.0,0.8464646464646464,0.41,0.0,0.41,0.0,0.0,1.5978,0.0,3.9008,2.5554062784,0
8405,O95391:Q9Y314,0.4337731162402084,0.0951178451178451,0.5142857142857143,0.6157407407407408,0.54,0.0,0.54,0.0,0.0,2.013,0.0,9.4687,10.292666274,0
8407,O75385:Q9UJY1,0.1891286647253994,0.3611111111111111,0.53,0.9756944444444444,0.54,0.0,0.54,0.9127,0.0,2.416,0.0,2.1077,2.5097330847456,0
8408,P61218:Q96S66,0.6998025725722681,0.0669642857142857,0.5739682539682539,0.1863636363636363,0.0,0.0,0.0,0.5125,0.0,0.0,0.0,3.9008,1.99916,0
8409,P10696:Q75N03,0.2013417585229991,0.0,0.3152380952380952,0.2616883116883117,0.0,0.0,0.0,0.0,0.0,0.0,0.0,0.7126,0.7126,0
8410,Q15070:Q96A35,0.5751021470647107,1.0,0.5945054945054944,0.25,0.0,3.51,3.51,0.0,3.1392,2.013,0.0,9.4687,210.019796787715,1
8411,P12830:P35222,0.0359695483231324,0.1643542418941194,0.4197172619047619,0.9380747126436784,0.64,3.86531,3.86531,0.0,15.4815,2.013,181.01,2.7714,60428.6543502972,1
8412,P16035:Q9H0Y0,0.501979773535971,0.1133026695526695,0.5,0.8342013888888888,0.23,0.0,0.23,0.0,0.0,1.5978,0.0,1.5818,0.5813020092,0
8413,P62263:Q8TAF7,0.150696501700117,1.0,0.25,0.3777777777777777,2.34,0.0,2.34,0.0,0.0,0.993,0.0,1.5818,3.675502116,0
