gene1,gene2,co-expression,BP,CC,MF,label,ppi
SMCP,TSPYL6,0.9999599158489237,0.1,0.35,0.9615384615384616,0,P49901:Q8N831
VENTX,ITGB3,0.2156811345703221,0.15184284772892365,0.3089118825100134,0.8414736164736164,0,O95231:P05106
HTRA3,HS1BP3,0.5270482594955831,0.14285714285714285,0.2,0.85,0,P83110:Q53T59
DNASE2,JDP2,0.6107051864289558,0.11409932659932659,0.18571428571428572,0.5265432098765431,0,O00115:Q8WYK2
FTL,SNF8,0.26582070347650866,0.08366742363605652,0.4753809523809523,0.9732142857142857,0,P02792:Q96H20
RNLS,RNLS,1.0,0.37229437229437234,0.875,0.5237012987012987,1,Q5VYX0:Q5VYX0
PPIL2,TMED3,0.4783368685692088,0.16984126984126982,0.27512755102040815,0.0,0,Q13356:Q9Y3Q3
SF3A3,IK,0.8657799519890707,0.44761904761904764,0.5341991341991342,1.0,-1,Q12874:Q13123
RPLP2,RPS3,0.9391906342890819,0.19542344248226598,0.5660110420979988,0.6262049941927991,-1,P05387:P23396
RPS23,RPL10A,0.9508005140672494,0.82,0.6422161172161173,0.7,-1,P62266:P62906
UBB,ANAPC13,0.2795160734384887,0.29357864357864355,0.125,1.0,-1,P0CG47:Q9BS18
TNNI3,TNNI3,1.0,0.2849494949494949,0.5854700854700854,0.83203125,1,P19429:P19429
HTATSF1,SNRPB,0.08284424450607217,0.7103174603174602,0.4851279317697229,0.9495370370370372,1,O43719:P14678
CEP63,ZNF302,0.60004206765584,0.1,0.25,0.8085470085470085,0,Q96MT8:Q9NR11
SCGB1D2,VBP1,-0.16393427973399238,0.0,0.32916666666666666,0.0,0,O95969:P61758
MRPS5,MRPL52,0.6521644675623078,1.0,0.43397727272727293,0.5,-1,P82675:Q86TS9
UBE2N,UBE2N,1.0,0.35549651766654206,0.6549523809523811,0.8576892109500807,1,P61088:P61088
DEFB109B,SH3BGRL3,0.0,0.14285714285714285,0.33888888888888885,0.2222222222222222,0,Q30KR1:Q9H299
GLYATL1B,ATP1B3,0.0765701909068929,0.06136454581832732,0.14773448773448772,0.11488095238095242,0,A0A0U1RQE8:P54709
RPS25,FUBP1,0.7804264893801858,0.07564102564102564,0.5800000000000001,0.845,0,P62851:Q96AE4
HUS1,RFC2,0.5628564507358176,0.3598290598290598,0.9433823529411766,0.7164902998236331,-1,O60921:P35250
IL6,DPCD,-0.0310197153073863,0.24206349206349206,0.6,1.0,0,P05231:Q9BVM2
RPS14,RPL36A,0.957703576210111,1.0,0.7161490683229814,0.6666666666666667,-1,P62263:P83881
H2BC11,UBE2D3,0.2246876010890319,0.09148599938073623,0.7893939393939394,0.7918595679012346,1,P06899:P61077
MRPL23,IL23A,0.1335251743909257,0.07567466547058384,0.39,0.8518518518518517,0,Q16540:Q9NPF7
NDUFB8,NDUFB2,0.5007467234236996,0.3844535094535095,0.6557692307692307,1.0,1,O95169:O95178
NOA1,MRPS18B,0.589682996573999,0.13095238095238096,0.28991477272727273,0.94,-1,Q8NC60:Q9Y676
EFNB1,ZBTB46,0.1851840882403453,0.11174242424242427,0.4666666666666666,0.17738095238095236,0,P98172:Q86UZ6
OST4,OSTC,0.7170570433578696,1.0,0.78125,0.7083333333333334,-1,P0C6T2:Q9NRP0
EIF1AX,SPANXD,-0.07524062041650227,0.0,0.6,1.0,0,P47813:Q9BXN6
CHCHD1,MRPL11,0.7673800091792558,1.0,0.4563131313131314,0.9108527131782945,-1,Q96BP2:Q9Y3B7
IGFBP5,CHODL,-0.06418597706972604,0.25,0.4236111111111111,0.8958333333333334,-1,P24593:Q9H9P2
EIF2S2,RPS24,0.6284226276339082,0.18214285714285713,0.7233766233766233,0.40952380952380946,-1,P20042:P62847
METTL15,MRPS33,0.5207469553115394,0.09545454545454546,0.27789256198347106,0.25,-1,A6NJ78:Q9Y291
TCTA,DIS3,0.25662981365039433,0.09247835497835499,0.3954648526077097,0.6654761904761904,0,P57738:Q9Y2L1
MRPL24,MRM2,0.6101536859647511,0.12176527176527174,0.5833333333333334,0.1,-1,Q96A35:Q9UI43
CSF2RA,EWSR1,0.03473545998046838,0.125,0.3488888888888889,0.9083333333333334,0,P15509:Q01844
RPS25,PA2G4,0.672090309398135,0.2525461466637937,0.41595238095238096,0.7083333333333333,-1,P62851:Q9UQ80
NPAS2,MRPL22,-0.031422919591701445,0.13392857142857142,0.1956168831168831,0.3333333333333333,0,Q99743:Q9NWU5
HSPD1,PEX5,-0.031042241419241334,0.24783111894944992,0.4340722495894909,0.7466244725738397,0,P10809:P50542
DSN1,L2HGDH,0.2947364567664542,0.22916666666666666,0.35000000000000003,0.16666666666666666,0,Q9H410:Q9H9P8
SSTR5,NELFCD,-0.0034783322688344436,0.1111111111111111,0.33022774327122156,0.953125,0,P35346:Q8IXH7
GTF2F1,SNAPC4,0.8482560629591473,0.6666666666666666,0.8,0.6009259259259259,-1,P35269:Q5SXM2
SEC61G,RPL37A,0.5512898350337829,0.08585858585858586,0.6724206349206349,0.6545454545454545,-1,P60059:P61513
RPL34,BRIX1,0.6692417732186378,0.12142857142857143,0.8333333333333334,0.7458333333333332,-1,P49207:Q8TDN6
NDUFB4,NDUFB2,0.5358009785122277,0.3844535094535095,0.6557692307692307,1.0,-1,O95168:O95178
NDUFA3,NDUFC2,0.3702925862588025,0.2043349507635222,0.480892857142857,0.7083333333333334,-1,O95167:O95298
SLITRK5,NSL1,0.3902170306908706,0.15555555555555556,0.26904761904761904,1.0,0,O94991:Q96IY1
POU3F2,SCN4B,0.46762287469985464,0.12837527056277057,0.18253968253968256,0.4524350649350649,0,P20265:Q8IWT1
ENO4,PRAF2,0.3989317786133603,0.059027777777777776,0.1661375661375661,0.16666666666666669,0,A6NNW6:O60831
LINS1,ACD,0.5861305995790373,0.0887996776885666,0.0,0.0,0,Q8NG48:Q96AP0
RPS17,RPS29,0.8898739956595924,1.0,0.7327891156462585,0.5555555555555556,-1,P08708:P62273
RPS2,CCDC124,0.2526689189118496,0.14444444444444446,0.5066666666666666,0.6041666666666666,-1,P15880:Q96CT7
NMD3,ARPC5L,0.2161158651890303,0.10173160173160173,0.33888888888888885,0.23928571428571427,0,Q96D46:Q9BPX5
CAMSAP2,COPS6,0.7339828501862705,0.08465608465608465,0.48124999999999996,0.9601190476190476,0,Q08AD1:Q7L5N1
ERCC2,CETN2,0.36464437584630144,0.2505896880896881,0.6301282051282052,0.9009009009009011,-1,P18074:P41208
EXOSC2,FBXL21P,-0.04997051266059773,0.1380952380952381,0.7932291666666667,0.7083333333333334,0,Q13868:Q9UKT6
RPL41,RPL18A,0.9446140487045709,1.0,0.7218614718614718,0.5833333333333334,-1,P62945:Q02543
EIF4EBP3,GSN,0.2286534130687133,0.07309246573952458,0.3893537414965986,0.9778751123090745,0,O60516:P06396
PPL,SNRPD3,0.22638996516140364,0.09959802102659246,0.3861382909328115,0.8857723577235771,0,O60437:P62318
SNU13,NOL7,0.5501682793401776,0.5416666666666666,0.5763888888888888,0.625,-1,P55769:Q9UMY1
CEP63,TAS2R8,0.09451953196929976,0.17777777777777778,0.38095238095238093,0.3238095238095238,0,Q96MT8:Q9NYW2
MCM7,ELOC,0.38160581347509187,0.10795206971677558,0.6265723270440251,0.9732704402515723,-1,P33993:Q15369
MRPL33,MRPS18B,0.37699022596018594,1.0,0.5086647727272727,0.31,-1,O75394:Q9Y676
SURF6,RPL12,0.697495994340429,0.11805555555555555,0.3864761904761905,0.4523809523809524,0,O75683:P30050
RPS15,CCDC124,0.4624581432098833,0.14444444444444446,0.5066666666666666,0.6041666666666666,1,P62841:Q96CT7
MRPL9,MRPS18B,0.573912634059629,1.0,0.5086647727272727,0.94,-1,Q9BYD2:Q9Y676
RPS19,CCDC124,0.28383394886798435,0.14444444444444446,0.5066666666666666,0.6041666666666666,-1,P39019:Q96CT7
MRPS31,GFM1,0.6736173758390867,0.25,0.7083333333333334,0.3663194444444444,-1,Q92665:Q96RP9
RPS9,RPS9,1.0,0.6023809523809525,0.669426406926407,0.5533333333333333,0,P46781:P46781
UCHL1,TRIM29,-0.14833030585771828,0.13035714285714287,0.17142857142857143,0.9527310924369746,0,P09936:Q14134
SLIRP,MRPL44,0.49088166656832244,0.11904761904761904,0.2947390572390572,0.5833333333333333,-1,Q9GZT3:Q9H9J2
PSMC1,PSMC5,0.6221148358406389,0.41024436090225563,0.8179197994987469,0.9313822751322751,1,P62191:P62195
NUP62,NUP107,0.8535088055157267,0.3839597902097902,0.4354166666666667,0.8875,-1,P37198:P57740
BTBD8,BRK1,-0.056847173082105615,0.08382173382173383,0.3743589743589744,0.0,0,Q5XKL5:Q8WUW1
CMC4,H2AC6,-0.16383033604954148,0.0,0.3125,0.0,0,P56277:Q93077
PRPH,RAC1,-0.07707737677838215,0.10751123163588147,0.7630407124681935,0.9104813762626263,0,P41219:P63000
TP53,RPA1,0.849867766170528,0.42177904400126615,0.9057347670250896,0.8325060532687654,1,P04637:P27694
TIMM50,KRT40,-0.08954839026246894,0.1625,0.46274509803921565,0.998501872659176,0,Q3ZCQ8:Q6A162
SPNS2,OTUB1,0.2882642313917827,0.11085631540176996,0.3666666666666667,0.24005891016200293,0,Q8IVW8:Q96FW1
RPL29,LYAR,0.23374494949100147,0.09549145299145298,0.3272727272727273,0.3928571428571428,-1,P47914:Q9NX58
CEP63,ANKIB1,0.6406539162198314,0.11805555555555555,0.3333333333333333,0.3968253968253968,0,Q96MT8:Q9P2G1
AKR7A3,CCNG1,0.013529181894258984,0.16801848944706088,0.4271604938271605,0.9571428571428571,0,O95154:P51959
RPLP2,RPS12,0.9582612753174504,0.6474358974358974,0.735070785070785,0.53125,-1,P05387:P25398
NDUFB6,MT-ND1,0.26050911627892015,0.33287419651056016,0.5953439153439153,0.5694444444444444,-1,O95139:P03886
GYPC,MPP1,0.828786232228469,0.0,0.6763888888888889,0.9730639730639732,1,P04921:Q00013
CLDN12,MLXIPL,0.30302176654376595,0.09407127594627594,0.4574074074074074,0.26626984126984127,0,P56749:Q9NP71
HNRNPA3,HIF1A,0.34801505419959433,0.06738498802905238,0.5529411764705883,0.8152679275019701,0,P51991:Q16665
NDUFA9,ARHGAP44,0.20551669945570816,0.11031838531838532,0.2001082251082251,0.5119047619047619,0,Q16795:Q17R89
EIF1,RPS15,0.6580449457200074,0.17254329004329003,0.4399470899470899,0.5428571428571428,-1,P41567:P62841
PES1,RPL10,0.6755177722341572,0.15029449716949717,0.6668498168498167,0.5069444444444444,-1,O00541:P27635
RPS15A,RPS13,0.9771570112751672,0.6994047619047619,0.6767857142857142,0.6355555555555554,1,P62244:P62277
GNG2,STRA8,0.31972586995528185,0.14714452214452214,0.275,1.0,0,P59768:Q7Z7C7
PPP2R3C,NSL1,0.5850605456202389,0.16984126984126982,0.6505952380952381,1.0,0,Q969Q6:Q96IY1
EIF1AD,NOB1,0.6599629332877512,0.1263227513227513,0.5555555555555556,0.5107142857142858,-1,Q8N9N8:Q9ULX3
CENPC,CENPS,0.26170053171571606,0.2571012321012321,0.6448717948717947,0.809375,-1,Q03188:Q8N2Z9
RPL31,EBNA1BP2,0.4389050886004425,0.13392857142857142,0.2761904761904762,0.8125,-1,P62899:Q99848
MBD3,MBD3,1.0,0.29074546485260777,0.44010416666666663,0.9583333333333335,1,O95983:O95983
H2BC10,SLC39A9,0.3470961190727587,0.08773726273726273,0.3208333333333333,0.8709595959595959,0,P62807:Q9NUM3
TIGD1,MID2,0.18626302846581133,0.0,0.14666666666666667,0.9852627257799672,0,Q96MW7:Q9UJV3
SKA2,ZFYVE1,0.27643166061356084,0.16936507936507933,0.26304347826086955,0.5380952380952381,0,Q8WVK7:Q9HBF4
CUL4B,VPS51,0.45094275840969505,0.1280812324929972,0.30961538461538457,1.0,0,Q13620:Q9UID3
KIT,EXOSC4,-0.031049943977836322,0.11952335858585858,0.31721230158730157,0.9349587912087913,0,P10721:Q9NPD3
PSMB10,TOMT,-0.10147911380340736,0.16394300144300145,0.3333333333333333,0.125,0,P40306:Q8WZ04
NSA2,RPL22,0.9541516104005191,0.10277777777777777,0.18903769841269843,0.3114942528735632,-1,O95478:P35268
GJA9,H2AZ2,-0.008160267097179418,0.13333333333333333,0.1349206349206349,0.11696428571428572,0,P57773:Q71UI9
CXCL12,SLAMF1,-0.10001057495920637,0.1895073815073815,0.3759920634920635,0.8386363636363636,0,P48061:Q13291
GABRA1,GABRB2,0.9869441586234592,0.32559523809523805,0.4271164021164021,0.4831168831168831,1,P14867:P47870
EEF2,CHP1,-0.045680793343621816,0.10126929522090813,0.5211484593837534,0.6368253968253968,0,P13639:Q99653
MRPS5,MRPL23,0.44540868684041757,1.0,0.5292424242424242,0.3611111111111111,-1,P82675:Q16540
TIMM8A,PRPS1,0.5796797987282347,0.25167761531397903,0.19166666666666665,0.9563864087301587,0,O60220:P60891
GRB2,PPP2R3C,0.5576477747125393,0.17458236208236208,0.5083333333333333,0.9272727272727272,0,P62993:Q969Q6
HLA-E,BECN1,0.3453634425666058,0.14395053475935826,0.3443036354326677,0.9707207207207208,0,P13747:Q14457
NDUFS1,NDUFV1,0.6595458466446616,0.6044683257918552,0.4863636363636363,0.8356812169312169,1,P28331:P49821
H2BC11,H2BC11,1.0,0.303940503940504,0.48854166666666665,0.7037037037037037,1,P06899:P06899
HLA-E,GCK,-0.19729606359044383,0.11561432168049816,0.48000000000000004,0.32814009661835747,0,P13747:P35557
PABPC1,CAB39,0.5885163589773506,0.1073502886002886,0.38277777777777783,0.8754578754578756,0,P11940:Q9Y376
EPS15,VPS11,0.6263446533776347,0.2237911211595422,0.2400793650793651,0.931687242798354,0,P42566:Q9H270
VDAC1,EMC10,-0.011233135180305947,0.10970017636684302,0.4222222222222223,0.2,0,P21796:Q5UCC4
SNRPD1,IK,0.5330158513216484,0.443859649122807,0.5341991341991342,1.0,-1,P62314:Q13123
CNTNAP3B,SMG9,0.1390710243499357,0.12773139558853844,0.5,0.0,0,Q96NU0:Q9H0W8
SPDYE5,IL13RA1,0.1543188964391802,0.0,0.0,0.28968253968253965,0,A6NIY4:P78552
H2BC11,KMT5B,0.07766062811107628,0.5569444444444445,0.7416666666666667,0.26072390572390575,0,P06899:Q4FZB7
H2AZ1,HOMER2,-0.2943670775893439,0.10256358225108225,0.2877777777777778,0.7470238095238095,0,P0C0S5:Q9NSB8
SNRPF,ARMC7,0.27025419596623174,0.625,1.0,1.0,-1,P62306:Q9H6L4
HOXD12,TMIGD2,-0.08574373305497576,0.10631868131868132,0.29166666666666663,0.6,0,P35452:Q96BF3
NDUFA8,DENND5A,0.1327854947751106,0.11746031746031745,0.1721428571428571,0.35238095238095235,0,P51970:Q6IQ26
OR52R1,KRTAP4-9,-0.0205162781516132,0.125,0.22916666666666666,0.0,0,Q8NGF1:Q9BYQ8
MRPL47,DDX28,0.630001982010915,0.09722222222222221,0.54,0.13733766233766234,-1,Q9HD33:Q9NUL7
RPLP2,RPS24,0.8507516019717694,0.48839285714285713,0.7233766233766233,0.6476190476190476,-1,P05387:P62847
SMAD9,ELOF1,0.12418032844029787,0.1,0.3333333333333333,0.6125,0,O15198:P60002
EFTUD2,ARMC7,0.3633905009923532,0.625,1.0,1.0,-1,Q15029:Q9H6L4
MRM3,MRPS18A,0.5986295972811999,0.13392857142857142,0.2378246753246753,0.24999999999999997,-1,Q9HC36:Q9NVS2
ZBTB8OS,USP29,0.1268353561645477,0.07866704374057315,0.4666666666666666,0.3482142857142857,0,Q8IWT0:Q9HBJ7
EIF1,PDCD4,-0.0028687184524304765,0.10674734987234986,0.6000000000000001,0.9605263157894737,0,P41567:Q53EL6
SIGLEC6,EVI2B,0.2612836354286764,0.14903799903799902,1.0,1.0,0,O43699:P34910
TULP3,WDR19,0.846724540471083,0.1581320726057568,0.5736111111111111,1.0,1,O75386:Q8NEZ3
RPS23,RPS24,0.9344761640314183,0.48839285714285713,0.7233766233766233,0.6476190476190476,-1,P62266:P62847
EXOC3L4,PIWIL1,-0.04189526062499737,0.1063034188034188,0.1375,0.5005291005291006,0,Q17RC7:Q96J94
GSK3B,ZNF517,0.5179370270997464,0.25,1.0,0.17500000000000002,0,P49841:Q6ZMY9
MYF5,ZNF835,-0.10567309992500394,1.0,0.2,0.9641339869281047,-1,P13349:Q9Y2P0
RPS28,RPL19,0.9186889134469355,1.0,0.6576719576719576,0.5384615384615384,1,P62857:P84098
PSMD11,UBB,0.2424282934143265,0.12749139910859086,0.8327278521351179,0.9742424242424242,-1,O00231:P0CG47
RPS24,RPL24,0.9581817534911048,0.6277777777777777,0.6696649029982362,0.5892857142857143,-1,P62847:P83731
H3C1,RNF2,0.35022060248839854,0.22622766122766125,0.6379928315412186,0.9554391932211482,-1,P68431:Q99496
UBE2I,TRAF4,0.021651238345343878,0.16988779194661546,0.4690476190476191,0.9633968253968255,1,P63279:Q9BUZ4
DTWD1,POLR3E,0.5665966622207635,0.0625,0.16213017751479292,0.0,0,Q8N5C7:Q9NVU0
TRAV24,TRBC2,0.8952160334743373,0.4112554112554112,0.7083333333333334,0.0,1,A0A0B4J272:A0A5B9
TRIM77,HSPA1B,-0.02724939819647101,0.1578270381579205,0.46185897435897433,0.12660098522167487,0,I1YAP6:P0DMV9
GTPBP6,MRPL58,0.5311704012094676,0.0,0.2697390572390572,0.10555555555555554,-1,O43824:Q14197
RPS28,UTP6,0.7174965704505977,0.5416666666666666,0.5481481481481482,0.9,-1,P62857:Q9NYH9
PITPNA,ACTR5,0.6040685797737919,0.11726699226699226,0.37777777777777777,1.0,0,Q00169:Q9H9F9
RBP4,KRTAP5-2,0.0,0.0,0.3333333333333333,1.0,0,P02753:Q701N4
ZYX,ANKIB1,0.26404889969968176,0.09545454545454546,0.5833333333333334,0.3968253968253968,0,Q15942:Q9P2G1
RPL39,PCSK9,-0.12282693810728108,0.14069264069264067,0.3821789321789321,0.22128159905937683,1,P62891:Q8NBP7
HSPD1,CEP70,-0.0592080731946373,0.13846153846153847,0.9513888888888888,0.997979797979798,1,P10809:Q8NHQ1
LAMTOR5,SLC22A11,0.3546923982853101,0.15833333333333333,0.2777777777777778,0.33535714285714285,0,O43504:Q9NSA0
DDX46,SF3B6,0.7842511484683025,0.7357142857142857,0.6099773242630384,0.7444444444444445,-1,Q7L014:Q9Y3B4
GPKOW,CRIPT,0.6806418770704585,0.20756302521008402,0.27666666666666667,0.7666666666666666,-1,Q92917:Q9P021
SEC22B,ZNF232,0.2990704953900369,0.125,0.4666666666666666,0.926797385620915,0,O75396:Q9UNY5
POLR2A,TAF5,0.8042291311288929,0.2662820151984238,0.6851063829787236,0.8125,0,P24928:Q15542
EIF3H,EIF3L,0.9324128324243585,0.7208333333333333,0.5833333333333333,0.8333333333333334,1,O15372:Q9Y262
EIF3G,EIF2S2,0.5863332737478747,0.425,0.7992063492063491,0.8447154471544716,-1,O75821:P20042
ASGR1,ADHFE1,0.22396838895241636,0.1111111111111111,0.2,0.3282828282828283,0,P07306:Q8IWW8
RNASE9,DNAJC14,0.4804219373672296,0.07692307692307693,0.375,0.27777777777777773,0,P60153:Q6Y2X3
PIANP,IL17C,0.023305237991568348,0.4259259259259259,0.5,0.3333333333333333,0,Q8IYJ0:Q9P0M4
GTPBP6,MRPL21,0.6897535057702914,0.0,0.2491258741258741,0.16666666666666666,-1,O43824:Q7Z2W9
SLC9A9,MED18,0.1587285622979967,0.08053221288515407,0.18027210884353742,0.9555555555555557,0,Q8IVB4:Q9BUE0
SLC30A2,MAB21L2,-0.06417452486009298,0.12142857142857143,0.625,1.0,0,Q9BRI3:Q9Y586
APPBP2,PBX4,0.21342484827262148,0.12367724867724868,0.45555555555555555,0.9800000000000001,0,Q92624:Q9BYU1
LMO2,TNFAIP8L3,0.18580283989534446,0.07057748538011696,0.5555555555555556,0.5071428571428571,0,P25791:Q5GJ75
MRPL3,WASH2P,0.15716864100973002,0.10722222222222222,0.18656462585034017,0.1488095238095238,0,P09001:Q6VEQ5
EEF2,ANKRD26P1,-0.0687070623747155,0.0,0.0,1.0,0,P13639:Q6NSI1
SUB1,IL16,0.3185747521433686,0.10963304372395279,0.3944444444444444,0.9838187702265372,0,P53999:Q14005
CCT8L2,MED9,0.15022958347611995,0.08928571428571429,0.1611111111111111,0.9404761904761906,0,Q96SF2:Q9NWA0
SHC1,CSF3R,-0.06909726087279806,0.28210227272727273,0.5772727272727273,0.6527777777777778,1,P29353:Q99062
GFRA3,DCAF4,0.17458568923643786,0.09090909090909091,0.39285714285714285,1.0,0,O60609:Q8WV16
PSMA1,CLCN2,0.07120035035166786,0.15601422387136674,0.31147186147186146,0.2294990723562152,0,P25786:P51788
RPS6,PA2G4,0.7244298644578464,0.3015079365079365,0.41595238095238096,0.7083333333333333,-1,P62753:Q9UQ80
NDUFB8,NDUFB10,0.3144052367829738,0.3496969696969697,0.6803571428571428,0.1875,1,O95169:O96000
CYP27A1,NELFA,-0.17386835724196223,0.06034080298786181,0.20119047619047617,0.24500000000000002,0,Q02318:Q9H3P2
RPS21,CCDC124,0.34361228568431823,0.14444444444444446,0.47333333333333333,0.6041666666666666,-1,P63220:Q96CT7
HNF4A,PCBP2,-0.2767389642371263,0.15830093710898666,0.6587962962962962,0.5965686274509804,0,P41235:Q15366
ETF1,FAU,0.6362321345982038,0.15317460317460319,0.7694677871148459,0.36904761904761907,-1,P62495:P62861
TRDC,CD3D,0.6533550701978066,0.2691094619666048,0.7244832041343667,0.0,1,B7Z8K6:P04234
CSNK1A1,SLX9,0.4637060287287252,0.1,0.24074074074074078,1.0,-1,P48729:Q9NSI2
SPEGNB,SLC25A26,0.4934062729205947,0.0,0.0,0.10437710437710439,0,A0A087WV53:Q70HW3
RPS17,CSNK1A1,0.5490995884369142,0.1414125729343121,0.7639880952380953,0.1844465058750773,-1,P08708:P48729
FGF2,ABHD3,-0.15895767259219806,0.10858585858585859,0.3333333333333333,0.11166666666666666,0,P09038:Q8WU67
MRPS11,MRPL2,0.7226113044613715,1.0,0.5292424242424242,0.7916666666666666,-1,P82912:Q5T653
PRMT3,RPS2,0.6452727594929814,0.2027777777777778,0.7024363233665558,0.7480769230769231,1,O60678:P15880
POLR1B,IKZF2,0.6847710814871103,0.08333333333333333,0.25,0.7290123456790123,0,Q9H9Y6:Q9UKS7
GNG10,TMEM199,0.4204247134518482,0.10746031746031748,0.2107142857142857,0.95,0,P50151:Q8N511
DUSP14,AOC1,-0.2505475739191905,0.1111111111111111,0.0,0.44090136054421764,0,O95147:P19801
CBLN3,DZIP1,0.3480466448934575,0.10984466921966922,0.36052631578947364,0.0,0,Q6UW01:Q86YF9
SNRNP70,SNRNP40,0.6169516352395789,0.5566666666666666,0.6439440993788818,0.9659090909090909,-1,P08621:Q96DI7
EFNB1,TCIRG1,0.20412954652520202,0.15614947383240063,0.26988888888888884,0.65,0,P98172:Q13488
MBP,CRAT,-0.14773081618263287,0.11726190476190476,0.3194444444444445,0.1146384479717813,0,P02686:P43155
UQCR11,NDUFA6,0.8258882140776377,0.2882936507936508,0.6416666666666665,0.2,-1,O14957:P56556
HTR1A,CNTNAP3B,-0.17535687432462413,0.2,1.0,0.0,0,P08908:Q96NU0
OSTN,ZCCHC8,-0.15197331273829642,0.1272222222222222,0.35757575757575755,0.8511363636363636,0,P61366:Q6NZY4
SEPTIN5,SEPTIN10,-0.35030665689741114,0.5833333333333334,0.35357142857142854,0.6961805555555556,1,Q99719:Q9P0V9
ZFAND5,PSMC3,0.5785355980305542,0.08583638583638582,0.4583959899749374,0.9108024691358025,1,O76080:P17980
CCK,TIGAR,-0.020047594329656786,0.1456825396825397,0.42083333333333334,0.7,0,P06307:Q9NQ88
HSD17B14,BEX1,0.3127571229988984,0.09072128851540617,0.31666666666666665,0.8696078431372549,0,Q9BPX1:Q9HBH7
LAMTOR4,CACNG8,-0.16135589431551303,0.18213329879996545,0.15055096418732783,0.15416666666666667,0,Q0VGL1:Q8WXS5
IL15,SPATC1L,-0.026210971611853193,0.13425925925925924,0.41666666666666663,0.9895833333333334,0,P40933:Q9H0A9
HAND1,PNLIPRP2,-0.05289657855806827,0.1066242784992785,0.37857142857142856,0.1772875816993464,0,O96004:P54317
CEP70,SPATA32,0.7290957320749281,0.08333333333333333,0.5,0.8333333333333334,0,Q8NHQ1:Q96LK8
RPL13,EEF1A1,0.827404947794208,0.426025641025641,0.4544047619047619,0.7121604938271605,-1,P26373:P68104
DIMT1,RCL1,0.498924900952928,0.30929487179487175,0.7277777777777779,0.2125,1,Q9UNQ2:Q9Y2P8
LEO1,NDUFB11,0.3244564651226179,0.09120370370370372,0.1868131868131868,1.0,0,Q8WVC0:Q9NX14
NRIP1,ASB11,0.040864083677208736,0.09507992007992007,0.68125,0.25,0,P48552:Q8WXH4
RPL9,EIF6,0.5091139657424619,0.09930865702924527,0.3554112554112554,0.8013888888888889,-1,P32969:P56537
MRPL48,MTRFR,0.4896238309909436,0.15000000000000002,1.0,0.6489795918367348,-1,Q96GC5:Q9H3J6
CD3G,PMP22,-0.057582092866936434,0.17842261904761905,0.621031746031746,1.0,-1,P09693:Q01453
ATP5PD,RPSA,0.05654588373495767,0.09361471861471861,0.20740740740740737,0.782051282051282,0,O75947:P08865
CBL,TTLL10,0.41806881726263223,0.14285714285714285,1.0,0.8874223602484471,0,P22681:Q6ZVT0
ATP5MG,ATP5PO,0.7407101825710422,0.8117647058823529,0.48863636363636365,0.9280000000000002,-1,O75964:P48047
GTF2F2,VAMP7,0.6224308129921002,0.08708432090785032,0.2327984817115251,0.8857142857142858,0,P13984:P51809
SFTPC,DUS3L,0.011289685102397272,0.08939393939393939,0.0,0.2873015873015873,0,P11686:Q96G46
RPL14,RPL11,0.8828131189664384,0.3308206413469571,0.6087797619047619,0.8271103896103899,1,P50914:P62913
OXA1L,MRPL4,0.7273759660664997,1.0,0.632142857142857,0.6785714285714286,-1,Q15070:Q9BYD3
SF3B4,CYP4F11,-0.2271464213953669,0.12992724867724867,0.25,0.2596560846560847,0,Q15427:Q9HBI6
MRPS14,MRPL9,0.7230346605310815,1.0,0.5248484848484848,0.7,-1,O60783:Q9BYD2
PCSK9,FBXO17,0.19197120616550467,0.3055555555555555,0.4807692307692308,0.9722222222222222,0,Q8NBP7:Q96EF6
RBM17,BLOC1S6,0.7403635988115158,0.07305139570871447,0.26160714285714287,0.9567099567099566,0,Q96I25:Q9UL45
PSMA7,PSMB2,0.7809661522426701,0.6944444444444443,0.8010849909584088,1.0,1,O14818:P49721
RPL23A,SERPINI1,-0.316569142835848,0.09145299145299145,0.3380952380952381,0.125,0,P62750:Q99574
DNTTIP2,UTP15,0.8868516585985985,0.25746753246753246,0.47074074074074074,0.8333333333333334,-1,Q5QJE6:Q8TED0
BUD31,SNRPD1,0.7112186480219174,0.6212585034013605,0.41324884792626726,0.8574074074074074,-1,P41223:P62314
HBD,RAB11B,-0.08583969842751937,0.13839586339586338,0.28584656084656085,0.8039562289562291,0,P02042:Q15907
MRC1,NAE1,0.0493319695907927,0.08659497068587978,0.4351851851851852,0.816017316017316,0,P22897:Q13564
LSM3,SNW1,0.7793953308826829,0.1977288271461204,0.8085581085581085,0.9504273504273505,-1,P62310:Q13573
SF3A3,CHCHD5,0.4789114544108609,0.14285714285714285,0.3703703703703704,1.0,0,Q12874:Q9BSY4
BYSL,TRMT112,0.6751782473370711,0.34516488413547236,0.5175925925925926,0.9244047619047618,-1,Q13895:Q9UI30
NGDN,IMP3,0.6335930443916482,0.543560606060606,0.4458333333333333,0.893103448275862,-1,Q8NEJ9:Q9NV31
CDC27,FBXO5,0.6979605630646439,0.1824089905820675,0.692156862745098,0.746790890269151,1,P30260:Q9UKT4
POLB,ADPGK,-0.007665136591781449,0.10897435897435898,0.32999999999999996,0.325,0,P06746:Q9BRR6
NDUFAF5,PDPN,0.23642832101277245,0.14293049543049544,0.2342664092664092,0.7434920634920634,0,Q5TEU4:Q86YL7
KIF21B,UBE2L3,0.09909486422112085,0.1194251581751582,0.5126984126984127,0.7402777777777777,0,O75037:P68036
NOC3L,RPF1,0.7922621904003135,0.16666666666666666,0.7777777777777778,0.6,-1,Q8WTT2:Q9H9Y2
EXOSC9,SULF1,0.15064120514863377,0.12480798771121353,0.3833333333333333,0.17716049382716048,0,Q06265:Q8IWU6
BUD23,RPS4X,0.33456962196976114,0.13487103174603177,0.39470238095238097,0.7369565217391304,-1,O43709:P62701
PSMC3,EPHA8,-0.11595375455189896,0.08104020465131576,0.8433333333333333,0.14231601731601734,0,P17980:P29322
RNF20,CDC73,0.806570565213911,0.19696194736635914,0.7590909090909093,0.9805194805194806,1,Q5VTR2:Q6P1J9
MDM2,KAT2B,0.11476868861326334,0.18818565003655066,0.7416666666666666,0.5305250627925048,1,Q00987:Q92831
EIF3J,FAU,0.38844649929183483,0.16161616161616163,0.7694677871148459,0.36904761904761907,1,O75822:P62861
C9orf78,PPIE,0.6075758689407342,0.38099415204678366,0.6574646074646076,0.6701058201058201,0,Q9NZ63:Q9UNP9
WDR12,RPL36,0.5652215437055358,0.11388888888888889,0.39312169312169304,0.5833333333333334,-1,Q9GZL7:Q9Y3U8
NUP133,NDC1,0.5708654892512623,0.3827922077922078,0.798892580287929,0.625,-1,Q8WUM0:Q9BTX1
NOTCH1,APH1A,0.62363472456322,0.3206597222222222,0.5917162698412699,0.9131274131274133,-1,P46531:Q96BI3
TIGD3,TP53INP1,0.20129934817093634,0.0,0.36153846153846153,0.9583333333333333,0,Q6B0B8:Q96A56
H2BC11,CMTM6,0.33929246253593615,0.13095238095238096,0.6642857142857144,1.0,0,P06899:Q9NX76
FST,PRSS42P,-0.06571359276907135,0.4444444444444445,0.5833333333333333,0.14285714285714285,0,P19883:Q7Z5A4
PRKRIP1,NOSIP,0.552362746515635,0.13425925925925924,0.4428571428571429,0.6157407407407408,0,Q9H875:Q9Y314
ETF1,RPS6,0.658581103560259,0.1245461609097973,0.6630952380952381,0.6885964912280702,-1,P62495:P62753
CRHR2,UCN3,0.06961474923629,0.21865079365079362,0.5555555555555556,0.4066666666666666,1,Q13324:Q969E3
MYO1D,MED31,0.05505016918380111,0.10813492063492063,0.2583333333333333,0.7851851851851851,0,O94832:Q9Y3C7
MRPL33,OXA1L,0.325244062135644,0.1664085914085914,0.4404761904761905,0.20915750915750914,-1,O75394:Q15070
NUP54,NUP43,0.8037004199301095,0.32023809523809527,0.33463541666666663,1.0,-1,Q7Z3B4:Q8NFH3
RRAGC,LAMTOR2,0.4210779883296407,0.4078266178266178,0.7029261518623224,0.9435626102292768,1,Q9HB90:Q9Y2Q5
RPS23,RPS27A,0.9242679473329964,0.5902777777777778,0.8273681515617,0.7761111111111111,-1,P62266:P62979
RPS19,RPS18,0.9612739821212366,1.0,0.6919501133786847,0.62,1,P39019:P62269
RAD1,AKT2,0.6079535946048416,0.111972417171997,0.4761363636363637,0.5270833333333333,0,O60671:P31751
NUP214,AAAS,0.5672629437068707,0.315260594106748,0.7114010989010987,1.0,-1,P35658:Q9NRG9
NUP88,NUP58,0.7487163427873953,0.3829365079365079,0.9274509803921569,0.9854014598540146,-1,Q99567:Q9BVL2
REV1,POLH,0.4705670889456177,0.30726551226551224,0.8438596491228069,0.5775,1,Q9UBZ9:Q9Y253
DHRS12,SIAH1,0.4980022175830879,0.0,0.0,0.24051020408163265,0,A0PJE2:Q8IUQ4
NDUFS6,MT-ND4L,0.14801052742132886,0.41439393939393937,0.6142857142857142,1.0,-1,O75380:P03901
MTIF2,MRPS7,0.7126926541655704,0.1611111111111111,0.1914335664335664,0.7222222222222222,-1,P46199:Q9Y2R9
MT-CYB,MT-ND5,0.8162648889509959,0.26517857142857143,0.6027777777777777,0.5,-1,P00156:P03915
TNNI3,TNNT2,0.9700159757083294,0.3729166666666666,0.6978395061728395,0.6,1,P19429:P45379
H2AC4,RNF2,0.3357049796454705,0.2219877344877345,0.22489992086766278,0.9554391932211482,1,P04908:Q99496
HEATR6,MRPL40,0.35295277540147363,0.0,0.0,0.34375,0,Q6AI08:Q9NQ50
PENK,MRGPRX1,0.2398538607551506,0.645,0.6666666666666666,0.18333333333333335,1,P01210:Q96LB2
FAM27E3,FITM2,0.0023389044375273192,0.0,0.0,0.6845238095238094,0,Q08E93:Q8N6M3
RPS21,RACK1,0.8709173541447429,0.12326580690551278,0.5023809523809524,0.8351882613510518,-1,P63220:P63244
CENPA,CENPO,0.6348338915385039,0.1875,0.7392857142857142,1.0,-1,P49450:Q9BU64
COX6A1,COX6A1,1.0,0.6333333333333333,0.6301020408163265,0.7,0,P12074:P12074
TAF11L7,MYD88,0.0,0.06998383490845463,0.1447216786257882,0.41723214285714294,0,P0DW12:Q99836
ENO1,EIF4A1,0.6683820877110973,0.13829365079365077,0.667063492063492,0.6450680272108844,0,P06733:P60842
MRPS25,MRPS11,0.5206342926309151,1.0,0.521969696969697,0.5166666666666666,-1,P82663:P82912
KLHL2,DIPK2B,-0.06488035501405726,0.0,0.5,0.0,0,O95198:Q9H7Y0
SPAG9,ARF6,0.08599613125852582,0.18167979681137572,0.3172619047619047,0.6935185185185184,1,O60271:P62330
IL15,IL15,0.9999999999999998,0.1978250244379277,0.6601190476190476,0.738095238095238,1,P40933:P40933
RPL28,CORO7,0.449794104532133,0.1209096459096459,0.4928571428571428,0.875,0,P46779:P57737
MRPL54,MRM3,0.6430031020252118,0.10795454545454546,0.5625,0.8173913043478263,-1,Q6P161:Q9HC36
TRAPPC2,POLI,0.4784948723432665,0.0991161616161616,0.8333333333333334,0.8404761904761904,0,P0DI81:Q9UNA4
PRIM1,TIPIN,0.8877297370889045,0.11855042016806723,0.5142857142857143,0.925,0,P49642:Q9BVW5
ZDHHC16,MRPL17,0.6633682990784894,0.2,0.23223443223443227,0.8125,0,Q969W1:Q9NRX2
ESS2,CWC15,0.8065645947834206,1.0,0.42038690476190477,0.7857142857142857,0,Q96DF8:Q9P013
RPL12,LYAR,0.23453261331071332,0.08904151404151403,0.6454545454545455,0.7782608695652173,-1,P30050:Q9NX58
RRP9,PWP2,0.5880133585636367,0.4006410256410256,0.6476190476190478,0.625,-1,O43818:Q15269
H2BC18,ASXL1,0.2388064157383304,0.0,0.4999999999999999,0.3856516290726817,0,Q5QNW6:Q8IXJ9
KDM1A,KLF1,-0.16326558522558463,0.48301498939656834,0.5800000000000001,0.7569380440348182,0,O60341:Q13351
S100G,ALDH8A1,-0.03316084662359854,0.0,0.3333333333333333,0.14285714285714285,0,P29377:Q9H2A2
FOXH1,ZFP36,-0.1841929660482679,0.13014199299094614,0.3515238095238095,0.7418898809523811,0,O75593:P26651
AMBP,AMIGO2,-0.13512790910662761,0.23677248677248677,0.7222222222222223,1.0,0,P02760:Q86SJ2
WDR36,IMP4,0.7971627305258988,0.7727272727272727,0.4145833333333333,0.375,-1,Q8NI36:Q96G21
UBD,CHAF1A,0.0,0.1636363636363636,0.3261904761904762,0.9696969696969697,0,O15205:Q13111
UBL5,RBMX2,0.5353774282831393,0.7666666666666667,0.3727106227106229,0.8928571428571429,-1,Q9BZL1:Q9Y388
RPL31,NOC3L,0.7461008536130148,0.15476190476190477,0.2866666666666666,0.75,-1,P62899:Q8WTT2
PIGP,PITX2,0.3282780576030293,0.06763025278814752,0.27662337662337666,0.7796072101156847,0,P57054:Q99697
USP46,IQCC,0.32438066116918657,0.0,0.0,1.0,0,P62068:Q4KMZ1
SNRNP70,SNRPE,0.4012379888334786,0.6498168498168497,0.4571986607142857,0.9791666666666666,1,P08621:P62304
NKX2-4,BCAP29,0.3729027214956833,0.31857142857142856,0.4166666666666667,1.0,0,Q9H2Z4:Q9UHQ4
PFDN6,PFDN4,0.8146906756621205,0.82,0.5595238095238095,0.9333333333333332,1,O15212:Q9NQP4
MPC2,SNRPB,-0.17744072658497145,0.08874579124579124,0.21476707372229759,0.9495370370370372,0,O95563:P14678
SNRPG,STEEP1,0.5414484185876545,0.1114996114996115,0.5990196078431372,0.75,0,P62308:Q9H5V9
HLA-F,KIR3DL1,0.46417318382891853,0.5714285714285714,1.0,0.7992424242424242,1,P30511:P43629
KLHL38,MRPL41,0.21104555642560452,0.14177489177489178,0.1796875,0.5,0,Q2WGJ6:Q8IXM3
DLL1,HSD17B14,-0.07800622671317882,0.14285714285714285,0.5,0.9547413793103449,0,O00548:Q9BPX1
PBX3,TDRKH,-0.10233306119296465,0.14693877551020407,0.15857142857142859,0.19183673469387755,0,P40426:Q9Y2W6
PRPS2,PPIL4,0.5457405633538053,0.07142857142857142,0.5333333333333333,0.4583333333333333,0,P11908:Q8WUA2
KRAS,CSTF2T,0.4955266804920144,0.125,0.4416666666666667,0.9079999999999999,0,P01116:Q9H0L4
UCN3,VPREB3,-0.021835426100600377,0.3333333333333333,0.48333333333333334,0.0,0,Q969E3:Q9UKI3
MED7,GOLGA1,0.8077243947424323,0.0,0.3161111111111111,1.0,0,O43513:Q92805
H2AX,ZNF365,0.17606925790898098,0.14947327415814812,0.7777777777777777,0.7833333333333333,0,P16104:Q70YC5
EIF2S1,NR4A3,0.32317636250257853,0.1276879601879602,0.4204081632653061,0.7958520515124291,0,P05198:Q92570
UBE2D1,FKBP8,0.36065934274590106,0.1350555970365659,0.44814814814814813,0.9335858585858586,0,P51668:Q14318
FOXD4L6,EXOC1,-0.09765159183170864,0.1420238095238095,0.3833333333333333,0.9693877551020408,0,Q3SYB3:Q9NV70
GOLGA8CP,PLRG1,-0.04962935497582168,0.08597883597883599,0.23934676434676438,0.0,0,A6NN73:O43660
EIF4E3,GABARAPL1,0.4923714541221981,0.1519047619047619,0.4974358974358975,0.9638694638694637,0,Q8N5X7:Q9H0R8
NEXN,FNIP2,0.4356084271713082,0.1337920016491445,0.4309523809523809,0.9272727272727272,0,Q0ZGT2:Q9P278
POLA1,CLSPN,0.5851090298842934,0.17179292929292928,0.7333333333333331,0.7866666666666666,0,P09884:Q9HAW4
PRPF4,SNRPF,0.880926844028594,0.7349816849816849,0.48805418719211824,0.9776119402985075,1,O43172:P62306
BCL2A1,ZNF343,-0.045507109113868335,0.1,0.2,0.875352733686067,0,Q16548:Q6P1L6
HLA-DQB1,RPP30,0.48499718985032103,0.09166666666666667,0.24342403628117912,0.75,0,P01920:P78346
GSPT2,MED11,0.21029426460406436,0.09380570409982175,0.2599206349206349,0.8944444444444444,0,Q8IYD1:Q9P086
CDH1,RPL27,0.09846082158492116,0.1326984126984127,0.39293650793650786,0.475,-1,P12830:P61353
NDUFB8,PDE11A,-0.132037258870909,0.08969155844155843,0.2,0.08404262404262405,0,O95169:Q9HCR9
RPL41,UBA52,0.7242641210063001,0.7023809523809524,0.8296723460026213,0.8333333333333333,-1,P62945:P62987
CBX5,BAP1,0.43751036686205574,0.1196243720437269,0.5714285714285714,0.667037037037037,-1,P45973:Q92560
ARPC4,CFAP45,0.008813628721499506,0.09246031746031746,0.3458333333333334,0.78125,0,P59998:Q9UL16
PSMD2,PSMB7,0.8259262730834431,1.0,0.7994331065759637,0.9530423280423279,-1,Q13200:Q99436
BDP1,POLR3C,0.8848160274175092,0.06326928432191589,0.5444444444444444,0.9675213675213675,-1,A6H8Y1:Q9BUI4
OR3A2,DNM3,0.011899446500570225,0.13434744268077603,0.2757440476190476,0.14563792688792687,0,P47893:Q9UQ16
TMEM258,MAGT1,0.7787772884583218,0.5437964812964813,0.5794871794871796,0.125,-1,P61165:Q9H0U3
WBP4,SMU1,0.8576549474007436,0.4375,0.5428571428571429,1.0,-1,O75554:Q2TAY7
KIR3DL1,PWWP2A,-0.11321871524505112,0.10795454545454547,0.16666666666666666,0.7962962962962963,0,P43629:Q96N64
EED,MARVELD2,-0.040144388312145125,0.11813973063973066,0.29062499999999997,1.0,0,O75530:Q8N4S9
RPS16,RPL11,0.9269519495387558,0.3308206413469571,0.6087797619047619,0.8271103896103899,-1,P62249:P62913
RPS28,CCDC124,0.21970728241777077,0.14444444444444446,0.47333333333333333,0.6041666666666666,-1,P62857:Q96CT7
PDIA3,B2M,0.3605556618558943,0.1518753342616979,0.2813492063492064,0.9323529411764706,-1,P30101:P61769
MRPL41,DDX28,-0.01831049413775121,0.12142857142857141,0.54,0.35080348943985307,-1,Q8IXM3:Q9NUL7
ELOB,ZSCAN31,0.5221179365105256,0.125,0.2,0.33555555555555555,0,Q15370:Q96LW9
CD4,RAP2A,-0.017483176972541783,0.18762048137048137,0.37888888888888894,0.5202777777777777,0,P01730:P10114
RBM22,C9orf78,0.7312403418469551,0.540625,0.6047619047619047,0.7222222222222222,0,Q9NW64:Q9NZ63
RPS2,RPS13,0.9056112201907863,0.6994047619047619,0.6767857142857142,0.6355555555555554,-1,P15880:P62277
H4C1,TONSL,0.6304888168434779,0.15649831649831653,0.4137254901960784,0.7500000000000001,1,P62805:Q96HA7
RPS17,RPS13,0.9599109248436448,0.6994047619047619,0.6767857142857142,0.3706349206349206,-1,P08708:P62277
CDHR1,RBM8A,0.14358780618621936,0.10368722186904006,0.25370012870012865,0.16299790356394123,0,Q96JP9:Q9Y5S9
TDRD10,POLD4,-0.014397543386066837,0.0,0.48026315789473684,0.46923076923076923,0,Q5VZ19:Q9HCU8
EIF2S2,IQCF2,0.061294618846042544,0.0,0.0,1.0,0,P20042:Q8IXL9
NPPB,POLR3B,-0.11717797497234174,0.10858742220971322,0.37777777777777777,0.1363155363155363,0,P16860:Q9NW08
ISG15,RAC3,-0.1206098605724475,0.1442111222111222,0.33461538461538454,0.5726220538720538,0,P05161:P60763
CUL1,ZNF627,0.6689080659437121,0.1,1.0,0.6464285714285715,0,Q13616:Q7L945
IZUMO1R,RNF43,-0.1339673222034025,0.15404040404040403,0.8583333333333332,0.6392592592592591,0,A6ND01:Q68DV7
MED24,PI3,0.016280817045203577,0.07235576923076922,0.4393939393939394,0.1726190476190476,0,O75448:P19957
MBLAC1,ZBTB44,0.45849136320908646,0.0,1.0,0.8807692307692307,0,A4D2B0:Q8NCP5
RPS28,SLX9,0.23575769558929613,1.0,0.40740740740740744,1.0,-1,P62857:Q9NSI2
MT-ND3,NDUFA5,0.48729394706986157,0.3410005027652086,0.6557692307692307,0.9270833333333334,-1,P03897:Q16718
RPS11,RPS25,0.9700707861055655,0.7834821428571428,0.6813186813186813,0.6785714285714286,1,P62280:P62851
KIN,SNRPE,0.6632099805843713,0.6540152155536769,0.4571986607142857,0.9791666666666666,-1,O60870:P62304
SF3B3,RGS9BP,-0.13231111982646698,0.1253968253968254,0.3611111111111111,0.0,0,Q15393:Q6ZS82
IFNW1,SRBD1,-0.0914978531484186,0.13392857142857142,0.0,0.225,0,P05000:Q8N5C6
SUPT4H1,INTS5,0.7105270418365175,0.2888157894736842,0.509375,1.0,0,P63272:Q6P9B9
APPBP2,FTO,0.6785020036842173,0.10380291005291008,0.5280701754385965,0.6071428571428571,0,Q92624:Q9C0B1
RPL3,HIPK2,-0.375394037747189,0.11931984078723205,0.46997929606625255,0.39231805929919145,0,P39023:Q9H2X6
CRYBA4,TBPL1,0.9232156267331243,0.09540404040404041,0.0,0.7817460317460317,0,P53673:P62380
MEOX2,SPRED2,0.6298247658097569,0.1061367644700978,0.3333333333333333,0.9504310344827587,0,P50222:Q7Z698
MARCHF11,XRCC2,0.3461253322249829,0.08192322383498853,0.1894688644688645,0.13398596353141806,0,A6NNE9:O43543
CD28,GRB2,0.6174335428109091,0.22078086055358784,0.9351473922902495,0.9809264069264069,1,P10747:P62993
MRPS15,MRPL18,0.4661542891921738,0.6944444444444445,0.5045454545454545,0.6547619047619049,-1,P82914:Q9H0U6
TTR,TMEM94,-0.17901747202628923,0.09393939393939395,0.25,0.1,0,P02766:Q12767
ARFIP2,ARF6,0.29478766220100744,0.14699240817661866,0.37182539682539684,0.6935185185185184,1,P53365:P62330
YWHAB,BAD,0.4873091832362559,0.20835269066976383,0.5644444444444443,0.9460408684546616,1,P31946:Q92934
ACYP2,POP5,-0.37810464076825917,0.10625000000000001,0.13956228956228955,0.8968750000000001,0,P14621:Q969H6
MRPL44,DDX28,0.7787738757818838,0.12142857142857141,0.54,0.35080348943985307,-1,Q9H9J2:Q9NUL7
POLR3G,SNAPC3,0.4333154855702579,0.6666666666666667,0.8294117647058823,0.8090811965811966,-1,O15318:Q92966
NUP98,NUP93,0.7363286128919982,0.36088435374149663,0.8321138211382114,0.8636363636363636,-1,P52948:Q8N1F7
CDH1,RPL35,0.2345854195554382,0.13582251082251082,0.42900432900432883,0.24166666666666667,-1,P12830:P42766
MRPS9,MRPL22,0.794455920829897,1.0,0.5527597402597403,0.5833333333333334,-1,P82933:Q9NWU5
SNAP47,PFDN4,0.548308515834129,0.14285714285714285,0.3222222222222222,0.9333333333333332,0,Q5SQN1:Q9NQP4
MRPL13,SLIRP,0.5708173578699045,0.11055555555555556,0.535515873015873,0.9166666666666666,0,Q9BYD1:Q9GZT3
NUP43,AHCTF1,0.589098673880886,0.283531746031746,0.6538461538461539,0.25,-1,Q8NFH3:Q8WYP5
PSMD14,PSMA4,0.6417529818344478,1.0,0.785856009070295,1.0,-1,O00487:P25789
HLA-DMA,MFAP1,0.3285409631076207,0.08333333333333333,0.33809523809523806,0.9869565217391304,0,P28067:P55081
PLRG1,PPWD1,0.7533692718568257,0.38791423001949316,0.7083333333333333,0.14583333333333331,-1,O43660:Q96BP3
CUTC,SLC27A6,0.13515362756189792,0.07713903743315509,0.29166666666666663,0.12604166666666666,-1,Q9NTM9:Q9Y2P4
UBASH3A,CIB1,0.48398664508072836,0.1094817745385927,0.424390243902439,0.8719498910675381,0,P57075:Q99828
FOXA1,RSPH4A,-0.10158489556394182,0.15167548500881833,0.3151515151515152,0.0,0,P55317:Q5TD94
RPF1,RRP15,0.8090945696028009,0.75,1.0,0.0,-1,Q9H9Y2:Q9Y3B9
CDC7,DHRS7,-0.12329169496813541,0.1111111111111111,0.3333333333333333,0.28787878787878785,0,O00311:Q9Y394
RPTOR,MED20,0.6357054658300515,0.17456140350877192,0.4611111111111112,0.9311111111111111,0,Q8N122:Q9H944
KRTAP10-7,CDC5L,0.17878650550363528,0.0,0.34464285714285714,0.9252314814814816,0,P60409:Q99459
PSMG4,PSMB7,0.4692902837397481,0.07692307692307693,0.34098639455782315,0.4808201058201058,-1,Q5JS54:Q99436
NUP42,NUP42,1.0,0.5416666666666666,0.8500000000000001,0.55,1,O15504:O15504
YOD1,YOD1,0.9999999999999998,0.469493251846193,0.75,0.8029761904761905,1,Q5VVQ6:Q5VVQ6
GADD45GIP1,GALNT8,-0.01218016749435823,0.18333333333333335,0.3125,0.2375,0,Q8TAE8:Q9NY28
PRKRIP1,ISY1,0.6347256617905737,0.5370879120879122,0.7703809523809524,0.9791666666666666,0,Q9H875:Q9ULR0
POP5,ARHGEF12,0.2452957929394866,0.07997835497835498,0.4743589743589744,0.6766917293233083,0,Q969H6:Q9NZN5
CUL4B,OR4Q3,0.14588457459251766,0.14285714285714285,0.3333333333333333,0.16666666666666666,0,Q13620:Q8NH05
UBC,PSMA1,0.5258078476593169,0.29791666666666666,0.7778745644599303,0.9970887918486171,-1,P0CG48:P25786
PRKAG1,KRT84,0.14722930856000996,0.1491269841269841,0.8584656084656084,0.25,0,P54619:Q9NSB2
TP53,TP53,0.9999999999999999,0.2395592349318577,0.7625000000000001,0.9296090900128168,1,P04637:P04637
PRAF2,LCN2,-0.19545747592449356,0.09371794871794872,0.4268707482993198,0.9357142857142857,0,O60831:P80188
RPSA,RPS24,0.8232790222262549,0.48839285714285713,0.7233766233766233,0.6476190476190476,-1,P08865:P62847
SERPINB10,WASF1,-0.10922979890997374,0.0664841694253459,0.33166666666666667,0.12033880471380472,0,P48595:Q92558
RGS14,SALL1,0.027545296856626086,0.13918142043142043,0.5452380952380953,0.5253968253968255,0,O43566:Q9NSC2
CD3G,ARFGAP2,0.2675979801257937,0.5416666666666666,0.6606060606060605,0.17142857142857143,0,P09693:Q8N6H7
RPN1,SEC61B,0.6919071681484927,0.08928571428571427,0.5242424242424243,0.8214285714285714,-1,P04843:P60468
MRPS12,MRPL1,0.6561561343926291,1.0,0.8017676767676768,0.625,-1,O15235:Q9BYD6
EIF2S2,EIF2B1,0.6475285458613634,0.4206830206830207,0.4833333333333333,0.8180272108843537,-1,P20042:Q14232
ATOX1,COPS6,0.48624555885291504,0.0811965811965812,0.48124999999999996,0.9601190476190476,0,O00244:Q7L5N1
ZNF844,GLE1,0.6436172888822295,0.0569078947368421,0.18659147869674186,0.9759562841530055,0,Q08AG5:Q53GS7
GYPC,PIK3C3,0.10891431945247439,0.0,0.3828643578643578,0.8773699294532628,0,P04921:Q8NEB9
HLA-DRB1,ARMH3,0.4450188026509874,0.25,0.4666666666666666,1.0,0,P01911:Q5T2E6
MRPS12,OXA1L,0.7012961451678208,0.17682488451719225,0.4404761904761905,0.6153846153846154,-1,O15235:Q15070
GCM2,LHX3,-0.01652206922829776,0.21312568467326495,0.48333333333333334,0.9066532673675529,-1,O75603:Q9UBR4
KRIT1,RPL7,0.7497208517034311,0.10667573167573167,0.41386054421768703,0.4966666666666667,0,O00522:P18124
MAML1,NAGK,0.6417374590620275,0.1384589266942208,0.3333333333333333,0.8679653679653679,0,Q92585:Q9UJ70
MED25,LITAF,0.1990075768473777,0.26158547335017923,0.39501133786848075,0.9562610229276894,0,Q71SY5:Q99732
SYCP1,LAMTOR3,-0.02314327063245586,0.14713203463203464,0.15775075987841947,0.23744444444444443,0,Q15431:Q9UHA4
DDX28,MRPL39,0.7465649188846314,0.1111111111111111,0.4302584670231729,0.625,-1,Q9NUL7:Q9NYK5
SLIRP,MRPS18A,0.46119779045069437,0.11805555555555555,0.2378246753246753,0.24999999999999997,0,Q9GZT3:Q9NVS2
DENR,RPS26,0.6405189231212284,0.14285714285714285,0.4244708994708994,0.6099999999999999,-1,O43583:P62854
YWHAQ,CIC,0.6339010990565866,0.29555860805860806,0.6,0.7749999999999999,1,P27348:Q96RK0
GFM1,MRPS28,0.5844106396826748,0.25,0.262310606060606,1.0,-1,Q96RP9:Q9Y2Q9
RPL9,SEC61B,0.47257349927874354,0.11249999999999999,0.5242424242424243,0.8214285714285714,-1,P32969:P60468
AIMP2,TAF15,0.5619572775531144,0.12638888888888888,0.46399999999999997,0.5583333333333333,0,Q13155:Q92804
EFTUD2,ESS2,0.5886843058822436,0.6923076923076924,0.7037037037037037,1.0,-1,Q15029:Q96DF8
MRPL23,MRPS17,0.36635873087074755,1.0,0.583041958041958,0.54,-1,Q16540:Q9Y2R5
SYF2,PPWD1,0.7228772812474787,0.38791423001949316,0.7083333333333333,0.14583333333333331,-1,O95926:Q96BP3
CCNA2,ORC1,0.9274367730017015,0.15294117647058825,0.7385057471264366,0.8131587301587301,1,P20248:Q13415
RPL34,ETF1,0.5422013213299676,0.11833333333333333,0.6129629629629629,0.6124574829931974,-1,P49207:P62495
CD3E,CCDC174,0.2211456764144117,0.0,0.39999999999999997,1.0,0,P07766:Q6PII3
RAB35,JPH3,-0.29422753322112943,0.14488536155202822,0.5466666666666666,1.0,-1,Q15286:Q8WXH2
CUEDC2,ANXA10,-0.17606125576618803,0.0,0.3208333333333333,0.7407407407407408,0,Q9H467:Q9UJ72
RSL1D1,RPL10,0.8400604254553046,0.21448863636363635,0.3976190476190476,0.5069444444444444,0,O76021:P27635
MGST3,CTSA,0.31246834704797344,0.1495115995115995,0.36507936507936506,0.14357142857142857,-1,O14880:P10619
IGHV3-7,EIF1AX,-0.156985142138962,0.17037037037037037,0.40222222222222226,0.39761904761904765,0,P01780:P47813
WDR3,FCF1,0.8038920959436183,0.5454545454545454,0.6476190476190478,0.5,-1,Q9UNX4:Q9Y324
DLX6,NDUFB9,0.21295050558777695,0.11441798941798942,0.18367346938775508,0.234375,0,P56179:Q9Y6M9
CTC1,CLEC1B,-0.10294010246959531,0.19047619047619047,0.3611111111111111,0.7375,0,Q2NKJ3:Q9P126
RFC5,EBF2,0.08202745375737647,0.09589947089947089,0.6,0.4864197530864197,0,P40937:Q9HAK2
GUCA2B,VPS11,-0.136526209420412,0.10318774792459003,0.15664160401002508,0.931687242798354,0,Q16661:Q9H270
SMAD1,NXF3,0.08249374888342532,0.09696969696969697,0.44166666666666665,0.9558823529411765,0,Q15797:Q9H4D5
TP53,H2AC4,0.28285665565660156,0.3327228327228327,0.45555555555555555,0.8823529411764706,-1,P04637:P04908
SFXN2,PSMB7,0.0925008942471786,0.08333333333333333,0.20323601662887372,0.9530423280423279,0,Q96NB2:Q99436
TAL2,RBPMS2,-0.20959151046590024,0.11115907901622189,0.36857142857142855,0.9700000000000001,0,Q16559:Q6ZRY4
HECTD3,NMD3,0.4468788724923857,0.06462178888649477,0.39999999999999997,0.21999999999999997,0,Q5T447:Q96D46
ARTN,ARTN,1.0,0.2503472222222222,0.9545454545454546,0.625,1,Q5T4W7:Q5T4W7
USP17L18,VPS28,0.0,0.12426288988788987,0.22215136054421772,0.12457627118644067,0,D6R9N7:Q9UK41
MRPS11,MRPS16,0.6910942984700534,1.0,0.5086647727272727,0.8125,-1,P82912:Q9Y3D3
RPS23,ZFYVE27,0.2931857778907038,0.11413863913863913,0.4924369747899159,0.982608695652174,0,P62266:Q5T4F4
RPL17,CDH11,0.6103644863466423,0.12696502843561666,0.34444444444444444,0.5555555555555556,0,P18621:P55287
TPO,POLR2K,0.06980447449292723,0.11298076923076923,0.47107438016528924,0.14351851851851855,0,P07202:P53803
CRHR1,DDX11,0.0810908379349508,0.13680952380952383,0.3409090909090909,0.39961199294532623,0,P34998:Q96FC9
CCKAR,TRMT2B,0.005867477384826804,0.09166666666666667,0.20000000000000004,0.15151515151515152,0,P32238:Q96GJ1
RPS15A,RPS27A,0.9675602551359025,0.5902777777777778,0.8273681515617,0.7761111111111111,-1,P62244:P62979
CCT6A,ARRDC4,0.043167325295192176,0.13338645481502623,0.4130952380952381,0.37500000000000006,0,P40227:Q8NCT1
SKI,SLAMF1,-0.11014674428633953,0.14002308802308805,0.23958333333333331,0.8386363636363636,0,P12755:Q13291
MRPL37,SLAMF7,0.5726617139538058,0.13353174603174603,0.20833333333333331,0.2,0,Q9BZE1:Q9NQ25
SPINK7,SMAD2,0.05041864349185984,0.09896465037310108,0.4386178861788618,0.8221471471471472,0,P58062:Q15796
TKT,H2AZ2,0.006961153311742915,0.12698412698412698,0.30272108843537415,0.3333333333333333,0,P29401:Q71UI9
RPS16,CTNNAL1,0.3832057073298071,0.1272727272727273,0.5666666666666667,0.9416666666666667,0,P62249:Q9UBT7
UQCR11,NDUFS5,0.6424498556078853,0.26726190476190476,0.4050925925925925,0.2952380952380952,-1,O14957:O43920
RPS16,RPS18,0.9110813811118335,1.0,0.6919501133786847,0.62,-1,P62249:P62269
GABRA4,TONSL,-0.2443897139702645,0.09144300144300144,0.35490196078431374,0.1494047619047619,0,P48169:Q96HA7
MOB1A,CARS2,0.7459049473398475,0.07142857142857142,0.4666666666666666,0.3311688311688311,0,Q9H8S9:Q9HA77
PXDNL,DUSP28,-0.04184095227053832,0.14423076923076922,0.0,0.14285714285714285,0,A1KZ92:Q4G0W2
EIF1AX,RPS25,0.6110032103605221,0.2136904761904762,0.6813186813186813,0.6785714285714286,-1,P47813:P62851
RPLP2,RPS13,0.9432083798137509,0.6994047619047619,0.6767857142857142,0.6355555555555554,-1,P05387:P62277
SNRPD3,PPIG,0.9296953032455111,0.4222222222222222,0.6138888888888888,0.7766666666666667,-1,P62318:Q13427
UBE2C,CCNB1,0.9789429788881834,0.20045430759716476,0.6285310734463277,0.9150132275132274,-1,O00762:P14635
EIF2B2,HSD17B14,0.2925326788245136,0.2,1.0,0.9547413793103449,0,P49770:Q9BPX1
PLRG1,NOSIP,0.2592790028887887,0.09114959114959115,0.4428571428571429,0.6157407407407408,1,O43660:Q9Y314
RPS16,RPS16,1.0,0.5594877344877344,0.7003759398496241,0.5625,0,P62249:P62249
CAND2,NDUFC2,0.21712204580367941,0.11399293983327595,0.21787878787878784,0.7083333333333334,0,O75155:O95298
MRPS34,SLIRP,0.20958855882927566,0.09916666666666667,0.535515873015873,0.24074074074074073,-1,P82930:Q9GZT3
RWDD2B,CENPU,0.22638604206303542,0.0,0.0,1.0,0,P57060:Q71F23
NOTCH2NLC,APH1A,0.6318860978093814,0.1280618686868687,0.2730034722222222,0.9131274131274133,0,P0DPK4:Q96BI3
GTF2E2,OR2L5,-0.03979827546986946,0.07738095238095238,0.3333333333333333,0.16666666666666666,0,P29084:Q8NG80
SNRNP200,WBP11,0.8893034476385812,0.48333333333333334,0.8136363636363636,0.9338709677419355,-1,O75643:Q9Y2W2
RPS23,RPS6,0.9390462201939574,0.35282041191132096,0.6630952380952381,0.6885964912280702,-1,P62266:P62753
OMP,MEOX2,-0.05271832731862694,0.1241208791208791,0.5133333333333333,0.48394140409065783,0,P47874:P50222
SCARA3,MAP1LC3B,0.22431529758394556,0.16167328042328044,0.2521494708994709,0.9673202614379085,0,Q6AZY7:Q9GZQ8
BTF3L4,RBM22,0.6979364278188518,0.0,0.0,0.6520833333333333,0,Q96K17:Q9NW64
VEZF1,ZNF451,0.6505846222426797,0.20687134502923976,0.7222222222222223,0.48888888888888893,0,Q14119:Q9Y4E5
NDUFB6,NDUFB8,0.5828101382176931,0.3496969696969697,0.49540517961570585,1.0,-1,O95139:O95169
CRH,CRH,1.0,0.15914538975763462,0.6762820512820512,0.8484848484848484,1,P06850:P06850
RPS8,EIF3K,0.6520450800051106,0.18333333333333332,0.6444444444444444,0.8111111111111112,-1,P62241:Q9UBQ5
RFC4,KLHL13,0.13822915916079762,0.09945054945054944,0.359375,0.8055555555555556,0,P35249:Q9P2N7
NDUFA6,PCDHA5,0.010444206837271871,0.15595238095238095,0.3333333333333333,0.08333333333333333,0,P56556:Q9Y5H7
SPRY1,MED27,0.4338224488726186,0.09200984200984201,0.4694444444444444,0.8055555555555557,0,O43609:Q6P2C8
MOCS2,MOCS2,1.0,1.0,0.6105442176870748,0.5682539682539683,1,O96007:O96007
SMAD4,ABCB9,0.2210266571517174,0.17708333333333334,0.3364285714285714,0.5338624338624338,0,Q13485:Q9NP78
CD226,RPTN,-0.035659622049244076,0.0,0.48148148148148145,0.16666666666666666,0,Q15762:Q6XPR3
RACK1,MCTS1,0.5320038610746668,0.3324652777777778,1.0,0.6462962962962963,-1,P63244:Q9ULC4
PPIF,CAB39,-0.10801163426235852,0.14747960372960373,0.38277777777777783,0.8754578754578756,0,P30405:Q9Y376
DRD1,CHRNB3,-0.061290838287466336,0.1987301587301587,0.6131944444444445,0.20472222222222225,0,P21728:Q05901
MED6,FXYD4,-0.09960248673499628,0.08189033189033189,0.65625,0.13227513227513227,0,O75586:P59646
FAU,DIMT1,0.7324844626210353,0.10595238095238094,0.46666666666666673,0.44871794871794873,-1,P62861:Q9UNQ2
EEF1A1,RPL18,0.841561937681983,1.0,0.6072829131652662,0.625,-1,P68104:Q07020
IDH3G,BPIFA1,0.06079873070151338,0.10033143939393939,0.2,0.9897959183673469,0,P51553:Q9NP55
CUL2,ELOB,0.718380117276372,0.22777777777777777,0.6172839506172839,0.9393939393939393,1,Q13617:Q15370
CPD,SKA2,-0.04614723123460156,0.1708008658008658,0.38180952380952377,0.13428571428571429,0,O75976:Q8WVK7
CMTM5,MCEE,-0.31005305666594984,0.09444444444444444,0.2,0.7642857142857142,1,Q96DZ9:Q96PE7
RPS9,SPRING1,0.012311882867062404,0.2,0.3333333333333333,1.0,0,P46781:Q9H741
SNRPG,PPIG,0.6973442550583412,0.4222222222222222,0.6138888888888888,0.7766666666666667,-1,P62308:Q13427
TLR4,MYD88,0.627030213172732,0.19529504903545825,0.5753424657534246,0.8642708333333333,1,O00206:Q99836
ZNF674,TBC1D7,0.42218111489917853,0.07812021312021313,0.1746031746031746,0.19369918699186994,0,Q2M3X9:Q9P0N9
MT-ND1,NDUFS1,0.2204389126233223,0.4483644133644134,0.43914141414141405,0.729656862745098,-1,P03886:P28331
RPS4Y1,RPL11,0.3675565117806335,0.3308206413469571,0.6087797619047619,0.32372835497835495,-1,P22090:P62913
IGKV2-40,AGTR1,-0.05490306125708803,0.12836734693877552,1.0,0.0,0,A0A087WW87:P30556
CDC37,IHO1,0.10367014352931478,0.146031746031746,0.14285714285714285,1.0,0,Q16543:Q8IYA8
LRPPRC,MRPL38,0.6630935636395127,0.16666666666666666,0.3316844919786096,1.0,-1,P42704:Q96DV4
MRPL54,SLIRP,0.307932558057869,0.09916666666666667,0.535515873015873,0.9166666666666666,0,Q6P161:Q9GZT3
CRABP2,RNF170,0.08402870737199379,0.11666805416805417,0.25,0.8793650793650792,0,P29373:Q96K19
LRRIQ4,NHP2,0.001797352806879554,0.0,0.3043083900226758,0.0,0,A6NIV6:Q9NX24
ZNF143,UBE3A,0.8086335132208738,0.10185323765287001,0.2423280423280423,0.90546875,0,P52747:Q05086
NDUFS4,NDUFA6,0.65378262517662,0.3099326599326599,0.6416666666666665,1.0,1,O43181:P56556
TSPAN7,ROPN1L,-0.07552066176013293,0.0,0.24666666666666667,1.0,0,P41732:Q96C74
KLHL2,PCDHB8,0.03891885024530804,0.09045584045584044,0.3333333333333333,0.5833333333333334,0,O95198:Q9UN66
MT-ND4,UQCRC1,0.19000210265853537,0.5451298701298701,0.44227994227994233,0.24122448979591837,-1,P03905:P31930
RPL9,NMD3,0.6677100556235228,0.08768823768823768,0.5666666666666667,0.319047619047619,-1,P32969:Q96D46
ELOC,UBE2R2,0.4373462002633899,0.6527777777777778,1.0,0.6080246913580246,0,Q15369:Q712K3
C1QTNF9,MCU,-0.04104395777819244,0.10841063698206556,0.1641762452107279,0.6439296439296439,0,P0C862:Q8NE86
RPLP2,RPL7A,0.8901664553013878,0.78125,0.6275510204081632,0.7058823529411765,-1,P05387:P62424
SF3B4,SPDYC,0.01957062706449364,0.0,0.6,0.6666666666666666,0,Q15427:Q5MJ68
NDUFA1,NDUFB2,0.7736997702500061,0.3844535094535095,0.6605616605616604,1.0,-1,O15239:O95178
PPIL2,PRPF38A,0.7349754505944522,1.0,0.5845238095238096,0.9642857142857143,-1,Q13356:Q8NAV1
CEP43,ZBED5,0.48898989623769396,0.0,0.0,0.225,0,O95684:Q49AG3
HGS,CEP63,0.814426541560919,0.16436442345533253,0.8413793103448275,0.9927536231884058,1,O14964:Q96MT8
SNRPD2,RHOBTB2,0.12282988602586524,0.12553511303511303,0.25555555555555554,0.5949074074074074,0,P62316:Q9BYZ6
MRPL46,MRPL40,0.6509091467140816,0.5625,0.4763368983957219,0.23958333333333331,1,Q9H2W6:Q9NQ50
RPS3,RPL38,0.9456027369962448,0.4032106782106781,0.6499047619047619,0.7361111111111112,-1,P23396:P63173
PCNA,CREB3L2,0.292311472077132,0.2698529411764706,0.49583333333333335,0.15158730158730158,-1,P12004:Q70SY1
TRAV4,IGHV1-46,0.35519639683246074,0.8333333333333334,0.14080882352941174,0.0,0,A0A0B4J268:P01743
POU2AF1,CARD14,-0.04831842366944305,0.12386363636363636,0.17724867724867727,0.9,0,Q16633:Q9BXL6
IGHA2,MAPK11,-0.22879432014245213,0.13433773828510673,0.4833333333333333,0.37712418300653594,0,P01877:Q15759
CENPC,BCS1L,0.8250637547085107,0.20185185185185184,0.3472222222222222,0.7060185185185185,0,Q03188:Q9Y276
PPP5C,CBLN2,0.043391335391988854,0.15952380952380954,0.4066666666666666,0.0,0,P53041:Q8IUK8
UBOX5,UBE2D1,0.3128565303258162,0.37831573884205466,0.6537634408602151,0.8815864833906071,-1,O94941:P51668
IGKV1-39,IGKV1-39,1.0,1.0,0.8668981481481481,1.0,1,P01597:P01597
RPS12,RPS13,0.960253707522432,0.6994047619047619,0.6767857142857142,0.6355555555555554,-1,P25398:P62277
TBRG4,MRPL45,0.7416490313802281,0.2,0.34924242424242424,0.71875,0,Q969Z0:Q9BRJ2
ACTB,UGT2B28,0.034477999233933326,0.13939393939393938,0.3625,0.14285714285714285,0,P60709:Q9BY64
ETF1,RPS28,0.5675680332168807,0.15404040404040403,0.7066924066924067,0.6538461538461539,-1,P62495:P62857
CDH1,RPL13,0.1664617891093727,0.17303030303030303,0.3981240981240981,0.7375,-1,P12830:P26373
RPLP1,RPS16,0.8918906856832028,0.5594877344877344,0.7003759398496241,0.5625,-1,P05386:P62249
KRTAP10-11,NPDC1,0.0,0.0,0.3333333333333333,1.0,0,P60412:Q9NQX5
CLDN17,SLC35A3,0.061108164013379075,0.25,0.23611111111111113,0.5025510204081632,0,P56750:Q9Y2D2
SEC13,NUP188,0.4103808207908163,0.575,0.9142857142857143,1.0,-1,P55735:Q5SRE5
TAF12,TAF12,0.9999999999999998,0.35625730994152044,0.6101010101010101,0.7660256410256411,1,Q16514:Q16514
SETD7,COX14,0.40570301351754195,0.16666666666666666,0.29419191919191917,1.0,0,Q8WTS6:Q96I36
SRSF1,RBM22,0.8903304993092719,0.37528796739323056,0.5636243386243387,0.6520833333333333,-1,Q07955:Q9NW64
ESYT3,MRPL23,0.06469282143227996,0.13095238095238096,0.2274603174603175,0.75,0,A0FGR9:Q16540
CREB3,LTA,-0.03137475440593061,0.18932938406622615,0.9285714285714286,0.8425925925925926,1,O43889:P01374
WNT11,HTR2C,-0.13038501475297165,0.2724292615596963,0.30000000000000004,0.6432407407407407,0,O96014:P28335
RNF13,ZNF648,-0.06487504386587784,0.08712121212121213,1.0,0.9598566308243729,0,O43567:Q5T619
TP53,HGSNAT,0.5055519258840593,0.3282828282828283,0.17399267399267399,0.15555555555555556,0,P04637:Q68CP4
UBC,PSMD13,0.6117599846369199,0.5256410256410257,0.8263471177944863,0.8333333333333334,-1,P0CG48:Q9UNM6
ABCG1,ACTB,0.00981620221719178,0.1518152706831952,0.36457749766573305,0.9115181992337166,0,P45844:P60709
UBB,PSMA6,0.4399092438209374,0.42591093117408907,0.7455898268398268,0.9190972222222222,-1,P0CG47:P60900
RPS5,FCF1,0.6843546243962328,0.5454545454545454,0.6476190476190478,0.75,-1,P46782:Q9Y324
HBB,LHFPL6,-0.11885760873699086,0.0,0.5,0.0,0,P68871:Q9Y693
NMD3,RPL36,0.6064042391365534,0.10222222222222224,0.4301587301587301,0.2962962962962963,-1,Q96D46:Q9Y3U8
ARPC2,ARPC5L,0.5015394395039289,0.4053030303030303,0.4212962962962963,0.9333333333333333,1,O15144:Q9BPX5
PEX12,C1QC,-0.037234554498717876,0.10282574568288853,0.38599999999999995,1.0,0,O00623:P02747
FANCE,FETUB,-0.14862962995622298,0.08207070707070707,0.3333333333333333,0.7083333333333334,0,Q9HB96:Q9UGM5
GABRR3,DZIP1,0.39313679908302074,0.11532738095238096,0.3675438596491228,0.14001831501831502,0,A8MPY1:Q86YF9
VAV1,RHOA,0.2403878974430286,0.21518228413832816,0.6089710884353742,0.8714893500219587,1,P15498:P61586
LRPPRC,AURKAIP1,0.35855386763042,0.11979166666666666,0.3931818181818182,1.0,-1,P42704:Q9NWT8
KLF1,ETFBKMT,-0.22622033490577312,0.1111111111111111,0.2722222222222222,0.28888888888888886,0,Q13351:Q8IXQ9
ID3,GPKOW,0.5637466377733579,0.09090909090909091,0.5428571428571429,0.9779411764705882,0,Q02535:Q92917
TMPRSS11D,UBB,-0.0931885178126964,0.12327966151495563,0.4866475462077756,0.9742424242424242,0,O60235:P0CG47
MRPS5,MRRF,0.570296210616627,0.40740740740740744,0.5625,0.24107142857142858,-1,P82675:Q96E11
RAMP1,RAMP1,1.0,0.308054834054834,0.6619047619047619,0.5602339181286549,1,O60894:O60894
ERAL1,MRPS22,0.5792087295671093,0.09090909090909091,0.5534090909090909,0.625,-1,O75616:P82650
GUCY1A2,PDZK1,-0.14998882658065832,0.14797077922077922,0.2520833333333333,0.8782608695652173,0,P33402:Q5T2W1
EFTUD2,PRPF19,0.621016499550408,0.31297550488726955,0.6279922779922781,0.9065058479532165,-1,Q15029:Q9UMS4
CDC73,LEO1,0.47531294351085085,0.3002200924075924,0.7384615384615386,0.9603174603174603,1,Q6P1J9:Q8WVC0
CENPX,CENPX,0.9999999999999998,0.3205808080808081,0.6937500000000001,0.8277777777777778,1,A8MT69:A8MT69
POLR3C,BRF2,0.7966045630060634,0.3058469308469308,0.5133333333333334,0.4805555555555556,-1,Q9BUI4:Q9HAW0
NOP58,RRP7A,0.8054773869355882,0.3129370629370629,0.5318181818181819,0.8928571428571429,-1,Q9Y2X3:Q9Y3A4
APOC1,THEM4,-0.09208857863869425,0.14444444444444446,0.2777777777777778,0.9111111111111111,0,P02654:Q5T1C6
SQSTM1,TRIM63,0.3134841490206955,0.18742424242424244,0.6238095238095239,0.7760770975056689,1,Q13501:Q969Q1
SMN1,SMN1,1.0,0.5954045954045954,0.5694444444444444,0.9951923076923077,1,Q16637:Q16637
RPL8,RPS27A,0.9025342276597564,0.5902777777777778,0.8273681515617,0.7761111111111111,-1,P62917:P62979
RPS4Y1,RPL27A,0.3791220474592793,1.0,0.7108571428571429,0.6145833333333334,-1,P22090:P46776
ETF1,RPS25,0.641857649777821,0.2013888888888889,0.6813186813186813,0.6785714285714286,-1,P62495:P62851
MRPL11,MRPS16,0.7655652722479668,1.0,0.5086647727272727,0.8125,-1,Q9Y3B7:Q9Y3D3
DCAF4L1,BAD,0.08520843710340377,0.0,0.10826118326118325,0.0,0,Q3SXM0:Q92934
POLR2F,MED10,0.6084156736051202,0.06571428571428571,0.6333333333333333,0.22552447552447552,-1,P61218:Q9BTT4
SNAPIN,HSPB7,0.21807661110396767,0.15277777777777776,0.3458333333333334,0.9833333333333333,0,O95295:Q9UBY9
MRPS35,TLE2,0.0753097014354446,0.09024470899470899,0.1975155279503106,0.4444444444444445,0,P82673:Q04725
UCHL1,UBC,-0.2489626194969445,0.3,0.836025641025641,0.9823848238482384,1,P09936:P0CG48
FCGR3A,BCL2L2,-0.18376547609971783,0.16352985638699927,0.2733333333333333,0.9607843137254902,0,P08637:Q92843
PSMC3,STUB1,0.7588376045314627,0.2649642621079273,0.6238888888888889,0.8448388203017833,0,P17980:Q9UNE7
MRPL9,DDX28,0.6852743566959308,0.10795454545454547,0.54,0.35080348943985307,-1,Q9BYD2:Q9NUL7
PRKAR1B,CDKN1A,-0.3820179962611891,0.12087665855271489,0.5207729468599033,0.9394774173759681,-1,P31321:P38936
PDHB,B3GLCT,0.2649967771084123,0.14087301587301587,0.25,0.18095238095238098,0,P11177:Q6Y288
SNRPB2,NCBP2,0.9015634704516673,0.28946822939702194,0.8261261261261261,0.8148936170212768,-1,P08579:P52298
RPL12,ABCE1,0.7186534253310243,0.13531746031746034,0.5259259259259259,0.37506613756613755,-1,P30050:P61221
NDUFB2,NDUFB10,0.5859715260215359,0.3496969696969697,0.6803571428571428,0.1875,-1,O95178:O96000
NCALD,PAGR1,0.0003574769874804957,0.15034013605442173,0.2772321428571428,0.8545454545454544,0,P61601:Q9BTK6
NOL10,UTP14A,0.8276199568260668,0.5,0.45925925925925926,0.31521739130434784,-1,Q9BSC4:Q9BVJ6
DPYSL2,RNF20,0.28228004517515853,0.15551146384479717,0.2835978835978836,0.788562091503268,0,Q16555:Q5VTR2
NCAN,ASF1A,0.24379398900677413,0.1775297619047619,0.3727272727272727,0.474074074074074,0,O14594:Q9Y294
RFC3,TBPL1,0.26336405245146616,0.14205128205128204,0.27037037037037037,0.7817460317460317,0,P40938:P62380
SRP19,RTKN2,0.13575466470136766,0.08988696488696489,0.3444444444444444,0.0,0,P09132:Q8IZC4
SRRM1,PRPF19,0.682293319744356,0.31297550488726955,0.6279922779922781,0.9065058479532165,-1,Q8IYB3:Q9UMS4
RPS4X,SIGLEC8,-0.08137849014956573,0.23809523809523808,1.0,0.4666666666666667,0,P62701:Q9NYZ4
IL4,IL4,0.9999999999999998,0.22275226886028104,0.9090909090909091,0.75,1,P05112:P05112
SLC5A3,KRT40,-0.067394870770044,0.12142857142857143,0.46274509803921565,0.998501872659176,0,P53794:Q6A162
FTCDNL1,RPL14,-0.28402265022498957,0.0,0.22685185185185186,0.23039215686274508,0,E5RQL4:P50914
RPL27A,ETF1,0.6545636124337734,0.11833333333333333,0.6129629629629629,0.6124574829931974,-1,P46776:P62495
IFNW1,IFNAR2,-0.07697940305957084,0.37621760955094286,0.37719298245614025,0.7155797101449275,1,P05000:P48551
GABRB2,BBS10,0.25460964859673,0.15890022675736962,0.25,0.1468253968253968,0,P47870:Q8TAM1
RPS4Y1,RPL23,0.29287076519672317,0.264863175019425,0.603379416282642,0.38001253132832086,-1,P22090:P62829
GPS1,COPS4,0.7148327037697588,0.5756578947368421,0.43388888888888877,0.961038961038961,1,Q13098:Q9BT78
HAS3,RPS17,0.2631585483698036,0.21626984126984128,0.4371148459383753,0.25,0,O00219:P08708
MLLT1,ADGRG2,0.05036879047518912,0.09494949494949495,0.6033333333333334,0.16666666666666666,0,Q03111:Q8IZP9
RPL7A,ETF1,0.6816023171726222,0.11833333333333333,0.6129629629629629,0.6124574829931974,-1,P62424:P62495
RPS8,RCL1,0.47025821511207244,0.30929487179487175,0.7277777777777779,0.78125,-1,P62241:Q9Y2P8
PPP1R15B,ZNF560,-0.04683213316800066,0.2,0.5,0.17500000000000002,0,Q5SWA1:Q96MR9
NOTCH2NLR,GIGYF2,0.6618578159445709,0.09930416805416803,0.0,0.16113945578231295,0,A0A096LNW5:Q6Y7W6
CMPK1,GAR1,0.5048119891508149,0.1349206349206349,0.5706004140786748,0.2705128205128205,0,P30085:Q9NY12
MMGT1,EMC9,0.2493013480406809,0.8,0.6685714285714286,0.8545454545454546,1,Q8N4V1:Q9Y3B6
OPN1MW3,COPS7B,0.0,0.10185185185185185,0.4142857142857143,0.14285714285714285,0,P0DN78:Q9H9Q2
MRPL48,MRM2,0.4952665729136437,0.10820707070707071,0.5833333333333334,0.1,-1,Q96GC5:Q9UI43
SEC13,NUP88,0.496915406789294,0.5,0.8787037037037037,0.9166666666666666,-1,P55735:Q99567
RPSA,CCDC124,0.2404133325554059,0.23148148148148148,0.5066666666666666,0.6041666666666666,-1,P08865:Q96CT7
NUP214,NUP54,0.5517031004108343,0.3238795518207283,0.9274509803921569,0.9837662337662337,-1,P35658:Q7Z3B4
EIF2S1,CORO1C,0.8063528321314749,0.12467099567099565,0.30641025641025643,0.7777777777777777,0,P05198:Q9ULV4
LPXN,SNX16,-0.03964594899796076,0.14708994708994708,0.3964646464646465,0.5,0,O60711:P57768
PLRG1,PPIL2,0.6631098834543446,0.30299145299145297,0.6285714285714284,0.6098765432098765,1,O43660:Q13356
CDK7,POLR2L,0.49952108568268255,0.5771929824561404,0.9303278688524589,0.7838151927437643,-1,P50613:P62875
LUC7L3,WNK4,-0.0564580259192271,0.10366980689561336,0.38095238095238093,0.2477994227994228,0,O95232:Q96J92
RPS27,RPS29,0.9313127584791087,1.0,0.7327891156462585,0.5555555555555556,-1,P42677:P62273
ATP6V1G2,CD226,-0.06395384783277303,0.11004208754208755,0.34722222222222227,0.8525641025641024,0,O95670:Q15762
TCAP,CSRP3,0.8280432237730322,0.15967113931819812,0.5900000000000001,0.7176470588235294,1,O15273:P50461
CDH1,RPL27A,0.21399786874825788,0.15079365079365079,0.4375238095238095,0.53125,-1,P12830:P46776
HOXA2,MUC7,-0.10438330315461655,0.19090909090909092,0.20476190476190478,0.20000000000000004,0,O43364:Q8TAX7
SNAPC3,POLR3F,0.5494611145500284,0.2150219298245614,0.4444444444444444,0.9078189300411522,-1,Q92966:Q9H1D9
GIMAP1,SCN3B,-0.24556703306661531,0.0,0.2079124579124579,0.9621259175607002,-1,Q8WWP7:Q9NY72
RPS15A,RPL30,0.9570607078350054,0.6628891941391941,0.5863492063492063,0.5347222222222222,-1,P62244:P62888
HLA-C,CAMK2N2,-0.33771097900087194,0.0,0.3444444444444444,0.2222222222222222,0,P10321:Q96S95
RPS7,RPL31,0.9526267525614849,1.0,0.6769841269841269,0.7916666666666666,-1,P62081:P62899
RPS17,RPS2,0.9564845294214932,0.8431372549019608,0.7024363233665558,0.3121794871794872,1,P08708:P15880
OXA1L,MRPL51,0.3825208810695787,1.0,0.5024801587301587,0.4375,-1,Q15070:Q4U2R6
AKAP5,RIOX1,-0.055343870948793936,0.15773809523809523,0.25999999999999995,0.2621598639455782,0,P24588:Q9H6W3
PSMA3,SDC4,0.20578222618887426,0.08036664019284341,0.2537414965986395,0.9138888888888889,0,P25788:P31431
WNK4,GOLPH3L,0.24801837389768822,0.1688688295831153,0.43636363636363634,0.725925925925926,0,Q96J92:Q9H4A5
YWHAZ,CRTC1,0.13299726543841947,0.17019636194558793,0.5266666666666666,0.7291666666666666,1,P63104:Q6UUV9
POLR2E,POLR2J,0.5897382500880217,1.0,0.9742574257425741,0.8311728395061728,1,P19388:P52435
RPSA,ETF1,0.5328147311496473,0.1571323529411765,0.6129629629629629,0.6124574829931974,-1,P08865:P62495
BUD31,C9orf78,0.6017919733592212,0.540625,0.6047619047619047,0.7222222222222222,0,P41223:Q9NZ63
RPS5,UTP11,0.3604046990107503,0.3232323232323232,0.5733333333333335,0.7,-1,P46782:Q9Y3A2
SMAD9,IL2,-0.08519822999517578,0.12303052554600542,0.5,0.5119047619047619,0,O15198:P60568
CDH1,RPS16,0.05155140935714538,0.14321789321789322,0.41879699248120295,0.5625,-1,P12830:P62249
MRPL49,OXA1L,0.6933365708590344,0.1664085914085914,0.4404761904761905,0.6153846153846154,-1,Q13405:Q15070
RPS29,RPL19,0.8308822745024039,1.0,0.6576719576719576,0.5192307692307693,-1,P62273:P84098
CDC27,ITCH,0.7447954465980167,0.266093193071275,0.6426256613756614,0.7929761904761904,0,P30260:Q96J02
MRPL50,GFM1,0.6338273306324101,0.25,0.7083333333333334,0.0,-1,Q8N5N7:Q96RP9
RPS15A,EMG1,0.8353769499778273,0.4090007215007216,0.5256410256410257,0.5424242424242425,-1,P62244:Q92979
MRPS35,MRPS26,0.3305971057213441,1.0,0.5940559440559441,1.0,-1,P82673:Q9BYN8
NCBP2,SNRPD3,0.7732119740220696,0.623299319727891,0.48202870189171576,0.8857723577235771,-1,P52298:P62318
CENPW,H2AC6,0.026011777180816112,0.12142857142857143,0.5166666666666668,0.6,-1,Q5EE01:Q93077
MRPL1,AURKAIP1,0.16650578297034974,0.30357142857142855,0.5114853896103897,1.0,-1,Q9BYD6:Q9NWT8
HUS1,KRTAP1-5,0.3414272106955001,0.0,0.5714285714285714,1.0,0,O60921:Q9BYS1
CLNS1A,FAM110A,0.04388496506268589,0.125,0.41825396825396827,1.0,0,P54105:Q9BQ89
TUBA1B,POLR3H,0.5002959879046432,0.1388888888888889,0.34166666666666656,0.4537037037037037,0,P68363:Q9Y535
TAC4,CDCA7,-0.018364474889980328,0.16203703703703703,0.4000000000000001,0.5,0,Q86UU9:Q9BWT1
NDUFAB1,MRPL51,0.2876007513029258,0.18333333333333335,0.5024801587301587,0.4375,-1,O14561:Q4U2R6
SYNGR2,GPR37L1,-0.4339797093956156,0.09261849261849263,0.7833333333333333,0.9063492063492065,0,O43760:O60883
RPL8,RPL36A,0.9387534300397227,1.0,0.7161490683229814,0.6666666666666667,-1,P62917:P83881
TRIM37,SNUPN,0.3080798608946694,0.1476190476190476,0.5933333333333334,0.7714285714285715,0,O94972:O95149
CDC5L,C9orf78,0.6654357040823871,0.540625,0.6047619047619047,0.7222222222222222,-1,Q99459:Q9NZ63
RNASET2,TRIM50,-0.013745159898790767,1.0,0.5,0.23979538979538978,0,O00584:Q86XT4
RNF222,GINS2,0.03397694808177247,0.0,0.22380952380952385,0.2,0,A6NCQ9:Q9Y248
SYMPK,CPSF3,0.7578699623747533,0.5117647058823529,0.7277777777777776,0.5196428571428571,1,Q92797:Q9UKF6
IRGM,CD3D,0.7861729172093984,0.1498917748917749,0.27948504983388706,0.6000000000000001,0,A1A4Y4:P04234
RRP1,RRP15,0.6916678801894949,1.0,0.5,0.0,-1,P56182:Q9Y3B9
H2BC10,HS1BP3,-0.026106231917338876,0.08333333333333333,0.5,0.85,0,P62807:Q53T59
NSMCE2,MED9,0.08051528131322556,0.10416666666666667,0.39166666666666666,0.9428571428571428,0,Q96MF7:Q9NWA0
TRAM1,KRTAP9-2,-0.0016049526530209294,0.0,0.3214285714285714,1.0,0,Q15629:Q9BYQ4
RPS2,RPS15,0.8479516638744581,0.4670970695970695,0.7455026455026454,0.5428571428571428,-1,P15880:P62841
NDUFA10,NDUFA5,0.3384171491975037,0.3410005027652086,0.6557692307692307,0.19791666666666666,1,O95299:Q16718
KEAP1,MEIS3,0.17537909747752453,0.12032106782106781,0.5,0.8551282051282052,0,Q14145:Q99687
RFC3,RAD9A,0.3889964684248885,0.2281565656565657,0.7944444444444444,0.8672785547785546,-1,P40938:Q99638
RPS3,PRPF18,0.7052046204562417,0.1726190476190476,0.3930059523809524,1.0,0,P23396:Q99633
RPS25,RPL30,0.9745295620704096,0.6628891941391941,0.5863492063492063,0.5347222222222222,-1,P62851:P62888
SNRNP40,STEEP1,0.8195567095731956,0.12261904761904763,0.5990196078431372,0.75,0,Q96DI7:Q9H5V9
TSR1,SKAP1,0.3804029140964895,0.06256755271401616,0.45901360544217684,0.8939393939393938,0,Q2NL82:Q86WV1
ZDHHC12,TRIM54,-0.19855885979600918,0.12507936507936507,0.19791666666666666,0.14253246753246748,0,Q96GR4:Q9BYV2
AQR,SNRPD3,0.9075170248111368,0.623299319727891,0.48202870189171576,0.8857723577235771,-1,O60306:P62318
COMMD5,COMMD4,0.7163300695182425,0.0,0.4916666666666667,1.0,1,Q9GZQ3:Q9H0A8
RPL10A,GBP3,0.4524627200984635,0.12707570207570207,0.47333333333333333,0.8133541295306002,0,P62906:Q9H0R5
GNGT2,RPS25,0.3775958217425063,0.11726641414141414,0.15154660154660157,0.6571428571428571,0,O14610:P62851
CD160,KYAT1,0.08302059489554664,0.18137254901960784,0.39999999999999997,0.44023809523809526,0,O95971:Q16773
SNRNP70,LSM5,0.33531051279244356,0.7202380952380952,0.3973809523809525,0.9568965517241379,-1,P08621:Q9Y4Y9
PLXDC1,MRPL42,0.4350626618150208,0.11805555555555555,0.2378472222222222,0.25,0,Q8IUK5:Q9Y6G3
DENR,DENR,0.9999999999999999,0.4707936507936508,1.0,0.935897435897436,1,O43583:O43583
RPLP0,RPL10A,0.8673251662431553,0.82,0.6422161172161173,0.7,-1,P05388:P62906
UBA52,PCSK9,-0.27474854512571945,0.14069264069264067,0.3821789321789321,0.625705467372134,0,P62987:Q8NBP7
SF3B3,GPKOW,0.6675757891983413,1.0,0.5428571428571429,0.9779411764705882,1,Q15393:Q92917
TP53,H4C1,0.117680683884959,0.36956709956709954,0.8918279569892472,0.9662698412698413,-1,P04637:P62805
MRPL52,PTCD3,0.6455704373275212,0.7678571428571428,0.45704545454545464,0.6083333333333334,-1,Q86TS9:Q96EY7
COPS7A,COPS3,0.48752953921929937,0.21245380168077538,0.557142857142857,1.0,1,Q9UBW8:Q9UNS2
SUB1,EBF2,0.07680849290376972,0.3892094017094017,0.6,0.4864197530864197,0,P53999:Q9HAK2
RPS13,RPS24,0.9290579260336478,0.48839285714285713,0.7233766233766233,0.6476190476190476,-1,P62277:P62847
UPF3B,RBM8A,0.800743144043462,0.20602453102453103,0.49124839124839137,0.9415094339622643,1,Q9BZI7:Q9Y5S9
ADRB2,ZNF513,0.057701727684334146,0.37675070028011204,1.0,0.5336734693877551,0,P07550:Q8N8E2
SNX16,SNX16,0.9999999999999999,0.44722222222222224,0.4255050505050505,0.7333333333333334,1,P57768:P57768
RPL36A,MRTO4,0.6793670386076037,0.1197420634920635,0.2888888888888889,0.625,-1,P83881:Q9UKD2
ERAL1,MRPS5,0.8738119479908474,0.09545454545454546,0.5882867132867132,0.7222222222222222,-1,O75616:P82675
CD3G,CD247,0.9257747856847518,0.3386104636104636,0.8681623931623932,0.9233333333333333,1,P09693:P20963
RPL7,CCDC124,0.4696914478748333,0.14444444444444446,0.5066666666666666,0.6041666666666666,-1,P18124:Q96CT7
CHN1,CORO6,0.05045609176187755,0.1125,0.0,0.8666666666666666,0,P15882:Q6QEF8
ABCD4,PEX19,0.52933442839622,0.464327485380117,0.39743589743589747,0.9697222222222223,0,O14678:P40855
MRPL2,MRPS18C,0.7487000771515756,1.0,0.6240530303030303,0.7083333333333334,-1,Q5T653:Q9Y3D5
RPL34,EEF1A1,0.8530136545014375,0.426025641025641,0.4544047619047619,0.7121604938271605,-1,P49207:P68104
LSM8,SNRPC,0.5301980480119121,0.5345238095238095,0.448888888888889,0.9243125419181757,-1,O95777:P09234
IDH3A,IDH3G,0.6278395666646387,0.55,0.6498015873015872,0.655952380952381,1,P50213:P51553
PPP2R1A,PPME1,0.7763741738370897,0.2222222222222222,0.5,0.4077838827838828,1,P30153:Q9Y570
NUP42,GLE1,0.8826962144996086,0.4479166666666667,0.40964912280701754,0.9759562841530055,1,O15504:Q53GS7
SERPIND1,FMR1NB,-0.026741335469261614,0.0,0.5,0.0,0,P05546:Q8N0W7
CD226,LIMA1,-0.03283259955263948,0.15313852813852813,0.36102040816326525,0.7944444444444444,0,Q15762:Q9UHB6
GNG2,GNB1,0.3790777170483375,0.4726220538720538,0.494059405940594,0.8865740740740741,1,P59768:P62873
PPARG,TIMM13,0.19300403529488416,0.2128205128205128,0.3232142857142857,0.7857142857142857,0,P37231:Q9Y5L4
EXOSC2,CARD14,0.1471253733507962,0.12357142857142858,0.5648148148148148,0.9,0,Q13868:Q9BXL6
SNRPD1,RSPH14,0.08461952084615092,0.0,0.22916666666666666,1.0,0,P62314:Q9UHP6
OXA1L,MRPS18B,0.7705760611583929,1.0,0.5205357142857143,0.94,-1,Q15070:Q9Y676
PSMD7,DUS3L,0.35785470032393435,0.07507770007770008,0.0,0.2873015873015873,0,P51665:Q96G46
MFAP1,IK,0.8045158615000843,0.443859649122807,0.5341991341991342,1.0,-1,P55081:Q13123
SLC33A1,SENP2,0.26962117698959753,0.11886209029066172,0.4148148148148148,0.8863287250384024,0,O00400:Q9HC62
SF3B5,TAF9B,0.2503409681570207,0.11516029657477025,0.8521739130434784,0.7976190476190477,-1,Q9BWJ5:Q9HBM6
TOMM22,TOMM22,1.0,0.6458333333333333,0.41728395061728396,0.814102564102564,-1,Q9NS69:Q9NS69
CCNO,PRM3,0.5148137940957818,0.21180555555555558,0.4666666666666666,0.25,0,P22674:Q9NNZ6
UBC,PSMD2,0.5912306534523184,0.35714285714285715,0.8153822055137846,0.9884615384615385,1,P0CG48:Q13200
WDR46,RPS13,0.7766651637483989,0.25727513227513227,0.40178571428571425,0.36666666666666675,-1,O15213:P62277
MRPL49,MRM2,0.6607410889348926,0.10820707070707071,0.5833333333333334,0.1,-1,Q13405:Q9UI43
MRPL43,DDX28,0.4203305466862042,0.10795454545454547,0.54,0.35080348943985307,-1,Q8N983:Q9NUL7
MRPS35,ILF2,0.553905440057934,0.0625,0.20306122448979594,0.695,0,P82673:Q12905
MRPS22,MRPL1,0.8009898082062843,1.0,0.8017676767676768,0.625,-1,P82650:Q9BYD6
LAMTOR5,LAMTOR1,0.6962619160700398,0.2946850640399028,0.6842207792207793,0.8364810330912027,1,O43504:Q6IAA8
RPL28,ETF1,0.6704606567260043,0.11833333333333333,0.6129629629629629,0.6124574829931974,-1,P46779:P62495
RPS3A,RACK1,0.9442370781005085,0.16269716394716394,0.5023809523809524,0.8351882613510518,-1,P61247:P63244
GTPBP10,MRPL16,0.6713615188663173,0.1111111111111111,0.2491258741258741,0.5833333333333334,-1,A4D1E9:Q9NX20
MRPL52,MRPS7,0.6926332513631581,0.775,0.5856643356643356,0.43650793650793646,-1,Q86TS9:Q9Y2R9
SCN4B,SCN4B,1.0,0.26212259962259965,0.6109890109890109,0.4524350649350649,1,Q8IWT1:Q8IWT1
PRR23D1,MTA1,0.0,0.0,0.0,0.89004329004329,0,E9PI22:Q13330
UBE2Q1,NSG2,-0.08207302971944133,0.15595238095238095,0.1957936507936508,0.9285714285714286,0,Q7Z7E8:Q9Y328
GTF2B,GTF2B,1.0,0.38023271371485656,0.6748015873015872,0.7200486096712511,1,Q00403:Q00403
NUDT21,SLC10A2,-0.03841099725098427,0.125,0.2611111111111111,0.8472222222222223,0,O43809:Q12908
NOL7,RRP7A,0.7890159049237662,0.3080357142857143,0.247979797979798,0.8928571428571429,-1,Q9UMY1:Q9Y3A4
GYPA,CMTR2,-0.18362556182878959,0.08928571428571429,0.35,0.1111111111111111,0,P02724:Q8IYT2
PRPF4,IK,0.7597263182209465,0.443859649122807,0.5341991341991342,1.0,-1,O43172:Q13123
NCBP2,EFTUD2,0.762684291498044,0.6324675324675325,0.5955920205920205,0.867831541218638,-1,P52298:Q15029
UQCR11,NDUFA7,0.5190832536348443,0.3676190476190476,0.6178571428571428,0.3,-1,O14957:O95182
CAND1,SLC24A2,-0.16563412867701852,0.11846139971139971,0.7857142857142857,0.09992784992784992,0,Q86VP6:Q9UI40
POLR2L,BRF2,0.47698489152537427,0.30184837092731825,0.5133333333333334,0.4805555555555556,-1,P62875:Q9HAW0
SCN2B,NR4A2,-0.0037489181219596108,0.11460555317698175,0.3375000000000001,0.11470319803653137,0,O60939:P43354
PSEN1,PSEN1,1.0,0.1946316154556998,0.4656635802469135,0.8918166860240031,1,P49768:P49768
HMG20A,ZNF451,0.7468433789114334,0.3734848484848485,0.7222222222222223,0.48888888888888893,0,Q9NP66:Q9Y4E5
MRPS11,MRPL1,0.6479523423465545,1.0,0.8017676767676768,0.625,-1,P82912:Q9BYD6
RSL1D1,NLE1,0.7600141115052864,0.16839826839826838,0.6799999999999999,1.0,-1,O76021:Q9NVX2
PCBP2,REEP6,-0.07749083233792892,0.14444444444444443,0.4303571428571429,1.0,0,Q15366:Q96HR9
EFTUD2,NOSIP,0.4653002322312845,0.1053030303030303,0.5142857142857143,0.6157407407407408,1,Q15029:Q9Y314
TCERG1,SF3B1,0.7389586738188794,0.5979901190427506,0.4399092970521543,0.878,-1,O14776:O75533
U2SURP,EIF3K,0.6068153274297408,0.23650793650793647,0.3825396825396826,0.8111111111111112,0,O15042:Q9UBQ5
TRAV22,HLA-A,0.7580653538988347,0.27934246604459373,0.12286255411255412,0.0,0,A0A0B4J277:P04439
GPR17,POU2AF1,-0.18344710564607644,0.10065721315721315,0.16666666666666666,0.896590909090909,0,Q13304:Q16633
NDUFC2,CYC1,0.17835667388453233,0.43636363636363634,0.5354938271604938,0.67,-1,O95298:P08574
NUP37,NUP58,0.6916341598249313,0.35000000000000003,0.9274509803921569,0.9854014598540146,-1,Q8NFH4:Q9BVL2
GZMB,PTGES3,-0.12246904804942042,0.15432900432900434,0.7146341463414634,0.8273273273273273,1,P10144:Q15185
SUB1,RNF113B,-0.03031149182577866,0.16666666666666666,0.25,0.2,0,P53999:Q8IZP6
ASAH1,TM4SF18,0.4393272414641424,0.0,1.0,1.0,0,Q13510:Q96CE8
MAGOH,FAF1,0.5131549193920265,0.12179226002755414,0.4048611111111111,0.7543859649122806,0,P61326:Q9UNN5
CD5,VASP,0.4570141539074243,0.12355699855699855,0.319047619047619,0.9558823529411765,0,P06127:P50552
MPG,SCAF8,0.7557627457023969,0.0810359231411863,0.6285714285714287,0.6545454545454545,0,P29372:Q9UPN6
FCGR3B,IGHG1,0.06306366497803756,0.39404761904761904,0.8461538461538465,0.23095238095238096,1,O75015:P01857
ANAPC15,FZR1,0.3094643124597874,0.34147126944065415,0.7423076923076923,0.9263392857142857,-1,P60006:Q9UM11
CCNA2,CDC27,0.6028793386202577,0.1755910755910756,0.6318627450980391,0.9848484848484849,-1,P20248:P30260
UBA52,PTCRA,0.41907141204742815,0.06666666666666667,1.0,1.0,0,P62987:Q6ISU1
NPM1,NPM1,0.9999999999999998,0.1925333950488749,0.5581081081081081,0.8771879021879022,1,P06748:P06748
UBE2V2,CDC73,0.46766961394529694,0.10991068571950927,0.7590909090909093,0.9805194805194806,0,Q15819:Q6P1J9
GTF2F1,PROM2,0.041365587846779454,0.10563973063973064,0.2566666666666667,0.6000000000000001,0,P35269:Q8N271
ZDHHC23,ZNF830,0.2752267214041247,0.10338540427826141,0.21098484848484853,0.8984126984126983,0,Q8IYP9:Q96NB3
RPSA,RPS16,0.8454894855148656,0.5594877344877344,0.7003759398496241,0.5625,1,P08865:P62249
H2BC10,H3C13,0.6521464697148827,0.7777777777777777,0.9,0.9166666666666666,1,P62807:Q71DI3
PLRG1,KIN,0.8474494411441338,0.26406926406926406,0.5592592592592592,0.44285714285714295,-1,O43660:O60870
PSMC3,PSMC3,1.0,0.3732298474945533,0.8136591478696742,0.9108024691358025,1,P17980:P17980
RPS7,DIMT1,0.7065345050380861,0.32994652406417113,0.5301587301587302,0.44871794871794873,-1,P62081:Q9UNQ2
RPL27,KCNT2,0.1761534184314545,0.08585858585858586,1.0,0.08939393939393939,0,P61353:Q6UVM3
RPL34,LYAR,0.16534904790675448,0.08904151404151403,0.6454545454545455,0.7782608695652173,-1,P49207:Q9NX58
HSBP1,INHA,0.2575589585238084,0.17740183792815373,0.39,0.7564102564102565,0,O75506:P05111
NDUFB4,NDUFC2,0.5490447023981173,0.2043349507635222,0.480892857142857,0.4166666666666667,1,O95168:O95298
ZNF80,FRA10AC1,0.1685279966802784,0.05263157894736842,1.0,0.9340659340659341,0,P51504:Q70Z53
SURF6,GNL3,0.5485834218123323,0.09750566893424036,0.5194444444444444,0.8217592592592592,-1,O75683:Q9BVP2
MC2R,TESK2,-0.10510110096017991,0.10972222222222223,0.48888888888888893,0.44056122448979584,0,Q01718:Q96S53
SF3B1,ARMC7,0.4062863611490943,0.625,1.0,1.0,-1,O75533:Q9H6L4
NDUFS6,SPINK9,-0.20852264329878,0.0,0.2,0.2857142857142857,0,O75380:Q5DT21
HTR1E,SHMT2,-0.2356817200234097,0.11376595626595627,0.18965517241379312,0.569642857142857,0,P28566:P34897
NAGS,SLC7A13,0.04083116906680598,0.09753787878787878,0.14285714285714285,0.08585858585858586,0,Q8N159:Q8TCU3
HUS1,KCNH1,-0.11954766700955016,0.13016233766233767,0.2774691358024691,0.48194444444444445,0,O60921:O95259
CCT8,TMEM38A,-0.005509926477275298,0.12613636363636363,0.29444444444444445,0.35555555555555557,0,P50990:Q9H6F2
POLR2K,LAX1,0.1628577225271653,0.08462093462093462,0.4756410256410256,0.8703703703703703,0,P53803:Q8IWV1
CACNA1C,EMC7,0.2974239499036678,0.09090909090909091,0.475,0.8384615384615385,0,Q13936:Q9NPA0
RPL12,SERBP1,0.821104394351483,0.07395833333333333,0.6305555555555556,0.6018518518518517,-1,P30050:Q8NC51
CAB39,CAB39,1.0,0.3443121693121693,0.38277777777777783,0.8754578754578756,1,Q9Y376:Q9Y376
WRAP53,NOP10,0.5632491976403177,0.490249433106576,0.502721088435374,0.7344444444444442,1,Q9BUR4:Q9NPE3
ERCC6,RAB32,0.3027711323193369,0.1574206349206349,0.23207282913165264,0.7200292397660819,0,Q03468:Q13637
KAT7,H4C1,0.2681220063451732,0.28623376623376623,0.8918279569892472,0.9662698412698413,1,O95251:P62805
RPS7,LYG2,-0.02079425581738656,0.10151515151515152,0.5,0.42857142857142855,0,P62081:Q86SG7
LSM3,AASDH,0.6914019339910166,0.10833333333333334,0.0,0.14583333333333331,0,P62310:Q4L235
HSD3B7,CENPH,-0.09926890498644687,0.09078144078144078,0.2630952380952381,0.9666666666666667,0,Q9H2F3:Q9H3R5
ETF1,SLC25A26,0.6505929418083094,0.14302364302364304,0.3392857142857143,0.15277777777777776,0,P62495:Q70HW3
CD3E,CTTN,-0.21420413293380425,0.22280791104320516,0.3444057297715834,0.9791666666666666,0,P07766:Q14247
KRTAP10-8,GNAI1,0.0,0.0,0.3428571428571428,0.521326164874552,0,P60410:P63096
RABGGTB,SKP1,0.13362122068471746,0.15739795918367344,0.6557765151515151,0.9854413702239789,-1,P53611:P63208
MRPL23,ACBD4,0.1475215893777939,0.14285714285714285,0.5,0.9166666666666666,0,Q16540:Q8NC06
CWC27,PPIE,0.8116921286312018,0.38099415204678366,0.6574646074646076,0.6701058201058201,-1,Q6UX04:Q9UNP9
PSMB1,PSMD13,0.9041621721787008,0.6888888888888888,0.8263471177944863,0.8333333333333334,-1,P20618:Q9UNM6
ARID4A,BRMS1,0.5658574943655442,0.38935231435231443,0.47777777777777775,0.2419871794871795,1,P29374:Q9HCU9
IGKV4-1,RNPEPL1,0.5048790866599058,0.14285714285714285,0.0,0.1294642857142857,0,P06312:Q9HAU8
MC2R,MRAP,0.9292073875559426,0.15,0.37777777777777777,0.6499999999999999,1,Q01718:Q8TCY5
RPL35A,SEC61B,0.4844132061301504,0.11249999999999999,0.5242424242424243,0.8214285714285714,-1,P18077:P60468
FCN3,STX2,0.13678305727580198,0.13627344877344877,0.365,0.9763440860215054,0,O75636:P32856
RPL31,FTSJ3,0.8143713919045366,0.11523809523809522,0.2388888888888889,0.6686728395061727,-1,P62899:Q8IY81
ETF1,RPL11,0.5811275807024185,0.11448429451525427,0.6087797619047619,0.8271103896103899,-1,P62495:P62913
FAU,RPL36A,0.8896369960526873,1.0,0.7161490683229814,0.6666666666666667,-1,P62861:P83881
RPS17,EIF1AD,0.7759037986630739,1.0,0.4875,0.26666666666666666,-1,P08708:Q8N9N8
UBL5,XAB2,0.4342809145695067,0.497108843537415,0.7506802721088437,1.0,-1,Q9BZL1:Q9HCS7
GAD1,CD209,-0.2769997603395754,0.13767837101170435,0.6730769230769231,0.8537037037037037,0,Q99259:Q9NNX6
GUCY1A2,MICU1,0.3505120117017558,0.0986120604541657,0.17385057471264362,0.612189440993789,0,P33402:Q9BPX6
CWC15,ST3GAL6,-0.17171586997937108,0.09870129870129869,0.23888888888888893,0.1476190476190476,0,Q9P013:Q9Y274
SNRPE,SNRPF,0.9268913408959742,0.7349816849816849,0.48805418719211824,0.9776119402985075,1,P62304:P62306
NSA2,RPL13A,0.8594673304681867,0.07612692076254828,0.21345704948646124,0.4444444444444445,-1,O95478:P40429
RPL8,ZNF622,0.6270423916329013,0.0943841872413301,0.4133333333333333,0.6071428571428571,-1,P62917:Q969S3
MRPL33,TUFM,0.3443414776557688,0.22474747474747472,0.548989898989899,0.20213675213675214,-1,O75394:P49411
TBL3,IMP3,0.4807031699428407,0.543560606060606,0.4458333333333333,0.893103448275862,-1,Q12788:Q9NV31
GTPBP6,MRPL20,0.7535613193909537,0.0,0.3425662878787879,0.18154761904761904,-1,O43824:Q9BYC9
SNRPD1,NOSIP,0.2148436759451978,0.09511784511784512,0.5142857142857143,0.6157407407407408,0,P62314:Q9Y314
MRPS14,MRPL23,0.25701044400420636,1.0,0.5292424242424242,0.75,-1,O60783:Q16540
ERH,ERH,1.0,0.6666666666666666,0.4476190476190476,0.9068627450980392,1,P84090:P84090
RPS13,EMG1,0.830907184101946,0.4090007215007216,0.5256410256410257,0.5424242424242425,-1,P62277:Q92979
KRT34,KRT82,0.5509821033728229,0.5555555555555556,0.8571428571428571,0.8928571428571429,-1,O76011:Q9NSB4
RPL7,NOP16,0.6128261721458287,1.0,0.5599999999999999,1.0,0,P18124:Q9Y3C1
UTY,PSMB2,0.43600857194304954,0.0989010989010989,0.5162748643761303,0.20000000000000004,0,O14607:P49721
MRPL57,DDX28,0.42710508931997987,0.09722222222222221,0.54,0.15995670995670996,-1,Q9BQC6:Q9NUL7
RPSA,RPS5,0.8918684784850897,0.6599999999999999,0.7040726817042606,0.5769230769230769,1,P08865:P46782
C9,BUD13,-0.22871766824116888,0.11388888888888889,0.32710622710622717,0.9166666666666666,0,P02748:Q9BRD0
SUCLG1,PIAS4,-0.045436704199827094,0.11236167678475371,0.21684397163120556,0.7864922723475357,0,P53597:Q8N2W9
CRABP2,GPT2,0.15445581756618218,0.14821428571428572,0.25,0.17045454545454547,0,P29373:Q8TD30
PSMB5,PSME2,0.14576160565288426,0.08712121212121213,0.8623407109322602,0.9285714285714285,-1,P28074:Q9UL46
ERCC3,UPF3B,0.8781809279035141,0.11412337662337663,0.6092592592592593,0.9093023255813953,0,P19447:Q9BZI7
ZNF840P,AMBP,-0.16197608914912184,0.07361013986013987,0.19161255411255415,0.15491582491582492,0,A6NDX5:P02760
RPL17,RPS4Y1,0.28684331016571174,1.0,0.851231527093596,0.5833333333333334,-1,P18621:P22090
DENR,RPS20,0.6550211222519363,0.14377289377289373,0.44660894660894657,0.7023809523809523,-1,O43583:P60866
WBP4,SNRPG,0.5201581514734873,0.6875850340136054,0.45905483405483405,0.903125,-1,O75554:P62308
MAPT,PTGES3,-0.1865254914166073,0.1616068649682095,0.7146341463414634,0.8273273273273273,-1,P10636:Q15185
CTLA4,CSRP3,-0.0506233547234377,0.13188544788544787,0.44000000000000006,0.7176470588235294,0,P16410:P50461
RPS26,CCDC124,0.16958786220353467,0.14444444444444446,0.5066666666666666,0.6041666666666666,-1,P62854:Q96CT7
NR1H4,NGRN,-0.3214098966857003,0.3941798941798942,0.3927083333333333,0.54,0,Q96RI1:Q9NPE2
EZH2,DOK4,0.12102033704293157,0.21666666666666667,0.5,1.0,0,Q15910:Q8TEW6
RPL34,RPS26,0.8578170586150956,0.8673469387755102,0.7300264550264549,0.6099999999999999,-1,P49207:P62854
MRPS35,MRPL23,0.6649250701716976,1.0,0.5292424242424242,0.75,-1,P82673:Q16540
FAM3B,CAB39,-0.3037273387203019,0.3443121693121693,0.38277777777777783,0.8754578754578756,0,P58499:Q9Y376
VPS39,DHX33,0.6902997004481533,0.12404601571268237,0.3375,0.4327122153209108,0,Q96JC1:Q9H6R0
RPS5,RPL24,0.9109837264056432,0.6277777777777777,0.6696649029982362,0.5892857142857143,-1,P46782:P83731
FAM234B,CUTA,0.1774602875501722,0.0,0.3466666666666667,0.9047619047619047,0,A2RU67:O60888
CRABP2,FBXW10,-0.03553263221958499,0.0,1.0,0.0,0,P29373:Q5XX13
CLDN19,SLAMF6,-0.04325703120183164,0.20245726495726496,0.6785714285714286,1.0,-1,Q8N6F1:Q96DU3
RAN,H3-5,0.1500222296077514,0.14285714285714285,0.475,0.9228395061728395,-1,P62826:Q6NXT2
BLVRA,SFRP2,0.48756184945373665,0.08768230536806387,0.4375,0.6904761904761904,0,P53004:Q96HF1
POLR2F,GPKOW,0.6707758862374379,0.16666666666666666,0.5428571428571429,0.25735294117647056,0,P61218:Q92917
TMEM37,RCOR1,-0.02140252118779549,0.06841418385536034,0.1738888888888889,0.1101010101010101,0,Q8WXS4:Q9UKL0
RPL13A,CCDC86,0.31583690153461746,0.0,0.5772727272727273,0.75,0,P40429:Q9H6F5
SF3B5,ISY1,0.7637702137793984,0.5345238095238096,0.7703809523809524,0.9791666666666666,-1,Q9BWJ5:Q9ULR0
SNRPC,TXNL4A,0.4663905842800717,0.5031746031746032,0.5533730158730158,1.0,-1,P09234:P83876
MRPL58,GFM1,0.7406095201095708,0.3333333333333333,0.7083333333333334,0.14166666666666666,-1,Q14197:Q96RP9
TMEM212,TIMM10,0.02381745367448819,0.0,0.22619047619047622,0.0,0,A6NML5:P62072
LINGO3,MRPL23,-0.18763004554462903,0.0,0.26222222222222225,0.0,0,P0C6S8:Q16540
PSMC1,AMELY,0.09378347367125518,0.06666666666666667,0.3333333333333333,0.4444444444444445,0,P62191:Q99218
CREG1,KCNJ9,-0.4170552260027753,0.1228956228956229,0.2611111111111111,0.14226190476190476,0,O75629:Q92806
IL1B,GRAMD1C,0.019353635457391702,0.1875,0.3055555555555555,0.6317460317460317,0,P01584:Q8IYS0
OXA1L,MRPS30,0.7160049154989918,0.5625,0.632142857142857,0.25,-1,Q15070:Q9NP92
IGHG1,SESN2,0.07790658817447337,0.12537598204264871,0.3716021825396825,0.679404761904762,0,P01857:P58004
MRPS15,MRPL13,0.4855886252598027,0.688888888888889,0.47179144385026733,0.5476190476190476,-1,P82914:Q9BYD1
IFNAR1,RPL26L1,0.3090583939647086,0.09545454545454546,0.13392857142857142,0.5,0,P17181:Q9UNX3
SNRNP200,IK,0.8779184531502352,0.443859649122807,0.5341991341991342,1.0,-1,O75643:Q13123
RPL11,RPL19,0.9505341452386913,1.0,0.6576719576719576,0.5384615384615384,-1,P62913:P84098
CPSF6,AKAP8L,0.7294548549847565,0.22505542702911122,0.4708333333333333,0.9368055555555556,0,Q16630:Q9ULX6
UFL1,RPL31,0.7500118747265953,0.21000000000000002,0.6769841269841269,0.7916666666666666,-1,O94874:P62899
SEPTIN7,KHDC1,0.46020650808593994,0.0,0.5,0.25,0,Q16181:Q4VXA5
SYF2,STEEP1,0.8200092894008313,0.09814814814814814,0.5990196078431372,0.75,0,O95926:Q9H5V9
DKK1,KREMEN1,0.022663315005282677,0.31124338624338627,0.75,0.8666666666666667,1,O94907:Q96MU8
RPS11,NAT10,0.7060629223674835,0.16036047286047286,0.4751984126984127,0.5065277777777777,-1,P62280:Q9H0A0
ISY1,FAM32A,0.7469529161954462,0.1111111111111111,0.6363636363636365,0.625,0,Q9ULR0:Q9Y421
H3C1,ASF1A,0.11771838003451979,0.37072649572649574,0.509090909090909,0.9416666666666669,1,P68431:Q9Y294
PPIL2,SNW1,0.7018867775651919,0.1977288271461204,0.8085581085581085,0.9504273504273505,1,Q13356:Q13573
RPS3A,ANO7,0.016775099076864277,0.12916666666666665,0.4095238095238095,0.24915824915824916,0,P61247:Q6IWH7
MS4A1,BOLL,-0.02735051812302192,0.12070707070707071,0.5,0.9493055555555555,0,P11836:Q8N9W6
HLA-G,H4C1,0.10625412756447003,0.1621918767507003,0.4660215053763442,0.9662698412698413,0,P17693:P62805
RB1,CCNA2,0.7704310555958263,0.20519626769626767,0.37258297258297257,0.9209726443769,1,P06400:P20248
STAT2,NFE2L2,0.5349005529052934,0.21921811258537918,0.55354609929078,0.8845513122740846,0,P52630:Q16236
SPART,PAIP2B,-0.047044901329048816,0.09545454545454546,1.0,0.48333333333333334,0,Q8N0X7:Q9ULR5
MRPL23,AURKAIP1,0.11201619029662772,0.30769230769230765,0.5114853896103897,1.0,-1,Q16540:Q9NWT8
OR1I1,NCS1,-0.17161908929062375,0.2111111111111111,0.45897435897435906,0.15761217948717948,0,O60431:P62166
YWHAZ,TBC1D7,0.5091614777911057,0.448003663003663,0.4047619047619047,0.9256678281068526,1,P63104:Q9P0N9
ZMAT2,XAB2,0.6009403199584084,0.497108843537415,0.7506802721088437,1.0,-1,Q96NC0:Q9HCS7
RPL34,NOP16,0.5369163070589875,0.125,0.5599999999999999,1.0,0,P49207:Q9Y3C1
RPS6,FAM110C,0.22534479920412526,0.2533333333333333,0.5333333333333333,0.8333333333333333,0,P62753:Q1W6H9
RPS12,RPS21,0.9373028433789504,0.7777777777777778,0.7340136054421768,0.7272727272727273,-1,P25398:P63220
NOC4L,LNPK,0.5538507826290728,0.07707898162443617,0.42812500000000003,0.9272727272727272,-1,Q9BVI4:Q9C0E8
MICU1,ADAMTS8,0.03434589193398676,0.12857142857142856,0.2611111111111111,0.22123015873015872,0,Q9BPX6:Q9UP79
SLIRP,MRPS18B,0.3723774474777853,0.11574074074074074,0.28991477272727273,0.94,-1,Q9GZT3:Q9Y676
KCNN1,MAGEF1,0.08584162276397683,0.07095238095238095,0.2,1.0,0,Q92952:Q9HAY2
H4C1,GPAM,-0.12624752803102846,0.10024908953480383,0.3428571428571429,0.2708333333333333,0,P62805:Q9HCL2
RPS16,EIF1AD,0.7719665070157259,0.25,0.4875,0.9648148148148149,-1,P62249:Q8N9N8
PRPF8,NOSIP,0.4292372201549252,0.09511784511784512,0.4428571428571429,0.6157407407407408,1,Q6P2Q9:Q9Y314
POLR2L,MED23,0.3139715560426392,0.30310672514619885,0.562962962962963,0.9509803921568628,-1,P62875:Q9ULK4
GRID2IP,IL17A,0.01257986344410323,0.12049062049062048,0.19333333333333333,0.0,0,A4D2P6:Q16552
MRPS24,MRPL18,0.51779965428313,0.6923076923076924,0.5045454545454545,0.32142857142857145,-1,Q96EL2:Q9H0U6
FOXL2NB,PIM2,-0.05451555753857681,0.0,0.5,0.0,0,Q6ZUU3:Q9P1W9
IGSF3,ITGB3,-0.024239184628139898,0.09748590017577358,0.6474521584334667,0.0,0,O75054:P05106
CXCL10,GNG2,0.13148958512360262,0.36136363636363633,0.321285140562249,1.0,0,P02778:P59768
RPS19,RPS29,0.9131602552191286,1.0,0.7327891156462585,0.5555555555555556,-1,P39019:P62273
RPS14,PNO1,0.6231402648809283,1.0,0.46666666666666673,0.875,1,P62263:Q9NRX1
POLR2B,MED31,0.6392528641266575,0.0704455266955267,0.38333333333333336,0.7851851851851851,-1,P30876:Q9Y3C7
MRPS11,MRRF,0.4084292142172121,0.40740740740740744,0.5625,0.9333333333333332,-1,P82912:Q96E11
UBE2I,HIPK2,-0.2579525054834969,0.14816530088269217,0.6004140786749482,0.39231805929919145,1,P63279:Q9H2X6
PPP5C,ASH2L,0.7192999889339583,0.2486772486772487,0.7413079975579977,0.9685714285714285,0,P53041:Q9UBL3
CWC27,ARMC7,0.1947411196710001,0.625,1.0,1.0,-1,Q6UX04:Q9H6L4
DENR,RPS17,0.7436256151079041,0.17668650793650792,0.4371148459383753,0.25,-1,O43583:P08708
PWP2,NGDN,0.6541038499532373,0.2599358974358974,0.3508771929824562,0.85,-1,Q15269:Q8NEJ9
RPS9,CSNK1A1,0.5608293927794918,0.1449280188410623,0.7639880952380953,0.5743815708101423,-1,P46781:P48729
RPL10A,UBA52,0.7694665556127546,0.7023809523809524,0.8296723460026213,0.8333333333333333,-1,P62906:P62987
RPS13,RPS13,1.0,0.6994047619047619,0.6767857142857142,0.6355555555555554,0,P62277:P62277
SURF6,RPL9,0.7267906983548073,0.11458333333333333,0.3890873015873016,0.9071428571428573,0,O75683:P32969
DUSP14,ASCL5,-0.1443419179245698,1.0,0.0,0.38125,0,O95147:Q7RTU5
OR4A15,TAF9B,0.0,0.14102633477633478,0.297948428383211,0.16071428571428573,0,Q8NGL6:Q9HBM6
INHBA,SMOC2,0.5231773040983109,0.17661528286528286,0.675,0.4791666666666667,0,P08476:Q9H3U7
PI3,SPATA2L,-0.07123690603831834,0.0,0.5,0.25,0,P19957:Q8IUW3
RBX1,COPS3,0.5588852459127788,0.21245380168077538,0.557142857142857,1.0,-1,P62877:Q9UNS2
DNLZ,RNF2,0.6522216745843673,0.16828144078144078,0.6379928315412186,0.9512258209626632,0,Q5SXM8:Q99496
CD160,CD160,1.0,0.23784008389271546,0.8333333333333333,0.7255952380952381,1,O95971:O95971
H2AC11,H3C13,0.5090753541549359,0.15079365079365079,0.2283333333333333,0.9166666666666666,1,P0C0S8:Q71DI3
NUP98,NUP58,0.8390958559697023,0.33958333333333335,0.9274509803921569,0.9854014598540146,-1,P52948:Q9BVL2
IST1,SNRNP27,0.5339280501098461,0.1111111111111111,0.4,0.8666666666666666,0,P53990:Q8WVK2
PRPF6,FARS2,0.6556891604587408,0.16309523809523807,0.365,0.9500000000000001,0,O94906:O95363
RPS4Y1,RPL26,0.29083523982926807,0.30169413919413923,0.6619963369963369,0.5643939393939394,-1,P22090:P61254
NELFCD,NELFA,0.8061340203826654,0.575,0.8107142857142858,0.8833333333333332,1,Q8IXH7:Q9H3P2
IRF9,DMRTC2,-0.07985162714819682,0.2517442645074224,0.45555555555555555,0.4264610389610389,-1,Q00978:Q8IXT2
TRAV4,RBM25,0.21164452950547924,0.09675324675324674,0.13392857142857142,0.0,0,A0A0B4J268:P49756
SNRPD1,SNRPD2,0.8358827904790556,0.6212585034013605,0.43640873015873016,0.9821428571428571,1,P62314:P62316
HLA-DPA1,TMPRSS3,0.31464480098995173,0.13095238095238096,0.5138888888888888,0.125,0,P20036:P57727
IP6K3,NTMT1,0.14896032289515385,0.14471701138367804,0.65,0.38010204081632654,0,Q96PC2:Q9BV86
RPLP1,RPL37A,0.8959678624509599,1.0,0.6724206349206349,0.6545454545454545,-1,P05386:P61513
POLR2E,MED20,0.6494572786640628,0.32934934739446015,0.4611111111111112,0.9311111111111111,-1,P19388:Q9H944
IZUMO1R,GRIK2,-0.0565495345823462,0.13389850889850888,0.5935374149659864,0.11416666666666667,0,A6ND01:Q13002
UFM1,RPL23A,0.7002831102377254,0.15476190476190474,0.41790476190476183,0.6391666666666667,0,P61960:P62750
UBE2K,PJVK,0.10941573817551116,0.09642857142857143,0.43650793650793646,0.0,0,P61086:Q0ZLH3
ATP6V1G1,MEAK7,0.5685904670406721,0.13333333333333336,0.3982142857142857,1.0,-1,O75348:Q6P9B6
RPS4X,ZNF408,0.6783603250154255,0.16666666666666666,0.25,0.9713920817369094,0,P62701:Q9H9D4
SNRPC,LSM6,0.7994298066085054,0.5523809523809524,0.3613095238095238,0.9574468085106383,-1,P09234:P62312
NR3C1,NRIP1,0.5959732556525211,0.4892094017094017,0.5901960784313726,0.695899470899471,1,P04150:P48552
MRPL45,DDX28,0.5623418588676835,0.09722222222222221,0.54,0.35080348943985307,-1,Q9BRJ2:Q9NUL7
MRPS21,MTIF3,0.566539596428732,0.14074074074074075,1.0,0.24867724867724866,-1,P82921:Q9H2K0
PRPF4,LSM7,0.6798954313128849,0.7333333333333334,0.35028011204481796,0.9631782945736433,1,O43172:Q9UK45
MRPS31,MRPL22,0.850816549702443,1.0,0.5527597402597403,0.5833333333333334,-1,Q92665:Q9NWU5
GMFG,BTNL2,0.3918049791545509,0.15357142857142855,0.3333333333333333,0.41666666666666663,0,O60234:Q9UIR0
KHDRBS3,SNRPC,0.3308095459743502,0.5370879120879121,0.448888888888889,0.9287894030851775,-1,O75525:P09234
SNRPA1,SRSF1,0.7623718435898963,0.37733037659508245,0.7677419354838709,0.8460526315789473,-1,P09661:Q07955
RPS27,MCTS1,0.5532234208402554,0.2088045634920635,0.5,0.6462962962962963,-1,P42677:Q9ULC4
CYCS,CYCS,0.9999999999999999,0.4178030303030303,0.5545977011494254,0.9348039215686273,1,P99999:P99999
SNU13,HEATR1,0.3578721002882973,0.23878968253968255,0.48461538461538467,0.7,-1,P55769:Q9H583
AVPR2,IQCC,0.04878845806340636,0.0,0.0,1.0,0,P30518:Q4KMZ1
UBE2N,LNX1,0.08376905400360338,0.396011396011396,0.5666666666666667,0.9955702647657841,1,P61088:Q8TBB1
NDUFA11,UQCR10,0.1140473548048514,0.5181818181818182,0.7060185185185185,0.5625,-1,Q86Y39:Q9UDW1
SNU13,SNRPD3,0.4929205899712533,0.623299319727891,0.48202870189171576,0.8857723577235771,-1,P55769:P62318
TEN1,STXBP6,-0.2873760772690666,0.09250992063492063,0.39999999999999997,0.25,0,Q86WV5:Q8NFX7
SCN2B,SYAP1,-0.360338098149248,0.12651515151515152,0.31145833333333334,0.14285714285714285,0,O60939:Q96A49
RPS29,PA2G4,0.5664720976450427,0.09437229437229437,0.41595238095238096,0.2176190476190476,-1,P62273:Q9UQ80
GSTA2,CAPNS2,-0.09821661779824893,0.0,0.5583333333333333,0.8101851851851851,0,P09210:Q96L46
UBE2L3,LIPH,-0.17857118223679008,0.21428571428571427,0.41666666666666663,0.325,0,P68036:Q8WWY8
POLA1,MCM3,0.9181097293628167,0.2746148459383754,0.6098958333333333,0.7061943476577622,-1,P09884:P25205
TPM3,TPM3,1.0,0.5555555555555556,0.644,0.9895833333333333,1,P06753:P06753
RBPMS2,RBM41,0.11465134752395285,0.07142857142857142,0.16666666666666666,0.9593495934959351,-1,Q6ZRY4:Q96IZ5
FANCB,LY96,0.43267954947530773,0.08313475310379335,0.25666666666666665,0.7625,0,Q8NB91:Q9Y6Y9
FGFR4,LAMTOR4,-0.07119222591636612,0.17061688311688308,0.16094104308390023,0.8599439775910364,0,P22455:Q0VGL1
SQSTM1,GABARAPL1,0.24074385719259025,0.31722222222222224,0.4974358974358975,0.9638694638694637,1,Q13501:Q9H0R8
ZNRD2,CBLL1,0.831636402091808,0.14858906525573193,0.3652380952380952,0.5087301587301588,0,O60232:Q75N03
IGKV2D-24,TMEM97,-0.04202565461996284,0.11878908128908129,0.29389880952380953,0.0,0,A0A075B6R9:Q5BJF2
RPLP1,RACK1,0.8742085771203469,0.12326580690551278,0.5023809523809524,0.8351882613510518,-1,P05386:P63244
MRPL18,AURKAIP1,0.33262982448373385,0.30769230769230765,0.5114853896103897,1.0,-1,Q9H0U6:Q9NWT8
GSN,ACTB,0.539667298072441,0.13436992776615414,0.43178210678210693,0.9115181992337166,1,P06396:P60709
BCAM,KCNK12,-0.09046681790327085,0.125,0.6190476190476191,0.42777777777777787,0,P50895:Q9HB15
PI3,ZFYVE27,-0.086442641645473,0.09341491841491845,0.4924369747899159,0.24658385093167698,0,P19957:Q5T4F4
RPS5,RPS20,0.9121419763072924,0.8461538461538461,0.7799422799422799,0.7023809523809523,-1,P46782:P60866
UBL7,HSD17B14,0.10000826057049839,0.125,1.0,0.9547413793103449,0,Q96S82:Q9BPX1
R3HDM1,MED10,0.3662497261130877,0.0,0.0,0.8632478632478632,0,Q15032:Q9BTT4
RPS18,RPL19,0.9455712595619166,1.0,0.6576719576719576,0.5384615384615384,-1,P62269:P84098
GLYR1,OLIG3,-0.042504827454996265,0.09940059940059938,0.6,0.9122807017543861,0,Q49A26:Q7RTU3
GNG7,GNB1,0.16018669010108688,0.4726220538720538,0.3565535124941067,0.8865740740740741,1,O60262:P62873
EIF1AX,PAOX,-0.006833389991917896,0.1606060606060606,0.5,0.13571428571428573,0,P47813:Q6QHF9
GNG2,DLL4,0.07624335648651491,0.17192128047391209,1.0,0.611111111111111,0,P59768:Q9NR61
LTA,SLC30A2,-0.03903694138174737,0.09898758648758647,0.2928819444444445,0.9444444444444443,1,P01374:Q9BRI3
LSM8,SNRNP70,0.8617667857651872,0.47937545388525776,0.46952380952380934,0.8458333333333334,-1,O95777:P08621
FEN1,TWF2,0.3308834724661654,0.1158985112110112,0.30416666666666664,0.3601190476190476,0,P39748:Q6IBS0
PDCD4,EIF3K,0.2245452011708422,0.15650793650793648,0.6444444444444444,0.8111111111111112,-1,Q53EL6:Q9UBQ5
RPS19,RPS27,0.8852713236572324,0.5964285714285713,0.8172380952380952,0.5811688311688312,-1,P39019:P42677
CHRM3,RAB40B,-0.016382475109033467,0.3664772727272727,0.3616666666666667,0.41203703703703703,0,P20309:Q12829
TRAF1,APOOL,0.4424081906775424,0.15079365079365079,0.2079365079365079,1.0,0,Q13077:Q6UXV4
RPS6,UTP6,0.7683331526443088,0.5384615384615384,0.5481481481481482,0.9,-1,P62753:Q9NYH9
SLIRP,MRPL22,0.5698671330575377,0.11805555555555555,0.30275974025974023,0.5833333333333334,-1,Q9GZT3:Q9NWU5
CD226,ZNF658B,-0.014978449890711544,0.15476190476190477,0.2,0.15925925925925924,0,Q15762:Q4V348
H2BC11,STEAP1,-0.021404121538485157,0.0,0.5875,0.5185714285714286,0,P06899:Q9UHE8
MRPL52,DDX28,0.6437739095143147,0.10795454545454547,0.54,0.15995670995670996,-1,Q86TS9:Q9NUL7
MRPS26,SLIRP,0.32331788869420214,0.09916666666666667,0.535515873015873,0.3333333333333333,-1,Q9BYN8:Q9GZT3
RPS2,RPS9,0.8863563797596774,0.6023809523809525,0.669426406926407,0.5533333333333333,1,P15880:P46781
GRB2,LIN9,0.36737883338932337,0.2072222222222222,0.95,0.8928571428571429,0,P62993:Q5TKA1
BACE1,CSF3R,-0.15664756559876414,0.13581800144300143,0.6166666666666667,0.6527777777777778,0,P56817:Q99062
MXI1,SH3KBP1,-0.07264905013608408,0.07688237688237688,0.7628042328042329,0.9857723577235772,0,P50539:Q96B97
NHLRC2,SLC30A2,-0.1919869080179499,0.0,0.2159970238095238,0.9444444444444443,0,Q8NBF2:Q9BRI3
DENND2D,NDRG4,-0.282648425190489,0.0,0.5871212121212122,0.9893617021276596,0,Q9H6A0:Q9ULP0
RPLP1,RPS15,0.8961431306803481,0.4670970695970695,0.7455026455026454,0.5428571428571428,-1,P05386:P62841
HSD11B1,RNASEH2C,-0.17415608982652464,0.1369047619047619,0.3571428571428571,0.5,0,P28845:Q8TDP1
RFPL4A,MED26,0.6520500178444163,0.3136904761904762,0.2761904761904762,0.8648148148148148,0,A6NLU0:O95402
DHX38,PPIE,0.8976309687910626,0.38099415204678366,0.6574646074646076,0.6701058201058201,-1,Q92620:Q9UNP9
ZNF860,TICAM2,0.18263932194489033,0.08287300934359756,0.16342592592592592,0.8222222222222223,0,A6NHJ4:Q86XR7
LRPPRC,MRPL50,0.6480275390649365,0.16666666666666666,0.3316844919786096,0.0,-1,P42704:Q8N5N7
RPS25,MCTS1,0.557953340668299,0.12723214285714285,1.0,0.6462962962962963,-1,P62851:Q9ULC4
GTF2F1,TAF8,0.4865578820160257,0.18507326007326005,0.6409090909090908,0.8863636363636364,-1,P35269:Q7Z7C8
CCDC159,COIL,0.5140670090940037,0.1,0.3761904761904762,0.0,-1,P0C7I6:P38432
MGRN1,TAF11L10,0.0,0.3333333333333333,0.16666666666666666,0.375,0,O60291:P0DW14
IL1B,IL1B,1.0,0.22779118659118663,0.8023399014778325,0.6794871794871794,1,P01584:P01584
FAU,BATF3,0.3646614597675492,0.09129722401781226,0.4555555555555555,0.8926954732510288,0,P62861:Q9NR55
MCM3,POLA2,0.9347161663444489,0.5553846153846154,0.8035714285714288,0.95,-1,P25205:Q14181
RPL14,EEF1A1,0.9381052561833871,0.426025641025641,0.4544047619047619,0.7121604938271605,-1,P50914:P68104
SNRNP27,SF3B5,0.3349233241961666,0.6864121087031303,0.47571428571428565,0.925,-1,Q8WVK2:Q9BWJ5
SLC12A5,BRMS1,-0.3636882513656582,0.1080289368750907,0.30416666666666664,0.326007326007326,0,Q9H2X9:Q9HCU9
HNRNPK,TPRG1L,0.11858239704821406,0.18125000000000002,0.296875,1.0,0,P61978:Q5T0D9
IFIH1,WWOX,-0.013692161435296345,0.13662698412698412,0.43134920634920637,0.9886091127098323,0,Q9BYX4:Q9NZC7
LSM6,SNRPD3,0.7735099024826061,0.623299319727891,0.48202870189171576,0.8857723577235771,-1,P62312:P62318
TRIM65,IFIH1,0.2691154171511729,0.2575650890267991,0.9138888888888889,0.1704064297284636,1,Q6PJ69:Q9BYX4
QSOX1,IL2,0.1371851994850532,0.14070918116970751,0.9545454545454546,0.1303571428571429,0,O00391:P60568
SEC22B,SEC23A,0.804714461431735,0.3416666666666666,0.4642512077294686,0.9657142857142859,1,O75396:Q15436
SNRPE,ESS2,0.4118701645089763,0.6923076923076924,0.7083333333333334,1.0,-1,P62304:Q96DF8
ABCE1,RPL23A,0.7413066423640392,0.225,0.6579047619047619,0.6391666666666667,-1,P61221:P62750
CRABP2,HMGCL,-0.0361566644339565,0.12870370370370368,0.3484848484848485,0.16547619047619044,0,P29373:P35914
MRPS15,MRPL9,0.44155046935561537,1.0,0.5248484848484848,0.7,-1,P82914:Q9BYD2
RPS17,RPS5,0.9626813527545466,0.6599999999999999,0.7040726817042606,0.5769230769230769,-1,P08708:P46782
HGF,POLR2E,0.420070657839215,0.11944444444444444,0.4695121951219512,0.8393004115226339,0,P14210:P19388
EIF2S2,RPS8,0.5184281573501147,0.20396825396825397,0.6941071428571429,0.5833333333333334,-1,P20042:P62241
RHEB,SEMA4A,-0.2291420338299597,0.18244047619047618,1.0,0.5833333333333333,0,Q15382:Q9H3S1
EIF2S1,EIF2B3,0.756553853301268,0.4786147186147186,0.4625,0.4412878787878788,1,P05198:Q9NR50
SEC61B,RPL7A,0.5801263152350875,0.15606060606060607,0.6275510204081632,0.7058823529411765,-1,P60468:P62424
RPL23,NMD3,0.7173578043912756,0.1420790538437597,0.5666666666666667,0.319047619047619,-1,P62829:Q96D46
NKX2-1,TXLNG,0.0776143822543123,0.21666666666666667,0.375,0.6,0,P43699:Q9NUQ3
RBM23,KCTD6,0.36837463706099277,0.11880952380952378,0.5,0.9897959183673469,0,Q86U06:Q8NC69
TRIM27,ACTB,0.38524488137331286,0.1739099116705869,0.43178210678210693,0.9115181992337166,0,P14373:P60709
GOLGA7,KCNIP2,0.12668484006244685,0.1307588875770694,0.2123456790123457,0.6625698862540967,-1,Q7Z5G4:Q9NS61
USP17L21,LEO1,0.0,0.11270292207792208,0.4307692307692307,0.12244897959183675,0,D6R901:Q8WVC0
WBP4,ZNF8,0.577483671917798,0.07291666666666666,1.0,0.5291383219954648,0,O75554:P17098
IGLC3,IGLC3,1.0,0.4747474747474747,0.7925438596491229,1.0,0,P0DOY3:P0DOY3
FKBP5,OR5D14,0.0,0.15595238095238095,1.0,0.27777777777777773,0,Q13451:Q8NGL3
GABRA1,GABRA1,1.0,0.3806818181818182,0.48767195767195765,0.48674242424242425,1,P14867:P14867
UBA6,DDX41,0.8160601634290633,0.1385040885040885,0.563888888888889,0.5272256728778466,0,A0AVT1:Q9UJV9
MRPL1,MRPS33,0.5957889562626525,1.0,0.6756198347107438,1.0,-1,Q9BYD6:Q9Y291
PI3,MIER1,-0.001748732137883719,0.07771291208791209,0.44523809523809527,0.22681704260651628,0,P19957:Q8N108
AQR,SNRNP40,0.9332904429208096,0.5566666666666666,0.6439440993788818,0.9659090909090909,-1,O60306:Q96DI7
MRPL24,MRM3,0.5119846300795369,0.12142857142857143,0.5625,0.29130434782608694,-1,Q96A35:Q9HC36
PPP1R15B,FOXD4L4,-0.05787506162843154,0.14603174603174604,0.35,0.37777777777777777,0,Q5SWA1:Q8WXT5
CDH1,UBA52,0.013716475457954128,0.1409863945578231,0.4930799475753604,0.8333333333333333,-1,P12830:P62987
LCE1D,KRTAP5-3,0.6924383406457891,0.0,0.3333333333333333,1.0,-1,Q5T752:Q6L8H2
MRPL14,SLIRP,0.4208660034363641,0.09916666666666667,0.535515873015873,0.3333333333333333,0,Q6P1L8:Q9GZT3
POLR2G,ZNF747,0.6915713435276363,0.2,0.0,0.9,0,P62487:Q9BV97
MT-ND6,NDUFA5,0.30893086848456913,0.3410005027652086,0.6557692307692307,0.19791666666666666,-1,P03923:Q16718
MTREX,OR4C12,0.0,0.14285714285714285,0.3333333333333333,0.16666666666666666,0,P42285:Q96R67
UBE2I,HABP4,0.1628541678741834,0.12233016983016982,0.47360248447204967,0.8,-1,P63279:Q5JVS0
RPS7,RPS15A,0.9682599812023568,0.6027777777777777,0.739021164021164,0.6911764705882353,1,P62081:P62244
EIF3H,EIF3K,0.7602546628308624,0.6403846153846154,0.6444444444444444,0.8111111111111112,1,O15372:Q9UBQ5
CTSH,RRAGA,0.007305446743720665,0.16838425463425463,0.7590367965367965,0.7608688930117501,0,P09668:Q7L523
CSRP3,LRRC40,-0.2052603243752176,0.5,0.5,1.0,0,P50461:Q9H9A6
UBA52,EEF1A1,0.7324087445434005,0.426025641025641,0.4544047619047619,0.7121604938271605,-1,P62987:P68104
POLR2H,RRN3,0.6985820775614264,0.09968559892648962,0.5,0.16058201058201058,-1,P52434:Q9NYV6
TRBV9,CEP120,0.3189696541921134,0.1251623376623377,0.25,0.0,0,A0A0B4J1U6:Q8N960
RPS18,RPS21,0.9419864708278578,0.7777777777777778,0.7340136054421768,0.7272727272727273,-1,P62269:P63220
VCPKMT,PRMT7,0.5853445063652306,0.24728921871779014,0.5222222222222223,0.436671335200747,0,Q9H867:Q9NVM4
TMPRSS3,TAFA5,-0.10037486786371222,0.09092098377812663,0.5,0.12658730158730158,0,P57727:Q7Z5A7
GTPBP10,MTERF4,0.7947405341956043,0.09281591424448568,0.5693181818181818,0.8545454545454544,0,A4D1E9:Q7Z6M4
UBE2I,QSOX2,0.5412966392508404,0.5,0.4138888888888889,0.13392857142857142,0,P63279:Q6ZRP7
PRKAG1,KRT85,0.1025033096298724,0.15595238095238095,0.9201680672268907,0.9475308641975309,0,P54619:P78386
ETF1,PA2G4,0.8103055976333957,0.28666666666666674,0.41595238095238096,0.7083333333333333,-1,P62495:Q9UQ80
KCNA4,BRK1,-0.23598707276106207,0.11194512558148922,0.3743589743589744,0.9837962962962963,0,P22459:Q8WUW1
MDGA1,COPS5,0.10606753646430281,0.1173251585016291,0.36522633744855965,0.0,0,Q8NFP4:Q92905
MTREX,EXOSC4,0.3155919963764339,0.3634386446886447,0.37458664021164023,0.9349587912087913,1,P42285:Q9NPD3
RAD23B,GRB2,0.268852030153648,0.08882121666212574,0.9351473922902495,0.9809264069264069,0,P54727:P62993
GET3,GET3,0.9999999999999999,0.8541666666666666,0.49218253968253967,0.895715905409783,1,O43681:O43681
SLC30A2,HDHD5,-0.25612140885049034,0.09090909090909091,1.0,0.0,0,Q9BRI3:Q9BXW7
SNW1,LSM2,0.8414205755109944,0.7194444444444444,0.3603896103896104,0.9464285714285714,-1,Q13573:Q9Y333
PEX19,TMEM154,-0.15985596338677643,0.0,1.0,1.0,0,P40855:Q6P9G4
DMAP1,RUVBL1,0.29828020295094065,0.21410125574564076,0.4211473711473711,0.7845238095238095,1,Q9NPF5:Q9Y265
MRPS25,SLIRP,0.23553458198449434,0.09916666666666667,0.535515873015873,0.24074074074074073,-1,P82663:Q9GZT3
CRNKL1,GALNT8,-0.21038368934472923,0.09545454545454546,0.3125,0.2375,0,Q9BZJ0:Q9NY28
SNU13,ZMAT2,0.6981145264268934,1.0,0.4935714285714286,0.9722906403940887,-1,P55769:Q96NC0
KRAS,COP1,0.6549834833697868,0.10972222222222223,0.5726495726495726,0.7968954248366013,0,P01116:Q8NHY2
RPS2,RPS18,0.9605101206355395,1.0,0.6919501133786847,0.62,1,P15880:P62269
GJA1,POLR3K,-0.04577167877518348,0.10000000000000002,0.6166666666666667,0.5978835978835979,0,P17302:Q9Y2Y1
TCERG1,PHF5A,0.7291586358745692,0.7479076479076479,0.48588435374149647,0.7589285714285714,-1,O14776:Q7RTV0
EIF2S1,FAU,0.6159895847031742,0.16161616161616163,0.7694677871148459,0.36904761904761907,-1,P05198:P62861
TMEM145,TP63,-0.07535927470447452,0.1339851719162064,0.4479166666666667,0.0,0,Q8NBT3:Q9H3D4
MED29,MED16,0.21881678202922414,0.5122023809523809,0.5466666666666666,0.7666666666666666,1,Q9NX70:Q9Y2X0
PLRG1,EFTUD2,0.7394073968391955,0.6324675324675325,0.5955920205920205,0.867831541218638,1,O43660:Q15029
MED25,MED28,0.5132727725025573,0.4405263157894737,0.45850340136054424,0.9897959183673469,1,Q71SY5:Q9H204
H2AZ1,RNF168,0.6083824518465213,0.171855767689101,0.2914746543778801,0.5848484848484848,1,P0C0S5:Q8IYW5
CDK9,SRARP,-0.2111656158315104,0.14285714285714285,0.6,0.8,0,P50750:Q8NEQ6
MRPL58,MTRES1,0.6380750809076832,0.37254901960784315,0.5625,0.1345856524427953,-1,Q14197:Q9P0P8
RPS13,RPS26,0.8528607465894386,0.8673469387755102,0.7300264550264549,0.6099999999999999,-1,P62277:P62854
PRKAR2A,ZNF267,0.2669850757459912,0.10555555555555556,0.2,0.15925925925925927,0,P13861:Q14586
CHRM3,GNG2,-0.011063834124407533,0.34444444444444444,0.9186746987951806,1.0,0,P20309:P59768
EIF5B,RPS3A,0.45113632454290514,0.29277777777777775,0.6850793650793651,0.6944444444444444,-1,O60841:P61247
MRM3,MRPL15,0.3966700431778637,0.09821428571428571,0.34924242424242424,0.75,-1,Q9HC36:Q9P015
VEGFD,EPRS1,0.039978184679760796,0.09783796450463117,0.4717391304347825,0.7430555555555556,0,O43915:P07814
TXNL4A,SNRNP25,0.42222063929100434,0.6666666666666666,0.6848484848484849,1.0,0,P83876:Q9BV90
MRPL28,GFM1,0.48383286060216407,0.3333333333333333,0.7083333333333334,0.3663194444444444,-1,Q13084:Q96RP9
MED7,MED24,0.6203312335493987,0.6749999999999999,0.5518518518518518,0.6739682539682538,-1,O43513:O75448
FEN1,PRAP1,0.0424021212924517,0.10763187429854099,0.35,0.9555555555555556,0,P39748:Q96NZ9
TP53,H2BC11,0.3291221005113752,0.1418901611209303,0.4625,0.7037037037037037,-1,P04637:P06899
ETF1,RPS15,0.6411876760954778,0.14436507936507934,0.7455026455026454,0.5428571428571428,1,P62495:P62841
LYPLA1,SEPTIN3,-0.3538565947003805,0.1111111111111111,0.28231292517006806,0.9131944444444444,0,O75608:Q9UH03
FSHR,CCT4,0.21854739373677265,0.1359057609057609,0.3764880952380952,0.7445987654320988,0,P23945:P50991
MYZAP,USP7,-0.07321218794475112,0.11904795541159176,0.399074074074074,0.8575072886297376,0,P0CAP1:Q93009
RFC3,NUDT22,0.37091491074765043,0.0,1.0,0.9019230769230769,0,P40938:Q9BRQ3
IDH3G,ASB5,-0.02975802448681622,0.12797619047619047,0.2,0.0,0,P51553:Q8WWX0
ETF1,RPL36,0.5818728066600324,0.21000000000000002,0.6708994708994709,0.5833333333333334,-1,P62495:Q9Y3U8
RPS6,WDR36,0.7905722375498542,0.39393939393939387,0.6476190476190478,1.0,-1,P62753:Q8NI36
GPR183,METTL21C,-0.15945175955399402,0.1361952861952862,0.25,0.16000000000000003,0,P32249:Q5VZV1
MRPL22,MRPS28,0.4591153517010669,1.0,0.6268939393939393,1.0,-1,Q9NWU5:Q9Y2Q9
PCSK9,OAZ3,-0.014339054388964339,0.3470006184291899,0.48888888888888893,0.913793103448276,0,Q8NBP7:Q9UMX2
MGRN1,GPLD1,0.4659793188051779,0.1285886335886336,0.4804421768707483,0.1053968253968254,0,O60291:P80108
ABCE1,RPL37,0.7067671145786785,0.19818181818181818,0.7142857142857141,0.30428571428571427,-1,P61221:P61927
NXPH2,LOXL3,-0.20390912192945618,0.09960594960594961,0.45625,0.4947916666666667,0,O95156:P58215
SNRPD2,XAB2,0.6707726852799968,0.497108843537415,0.7506802721088437,1.0,-1,P62316:Q9HCS7
STAT2,API5,0.6951757756787706,0.21851851851851853,0.38148148148148153,0.725,0,P52630:Q9BZZ5
ARPC3,ARPC4,0.8726433305554843,0.8125,0.754320987654321,0.8768115942028984,1,O15145:P59998
FAM210B,ZNF692,0.24831205826329492,0.07975357975357976,0.35,0.30648148148148147,0,Q96KR6:Q9BU19
TLR4,TICAM2,0.3603050200740625,0.28753942136295074,0.7165193602693604,0.8222222222222223,1,O00206:Q86XR7
RPL31,BRIX1,0.7323252011123129,0.12142857142857143,0.3333333333333333,0.7458333333333332,-1,P62899:Q8TDN6
SNAP25,VAMP2,0.816318779679344,0.2300413795606103,0.4261574074074074,0.9254901960784314,1,P60880:P63027
SUV39H1,H3-5,0.24205091881501575,0.2,0.4333333333333333,0.9228395061728395,-1,O43463:Q6NXT2
TARDBP,RMND5B,0.4932928335424189,0.16666666666666666,0.3904761904761905,0.4872222222222223,-1,Q13148:Q96G75
DKK1,ZNF24,0.056293411525313725,0.7133333333333333,0.39999999999999997,0.9406961178045516,0,O94907:P17028
RPLP0,RPS4Y1,0.2990132849340136,1.0,0.851231527093596,0.5833333333333334,-1,P05388:P22090
CDH1,UNC13D,-0.009495167546255404,0.1125190466099557,0.3253968253968254,0.7333333333333334,0,P12830:Q70J99
MRPS22,MRPL22,0.7709797904435038,1.0,0.5527597402597403,0.5833333333333334,-1,P82650:Q9NWU5
ORM1,AGMO,0.972267519889774,0.1130050505050505,0.21666666666666667,0.3142857142857142,0,P02763:Q6ZNB7
MRPL58,MRM3,0.5987385747769054,0.10795454545454546,0.5625,0.13932022084195997,-1,Q14197:Q9HC36
NDUFA10,MT-ND4L,0.007105835565596434,0.41439393939393937,0.6142857142857142,1.0,-1,O95299:P03901
WRAP53,GAR1,0.7778138312950158,0.775,0.5706004140786748,0.7884615384615384,1,Q9BUR4:Q9NY12
H3C1,SIRT5,0.18676137285626052,0.1411999458874459,0.43038194444444444,0.13839285714285715,1,P68431:Q9NXA8
IFNG,SHLD2,0.24600073860324081,0.13450176366843034,0.31538461538461543,1.0,0,P01579:Q86V20
EIF2S2,RPS14,0.6015379125274757,0.18087301587301585,0.6812925170068027,0.7375,-1,P20042:P62263
SNRPA,SNRPD2,0.8879577547341218,0.6212585034013605,0.43640873015873016,0.9821428571428571,-1,P09012:P62316
PCSK2,YWHAZ,-0.09231265061584007,0.11679335621643314,0.45854166666666674,0.9900379506641366,0,P16519:P63104
CCR8,GNB1,0.14220525352677668,0.4726220538720538,0.3565535124941067,0.3025462962962963,1,P51685:P62873
CSNK1D,UBL5,0.4211967343822453,0.3925925925925926,0.5888888888888889,0.9825581395348837,0,P48730:Q9BZL1
BCL7B,RCOR1,0.21559130336397428,0.352145473574045,0.525,0.956989247311828,0,Q9BQE9:Q9UKL0
TRBV28,SERPINB13,-0.02291610361877163,0.13015873015873014,0.242063492063492,0.17530864197530863,0,A0A5B6:Q9UIV8
RPSA,EIF2S2,0.7052152621662636,0.205026455026455,0.7992063492063491,0.8447154471544716,-1,P08865:P20042
IGKV1-39,EIF3E,-0.005605480577786279,0.12694088319088317,0.3511494252873562,0.47072072072072063,0,P01597:P60228
CSNK1A1,RPS25,0.5854536327129947,0.2586805555555556,0.6813186813186813,0.6785714285714286,-1,P48729:P62851
ETFB,PRSS8,-0.19930455630086144,0.16346153846153846,0.19047619047619047,0.4365079365079365,0,P38117:Q16651
PPP1CA,STXBP5,0.24102265250882535,0.1366780045351474,0.5170274170274171,0.3273809523809524,0,P62136:Q5T5C0
IL17A,SYT10,-0.07787069702082194,0.15396825396825395,0.24999999999999997,0.3720238095238095,0,Q16552:Q6XYQ8
RAD23A,TNR,-0.2238287950122151,0.15241594154637636,0.32575757575757575,0.0,0,P54725:Q92752
EEF1A1P5,DDX1,0.5207391738546143,0.11093048563636798,0.42769423558897246,0.14696661363328026,0,Q5VTE0:Q92499
USP17L8,IL2,0.0,0.15872950149265938,0.5,0.10384199134199135,0,P0C7I0:P60568
SEMA6D,HSPB7,-0.15170373934211187,0.15833333333333333,0.4291666666666667,0.49166666666666664,0,Q8NFY4:Q9UBY9
RPS15A,RPS11,0.9410924388114582,0.8541666666666666,0.7208494208494208,0.6545454545454545,1,P62244:P62280
PCCA,PCCB,0.4854145144627918,0.611111111111111,0.6148351648351649,0.5684523809523809,1,P05165:P05166
CCNA2,CDC6,0.9541817821629655,0.2292723616253028,0.7024691358024692,0.7580605158730158,1,P20248:Q99741
RPL30,RPL39,0.9149897696822538,0.5392628205128205,0.7324263038548752,0.8333333333333334,-1,P62888:P62891
CACTIN,ESS2,0.8120996241131478,0.6923076923076924,0.7083333333333334,1.0,0,Q8WUQ7:Q96DF8
RARB,ZDHHC3,0.20577388193811194,0.14822807911043204,0.42500000000000004,0.1626984126984127,0,P10826:Q9NYG2
RPLP1,RPL39,0.824477466076386,0.5392628205128205,0.7324263038548752,0.8333333333333334,-1,P05386:P62891
HIF1A,LCE3D,0.0030411586350697567,0.25,1.0,1.0,0,Q16665:Q9BYE3
AKAP8,ASF1A,0.3983515708148696,0.14945436507936508,0.509090909090909,0.9416666666666669,0,O43823:Q9Y294
CUL4B,TPTE2,0.15685660126664427,0.13392857142857142,0.44000000000000006,0.11125541125541126,0,Q13620:Q6XPS3
PVR,KRTAP1-3,-0.10991859582326835,0.0,0.3214285714285714,0.9957627118644068,-1,P15151:Q8IUG1
RPS17,RPS19,0.9635446436575065,0.2670131951381951,0.6760797342192691,0.3864661654135338,-1,P08708:P39019
CRHR2,FBXO38,-0.0984883567685739,0.1009271978021978,0.24305555555555555,0.5833333333333334,0,Q13324:Q6PIJ6
MT-ND3,NDUFA12,0.1879867731263358,0.25040885040885036,0.40625,0.78125,-1,P03897:Q9UI09
PRKG2,VPS72,0.09401044955524653,0.1859126984126984,0.2804713804713805,0.8222222222222221,0,Q13237:Q15906
DCXR,DCXR,1.0,0.4055944055944056,0.3494047619047619,0.5216931216931218,1,Q7Z4W1:Q7Z4W1
XPOT,IFNA17,-0.08144217899922941,0.08559924923561288,0.5,0.3333333333333333,0,O43592:P01571
ZNF114,EIF2B3,0.05713208282979583,0.07621336996336996,0.16205357142857144,0.2630952380952381,0,Q8NC26:Q9NR50
SNAP29,ANKRD13B,0.20397222186188774,0.09090909090909091,0.44791666666666663,0.3333333333333333,0,O95721:Q86YJ7
RPS25,RPL36A,0.9476736063647928,1.0,0.7161490683229814,0.6666666666666667,-1,P62851:P83881
CENPC,MIS12,0.7865293957060692,0.45833333333333326,0.6574074074074074,1.0,1,Q03188:Q9H081
RPS3A,RPS16,0.9641970887040232,0.5594877344877344,0.7003759398496241,0.5625,1,P61247:P62249
MS4A1,MS4A1,1.0,0.2824252136752137,0.5935374149659864,0.9387254901960783,1,P11836:P11836
RPL14,UFM1,0.7185713935052808,0.13655597874347875,0.5428571428571428,1.0,0,P50914:P61960
SNRPG,SRSF1,0.6688037608571707,0.37733037659508245,0.7677419354838709,0.8460526315789473,-1,P62308:Q07955
RPS6,RCL1,0.4778459712483211,0.5227272727272727,0.7277777777777779,0.78125,-1,P62753:Q9Y2P8
TRDV1,CD3D,0.7082266220984257,0.2931972789115646,0.21933299258880654,0.0,0,A0A1B0GX56:P04234
STX11,BATF3,0.5360449682511517,0.09241071428571428,0.30000000000000004,0.8926954732510288,0,O75558:Q9NR55
SNRPC,SNRPA1,0.7759609739724982,0.7625541125541125,0.5424908424908425,0.943452380952381,-1,P09234:P09661
RPS3,RPS15,0.9471042894943263,0.4670970695970695,0.7455026455026454,0.5428571428571428,-1,P23396:P62841
MRPL17,DDX28,0.5710402289972495,0.09722222222222221,0.54,0.15995670995670996,-1,Q9NRX2:Q9NUL7
RASSF9,CDH1,0.2201132086918594,0.1486590038314176,0.3119533527696792,0.9671985815602837,0,O75901:P12830
ZMAT2,BUD13,0.618691269943991,0.8133333333333332,0.557875457875458,0.9166666666666666,-1,Q96NC0:Q9BRD0
POLR2E,CCNH,0.6350369989998996,0.2356837606837607,0.8855403348554032,0.9690934065934067,-1,P19388:P51946
DUSP14,COA5,0.11503164631729945,0.12214285714285715,0.0,1.0,0,O95147:Q86WW8
C20orf202,SFTA3,0.221817591203399,0.0,0.0,0.0,0,A1L168:P0C7M3
NCOA1,ERVW-1,0.1774565636038437,0.23523809523809525,1.0,0.0,0,Q15788:Q9UQF0
GLE1,DDX19B,0.8666374895125122,0.5416666666666666,0.38035714285714284,0.5777056277056276,1,Q53GS7:Q9UMR2
PDZK1,CCAR2,-0.1471414025203806,0.11523186409550047,0.24074074074074078,0.8183333333333334,0,Q5T2W1:Q8N163
MRPS6,MRPL9,0.42339407101829923,1.0,0.5248484848484848,0.7,-1,P82932:Q9BYD2
PSTPIP1,POLR2G,0.2282849242355244,0.1058080808080808,0.4858529819694869,0.9428571428571428,0,O43586:P62487
TTR,TTR,1.0,0.5555555555555556,0.793040293040293,0.9906103286384976,1,P02766:P02766
EDF1,RPS14,0.5879973076033999,0.1167063492063492,0.6812925170068027,0.7375,-1,O60869:P62263
RPS10,RPS3A,0.9584267705645647,0.6632575757575757,0.6850793650793651,0.6944444444444444,-1,P46783:P61247
P2RY4,HSPBP1,-0.02380951660718315,0.13333333333333333,0.25,0.8666666666666665,0,P51582:Q9NZL4
RPL37A,RPL7A,0.9539782277275771,0.78125,0.6275510204081632,0.7058823529411765,-1,P61513:P62424
FGFR3,RNLS,-0.2823413423484265,0.1431277056277056,0.875,0.2954081632653061,0,P22607:Q5VYX0
FAM110C,HP1BP3,0.08785237095241734,0.11632811632811635,0.375,0.6458333333333333,0,Q1W6H9:Q5SSJ5
RPS12,RPS16,0.9515745814234005,0.5594877344877344,0.7003759398496241,0.5625,-1,P25398:P62249
GTPBP6,MRPL28,0.3210182307370245,0.0,0.28070409982174693,0.24074074074074073,-1,O43824:Q13084
DHX37,NOL6,0.7337659204626088,0.31628787878787873,0.47507002801120446,0.8125,-1,Q8IY37:Q9H6R4
PSMC1,ZNF454,0.2927104437061527,0.1,1.0,0.16964285714285715,0,P62191:Q8N9F8
ZNF287,LSM7,0.423307644627044,0.12254901960784315,0.2384729649435532,0.19660391288298262,0,Q9HBT7:Q9UK45
ACSL3,RXRA,-0.1282771480487451,0.1176878676878677,0.415,0.7294763840495547,0,O95573:P19793
HS6ST1,TEX12,0.12073339455855911,0.10101010101010101,0.27777777777777773,1.0,0,O60243:Q9BXU0
CD7,KDM5A,0.2336115275821029,0.13784013605442177,0.3357142857142857,0.3867195767195767,0,P09564:P29375
RPS11,NOL7,0.6457804174675058,0.5416666666666666,0.5763888888888888,0.625,-1,P62280:Q9UMY1
PDK4,FNIP2,0.18921866077283522,0.15006184291898575,0.1811111111111111,0.9272727272727272,0,Q16654:Q9P278
GFOD2,CDC6,0.004261291815623289,0.09490027945910298,0.4432098765432098,0.27502705627705626,0,Q3B7J2:Q99741
PPIL3,CWC15,0.7699067822576035,1.0,0.5037202380952381,0.7857142857142857,0,Q9H2H8:Q9P013
PSCA,TMEM147,-0.032659291727656824,0.08012820512820512,0.39285714285714285,0.49487179487179483,-1,O43653:Q9BVK8
RPS23,NOL10,0.6738057635246831,0.1111111111111111,0.8222222222222222,1.0,-1,P62266:Q9BSC4
MRAS,NIPAL1,-0.32738921646321195,0.08012820512820512,0.47222222222222215,0.125,0,O14807:Q6NVV3
RPL21,UFM1,0.703929523914949,0.13655597874347875,0.5428571428571428,1.0,0,P46778:P61960
RPL13,CCDC124,0.34414929687352847,0.14444444444444446,0.5066666666666666,0.6041666666666666,-1,P26373:Q96CT7
CDC34,CUL2,0.5221311737790367,0.4774392274392274,0.7192307692307692,0.9313172043010753,1,P49427:Q13617
RPL37,RRP15,0.7261619989255449,0.125,0.2,0.0,-1,P61927:Q9Y3B9
KAT2B,C7orf25,0.3165041165466626,0.0,0.0,1.0,0,Q92831:Q9BPX7
PGRMC2,SNRPE,0.49715119616612174,0.08064371525909987,0.4571986607142857,0.9791666666666666,0,O15173:P62304
RPS12,TSR1,0.601561906118717,0.11805555555555555,0.5666666666666667,0.4421296296296296,-1,P25398:Q2NL82
SNRNP70,HSFY1,-0.034267098452938204,0.0,0.7222222222222222,0.9519607843137255,0,P08621:Q96LI6
RPS24,UTP15,0.7206465105978324,0.25746753246753246,0.47074074074074074,0.8222222222222223,-1,P62847:Q8TED0
IFIH1,DCLRE1B,0.4801395445510728,0.12436048799685162,0.4444444444444444,0.8080400782013685,0,Q9BYX4:Q9H816
TBP,POLR3E,0.7137949128071129,0.08333333333333333,0.6846153846153845,0.0,-1,P20226:Q9NVU0
MRPL49,MRM3,0.4982789216622321,0.10795454545454546,0.5625,0.8173913043478263,-1,Q13405:Q9HC36
PSMA3,TRUB1,0.5115046040967902,0.079004329004329,0.675,0.26979166666666665,0,P25788:Q8WWH5
RPUSD2,MRPS30,0.876394056691175,0.1125,0.0,0.5833333333333334,0,Q8IZ73:Q9NP92
NOS2,RPS11,-0.08687740324872832,0.2125,0.7208494208494208,0.6545454545454545,0,P35228:P62280
MRPS22,MRPS17,0.5627045358085129,1.0,0.583041958041958,0.54,-1,P82650:Q9Y2R5
GPS1,COPS5,0.6073129407068557,0.21787568802229157,0.45781893004115226,0.8775827280064568,1,Q13098:Q92905
GTF2F2,GTF2F1,0.5064094745752239,0.3673160173160173,0.9400383141762454,0.7212643678160918,1,P13984:P35269
KDM5A,COA6,-0.11563545979285131,0.13333333333333333,0.4538461538461539,0.8538961038961038,0,P29375:Q5JTJ3
VGLL2,NDRG4,-0.05856043254324659,0.0959354371119077,0.47348484848484856,0.9893617021276596,0,Q8N8G2:Q9ULP0
KAT7,DCUN1D2,0.5177425950251066,0.10603632478632478,0.5022222222222223,0.9047619047619048,0,O95251:Q6PH85
CIB1,POLD4,0.7355408799744794,0.20416666666666666,0.9539473684210527,0.9326923076923077,0,Q99828:Q9HCU8
FTSJ3,NLE1,0.6582645374170302,0.08342125046670501,0.6799999999999999,1.0,0,Q8IY81:Q9NVX2
H2BC12,H3C13,0.5231163309875981,0.12962962962962962,0.9,0.9166666666666666,1,O60814:Q71DI3
SRF,ELK4,0.3654244347058489,0.6428571428571428,0.65,0.49373015873015874,1,P11831:P28324
RBP4,MLLT1,-0.2298677539069106,0.16666666666666666,0.4625,0.8541666666666666,0,P02753:Q03111
RPLP0,RPL17,0.8786206394086004,1.0,0.7351473922902493,0.6547619047619048,-1,P05388:P18621
CENPC,DSN1,0.5958069067221304,0.5,0.5896501457725948,1.0,1,Q03188:Q9H410
SLC2A8,PSME2,0.04018048294694026,0.09545454545454546,0.4891012743125419,0.23009259259259263,0,Q9NY64:Q9UL46
GYG1,CCDC92,0.1860423662979163,0.06904761904761905,0.39999999999999997,1.0,0,P46976:Q53HC0
IFNG,ITM2B,0.18480326429087207,0.20833333333333331,0.32936507936507936,0.899621212121212,0,P01579:Q9Y287
UBC,UBE2K,0.41910446015437,0.2191240628805128,0.55,0.946741452991453,1,P0CG48:P61086
EFNA3,REV1,0.06907622237975376,0.09259259259259257,0.5,0.47633928571428574,0,P52797:Q9UBZ9
CORO1A,AKR1E2,-0.09701887220320142,0.0,1.0,0.15892857142857142,0,P31146:Q96JD6
GTF2H1,MNAT1,0.7501751015278396,0.21484479572714865,0.9263492063492064,0.8656898656898656,1,P32780:P51948
ATP10B,GTF2F1,-0.0972382193520285,0.0803475935828877,0.48026819923371644,0.7212643678160918,0,O94823:P35269
YWHAB,MLXIPL,-0.3330843675785309,0.14581529581529581,0.587037037037037,0.26626984126984127,1,P31946:Q9NP71
PRKDC,PAXX,0.10919630496191446,0.875,0.3878787878787879,0.7878787878787878,-1,P78527:Q9BUH6
UBE2N,RHBDL2,0.11918285501966117,0.25,0.3333333333333333,0.5714285714285714,0,P61088:Q9NX52
TCERG1,IK,0.7945285407731993,0.44761904761904764,0.5341991341991342,1.0,-1,O14776:Q13123
PPP3R1,PPP3R1,0.9999999999999998,0.19560344169719168,0.48561507936507936,0.8680491551459293,1,P63098:P63098
YWHAZ,AANAT,0.06204347042013525,0.14720100161276634,0.8333333333333334,0.7037037037037037,1,P63104:Q16613
IL3,LY96,-0.05497813371406871,0.1861671661671662,0.27205128205128204,0.7625,0,P08700:Q9Y6Y9
NCALD,AANAT,-0.06699089428911222,0.12740641711229944,0.8333333333333334,0.7037037037037037,0,P61601:Q16613
CD247,TM4SF1,0.020257287204721367,0.16666666666666666,1.0,1.0,0,P20963:P30408
H4C1,H2AC18,0.22130803488461367,0.16666666666666666,0.5472222222222223,0.6666666666666666,1,P62805:Q6FI13
INTS11,NABP2,0.48108087302306646,0.11206597222222223,0.5333333333333333,0.6714285714285715,-1,Q5TA45:Q9BQ15
RPS28,UTP15,0.791122665704786,0.25746753246753246,0.47074074074074074,0.8333333333333334,-1,P62857:Q8TED0
RPS24,FAU,0.8601450996560954,0.4858974358974359,0.7694677871148459,0.54421768707483,-1,P62847:P62861
MRPL43,MRM3,0.5569890206085782,0.12142857142857143,0.5625,0.8173913043478263,-1,Q8N983:Q9HC36
CCNA2,CKS1B,0.8168858378498925,0.3634199134199134,0.7795138888888888,0.9760981912144703,1,P20248:P61024
TAB1,ABHD17C,-0.07908546219780639,0.17444444444444446,0.36875,0.8928571428571428,0,Q15750:Q6PCB6
PPARG,BTNL9,0.8401066068750468,0.2916666666666667,0.3333333333333333,1.0,0,P37231:Q6UXG8
CREB3,TEX264,0.3986227697024739,0.13888888888888887,0.37783446712018137,0.9758064516129032,0,O43889:Q9Y6I9
ADORA3,ESR2,0.06433148343293879,0.27412698412698416,0.2679012345679012,0.13469634230503794,0,P0DMS8:Q92731
SLC34A1,GIGYF2,-0.1348581084618118,0.16828988912322243,0.5060224089635854,0.9077380952380951,0,Q06495:Q6Y7W6
MRPS21,OXA1L,0.30230617221132033,0.17682488451719225,0.4404761904761905,0.20915750915750914,-1,P82921:Q15070
GFM1,MRPL32,0.5302334354333734,0.29166666666666663,0.31047979797979797,0.4375,-1,Q96RP9:Q9BYC8
WBP4,SNRPE,0.6201673567303334,0.6498168498168497,0.4571986607142857,0.9791666666666666,-1,O75554:P62304
MRPL3,IL21,0.049565771755803914,0.08647840254983111,0.19999999999999998,0.17559523809523808,0,P09001:Q9HBE4
GFM1,MRPS23,0.5801828780226262,0.25,0.34239718614718617,0.6785714285714286,-1,Q96RP9:Q9Y3D9
TRAF1,NXF2,-0.04143984040318233,0.0890151515151515,0.4333333333333334,0.55,0,Q13077:Q9GZY0
RPL34,PCSK9,-0.2299832791383225,0.14069264069264067,0.3367243867243867,0.625705467372134,0,P49207:Q8NBP7
GTPBP6,GADD45GIP1,0.6028977592444389,0.0,0.3471590909090909,0.25,-1,O43824:Q8TAE8
FOSL1,NNMT,0.26123064202136864,0.2907936507936508,0.5,0.125,0,P15407:P40261
CD3G,CD3G,1.0,0.31407407407407406,0.8418518518518519,0.7511111111111111,1,P09693:P09693
AANAT,KCNH6,0.019988155403355384,0.1125,0.27777777777777773,0.08333333333333333,0,Q16613:Q9H252
MRPL33,CHCHD1,0.31919635409958597,1.0,0.551060606060606,0.22916666666666666,-1,O75394:Q96BP2
NDUFV2,NDUFV1,0.3930282779475871,0.6044683257918552,0.4863636363636363,0.8356812169312169,1,P19404:P49821
RPS15A,RPS15,0.8953944295379662,0.4670970695970695,0.7455026455026454,0.5428571428571428,-1,P62244:P62841
CEL,NDUFB11,-0.26068690305239056,0.1228956228956229,0.26886446886446885,1.0,0,P19835:Q9NX14
PRMT6,KRTAP9-3,-0.0559941127758411,0.0,0.3214285714285714,1.0,0,Q96LA8:Q9BYQ3
UCHL1,UBE2I,-0.15490271003566616,0.17633319409635198,0.9103286384976527,0.8845899470899472,1,P09936:P63279
NDUFA10,DRG2,0.5244657236228591,0.125,0.55625,0.1135394017746959,0,O95299:P55039
ALG8,SAR1A,0.5238656444768575,0.1080984375102022,0.30333333333333334,0.9480013550135503,-1,Q9BVK2:Q9NR31
CACNB4,E2F1,0.036816532478986294,0.16792469982125152,0.434108527131783,0.8254629629629631,0,O00305:Q01094
RPL7A,NMD3,0.7151738876606061,0.08768823768823768,0.5666666666666667,0.319047619047619,-1,P62424:Q96D46
FGF2,DCTN4,0.5564287381037456,0.0,0.44062499999999993,1.0,0,P09038:Q9UJW0
VCY,LAMTOR2,-0.12491002904819128,0.0982970732970733,0.0,0.9435626102292768,0,O14598:Q9Y2Q5
ERAL1,MCAT,0.5651290913482583,0.2561904761904762,0.875,0.27272727272727265,-1,O75616:Q8IVS2
CCT7,CASS4,-0.011026348537246905,0.18927808302808302,0.6222222222222223,0.9318181818181818,0,Q99832:Q9NQ75
TRAV4,HLA-B,0.6304478594908084,0.3973778746506019,0.11312265512265514,0.0,1,A0A0B4J268:P01889
PPIL2,ARMC7,0.5787868370171775,0.6,1.0,1.0,-1,Q13356:Q9H6L4
SF3B1,SRSF1,0.8789737346810328,0.37733037659508245,0.7677419354838709,0.8460526315789473,-1,O75533:Q07955
EEF2,INPP5A,0.3349584260708858,0.1102971102971103,0.8400000000000001,0.38016528925619836,0,P13639:Q14642
MPHOSPH10,RPS5,0.7016538577318946,0.2563492063492063,0.41459899749373424,0.5769230769230769,-1,O00566:P46782
RPL30,RPL41,0.9247485771913441,1.0,0.7962406015037593,0.4833333333333334,-1,P62888:P62945
IGHG4,IGHG4,1.0,0.3523809523809524,0.8937500000000002,0.625,1,P01861:P01861
IL1B,ALPG,0.0028040492706295304,0.0,0.5,0.14375,0,P01584:P10696
OXA1L,PABIR2,0.5502240478407969,0.0,0.0,0.125,0,Q15070:Q7Z309
HLF,MRPL20,0.22192693698348948,0.14285714285714285,0.21756628787878787,0.425,0,Q16534:Q9BYC9
UTP20,NOL10,0.9363133177867913,0.5,0.8222222222222222,1.0,-1,O75691:Q9BSC4
NXPE3,MAD2L2,0.2439464915092132,0.0,0.36212121212121207,0.976388888888889,0,Q969Y0:Q9UI95
IZUMO1R,WDR45,0.37746478732925337,0.17226551226551226,0.4444444444444444,0.7339682539682538,0,A6ND01:Q9Y484
H4C1,CENPP,0.08574935675045173,0.26666666666666666,0.5625,1.0,-1,P62805:Q6IPU0
RPS12,ZC3H12C,0.4305877333129113,0.2,0.5,0.40499999999999997,0,P25398:Q9C0D7
AKAP1,ZNF492,0.482888024231212,0.07417582417582418,0.5,0.17037037037037037,0,Q92667:Q9P255
RBX1,ERCC8,0.7197288484448401,0.24203220240371937,0.7600198412698412,0.9602272727272727,-1,P62877:Q13216
MDM4,WDR5,0.5321992119149208,0.322711239377906,0.7325396825396827,0.985111111111111,-1,O15151:P61964
MT-ND6,NDUFA8,0.34110389379643524,0.3496969696969697,0.5553819444444444,0.2708333333333333,-1,P03923:P51970
EIF3J,EIF4G1,0.7490306353224039,0.26641259067729656,0.7770186335403725,0.8386986301369863,-1,O75822:Q04637
ADIRF,ZNF444,0.09773818906870323,1.0,1.0,0.918970189701897,0,Q15847:Q8N0Y2
SCNM1,CRNKL1,0.8292899161169017,0.6266666666666667,0.4160714285714286,0.625,-1,Q9BWG6:Q9BZJ0
KRT13,GPR52,-0.04522600779324344,0.12976190476190474,0.3333333333333333,0.4365079365079365,0,P13646:Q9Y2T5
RANBP2,NUP58,0.8330013933969892,0.33958333333333335,0.9274509803921569,0.9854014598540146,-1,P49792:Q9BVL2
TAF12,CLBA1,0.45822708549057506,0.1,0.19642857142857142,1.0,0,Q16514:Q96F83
CTC1,ZNF652,0.6126984082375806,0.14285714285714285,1.0,0.4125,0,Q2NKJ3:Q9Y2D9
NDUFS3,TRIM42,0.008813658595204459,0.125,0.0,0.9882816661340151,0,O75489:Q8IWZ5
MTIF2,MRPS25,0.4393716681560343,0.16666666666666666,0.41382575757575757,0.16666666666666666,-1,P46199:P82663
RPL24,LYAR,0.1729430868162048,0.09584415584415584,0.3272727272727273,0.7782608695652173,-1,P83731:Q9NX58
CDH1,RPS12,0.19547040909013524,0.15295815295815296,0.4242599742599742,0.53125,-1,P12830:P25398
HSPD1,DIABLO,0.007839499628500982,0.22088744588744585,0.4953869047619047,1.0,1,P10809:Q9NR28
RPS15A,RPL10A,0.9429554696566568,0.82,0.6422161172161173,0.7,-1,P62244:P62906
SH2D1A,IRX4,-0.10418702222995627,0.1217452300785634,0.35,0.36944444444444446,0,O60880:P78413
RPS19,RPS19,1.0,0.31119025990349514,0.6760797342192691,0.7017543859649122,-1,P39019:P39019
RPL27,NMD3,0.6740624616793472,0.08768823768823768,0.5666666666666667,0.319047619047619,-1,P61353:Q96D46
LSM3,SRRM1,0.6098053225535527,0.4089912280701754,0.7492063492063492,0.8333333333333334,-1,P62310:Q8IYB3
DAD1,DAD1,0.9999999999999999,0.5485042735042736,0.6157407407407408,1.0,0,P61803:P61803
SGO1,GKN2,-0.0263859577273097,0.15476190476190477,0.5,1.0,0,Q5FBB7:Q86XP6
TCERG1,LSM5,0.6136135621661227,0.7350427350427351,0.3973809523809525,0.9568965517241379,-1,O14776:Q9Y4Y9
SERF1A,TOMM40,0.2996240204066431,0.09869528619528621,0.3355889724310777,0.5178571428571428,0,O75920:O96008
H2BC12,LYAR,0.46946696044718156,0.15361215538847117,0.3727272727272727,0.7782608695652173,0,O60814:Q9NX58
POLB,POLB,1.0,0.4094957511624178,0.8159663865546217,0.6581232492997199,1,P06746:P06746
LTA,GSTA5,-0.01382904126633685,0.17777777777777778,0.38888888888888884,0.761904761904762,0,P01374:Q7RTV2
OR2AJ1,H2BC1,0.12396092153544769,0.10962752525252525,0.24537037037037035,0.13988095238095238,0,Q8NGZ0:Q96A08
MCM3,SPINK14,-0.03974837691610806,0.0,0.5,0.125,0,P25205:Q6IE38
HGS,LITAF,0.2679006007248857,0.20773809523809525,0.2607709750566894,0.9562610229276894,1,O14964:Q99732
MRPS21,METTL17,0.5792275483175152,0.3267045454545454,0.32083333333333336,0.23996265172735756,-1,P82921:Q9H7H0
AKR7A3,AKR7A3,1.0,1.0,0.5055555555555555,0.8972222222222223,1,O95154:O95154
MAGOH,SDE2,0.7664732004000923,0.22036862990810357,0.5018518518518519,0.68,-1,P61326:Q6IQ49
RPS8,RPL36A,0.9606599002713369,1.0,0.7161490683229814,0.6666666666666667,-1,P62241:P83881
GSTO1,KRTAP9-8,0.0,0.0,0.5714285714285714,1.0,0,P78417:Q9BYQ0
C3orf33,MREG,0.02499454101332888,0.0671218487394958,0.3614583333333333,0.625,0,Q6P1S2:Q8N565
HDDC2,HES2,-0.12928445410336492,0.0,0.0,0.3074074074074074,0,Q7Z4H3:Q9Y543
NUDT4B,RP2,0.32609895491116886,0.0989687395937396,0.3116666666666667,0.5718537414965986,0,A0A024RBG1:O75695
IFNGR2,IFNGR2,1.0,0.41889568764568763,0.85,0.9525462962962963,1,P38484:P38484
PSMC3,PSMC4,0.7242609217840132,0.47719298245614034,0.8628180039138943,0.9338450292397662,1,P17980:P43686
RNASE1,LTV1,0.09888580864842907,0.07638888888888888,0.1619047619047619,1.0,0,P07998:Q96GA3
CSTF2,ATP23,0.5984668167189655,0.09722222222222222,0.3611111111111111,0.9178699436763952,-1,P33240:Q9Y6H3
DGAT1,TNFAIP3,0.13757717019903926,0.09564659658999279,0.41396825396825404,0.801209372637944,0,O75907:P21580
ZNF772,CRBN,0.3654996147916672,0.07375256322624743,0.2809523809523809,0.9529411764705882,0,Q68DY9:Q96SW2
IK,LSM4,0.5078820810667558,0.4321428571428572,0.39733893557422967,0.8988095238095238,-1,Q13123:Q9Y4Z0
EBP,EMC6,0.25327766637740284,0.09595959595959597,0.48941798941798936,0.904,-1,Q15125:Q9BV81
MTX3,GATAD2A,0.4289099224061015,0.10178571428571427,0.2611111111111111,0.0,0,Q5HYI7:Q86YP4
RPS11,RPS24,0.9171132704672265,0.48839285714285713,0.7233766233766233,0.6476190476190476,-1,P62280:P62847
C1orf174,NAA80,0.4666305775606112,0.0,0.5,0.38583333333333336,0,Q8IYL3:Q93015
ABCB5,DCXR,-0.07081271113115312,0.11299290986790986,0.3494047619047619,0.14541847041847042,0,Q2M3G0:Q7Z4W1
RPS27,RPS24,0.7463415223632826,0.48839285714285713,0.7233766233766233,0.6476190476190476,-1,P42677:P62847
SCAMP3,H2AX,0.4231247789060799,0.11095583709220075,0.3618629908103592,0.31824829931972787,0,O14828:P16104
PSME1,GPSM1,-0.14633443318297334,0.11581289081289081,0.42278911564625854,0.9183673469387754,0,Q06323:Q86YR5
SEC61G,RPL10L,0.05127605271570354,0.08038073038073038,0.28714285714285714,0.25,-1,P60059:Q96L21
RAP1BL,FCER2,0.2495884587471631,0.09674787018537018,0.6919642857142857,0.10876623376623375,0,A6NIZ1:P06734
CAT,BAIAP2,-0.10901322992111873,0.1421147565884408,0.541693722943723,0.9595238095238096,0,P04040:Q9UQB8
SNU13,IK,0.5392772394304585,0.443859649122807,0.5341991341991342,1.0,-1,P55769:Q13123
MRPL12,MRM2,0.4895596039757248,0.15575396825396826,0.5833333333333334,0.1,-1,P52815:Q9UI43
CAND1,NUDT11,0.1938362164288633,0.09753787878787878,0.8142857142857143,0.26071428571428573,0,Q86VP6:Q96G61
DNAJC8,SNRPD1,0.6883917895506829,0.0,0.41324884792626726,0.8574074074074074,0,O75937:P62314
GATA2,PLEKHN1,0.10270561259856821,0.1691919191919192,0.26190476190476186,0.9020512820512822,0,P23769:Q494U1
LYPLA1,TSSK1B,0.4440857053511726,0.15833333333333333,0.20833333333333331,0.36103603603603607,0,O75608:Q9BXA7
VSTM2B,ELOC,0.2826211203393733,0.0,0.4095911949685535,0.0,0,A6NLU5:Q15369
FCGR3B,PPP1CA,0.23866848028681822,0.1380133755133755,0.3513655462184873,0.23558925201782344,0,O75015:P62136
ECE2,LITAF,-0.3319556699647086,0.12513227513227512,0.24365079365079373,0.9562610229276894,0,P0DPD6:Q99732
EMC1,EMC9,0.46195402499728105,0.8,0.6685714285714286,0.8545454545454546,1,Q8N766:Q9Y3B6
EIF2S2,RPS29,0.5208222153046036,0.21666666666666667,0.7327891156462585,0.3214285714285714,-1,P20042:P62273
H4C1,CENPU,0.24928797266676064,0.15000000000000002,0.5826923076923076,1.0,-1,P62805:Q71F23
RBX1,GINS4,0.639832969469821,0.15029761904761904,0.35555555555555557,1.0,-1,P62877:Q9BRT9
CTC1,TEN1,0.3734654735093325,0.6842105263157894,0.5920634920634922,0.8900000000000001,1,Q2NKJ3:Q86WV5
MC2R,PABIR1,0.06087984883180991,0.1726190476190476,0.55,0.36989795918367346,0,Q01718:Q96E09
BIRC5,INCENP,0.7812288430231533,0.3278493941955481,0.6003401360544218,0.9797297297297297,1,O15392:Q9NQS7
RAD51C,XRCC2,0.623653506138233,0.24327371974430795,0.8006410256410257,0.845508658008658,1,O43502:O43543
UBB,PSMD13,0.2898106792370929,0.5256410256410257,0.8263471177944863,0.8333333333333334,-1,P0CG47:Q9UNM6
OXA1L,MRPS18A,0.7203784461838328,1.0,0.5561224489795917,0.22916666666666666,-1,Q15070:Q9NVS2
MED19,POLR2D,0.6830204110743672,0.06666666666666667,0.9555555555555555,0.8928571428571429,1,A0JLT2:O15514
ZNF692,FBXO2,0.0380702674598943,0.08520710634681222,0.3908333333333333,0.7745726495726496,0,Q9BU19:Q9UK22
NDUFA2,UQCRH,0.5096012631431925,0.6818181818181818,0.5721726190476191,0.171875,-1,O43678:P07919
SNRPA1,SRRM1,0.606993455648815,0.5791666666666667,0.7492063492063492,0.8333333333333334,-1,P09661:Q8IYB3
CRHR1,SF3B3,0.09989188029259025,0.10104392135642135,0.29307359307359304,0.925925925925926,0,P34998:Q15393
NKAP,STEEP1,0.8865744200415343,0.12261904761904763,0.5990196078431372,0.75,0,Q8N5F7:Q9H5V9
GNAI1,GNAI1,0.9999999999999999,0.5062752525252525,0.6295681063122923,0.521326164874552,1,P63096:P63096
IGKV4-1,GPR85,-0.11348765533430812,0.15476190476190477,0.7222222222222223,0.3333333333333333,0,P06312:P60893
LSM8,SNRNP40,0.8469809615943757,0.5566666666666666,0.6439440993788818,0.9659090909090909,-1,O95777:Q96DI7
RPL32,WDR55,0.7183344077143085,0.14285714285714285,0.4333333333333333,0.0,0,P62910:Q9H6Y2
HLA-DQA1,RAD21L1,-0.04309590894405532,0.15625,0.2,0.5,0,P01909:Q9H4I0
IDI2,SEBOX,-0.04761744195336723,0.08817340067340067,1.0,0.25,0,Q9BXS1:Q9HB31
H2AZ1,DUX4L9,0.17161655659915256,0.5817307692307692,0.8,0.4935714285714286,0,P0C0S5:Q6RFH8
RAD1,TTC39A,0.12397478649622187,0.0,0.3333333333333333,1.0,0,O60671:Q5SRH9
PDK1,RXYLT1,0.4389106046630478,0.125,0.35595238095238096,0.7264957264957264,0,Q15118:Q9Y2B1
MT-CO3,COX7A2,0.2518683740384469,0.3803418803418803,0.6335034013605442,0.625,1,P00414:P14406
CPNE3,RNF169,0.8836495414247125,0.1152557319223986,0.44848484848484843,0.557051282051282,0,O75131:Q8NCN4
CXCL3,RPS4X,0.03270627062765105,0.1277281746031746,0.38220238095238096,0.20591787439613524,0,P19876:P62701
TTR,PRPS1L1,-0.02051640158308237,0.11666666666666665,0.3214285714285714,0.25311791383219956,0,P02766:P21108
RPL39,SIRT7,0.5215427135046208,0.13576146076146073,0.3416666666666667,0.16688815060908083,0,P62891:Q9NRC8
EXOSC5,DIS3,0.6680543401629684,0.5333333333333333,0.5621315192743763,0.6654761904761904,-1,Q9NQT4:Q9Y2L1
NUP58,AAAS,0.6746363502389875,0.315260594106748,0.7114010989010987,1.0,-1,Q9BVL2:Q9NRG9
RPS3A,RIOK2,0.7771486402523821,0.20595238095238094,0.5047619047619047,0.1463809523809524,-1,P61247:Q9BVS4
CIR1,CEP70,0.4168770621639448,0.09166666666666667,0.4930555555555555,0.997979797979798,0,Q86X95:Q8NHQ1
RPS8,ETF1,0.573019831563196,0.1220238095238095,0.6129629629629629,0.6124574829931974,-1,P62241:P62495
SLC8A3,BAD,-0.0961512040026893,0.14391001951977564,0.3740740740740741,0.9434865900383139,0,P57103:Q92934
METTL21C,CRTAC1,0.16411827203502233,0.08333333333333333,0.2,0.8958333333333334,0,Q5VZV1:Q9NQ79
DERPC,IL13RA1,0.0,0.0,0.31227106227106227,0.0,0,P0CG12:P78552
TAS2R38,NAT14,-0.1660112815156305,0.10101010101010101,0.6,0.1125,0,P59533:Q8WUY8
FBP2,RBX1,-0.12049602351720173,0.09750856895464735,0.6313668992012942,0.6543730158730158,0,O00757:P62877
RNASEH1,PISD,0.3491995813346471,0.11621260683760683,0.5483333333333335,0.42857142857142855,0,O60930:Q9UG56
NEDD8,LIMCH1,0.19666678118600403,0.13404761904761905,0.39,0.47142857142857153,0,Q15843:Q9UPQ0
ATP5PF,ATP5ME,0.7264432102942148,0.6862745098039215,0.5152662993572084,0.7000000000000001,-1,P18859:P56385
MRAP,MRAP,1.0,0.5441595441595442,0.7296296296296296,0.6499999999999999,1,Q8TCY5:Q8TCY5
NUP62,NUP210,0.649638291677881,0.4305555555555556,0.8907407407407406,1.0,-1,P37198:Q8TEM1
MRPL2,MRM2,0.7231359321255606,0.10820707070707071,0.5833333333333334,0.1,-1,Q5T653:Q9UI43
MSL1,TAFA3,0.21988157095471977,0.09213286713286714,0.5,0.5,0,Q68DK7:Q7Z5A8
MRPL30,MRPL16,0.7160868564633686,1.0,0.5856643356643356,0.5714285714285714,1,Q8TCC3:Q9NX20
SESN3,CENPN,-0.08807631488229357,0.13333333333333333,0.4803571428571428,1.0,0,P58005:Q96H22
KIR3DL2,FOXN4,-0.032774245043538146,0.11873015873015873,0.2222222222222222,0.5022727272727273,0,P43630:Q96NZ1
TRBV9,HLA-B,0.7017601561349691,0.3973778746506019,0.40826190476190477,0.0,1,A0A0B4J1U6:P01889
KPNB1,SEPTIN7,0.427275032564527,0.12278911564625848,0.358390022675737,0.8972222222222221,0,Q14974:Q16181
MPZL1,SCAF11,0.7668240793738509,0.11801587301587302,0.39999999999999997,0.7125,0,O95297:Q99590
MRPS26,MRPL17,0.3735944959783692,1.0,0.5856643356643356,0.21666666666666665,-1,Q9BYN8:Q9NRX2
PLRG1,RBM22,0.8082263086392617,0.37528796739323056,0.5636243386243387,0.6520833333333333,1,O43660:Q9NW64
RPS5,RPS13,0.9580347454890492,0.6994047619047619,0.6767857142857142,0.6355555555555554,-1,P46782:P62277
GNB1,MRGPRX1,-0.07331537717529805,0.645,0.75,0.18333333333333335,1,P62873:Q96LB2
RAD23B,LRRC4B,-0.1937789641089816,0.08538461538461538,0.24166666666666667,1.0,0,P54727:Q9NT99
EXOSC9,DIS3,0.9444387280929577,0.5333333333333333,0.5621315192743763,0.6654761904761904,1,Q06265:Q9Y2L1
SUMO2,TMEM260,0.6818674900643023,0.15476190476190477,0.25,0.125,0,P61956:Q9NX78
H2BC11,DDB1,0.2581796268766192,0.11411463536463537,0.6528186274509805,0.9434426229508197,-1,P06899:Q16531
BUB1B,ANAPC15,0.48349411814618487,0.1925108225108225,0.7125,1.0,-1,O60566:P60006
DHX38,PRPF19,0.6319704813866297,0.31297550488726955,0.6279922779922781,0.9065058479532165,-1,Q92620:Q9UMS4
MRPL54,MRPL18,0.5837633175711545,0.6923076923076924,0.5045454545454545,0.6547619047619049,-1,Q6P161:Q9H0U6
RANBP2,SEC13,0.7183599710546122,0.22487012987012991,0.67989417989418,0.9841269841269842,-1,P49792:P55735
RANBP3L,TCEAL8,0.06796583050159008,0.0,0.0,1.0,0,Q86VV4:Q8IYN2
MED6,MED21,0.6968775849029786,0.5300908521303258,0.4763888888888889,0.9168021680216802,1,O75586:Q13503
SNRNP40,C9orf78,0.5547747712336297,0.540625,0.6047619047619047,0.7222222222222222,-1,Q96DI7:Q9NZ63
CALM1,TTPAL,-0.2375815849970576,0.0,1.0,0.16666666666666666,0,P0DP23:Q9BTX7
NOTCH2NLC,VASN,0.4888458322383567,0.1532967032967033,0.3190476190476191,0.9716981132075472,-1,P0DPK4:Q6EMK4
H2AC11,H4C1,0.29143806152837143,0.12772186147186146,0.257168458781362,0.9662698412698413,1,P0C0S8:P62805
AHCTF1,NUP58,0.8308712756976506,0.35000000000000003,0.9274509803921569,0.2484184914841849,-1,Q8WYP5:Q9BVL2
NDUFB8,NDUFA7,0.4418939567769339,0.5271493212669683,0.6178571428571428,0.34375,-1,O95169:O95182
MALSU1,MRPL32,0.7507098369011083,0.11805555555555555,0.31047979797979797,0.4375,-1,Q96EH3:Q9BYC8
GTPBP6,MRPL17,0.32315805378460477,0.0,0.2491258741258741,0.21666666666666665,-1,O43824:Q9NRX2
NCBP2,UBL5,0.674096398126753,0.39351851851851855,0.5888888888888889,0.9825581395348837,-1,P52298:Q9BZL1
GJA1,TNFRSF8,-0.11949696759411337,0.3247354497354497,0.6428571428571428,0.35,0,P17302:P28908
KCTD6,PRPF31,0.41710292086028034,0.11730519480519482,0.25073015873015875,0.9703525641025641,1,Q8NC69:Q8WWY3
NSL1,P2RX7,0.53009848738869,0.14250957375957377,0.3468253968253968,0.8159937888198757,0,Q96IY1:Q99572
NBN,MRE11,0.7395903829082283,0.4713685686518503,0.8338797814207649,0.571975916803503,1,O60934:P49959
TNNI3,ZBTB46,-0.04190125425173478,0.11480463980463979,0.39999999999999997,0.17738095238095236,0,P19429:Q86UZ6
PPT1,PHF6,0.3688503400787217,0.13571428571428573,0.36666666666666664,0.7833333333333333,0,P50897:Q8IWS0
MRPS35,MRPS15,0.42662657844735097,1.0,0.5039772727272727,0.55,-1,P82673:P82914
SEC61G,RPL11,0.4894884701105338,0.10428630310901779,0.6087797619047619,0.8271103896103899,-1,P60059:P62913
NDUFB6,NDUFC2,0.5323015968149432,0.2043349507635222,0.4954365079365079,0.7083333333333334,-1,O95139:O95298
LSM8,SRSF1,0.911872905941415,0.37733037659508245,0.7677419354838709,0.8460526315789473,-1,O95777:Q07955
SUPT4H1,PPP2CA,0.5872262847481156,0.12518693912924683,0.36808035714285714,0.8664093466308656,0,P63272:P67775
EDDM3A,NOX4,-0.027424768898660395,0.11028863112196445,0.33055555555555555,0.22938988095238094,0,Q14507:Q9NPH5
AKT1,RNF2,0.5833336690968125,0.21873015873015875,0.6379928315412186,0.9554391932211482,0,P31749:Q99496
TCEA1,POLR2L,0.4298274023029137,0.5771929824561404,0.9303278688524589,0.7838151927437643,-1,P23193:P62875
PSENEN,PSENEN,1.0,0.5437500000000001,0.6541666666666668,0.8991596638655461,0,Q9NZ42:Q9NZ42
MRPL2,AURKAIP1,0.4959307517216434,0.30357142857142855,0.5114853896103897,0.25,-1,Q5T653:Q9NWT8
GADD45GIP1,KCNN3,0.29322372175809397,0.08333333333333333,0.35,0.6314102564102564,0,Q8TAE8:Q9UGI6
MRPS26,MTIF3,0.3456264757952399,0.12222222222222223,1.0,0.24867724867724866,-1,Q9BYN8:Q9H2K0
C1orf131,UTP6,0.8799033491228047,0.5384615384615384,0.34320987654320984,0.9,-1,Q8NDD1:Q9NYH9
MRAS,PPP1CA,-0.37923251794259394,0.10089102482484835,0.3386321195144724,0.9148777866124804,1,O14807:P62136
OXA1L,CHCHD1,0.6855662692916152,1.0,0.5685714285714284,0.8125,-1,Q15070:Q96BP2
LEFTY1,EIF4A3,-0.06654723567344083,0.0957950779379351,0.4015664160401002,0.2937225639857219,0,O75610:P38919
SNAPC1,POLR3C,0.7957266917779813,0.12901493930905697,0.5444444444444444,0.9675213675213675,-1,Q16533:Q9BUI4
HLA-A,HLA-A,0.9999999999999998,0.28684766769873155,0.42444196428571435,0.6293859649122806,1,P04439:P04439
EI24,DNAJC9,0.14548294861335198,0.11805555555555555,0.48181818181818187,1.0,0,O14681:Q8WXX5
HLA-DQA1,MPPED2,-0.14428415896879662,0.0,0.0,0.8267857142857142,0,P01909:Q15777
CCNH,MYLK2,-0.13300992133364753,0.10882034632034635,0.4066666666666666,0.7317251461988304,0,P51946:Q9H1R3
SEPTIN7,LRIG1,0.2985249529375666,0.16944444444444445,0.36666666666666664,1.0,0,Q16181:Q96JA1
CHMP2A,AQP1,0.4367216722383957,0.14849161035869893,0.6654545454545455,0.836815534892458,0,O43633:P29972
RPLP2,RPL27,0.9395951455321483,0.6452380952380953,0.5996031746031746,0.6083333333333334,-1,P05387:P61353
UBC,UBE2L3,0.532208247046381,0.31330618212197153,0.7507936507936508,0.7402777777777777,1,P0CG48:P68036
PSMD3,UBB,0.3253226928515709,0.12749139910859086,0.8327278521351179,0.9742424242424242,-1,O43242:P0CG47
DTNB,MRPL50,0.05428767937739801,0.125,0.21764705882352942,0.0,0,O60941:Q8N5N7
NAT2,MCEE,0.16897217944050458,0.13227513227513227,0.2,0.7642857142857142,0,P11245:Q96PE7
ANG,SNRPG,0.02356000479622639,0.16915227629513346,0.3454184704184704,0.903125,0,P03950:P62308
PSMG4,CASP10,0.14529399122849504,0.10342897842897843,0.3333333333333333,0.39383116883116875,0,Q5JS54:Q92851
PRPF6,EYA1,-0.04814530570814038,0.1257463023088023,0.5964285714285714,0.3003455608718766,0,O94906:Q99502
NRG2,DDX19B,0.1278516401567365,0.11498917748917749,0.31785714285714284,0.5666486291486291,0,O14511:Q9UMR2
HLA-C,HLA-E,0.9326915170396605,0.1878023363317481,0.4678780284043442,0.6666666666666666,1,P10321:P13747
CASC3,GLCCI1,0.31848764764193777,0.0,0.5,1.0,0,O15234:Q86VQ1
EIF2S2,RPS4X,0.48797353638445695,0.19607371794871795,0.669702380952381,0.7369565217391304,-1,P20042:P62701
YWHAB,ADAM22,0.37333455089091916,0.212797619047619,0.8277777777777778,0.8766233766233765,-1,P31946:Q9P0K1
NDUFB3,UQCRH,0.788220786923489,0.6818181818181818,0.5629960317460317,0.171875,-1,O43676:P07919
LAMTOR5,LAMTOR4,0.37609392218437504,0.499950554496009,0.7421837421837422,0.8599439775910364,1,O43504:Q0VGL1
SH2D1A,SH2D1A,0.9999999999999998,0.2724025974025974,0.8333333333333334,0.9802631578947368,1,O60880:O60880
TNNI3,CTDSP1,-0.15587543982267024,0.10357744107744106,0.3444444444444444,0.7931818181818184,0,P19429:Q9GZU7
PRR32,COMMD5,-0.14909290149013069,0.0,0.0,1.0,0,B1ATL7:Q9GZQ3
MRPS9,MRPL52,0.6408035478000086,1.0,0.43397727272727293,0.75,-1,P82933:Q86TS9
EFCAB6,BCL2L2,-0.028095387214348306,0.09845736274307702,0.2733333333333333,0.9607843137254902,0,Q5THR3:Q92843
CDH1,CBLL1,-0.09553846941211627,0.24356261022927692,0.3652380952380952,0.5087301587301588,1,P12830:Q75N03
DDR2,MRPL9,0.5205189269966559,0.225,0.19166666666666668,0.7,0,Q16832:Q9BYD2
ECI2,LSM10,-0.0370459972322276,0.08582621082621082,0.42000000000000004,0.7030303030303031,0,O75521:Q969L4
MRPL58,DDX28,0.5693253370056616,0.15476190476190477,0.54,0.147000222000222,-1,Q14197:Q9NUL7
E2F6,RPL11,0.4831576558885698,0.08263785148460072,0.42127976190476185,0.8271103896103899,0,O75461:P62913
SNRPE,C9orf78,0.3286023122801085,0.540625,0.6047619047619047,0.7222222222222222,0,P62304:Q9NZ63
MRPS11,METTL17,0.28859753227774987,0.3267045454545454,0.32083333333333336,0.9209150326797387,-1,P82912:Q9H7H0
MEX3D,CCDC28A,0.1919140412128879,0.0,0.0,0.25,0,Q86XN8:Q8IWP9
TOM1,MT1HL1,-0.041584979820087485,0.13428571428571426,0.6,0.2,0,O60784:P0DM35
RPS4Y1,RPL19,0.3468646666274355,1.0,0.6576719576719576,0.5192307692307693,-1,P22090:P84098
RPL18A,NMD3,0.5996415659789622,0.08768823768823768,0.5666666666666667,0.319047619047619,-1,Q02543:Q96D46
MMP2,CCL7,0.43915606325254647,0.22176326759660095,0.75,0.55,1,P08253:P80098
CALM1,ABHD14B,-0.5527057243637536,0.09230769230769231,0.5076923076923078,0.37,0,P0DP23:Q96IU4
SNAPC3,POLR3H,0.46348554876152037,0.315,0.536111111111111,0.4537037037037037,-1,Q92966:Q9Y535
IGKV1-39,SNX19,-0.05482055575903491,0.1365151515151515,0.2976190476190476,0.3055555555555555,0,P01597:Q92543
SOCS2,ELOB,0.10617049263939225,0.22777777777777777,0.6172839506172839,0.9393939393939393,1,O14508:Q15370
NUP188,NDC1,0.5577574233417197,0.22367424242424241,0.798892580287929,0.625,-1,Q5SRE5:Q9BTX1
MRPL19,SLIRP,0.6233089947989622,0.09916666666666667,0.535515873015873,0.9166666666666666,-1,P49406:Q9GZT3
SLIRP,MRPL17,0.5303358571199648,0.1111111111111111,0.2491258741258741,0.8125,0,Q9GZT3:Q9NRX2
NELFCD,NELFB,0.7263927801921726,0.5389880952380952,0.848,0.9625,1,Q8IXH7:Q8WX92
RAB4A,PSMB8,-0.27520323937282093,0.3371212121212121,0.4699239417989418,0.9436507936507936,0,P20338:P28062
NMB,GNB1,0.20358291994254854,0.423015873015873,0.4464639321074963,0.8865740740740741,0,P08949:P62873
H4C7,STUB1,0.0,0.07243523036792268,0.23041005291005287,0.8448388203017833,0,Q99525:Q9UNE7
FBXL5,PSME2,0.07281431821531391,0.21666666666666667,0.8623407109322602,0.9285714285714285,0,Q9UKA1:Q9UL46
GSTM1,KLRG1,0.04759368133486938,0.13809523809523808,0.31666666666666665,0.8777777777777778,0,P09488:Q96E93
MRPS10,OXA1L,0.6600763343271088,0.1664085914085914,0.5055272108843538,0.0,-1,P82664:Q15070
H2BC10,CENPK,0.649530739152708,0.16666666666666666,0.8309523809523809,1.0,-1,P62807:Q9BS16
SLFN12L,PRM3,-0.05987389447130006,0.0,0.3,0.0,0,Q6IEE8:Q9NNZ6
SPSB3,H3C13,0.42622961403767257,0.0846153846153846,0.4642857142857144,0.9166666666666666,0,Q6PJ21:Q71DI3
TRDC,PITX1,-0.08742264554554979,0.1189957264957265,0.24,0.0,0,B7Z8K6:P78337
LRPPRC,MRPS17,0.6860591386507063,0.17777777777777778,0.3138111888111888,0.54,-1,P42704:Q9Y2R5
H2BC14,NOP10,0.4447597013186106,0.08388278388278388,0.502721088435374,0.3813492063492064,0,Q99879:Q9NPE3
COMMD1,TMEM74B,-0.14648479975036557,0.0,0.5,0.0,0,Q8N668:Q9NUR3
MRPL38,MRPL27,0.5497965793813183,1.0,0.5503246753246753,0.5,1,Q96DV4:Q9P0M9
LGALS1,P3H4,0.7072073831059774,0.14808201058201056,0.2220238095238095,0.3333333333333333,0,P09382:Q92791
H3C13,ZNF219,0.1781151161091671,0.09190392940392941,0.68,0.5924382716049382,0,Q71DI3:Q9P2Y4
RPS29,RPL36A,0.8752294916075156,1.0,0.7161490683229814,0.6666666666666667,-1,P62273:P83881
TRAV10,B2M,0.5644634523336989,0.13071842929797473,0.124251443001443,0.0,0,A0A0B4J240:P61769
RPL10,RPS18,0.8831302852942411,1.0,0.6919501133786847,0.62,-1,P27635:P62269
MAK16,RRP15,0.8750013701862596,0.75,1.0,0.0,-1,Q9BXY0:Q9Y3B9
RPL10A,RPL38,0.928301695117421,0.4032106782106781,0.6499047619047619,0.7361111111111112,-1,P62906:P63173
ABCB5,MED30,0.4112209355298858,0.09610636277302945,0.19576719576719578,0.1714852607709751,0,Q2M3G0:Q96HR3
DDB1,PAF1,0.6804188499776775,0.18253514162605072,0.7211538461538461,0.9545454545454546,-1,Q16531:Q8N7H5
SNRPE,SNRPD1,0.8853485050619262,0.6212585034013605,0.41324884792626726,0.8574074074074074,-1,P62304:P62314
MEIKIN,PSME1,-0.18290700350224318,0.08306878306878307,0.24496779388083736,0.0,0,A0A087WXM9:Q06323
PSMB2,RAB28,0.40122473615684634,0.1,0.5666666666666667,0.41435185185185186,0,P49721:P51157
CDC7,TMPRSS11A,-0.016412483868998257,0.2,0.41666666666666663,0.16666666666666666,0,O00311:Q6ZMR5
SUMO2,ZNF451,0.7543475965785668,0.5256769374416432,0.7222222222222223,0.48888888888888893,1,P61956:Q9Y4E5
RPS13,EIF1AD,0.7885700932678247,0.25,0.6,0.9648148148148149,-1,P62277:Q8N9N8
SLU7,STEEP1,0.8697084568187005,0.4333333333333334,0.5990196078431372,0.75,0,O95391:Q9H5V9
KHDRBS3,RPS2,-0.27445416391280986,0.12142857142857144,0.5047619047619047,0.7480769230769231,0,O75525:P15880
RPS28,WDR43,0.7457244876671456,0.23074379324379324,0.6151515151515152,0.7954545454545454,-1,P62857:Q15061
ARPC4,ADAM22,-0.1390023150321977,0.11717171717171716,0.35185185185185186,0.8766233766233765,0,P59998:Q9P0K1
RPL4,SEC61G,0.6196261856131974,0.08712121212121213,0.5555555555555556,0.798611111111111,-1,P36578:P60059
TGM4,IDH3A,0.007797439059859984,0.0,0.32702020202020204,0.19742424242424245,0,P49221:P50213
SNRNP70,NOP16,0.1176332934475152,0.125,0.45999999999999996,1.0,0,P08621:Q9Y3C1
MAP2K7,IL6R,0.2029932900391311,0.22337174837174834,0.39256678281068524,0.6634199134199134,0,O14733:P08887
YWHAQ,DISC1,0.22186194278071467,0.17444877344877344,0.44336419753086415,0.9927219796215428,-1,P27348:Q9NRI5
SERPINE1,SLC13A1,-0.050876402346810574,0.13167989417989417,0.7777777777777777,0.1,0,P05121:Q9BZW2
CCNH,ATPAF1,0.04730460054936509,0.08333333333333333,0.375,0.8666666666666666,0,P51946:Q5TC12
MRM3,MRPL47,0.7143761913080556,0.125,0.42580213903743314,0.25,-1,Q9HC36:Q9HD33
HSPA2,EVA1C,0.04494070340984118,0.0,0.6666666666666666,0.3333333333333333,0,P54652:P58658
EEF2,MRAP2,-0.03779787845557416,0.11327561327561327,0.5800000000000001,0.6022727272727271,0,P13639:Q96G30
DNAJC8,SF3A3,0.8655272710054304,0.0,0.4031055900621116,0.8649068322981366,-1,O75937:Q12874
MRPS11,MRPS26,0.4800522626941368,1.0,0.5940559440559441,1.0,-1,P82912:Q9BYN8
SENP2,PCDH12,0.1501476232188556,0.17447089947089947,0.25,0.16666666666666666,0,Q9HC62:Q9NPG4
A1BG,TRIM69,-0.21536616700617148,0.0982142857142857,0.4296296296296296,0.0,0,P04217:Q86WT6
MRPL50,DDX28,0.5537913083881816,0.09722222222222221,0.54,0.0,-1,Q8N5N7:Q9NUL7
RPS3A,RPS28,0.9071361177986628,0.522077922077922,0.7066924066924067,0.6538461538461539,-1,P61247:P62857
CDC5L,WBP11,0.9073536193654563,0.48333333333333334,0.8136363636363636,0.9338709677419355,-1,Q99459:Q9Y2W2
UQCRB,NDUFA5,0.673764593478017,0.32474747474747473,0.6557692307692307,0.9270833333333334,-1,P14927:Q16718
NDUFS8,RHBDD3,0.33536414616687016,0.08344829773401201,0.3333333333333333,0.14285714285714285,0,O00217:Q9Y3P4
MCM2,H3C13,0.3313446232078984,0.7777777777777777,0.9,0.9166666666666666,1,P49736:Q71DI3
RPS15,PCSK9,-0.29728177282343304,0.14069264069264067,0.34603174603174597,0.625705467372134,0,P62841:Q8NBP7
NDUFS4,NDUFA12,0.6146809566237446,0.25040885040885036,0.40625,0.78125,1,O43181:Q9UI09
EDF1,RPS20,0.5574197578672178,0.11235754985754987,0.7799422799422799,0.7023809523809523,-1,O60869:P60866
AGPS,RRAS2,0.7226422825481852,0.10892232767232767,0.5571428571428572,0.6587024087024087,0,O00116:P62070
MSC,CTXN3,-0.10286114140236619,0.0,0.5,1.0,0,O60682:Q4LDR2
NXPH2,XKR3,-0.005073481681383329,0.0,0.3333333333333333,0.0,0,O95156:Q5GH77
TAF6,POLR3H,0.6291654870869722,0.3433333333333333,0.536111111111111,0.4537037037037037,0,P49848:Q9Y535
HTATSF1,SNRPD1,0.23850665563473655,0.6212585034013605,0.41324884792626726,0.8574074074074074,-1,O43719:P62314
RPS15A,RPS24,0.89437589372521,0.48839285714285713,0.7233766233766233,0.6476190476190476,-1,P62244:P62847
CCT4,RNF112,0.006319885336544411,0.163495670995671,0.40490620490620494,0.8242063492063492,0,P50991:Q9ULX5
RPLP1,RPL8,0.8987159535509992,1.0,0.6457482993197278,0.5142857142857143,-1,P05386:P62917
MRPS12,MRPL18,0.3359498868532594,0.6944444444444445,0.5045454545454545,0.6547619047619049,-1,O15235:Q9H0U6
TPM3,PXYLP1,-0.16158316188048857,0.09330808080808081,0.375,0.5714285714285714,0,P06753:Q8TE99
LALBA,MED11,0.021450559847162324,0.09772727272727272,0.3611111111111111,0.15758547008547008,0,P00709:Q9P086
SLU7,PPIL3,0.7254618546327357,0.38791423001949316,0.761904761904762,0.712962962962963,1,O95391:Q9H2H8
LRPPRC,MRPS10,0.6655492916313971,0.16666666666666666,0.32167832167832167,0.0,-1,P42704:P82664
MSC,BCL11B,-0.10971377156162326,0.15419392512036206,0.4142857142857143,0.6578703703703704,0,O60682:Q9C0K0
MRPL49,MRPL36,0.442814653731149,1.0,0.5581168831168831,0.625,-1,Q13405:Q9P0J6
DUSP28,SLC7A6OS,0.3925328716397243,0.1402116402116402,0.0,0.0,0,Q4G0W2:Q96CW6
RPS18,RPL36A,0.9731110650889822,1.0,0.7161490683229814,0.6666666666666667,-1,P62269:P83881
EXOSC9,CUZD1,-0.2029895795871699,0.2222222222222222,0.4107142857142857,0.0,0,Q06265:Q86UP6
S100A9,S100A9,1.0,0.18150881105426558,0.6799319727891155,0.6882205513784461,1,P06702:P06702
NUDT14,METAP1D,-0.03376104706841218,0.21666666666666667,0.20000000000000004,0.28928571428571426,0,O95848:Q6UB28
SRSF1,SNIP1,0.8091787705166903,0.41121031746031744,0.5077922077922078,0.9364864864864867,-1,Q07955:Q8TAD8
DDX19B,DDX19B,1.0,0.5416666666666666,0.38035714285714284,0.5777056277056276,1,Q9UMR2:Q9UMR2
RPS15,TSR1,0.5900044028492862,0.75,0.5666666666666667,0.4421296296296296,1,P62841:Q2NL82
RPS25,SLC15A4,0.5727680660639551,0.08188075152360866,0.1810515873015873,0.43746498599439776,0,P62851:Q8N697
RPS9,RPL10A,0.9512789454825563,0.82,0.6422161172161173,0.7,-1,P46781:P62906
PPIL3,FAM32A,0.5376997071342561,0.25,0.6363636363636365,0.625,0,Q9H2H8:Q9Y421
RFC5,ZNF415,0.08595549010860219,0.1111111111111111,0.3375,0.5851851851851853,0,P40937:Q09FC8
POLR2K,MED21,0.6864531587378129,0.1987340145234882,0.32222222222222224,0.9168021680216802,-1,P53803:Q13503
RPL26,LYAR,0.2349067510459084,0.24896929824561406,0.6454545454545455,0.7782608695652173,-1,P61254:Q9NX58
MRPL33,MRPS34,0.22431053569052825,1.0,0.6268939393939393,1.0,-1,O75394:P82930
NOP56,RPS7,0.7616136959835181,0.25798384621914033,0.43995238095238093,0.6504329004329005,-1,O00567:P62081
GNG2,GABBR1,0.20836535155673466,0.22804232804232802,0.5944444444444444,0.6799107142857144,-1,P59768:Q9UBS5
IDH3B,IDH3A,0.5942474930277182,0.725,0.5542929292929292,0.5273504273504274,1,O43837:P50213
UBE2D1,TRIM50,-0.28223626021732756,0.06666666666666667,0.8333333333333334,0.9552299552299554,1,P51668:Q86XT4
CD80,BIRC3,0.759930583873035,0.22501889644746784,0.47519379844961235,0.6777777777777778,0,P33681:Q13489
BCL10,CD300A,0.27190922943208984,0.21117925284591949,0.32857142857142857,0.7999999999999999,0,O95999:Q9UGN4
UBD,NOD2,0.0,0.16543351892928165,0.6676356589147286,0.7615238095238095,0,O15205:Q9HC29
UBE2I,HIF1A,0.366780096606543,0.15765221916252217,0.5529411764705883,0.8152679275019701,1,P63279:Q16665
IFNG,PLCXD1,0.29401161707504025,0.16666666666666666,0.5,0.14285714285714285,0,P01579:Q9NUJ7
FBF1,PRPF31,0.4391393962522857,0.10795454545454544,0.25073015873015875,0.9703525641025641,0,Q8TES7:Q8WWY3
DUSP14,ALPP,-0.009626108242088238,0.0,0.0,0.8589424141749725,0,O95147:P05187
ABCC6,UBE2B,-0.38417585717296554,0.1343582071523248,0.6742296918767507,0.1500455684666211,0,O95255:P63146
MRPS17,MRPL11,0.6716312211979496,1.0,0.4563131313131314,0.9108527131782945,-1,Q9Y2R5:Q9Y3B7
NSL1,DSN1,0.36664538269276487,0.5,0.5896501457725948,1.0,1,Q96IY1:Q9H410
BUD31,STEEP1,0.7444063548839168,0.07564102564102564,0.5990196078431372,0.75,0,P41223:Q9H5V9
TNFAIP3,GJC3,-0.02077000613887905,0.17555555555555555,0.3333333333333333,0.6431818181818182,0,P21580:Q8NFK1
KIN,PPIE,0.8736804221457029,0.38513460939931526,0.6574646074646076,0.6701058201058201,-1,O60870:Q9UNP9
SCD,GPX8,-0.13185641948898943,0.1619047619047619,0.6,0.9781874039938556,-1,O00767:Q8TED1
PIAS4,ARFGAP1,0.4395427178875122,0.12916666666666665,0.4333333333333333,0.8742857142857142,0,Q8N2W9:Q8N6T3
SOCS3,RNASEH2A,-0.021006308415408535,0.09393939393939395,0.42000000000000004,0.39897959183673476,0,O14543:O75792
NUDT4B,GLE1,0.32899705641808413,0.07997835497835498,0.40964912280701754,0.9759562841530055,0,A0A024RBG1:Q53GS7
RFC4,SF3A1,0.615554998154608,0.14170591313448455,0.37050691244239614,0.8636363636363636,0,P35249:Q15459
ABCE1,CCDC124,0.47285540288630157,0.17841880341880342,0.5066666666666666,0.6041666666666666,-1,P61221:Q96CT7
ATP5F1A,ATP5F1E,0.35414902753866684,0.7647058823529411,0.4702020202020202,0.6357142857142856,-1,P25705:P56381
RPSA,RPS15,0.8127980528071378,0.4670970695970695,0.7455026455026454,0.5428571428571428,-1,P08865:P62841
RAB43,RAB43,1.0,0.3155380333951762,0.4025510204081633,0.49404761904761907,1,Q86YS6:Q86YS6
NUP42,DDX19B,0.7855282621383386,0.41346153846153844,0.38035714285714284,0.5777056277056276,-1,O15504:Q9UMR2
GLE1,ZNF107,0.526721740876985,0.06066176470588235,0.25,0.5796296296296296,0,Q53GS7:Q9UII5
PRR15,MRPL24,-0.14980061908880998,0.0,0.0,0.25,0,Q8IV56:Q96A35
DNAJC9,ZNF285,0.43894599783399973,0.09090909090909091,1.0,0.425,0,Q8WXX5:Q96NJ3
NDUFAB1,MRM3,0.17758850699246748,0.09545454545454546,0.5625,0.8173913043478263,-1,O14561:Q9HC36
MBD4,CMTM5,-0.12982936200077044,0.12261904761904763,0.5,0.9961240310077518,0,O95243:Q96DZ9
ATP6V1F,CYSLTR2,0.13421263826712793,0.09595959595959597,1.0,0.7617243867243867,0,Q16864:Q9NS75
ATP6V1G1,RPS11,0.6084758978083643,0.12037037037037036,0.7208494208494208,0.6545454545454545,0,O75348:P62280
RPS15A,UBE2NL,0.13241847546548263,0.1369047619047619,0.6,0.1111111111111111,0,P62244:Q5JXB2
REELD1,CYP27C1,0.22822716792165484,0.0,0.27999999999999997,0.0,0,A0A1B0GV85:Q4G0S4
NR0B1,H2BC10,0.08819167984264656,0.13253968253968254,0.5393939393939395,0.6944444444444444,0,P51843:P62807
RPS15A,RPL31,0.9269984677524005,1.0,0.6769841269841269,0.7916666666666666,-1,P62244:P62899
PFDN5,SLC29A3,0.6871641583400534,0.1338477366255144,0.31984126984126987,0.20670426065162906,0,Q99471:Q9BZD2
NELFA,CLN6,0.581186813400975,0.1204008954008954,0.41898496240601507,0.9397058823529412,0,Q9H3P2:Q9NWW5
CD8A,CD8A,1.0,0.3855616605616605,0.6148809523809523,0.5962962962962962,1,P01732:P01732
H3C1,ACTR6,0.28116867616955193,0.29205128205128206,0.3193181818181818,0.925925925925926,0,P68431:Q9GZN1
MAD2L1,ANAPC1,0.804937327111378,0.1792809042809043,0.7125,0.3333333333333333,1,Q13257:Q9H1A4
RPS2,RPS16,0.8837072168623819,0.5594877344877344,0.7003759398496241,0.5625,1,P15880:P62249
TFB1M,MRPS26,0.34276961385209304,0.14285714285714285,0.2575174825174825,1.0,-1,Q8WVM0:Q9BYN8
ZBTB8OS,ZBTB8OS,1.0,1.0,0.5875,0.9333333333333332,1,Q8IWT0:Q8IWT0
AHCYL1,IQCG,0.08013528295625731,0.16964285714285715,0.4077922077922078,0.75,0,O43865:Q9H095
CD226,HGD,-0.05722328463649712,0.0909090909090909,0.27777777777777773,0.6408163265306123,0,Q15762:Q93099
POLD1,FEN1,0.8166392571165368,0.43343928798474246,0.7,0.5637806637806638,1,P28340:P39748
YWHAZ,CDC5L,0.543700986013912,0.22905982905982908,0.5196428571428571,0.9252314814814816,-1,P63104:Q99459
SNRPB,SNRPD2,0.8637999713615875,0.6212585034013605,0.43640873015873016,0.9821428571428571,1,P14678:P62316
CD74,NDUFB9,-0.22397701708571569,0.15923821548821548,0.2598639455782313,0.890625,0,P04233:Q9Y6M9
H2BC11,MAPT,-0.17574013610402364,0.16343387126969214,0.38765432098765434,0.869277108433735,-1,P06899:P10636
FCER2,DRAM1,0.308780025553076,0.14583333333333331,0.1875,1.0,0,P06734:Q8N682
OR6N1,FANCF,0.039386594833117884,0.11688311688311688,0.3020833333333333,0.16666666666666666,0,Q8NGY5:Q9NPI8
EIF3J,ZNF665,0.24759887452575846,0.07692307692307693,0.2,0.17037037037037037,0,O75822:Q9H7R5
SRF,GTF2F1,0.31784886746040936,0.31217532467532466,0.9400383141762454,0.7212643678160918,1,P11831:P35269
RRAS2,CYB561A3,0.19309063614134228,0.13333333333333333,0.41500000000000004,0.903,0,P62070:Q8NBI2
ESS2,STEEP1,0.7075416815027009,0.09814814814814814,0.3005602240896359,0.75,0,Q96DF8:Q9H5V9
RPS6KA1,LITAF,0.6916121183396121,0.2770833333333333,0.33219954648526084,0.9562610229276894,0,Q15418:Q99732
CSDE1,CHRM2,0.31544288936625864,0.12172619047619049,0.6256756756756757,0.4166666666666667,0,O75534:P08172
OXA1L,MRPL18,0.433702874985979,0.6923076923076924,0.5145337301587302,0.6547619047619049,-1,Q15070:Q9H0U6
BMP8B,FDX2,0.02576651365508451,0.1519047619047619,0.20500000000000002,0.22619047619047622,0,P34820:Q6P4F2
UTP20,RPS13,0.7612665936330443,0.25727513227513227,0.40178571428571425,0.6355555555555554,-1,O75691:P62277
SQSTM1,TBK1,0.4980732209509493,0.144821154650876,0.9020833333333333,0.7347137791286726,1,Q13501:Q9UHD2
RPS12,RACK1,0.9500019462360366,0.12535722243442832,0.5023809523809524,0.8351882613510518,1,P25398:P63244
HSPA1B,ANAPC11,0.08733279386165486,0.12089614089614088,0.6457446808510637,0.8808129558129559,0,P0DMV9:Q9NYG5
ELAVL4,BEX5,0.868360663637961,0.16666666666666666,1.0,0.9703703703703703,0,P26378:Q5H9J7
TRGC1,TRGC1,1.0,0.4112554112554112,0.4537037037037037,1.0,0,P0CF51:P0CF51
NR5A2,BMI1,-0.3067347621974665,0.16112381929375394,0.5852272727272726,0.9612768184196755,0,O00482:P35226
EIF2B5,SPINK5,0.13915139187792044,0.16726826414326415,0.440625,0.14285714285714285,0,Q13144:Q9NQ38
POLR3C,POLR3B,0.6433794194806205,0.6138755980861244,0.5,0.6113816738816739,1,Q9BUI4:Q9NW08
GTPBP6,MRPL23,0.45408838363535375,0.0,0.2959090909090909,0.2222222222222222,-1,O43824:Q16540
BCL2A1,GPR101,-0.05997196220250137,0.14583333333333331,0.29166666666666663,0.9583333333333334,0,Q16548:Q96P66
NUP155,COPS7A,0.16392329312411874,0.10833333333333332,0.5615384615384615,1.0,0,O75694:Q9UBW8
FXR2,DPAGT1,-0.04077494075265033,0.10818181818181818,0.6785714285714286,0.3090909090909091,0,P51116:Q9H3H5
ATP6AP2,ATP6AP1,0.5422902121495268,0.4700655114116652,0.4079861111111111,0.7733333333333333,1,O75787:Q15904
PDCL2,PGAP3,-0.019795615160556,0.11574074074074074,0.2333333333333333,0.0,0,Q8N4E4:Q96FM1
PM20D2,MED11,0.2988991759951685,0.09702380952380951,0.32222222222222224,0.8944444444444444,0,Q8IYS1:Q9P086
RAD1,DNAJB13,0.33946612308453156,0.14285714285714285,0.3185714285714286,1.0,0,O60671:P59910
FPGT,KREMEN1,0.2844140927609888,0.09190551641532034,0.38888888888888884,0.12268518518518519,0,O14772:Q96MU8
MED30,MED4,0.9049254815763749,0.5139455782312925,0.5871794871794873,0.9388690476190475,1,Q96HR3:Q9NPJ6
MCM6,CFAP70,0.024608605324750024,0.15476190476190477,0.23265306122448975,0.0,0,Q14566:Q5T0N1
RAP1B,ARL13A,0.014846246483195094,0.20512820512820512,0.24444444444444446,0.5333333333333333,0,P61224:Q5H913
IL6R,CNTN2,-0.29783558543159483,0.11644417090845662,0.3869047619047619,0.611111111111111,0,P08887:Q02246
H2BW2,REG1B,-0.030046024269958855,0.0,0.2,0.3066666666666667,0,P0C1H6:P48304
TRPT1,API5,0.26045217701331935,0.06874999999999999,0.0,0.725,0,Q86TN4:Q9BZZ5
MRPS35,MRRF,0.5195032835314719,0.39999999999999997,0.5625,0.9333333333333332,-1,P82673:Q96E11
KLK3,ABRAXAS2,0.0435853142660758,0.1444047619047619,0.3516666666666667,0.7407407407407407,0,P07288:Q15018
BIK,S100PBP,0.07544255804635688,0.0,0.36666666666666664,1.0,0,Q13323:Q96BU1
RPL24,RPL36A,0.9116566116673931,1.0,0.7161490683229814,0.6666666666666667,-1,P83731:P83881
GNG2,GNG2,1.0,0.34444444444444444,0.9216867469879519,1.0,1,P59768:P59768
MRPL17,MRPL17,1.0,1.0,0.5856643356643356,0.8125,0,Q9NRX2:Q9NRX2
TBP,ADGRF4,0.04292251707341826,0.09444444444444444,0.5,0.5833333333333334,0,P20226:Q8IZF3
MRAS,NKAPD1,0.17596481591917956,0.0,0.0,1.0,0,O14807:Q6ZUT1
RPS14,ETF1,0.6539983005711149,0.16916666666666666,0.6129629629629629,0.6124574829931974,-1,P62263:P62495
MYO1F,COMMD5,0.025712998985179706,0.0,0.5666666666666667,1.0,0,O00160:Q9GZQ3
PDCD6IP,IFIH1,0.31526103400456923,0.10125634169751818,0.9138888888888889,0.7071428571428573,0,Q8WUM4:Q9BYX4
MRPL30,MTRES1,0.5491824502747994,0.10833333333333334,0.5625,0.195578231292517,-1,Q8TCC3:Q9P0P8
SMAD1,FAIM2,-0.12326297298571363,0.22499999999999998,0.4277777777777778,0.7037037037037037,0,Q15797:Q9BWQ8
NDUFB10,CD46,-0.06187930265685089,0.07619763587900842,0.21237373737373738,0.8409090909090909,0,O96000:P15529
SRSF1,SF3A2,0.8125374055736272,0.6681220565149136,0.37770876466528636,0.9781746031746031,-1,Q07955:Q15428
GFRA3,NRF1,0.3351329300216825,0.11574074074074074,0.5156862745098039,0.8492337164750958,0,O60609:Q16656
UQCRQ,NDUFS3,0.35453320605837946,0.2965873015873016,0.26030219780219777,0.0,-1,O14949:O75489
IGKV1-33,SATB1,0.14056148649734082,0.10393772893772894,0.4611111111111111,0.5442328042328042,0,P01594:Q01826
POLR2A,MED23,0.7444621405078591,0.3982259570494865,0.562962962962963,0.9509803921568628,-1,P24928:Q9ULK4
PLGRKT,SUCLA2,0.1284042166555331,0.11100803957946816,0.6851010101010101,0.8078703703703705,0,Q9HBL7:Q9P2R7
S1PR2,CDC73,0.5926826300269245,0.1798629148629149,0.41818181818181804,0.9805194805194806,0,O95136:Q6P1J9
TBC1D7,KCND3,0.01964290457173676,0.10257242757242757,0.23504273504273507,0.28924501424501425,0,Q9P0N9:Q9UK17
CD247,MAGEA4,-0.044517659446665754,0.18333333333333335,0.5,0.9857142857142858,0,P20963:P43358
EIF2S2,RPS11,0.5244463134553498,0.21944444444444444,0.7208494208494208,0.6545454545454545,-1,P20042:P62280
TGFBR2,TGFBR2,1.0,0.2320918158336459,0.8292181069958849,0.8005157205861432,1,P37173:P37173
C9orf78,ISY1,0.6136179777295273,0.5345238095238096,0.7703809523809524,0.9791666666666666,0,Q9NZ63:Q9ULR0
EIF5B,RPS18,0.4120854588673649,0.22999999999999998,0.6919501133786847,0.62,-1,O60841:P62269
HBD,PSMB8,0.16107512166659102,0.14583333333333334,0.8518683862433862,0.9436507936507936,0,P02042:P28062
LIN52,DPF3,0.5685980112794214,0.2546885984385984,0.4746031746031746,0.8285714285714286,0,Q52LA3:Q92784
DUSP28,MAP3K3,0.2825305915994993,0.12472527472527473,0.0,0.13638110626746985,0,Q4G0W2:Q99759
RRP9,UTP15,0.9152812929991323,0.25746753246753246,0.47074074074074074,0.8333333333333334,-1,O43818:Q8TED0
SUB1,DCTN4,0.42038786731082173,0.0,0.3677083333333333,1.0,0,P53999:Q9UJW0
GNAT2,KLRG1,0.06811008971574867,0.24594155844155846,0.5200000000000001,0.4513888888888889,0,P19087:Q96E93
NDUFV3,TEX19,0.29716820789031956,0.0942099567099567,0.35,0.9074074074074073,0,P56181:Q8NA77
UBL3,GORASP2,0.11526738865798955,0.0,0.2962962962962963,1.0,-1,O95164:Q9H8Y8
SOBP,DNAJC3,-0.19658926512505584,0.10690035273368607,0.24102564102564106,0.19166666666666665,0,A7XYQ1:Q13217
MRPL19,GFM1,0.6704155513883014,0.25,0.7083333333333334,0.3663194444444444,-1,P49406:Q96RP9
RPLP1,RPS14,0.8907653800975814,0.580595238095238,0.6812925170068027,0.7375,-1,P05386:P62263
NAB1,GINS2,0.025927174854133036,0.08838383838383838,0.37777777777777777,0.2,0,Q13506:Q9Y248
GAD1,QPCTL,-0.13599170639916075,0.09090909090909091,0.3194444444444444,0.38775510204081626,0,Q99259:Q9NXS2
CDH1,KLRG1,-0.1608179479388768,0.1625,0.55,0.8958333333333334,1,P12830:Q96E93
HOXA1,RPL11,0.4901624945247112,0.11521913758755863,0.3900297619047619,0.8271103896103899,0,P49639:P62913
MRPL28,MRPL23,0.21720229626028126,1.0,0.5292424242424242,0.75,-1,Q13084:Q16540
NDUFS3,NDUFB2,0.6313343096384602,0.3844535094535095,0.6605616605616604,1.0,-1,O75489:O95178
RPL10A,RPL11,0.9364812129550305,0.3308206413469571,0.6087797619047619,0.8271103896103899,1,P62906:P62913
UBASH3A,LAMTOR3,-0.0620456027446552,0.11922568172568172,0.15775075987841947,0.9057142857142857,0,P57075:Q9UHA4
RPL31,RPL31,1.0,1.0,0.6769841269841269,0.7916666666666666,0,P62899:P62899
MCU,MICU1,0.631121751934119,0.5398698953265516,0.4130964820619994,0.612189440993789,1,Q8NE86:Q9BPX6
DAP3,MRPL11,0.8648472719857514,1.0,0.4563131313131314,0.9108527131782945,-1,P51398:Q9Y3B7
HBB,ZCWPW1,-0.04013066970392341,0.1303656220322887,0.2,0.41428571428571426,0,P68871:Q9H0M4
HS3ST1,SPART,0.3438980676556295,0.11050720521308757,0.15970017636684303,0.1608187134502924,0,O14792:Q8N0X7
MAD2L2,MOB4,0.16405872492174212,0.25,0.4928571428571429,0.8892857142857142,0,Q9UI95:Q9Y3A3
VASP,INSM2,-0.34097716862759564,0.1017857142857143,0.3,0.15925925925925927,0,P50552:Q96T92
ERAL1,TFB1M,0.5969546914320893,0.06904761904761905,0.65,0.26587301587301587,1,O75616:Q8WVM0
RPS3,RACK1,0.9614509299555614,0.20031485875235874,0.5023809523809524,0.8351882613510518,1,P23396:P63244
CUL2,EXTL2,0.5767153358670675,0.09764309764309764,0.49000000000000005,0.48139880952380953,0,Q13617:Q9UBQ6
LRRC41,HSD17B14,0.4440688229657028,0.1111111111111111,1.0,0.9547413793103449,0,Q15345:Q9BPX1
USP14,USP14,1.0,0.350352733686067,0.5623249299719887,0.5023809523809524,1,P54578:P54578
RANBP2,NUP88,0.6937000294019903,0.5666666666666667,0.8787037037037037,0.9166666666666666,-1,P49792:Q99567
EIF5,LIN52,0.4869034272204527,0.2,0.4702380952380953,1.0,0,P55010:Q52LA3
CDH1,RPL11,0.19698731718491902,0.14277842040999936,0.4525297619047619,0.8271103896103899,-1,P12830:P62913
FGF1,SYT1,0.3017624168431928,0.14000288600288602,0.23446275946275943,0.7462585034013606,1,P05230:P21579
HPCA,POLI,-0.26115626421178195,0.10397727272727272,0.4444444444444444,0.8404761904761904,0,P84074:Q9UNA4
POLR2J,MED21,0.6218908468647282,0.06351576055523422,0.32222222222222224,0.9168021680216802,-1,P52435:Q13503
TRAV4,TRAV4,1.0,0.5833333333333334,1.0,0.0,1,A0A0B4J268:A0A0B4J268
GTPBP6,MRPL52,0.5804754273671752,0.0,0.34647727272727274,0.2222222222222222,-1,O43824:Q86TS9
RBP5,RBP5,0.9999999999999998,1.0,0.4666666666666666,0.6071428571428571,1,P82980:P82980
RPS17,RPL36A,0.9702022631462962,1.0,0.7161490683229814,0.6666666666666667,-1,P08708:P83881
RPS5,FAU,0.8856085400689716,0.4858974358974359,0.7694677871148459,0.54421768707483,-1,P46782:P62861
ADCY3,CSF2RA,-0.01433490531313404,0.3095238095238095,0.8961309523809524,0.41500000000000004,0,O60266:P15509
GNAO1,STK26,-0.22162185375105142,0.1573038073038073,0.4644179894179895,0.5998991121872478,0,P09471:Q9P289
OTX1,EIF1AX,-0.03767852062507321,0.14444444444444446,0.40222222222222226,0.7190476190476189,0,P32242:P47813
CWC15,LSM5,0.5350869562726266,0.7202380952380952,0.3973809523809525,0.9568965517241379,-1,Q9P013:Q9Y4Y9
SNCA,RPS10,-0.37457723298878853,0.41666666666666663,0.7668027210884354,0.7,0,P37840:P46783
NCBP2,UBR2,0.5712102490953606,0.09916601916601916,0.6518518518518519,0.47337662337662334,0,P52298:Q8IWV8
CYP2E1,OR5AS1,0.0,0.14583333333333331,0.3333333333333333,0.4047619047619047,0,P05181:Q8N127
XAF1,GPR52,-0.1302599481864567,0.13472222222222222,0.3333333333333333,0.4365079365079365,0,Q6GPH4:Q9Y2T5
RPLP2,RPL32,0.9591872283732382,1.0,0.7049689440993788,0.7916666666666667,-1,P05387:P62910
LRRC47,PNO1,0.47288854996204316,0.07692307692307693,0.0,0.875,-1,Q8N1G4:Q9NRX1
ANKRD34B,HLA-DQB1,-0.10046392884923343,0.0,0.13783680965499145,0.0,0,A5PLL1:P01920
LDB2,GGACT,-0.11919674280903785,0.125,0.3333333333333333,0.8285714285714286,-1,O43679:Q9BVM4
RPS10,RPS15A,0.979307263440476,0.6027777777777777,0.739021164021164,0.6911764705882353,-1,P46783:P62244
IL5,IL5,0.9999999999999999,0.19789432789432787,0.9615384615384616,0.6666666666666666,1,P05113:P05113
TCERG1,SNRPB2,0.7179976576250214,0.9071428571428571,0.48857142857142855,0.9292929292929293,-1,O14776:P08579
NET1,MED31,0.04748879046411737,0.12272727272727271,0.2583333333333333,0.7851851851851851,0,Q7Z628:Q9Y3C7
KRTAP10-8,TRIM41,0.0,0.0,0.39999999999999997,0.9845004668534081,-1,P60410:Q8WV44
MRPL36,MRPS17,0.6845244102059728,1.0,0.583041958041958,0.54,-1,Q9P0J6:Q9Y2R5
PSMB10,IRF2BP1,-0.11623392678109355,0.07417582417582418,0.7333333333333334,0.30185185185185187,0,P40306:Q8IU81
DHX8,C9orf78,0.5611977773361397,0.540625,0.6047619047619047,0.7222222222222222,-1,Q14562:Q9NZ63
MRPL41,NPIPB3,-0.08975917727606368,0.0,0.27777777777777773,1.0,0,Q8IXM3:Q92617
EXOSC9,PYCR2,0.6953351123712697,0.11349206349206348,0.425,0.5714285714285714,0,Q06265:Q96C36
CTC1,BLOC1S5,0.41670209391216845,0.12805916305916307,0.16369047619047616,1.0,0,Q2NKJ3:Q8TDH9
LAMTOR5,LAMTOR5,1.0,0.32831004973862116,0.7285689117084465,0.9278499278499278,1,O43504:O43504
HGF,VPS72,0.23413440261740817,0.2733134920634921,0.2804713804713805,0.8708333333333332,0,P14210:Q15906
PRAMEF15,MAD2L2,0.7230376057056731,0.19051087801087796,0.38484848484848483,0.16462962962962957,0,P0DUQ1:Q9UI95
RNF169,STON1,0.5157574512243728,0.14320987654320988,0.3134920634920635,0.16666666666666666,0,Q8NCN4:Q9Y6Q2
RPL7,NMD3,0.7360235819211083,0.08768823768823768,0.5666666666666667,0.319047619047619,-1,P18124:Q96D46
LSM8,SF3B5,0.564455528560444,0.6864121087031303,0.47571428571428565,0.925,-1,O95777:Q9BWJ5
KAAG1,MED31,-0.0731828746788947,0.0999594155844156,0.0,0.0,0,Q9UBP8:Q9Y3C7
EIF2S1,RPS13,0.6593542123910368,0.19166666666666668,0.6767857142857142,0.6355555555555554,-1,P05198:P62277
FAM107A,STUB1,0.21328002270024377,0.13226783899860822,0.47388888888888886,0.8448388203017833,0,O95990:Q9UNE7
MRPS27,MRPL1,0.8383524688952292,1.0,0.8017676767676768,0.625,-1,Q92552:Q9BYD6
RNF169,USP7,0.7469234502976234,0.154053363295553,0.6351851851851852,0.8575072886297376,1,Q8NCN4:Q93009
MRPS25,MRPS25,1.0,1.0,0.6325757575757576,1.0,0,P82663:P82663
TRAC,HLA-DRB5,0.6991396823356634,0.2965151515151515,0.48166248955722646,0.0,1,P01848:Q30154
RPS16,RPL31,0.9491114109422073,1.0,0.6769841269841269,0.7916666666666666,1,P62249:P62899
EIF2S1,EIF3E,0.7519769507806048,0.39293599918599925,0.5063218390804597,0.9268018018018019,-1,P05198:P60228
PPIL2,ISY1,0.7258418096663855,0.5370879120879122,0.7703809523809524,0.9791666666666666,0,Q13356:Q9ULR0
USP33,VPS39,0.7441529692903903,0.1589105339105339,0.2608134920634921,1.0,0,Q8TEY7:Q96JC1
SRSF1,SF3B5,0.7234656262446894,0.6876653439153438,0.47571428571428565,0.925,-1,Q07955:Q9BWJ5
GLE1,PCDHB2,0.4563626797944974,0.11203703703703703,0.7777777777777777,0.2,0,Q53GS7:Q9Y5E7
ELOC,TIPIN,0.7024160776454017,0.08350579975579975,0.5142857142857143,0.925,-1,Q15369:Q9BVW5
GFM1,MRPS18C,0.6766056920370861,0.3055555555555555,0.18655303030303028,0.27777777777777773,-1,Q96RP9:Q9Y3D5
TOMM40,OSBP,0.5868674918139303,0.19642579642579638,0.5351851851851852,0.7974999999999999,0,O96008:P22059
CENPC,NSL1,0.5538630491756191,0.4920634920634921,0.6505952380952381,1.0,1,Q03188:Q96IY1
GPKOW,ISY1,0.682439417217824,0.5345238095238096,0.7703809523809524,0.9791666666666666,0,Q92917:Q9ULR0
SERPINE2,INCENP,0.08760689986779065,0.14102371986987372,0.6003401360544218,0.9797297297297297,0,P07093:Q9NQS7
SNF8,CNOT7,0.6767461147821114,0.20043290043290043,0.37931547619047623,0.8311432506887052,0,Q96H20:Q9UIV1
COPS6,COPS8,0.7997189890431443,0.24265746784543776,0.5246376811594201,1.0,1,Q7L5N1:Q99627
RNF168,RNF168,1.0,0.31385424669738393,0.7451612903225806,0.5848484848484848,1,Q8IYW5:Q8IYW5
TAS2R39,STT3B,-0.09196067470285083,0.10248640248640249,0.31851851851851853,0.1277777777777778,0,P59534:Q8TCJ2
RSPH10B,RNF2,0.348312140962551,0.0,0.3960573476702508,0.0,0,P0C881:Q99496
CRNKL1,PPIL3,0.7592811905358,0.38791423001949316,0.761904761904762,0.712962962962963,0,Q9BZJ0:Q9H2H8
H3-3A,H3-3A,1.0,0.21377865961199294,0.8483552631578949,0.8927469135802468,1,P84243:P84243
PSMB2,C20orf203,-0.025333279688263835,0.0,1.0,0.0,0,P49721:Q8NBC4
RPL24,DYNLT2,0.4858785742873472,0.16666666666666666,0.45833333333333337,1.0,0,P83731:Q8IZS6
CLUL1,COMMD5,0.11549671905240298,0.0,0.4666666666666666,1.0,0,Q15846:Q9GZQ3
UBC,RAD23B,0.642556454407785,0.15034475328592975,0.792063492063492,0.8866255144032922,1,P0CG48:P54727
C9orf78,PRPF19,0.5140414004854845,0.31297550488726955,0.6279922779922781,0.9065058479532165,0,Q9NZ63:Q9UMS4
WDR75,C1orf131,0.848245809973382,1.0,0.5370370370370371,0.7,-1,Q8IWA0:Q8NDD1
NDUFA5,PCNP,0.25342467988351125,0.1,0.275,1.0,0,Q16718:Q8WW12
TTC36,NDUFB1,-0.07789944488346273,0.0929040404040404,0.0,0.0,0,A6NLP5:O75438
SNW1,TOMM7,0.6487768933779698,0.09682539682539683,0.20694444444444446,0.7916666666666666,0,Q13573:Q9P0U1
ZFP82,CENPH,0.34673702690699015,0.06614504776269482,0.28809523809523807,0.20000000000000007,0,Q8N141:Q9H3R5
PRPF6,PRPF6,1.0,0.503422619047619,0.46791125541125533,0.9232456140350878,1,O94906:O94906
IL15,SCUBE1,0.0912696862246855,0.2697845804988662,0.5714285714285714,0.7916666666666667,0,P40933:Q8IWY4
MRPL20,MTRES1,0.5275881255070582,0.10833333333333334,0.5625,0.5571428571428572,-1,Q9BYC9:Q9P0P8
RPLP2,RPS14,0.9312288057065611,0.580595238095238,0.6812925170068027,0.7375,-1,P05387:P62263
DRD1,EPHA2,-0.13635796098089317,0.14186148126826092,0.682051282051282,0.6314439033189032,0,P21728:P29317
NDUFA9,UQCR10,0.6205964954461937,0.5181818181818182,0.7113095238095237,0.5625,-1,Q16795:Q9UDW1
SNRPG,SMC6,0.6828066456535082,0.12766400266400266,0.37642857142857145,0.8389814814814813,0,P62308:Q96SB8
NDUFC2,NDUFA10,0.5793214452989112,0.45211161387631976,0.5125,1.0,1,O95298:O95299
NDUFV3,EEFSEC,0.5729537357102544,0.07692307692307693,0.2809523809523809,0.3224025974025974,0,P56181:P57772
RPL18,NLE1,0.6567948939073934,0.1125190466099557,0.6799999999999999,1.0,-1,Q07020:Q9NVX2
IL2,CCDC27,-0.03728854375620263,0.0,0.0,1.0,0,P60568:Q2M243
LTBR,LTBR,1.0,0.31602564102564107,0.6875,0.875,1,P36941:P36941
ZNF250,KRTAP10-3,0.0051973418475898215,0.0,0.15000000000000002,0.0,-1,P15622:P60369
TRBC1,ATAD3A,0.09464393413433693,0.14826839826839827,0.23636363636363641,0.0,0,P01850:Q9NVI7
ABCD3,PEX19,0.2747146755457144,0.464327485380117,0.5181318681318681,0.9697222222222223,1,P28288:P40855
CDH1,RPS6,0.20791420585871553,0.1405122655122655,0.4130952380952382,0.6885964912280702,-1,P12830:P62753
SNRPE,XRCC4,0.7671033850698341,0.11554761904761904,0.48384353741496583,0.9736842105263158,0,P62304:Q13426
TAF9,LCN8,0.19166357900784917,0.25,0.5,0.5,0,Q16594:Q6JVE9
PSMC5,ZYX,0.44422708934859395,0.14043109668109668,0.3416666666666667,0.953030303030303,0,P62195:Q15942
MRPL30,MRPL38,0.5735160871011408,1.0,0.48609625668449197,0.25,1,Q8TCC3:Q96DV4
FADS2,NAA80,-0.0005073892693094529,0.15324675324675321,0.5,0.38583333333333336,0,O95864:Q93015
MRPL23,MRPS24,0.568928254825788,1.0,0.6725206611570248,0.7222222222222222,-1,Q16540:Q96EL2
IL27,MRPL22,0.017364953961792683,0.13392857142857142,0.17857142857142858,0.25,0,Q8NEV9:Q9NWU5
SPINK13,LSM4,0.2834318067323588,0.08677248677248676,0.30910364145658265,0.8988095238095238,0,Q1W4C9:Q9Y4Z0
RBP4,TTR,0.2084960597426369,0.10795454545454546,0.793040293040293,0.9906103286384976,1,P02753:P02766
RPS18,SLX9,0.3067861531047627,0.1111111111111111,0.24074074074074078,1.0,-1,P62269:Q9NSI2
PSTPIP1,TTI2,0.07468931116547653,0.15476190476190477,0.2333333333333333,0.0,0,O43586:Q6NXR4
IGHG4,ABCC2,0.05749316913715491,0.12167308000641334,0.607142857142857,0.1939594356261023,0,P01861:Q92887
RPS3,RPS21,0.9431776109654078,0.7777777777777778,0.7340136054421768,0.7272727272727273,-1,P23396:P63220
RPS7,RPS16,0.9439018834125653,0.5594877344877344,0.7003759398496241,0.5625,-1,P62081:P62249
LRPPRC,MRPS24,0.5939768722851637,0.16666666666666666,0.35433884297520657,0.7222222222222222,-1,P42704:Q96EL2
TMCO4,VPS29,0.5812583434059738,0.0,0.3017857142857143,0.9880597014925373,-1,Q5TGY1:Q9UBQ0
GABBR2,ZNF160,-0.20952087260357083,0.12698412698412698,0.2,0.17037037037037037,0,O75899:Q9HCG1
RRP9,RCL1,0.5119016987430743,0.5227272727272727,0.7277777777777779,0.78125,-1,O43818:Q9Y2P8
RPS21,TRMT112,0.6674735925695068,0.16234715576820838,0.5175925925925926,0.9244047619047618,-1,P63220:Q9UI30
UBE2Q2,MCEE,0.3908570793278066,0.0735042735042735,0.3125,0.7642857142857142,0,Q8WVN8:Q96PE7
RNF13,UBE2D2,0.35067078422486175,0.5583333333333333,0.85,0.8641381766381769,1,O43567:P62837
MAGOHB,DNAAF6,0.0444852174886851,0.11523809523809525,0.4375,1.0,0,Q96A72:Q9NQM4
YWHAZ,YWHAZ,0.9999999999999998,0.23215811965811964,0.6460416666666667,0.9900379506641366,1,P63104:P63104
DFFB,EIF2B3,0.2243952615726536,0.112987012987013,0.6875,0.2630952380952381,0,O76075:Q9NR50
POLA2,MCM6,0.8965906914216322,0.2612978524743231,0.6586666666666667,0.7879456154046318,0,Q14181:Q14566
NDUFA3,NDUFB10,0.340186063838018,0.3496969696969697,0.6803571428571428,0.9375,-1,O95167:O96000
SRRM4,IGHV3-48,-0.09920940854340636,0.15555555555555556,0.19357864357864357,0.5,0,A7MD48:P01763
RPS8,NOP58,0.749980780904402,0.4006734006734007,0.5045351473922901,0.7575,-1,P62241:Q9Y2X3
SNRPE,SMU1,0.7748813843678817,0.43333333333333335,0.5428571428571429,1.0,-1,P62304:Q2TAY7
RFC3,PLSCR4,0.057643526162956954,0.1272727272727273,0.3333333333333333,0.946969696969697,0,P40938:Q9NRQ2
LRPPRC,MRPL17,0.6445686335136501,0.16666666666666666,0.3164335664335664,0.8125,-1,P42704:Q9NRX2
H2AC4,KMT5A,-0.024402917054997926,0.3624768089053802,0.28,0.5067059483726151,1,P04908:Q9NQR1
IFT88,FBXW8,0.4537008622624705,0.18255015681486267,0.6711805555555556,0.8446969696969696,0,Q13099:Q8N3Y1
YWHAQ,RAB6C,0.23045025926690724,0.19882154882154882,0.4277777777777778,0.46944444444444444,0,P27348:Q9H0N0
NKX2-1,FOXA1,-0.053507025416846675,0.2461230354612708,0.7947368421052632,0.400564468211527,1,P43699:P55317
BAG1,CST11,0.24327870456532263,0.11904761904761904,0.465079365079365,0.14285714285714285,0,Q99933:Q9H112
IMP4,UTP6,0.7151710593002882,0.5416666666666666,0.5481481481481482,0.9,-1,Q96G21:Q9NYH9
RRP9,UTP11,0.5712904887824839,0.3232323232323232,0.5733333333333335,0.7,-1,O43818:Q9Y3A2
IL13RA1,UBR7,0.020536531778470108,0.12222222222222222,0.0,0.25132275132275134,0,P78552:Q8N806
ZNF622,RPL36,0.5585914632326398,0.11388888888888889,0.6708994708994709,0.5833333333333334,-1,Q969S3:Q9Y3U8
CRABP2,HCAR1,-0.0154954458878373,0.5833333333333334,0.3333333333333333,0.16666666666666666,0,P29373:Q9BXC0
SURF6,SLC30A6,0.7524710203638004,0.07577838827838829,0.23660714285714285,0.7763888888888889,0,O75683:Q6NXT4
GABBR2,GNB1,0.5846276794145603,0.4726220538720538,0.45141442715700125,0.8865740740740741,1,O75899:P62873
AR,KBTBD2,0.32851574623382224,0.19161394161394163,0.7083333333333334,0.3333333333333333,0,P10275:Q8IY47
RPS20,RPS4X,0.8635893848813169,0.6614583333333334,0.669702380952381,0.7369565217391304,-1,P60866:P62701
MTREX,PLCD1,0.6211288220001432,0.15277777777777776,0.36666666666666664,0.4102380952380952,0,P42285:P51178
COPS6,COPS6,1.0,0.43421052631578944,0.5125,0.9601190476190476,1,Q7L5N1:Q7L5N1
SMAD9,DHRS2,0.03785177266410454,0.16604308390022673,0.4410256410256411,0.34166666666666673,0,O15198:Q13268
DUSP28,CCDC197,0.48518421033936104,0.0,0.0,0.14285714285714285,0,Q4G0W2:Q8NCU1
SET,MMD2,-0.19876988851043426,0.1251082251082251,0.6,0.8928571428571428,0,Q01105:Q8IY49
STEEP1,PPIL1,0.3066138760544765,0.09797979797979799,0.6676190476190478,0.8549382716049384,-1,Q9H5V9:Q9Y3C6
RPL13,GDF7,0.33705469772524516,0.18022386969755388,0.5,0.6666666666666666,0,P26373:Q7Z4P5
TMEM140,FETUB,0.10105324409619483,0.0,0.3333333333333333,0.7083333333333334,0,Q9NV12:Q9UGM5
RXRA,DMRTB1,-0.10622120221037917,0.5357142857142857,0.6,0.7259259259259258,0,P19793:Q96MA1
GPRIN2,POLR2F,-0.04438134598477763,0.07554945054945056,0.31621088938162106,0.13749999999999998,0,O60269:P61218
VHL,SHLD3,0.8025022015233253,0.13540043290043288,0.4833333333333334,1.0,0,P40337:Q6ZNX1
ESS2,PPIE,0.8137994656346561,0.38099415204678366,0.2493243243243243,0.6701058201058201,-1,Q96DF8:Q9UNP9
RPL13A,SEC61B,0.49784828212764076,0.11249999999999999,0.5242424242424243,0.2777777777777778,-1,P40429:P60468
MRPS14,METTL17,0.578295356612594,0.3267045454545454,0.32083333333333336,0.9209150326797387,-1,O60783:Q9H7H0
TRBC2,TRAC,0.924549371833124,0.3501082251082251,0.9153439153439153,0.0,1,A0A5B9:P01848
NDUFB3,NDUFB11,0.5922520954799817,0.38585858585858585,0.6576923076923076,0.125,-1,O43676:Q9NX14
WRAP53,MAPRE3,-0.0442197200642242,0.1587782587782588,0.3619047619047619,0.9745934959349594,0,Q9BUR4:Q9UPY8
RPS15,TRABD,0.5649946806731078,0.14285714285714285,0.3055555555555556,0.16666666666666666,0,P62841:Q9H4I3
GADD45G,GADD45G,1.0,0.29840397697540555,0.6000000000000001,1.0,1,O95257:O95257
RPS27,CCDC124,0.19649097015007677,0.14444444444444446,0.47333333333333333,0.6041666666666666,-1,P42677:Q96CT7
RPL18,WDR12,0.4526065763130653,0.11419753086419752,0.2592592592592593,0.9607843137254901,-1,Q07020:Q9GZL7
TRIM24,H2AZ2,0.08513062771944896,0.16666666666666666,0.6357142857142858,0.3333333333333333,0,O15164:Q71UI9
TBP,PCDHA7,0.493714170410296,0.12767857142857142,0.3333333333333333,0.5833333333333334,0,P20226:Q9UN72
MAPT,RBM3,-0.4716833591291111,0.24,0.3777777777777778,0.9046875,-1,P10636:P98179
RPS28,RACK1,0.9022354525200647,0.12326580690551278,0.5023809523809524,0.8351882613510518,1,P62857:P63244
IFNB1,IFNB1,0.9999999999999998,0.22937198735071077,0.9166666666666666,0.640625,1,P01574:P01574
RPS16,RPS24,0.9411949649373929,0.48839285714285713,0.7233766233766233,0.6476190476190476,1,P62249:P62847
SF3B3,PHF5A,0.7931497560742532,0.7463824851384661,0.48588435374149647,0.7589285714285714,1,Q15393:Q7RTV0
RPL28,PCSK9,-0.273238538335446,0.14069264069264067,0.34603174603174597,0.625705467372134,-1,P46779:Q8NBP7
POLR2J,BACE2,0.2088696849172025,0.09391145404303299,0.26279761904761906,0.9591836734693877,0,P52435:Q9Y5Z0
SNAI2,CNR1,0.17608623292691888,0.1515042196860379,0.3141666666666666,0.7886904761904763,0,O43623:P21554
MED28,IFNK,0.3399668891047969,0.11014454295704296,0.5,0.3333333333333333,0,Q9H204:Q9P0W0
RPS10,RPS18,0.9284004507639546,1.0,0.6919501133786847,0.62,-1,P46783:P62269
RPL13A,ETF1,0.6058880105388244,0.12813852813852813,0.6129629629629629,0.2748015873015873,-1,P40429:P62495
EDNRA,PPIL2,0.3731618141921307,0.21833333333333335,0.31972789115646266,0.6098765432098765,0,P25101:Q13356
PPIL2,ZMAT2,0.47953366581679346,1.0,0.4935714285714286,0.9722906403940887,-1,Q13356:Q96NC0
RPS6KA1,LSM7,0.33996487197268477,0.1074074074074074,0.35028011204481796,0.9631782945736433,0,Q15418:Q9UK45
ALPL,PPME1,-0.21025388987713792,0.16666666666666666,0.5,0.13803418803418807,0,P05186:Q9Y570
SEPTIN2,SEPTIN2,1.0,0.29636644219977554,0.3928571428571428,0.9031432748538013,1,Q15019:Q15019
RAB7A,EEFSEC,0.510615386623852,0.14285714285714285,0.31666666666666665,0.34340659340659346,0,P51149:P57772
GGTLC3,BRK1,0.10280966268109193,0.09242163065692477,0.2161172161172161,0.14201388888888883,0,B5MD39:Q8WUW1
EIF4A3,DHX38,0.8320211496202772,0.6944444444444445,0.7333333333333333,0.45308123249299725,-1,P38919:Q92620
NDUFB10,ARHGAP40,-0.10808234014177669,0.08756868131868133,0.20000000000000004,0.14285714285714285,0,O96000:Q5TG30
CCN5,GNG2,-0.05649742796097652,0.33999999999999997,0.321285140562249,1.0,0,O76076:P59768
TP53,POLR2L,0.3876186211906644,0.3771929824561403,0.9303278688524589,0.7838151927437643,0,P04637:P62875
CXCL13,PHF5A,0.26002773232400794,0.09944903581267216,0.307312925170068,0.3923611111111111,0,O43927:Q7RTV0
RIOK2,NOB1,0.7855112540602949,0.6888888888888888,0.5555555555555556,0.5107142857142858,-1,Q9BVS4:Q9ULX3
GTPBP6,MRPL51,0.30852870792168935,0.0,0.28101325757575757,0.18749999999999997,-1,O43824:Q4U2R6
AFM,GPKOW,-0.35154527058412316,0.07692307692307693,0.3285714285714286,0.9779411764705882,0,P43652:Q92917
NKX2-1,FGD6,0.2767086902206354,0.1488095238095238,0.31666666666666665,0.5595238095238095,0,P43699:Q6ZV73
DUT,POLI,0.7064308181132931,0.4875,0.8333333333333334,0.8404761904761904,0,P33316:Q9UNA4
USP17L3,CD300LB,0.0,0.16666666666666666,0.3333333333333333,0.1217948717948718,0,A6NCW0:A8K4G0
RPLP1,RPS3,0.869883089309957,0.19542344248226598,0.5660110420979988,0.6262049941927991,-1,P05386:P23396
ACOT7,MRPL27,0.15877334018341013,0.15476190476190477,0.2378246753246753,0.5,0,O00154:Q9P0M9
MT-ND6,NDUFA11,0.0628587247155905,0.38585858585858585,0.6576923076923076,0.125,-1,P03923:Q86Y39
CD3E,CD3E,0.9999999999999998,0.25690975690975687,0.6864977614977614,0.7999999999999999,0,P07766:P07766
MRPS21,MRPL2,0.5251559555950994,1.0,0.5292424242424242,0.7916666666666666,-1,P82921:Q5T653
TP53,ELL,0.44320795993762524,0.33114551083591326,0.7595238095238094,0.9111111111111111,-1,P04637:P55199
H2BC12,H2AC4,0.41764702354541916,0.11527777777777777,0.5202020202020202,0.8823529411764706,1,O60814:P04908
PPP2CA,INTS13,0.36945988643190697,0.16905417814508725,0.42874999999999996,1.0,-1,P67775:Q9NVM9
PSMA2,FAM50A,0.3966715237055626,0.09299145299145299,0.6000000000000001,0.75,0,P25787:Q14320
MRPS6,MRPL1,0.3581263911377408,1.0,0.8017676767676768,0.625,-1,P82932:Q9BYD6
NXPH2,HSPA1B,0.06015047796570011,0.12162022005772005,0.41378205128205126,0.6501915708812261,0,O95156:P0DMV9
SLC2A6,IKZF2,0.32110736782367,0.125,0.2,0.7290123456790123,0,Q9UGQ3:Q9UKS7
MMP2,EMILIN2,0.62707015551788,0.2034832451499118,0.7268518518518519,0.3333333333333333,0,P08253:Q9BXX0
LACTB2,TAF3,0.11285752606507608,0.0,0.2119841269841269,0.7964285714285714,0,Q53H82:Q5VWG9
FGB,FASTKD2,-0.10312925283642613,0.13645124716553286,0.32954545454545453,0.61875,0,P02675:Q9NYY8
SF3B4,ARMC7,0.4171299951515103,0.625,1.0,1.0,-1,Q15427:Q9H6L4
GAS2,MRPL38,-0.1608699088573787,0.125,0.27647058823529413,1.0,0,O43903:Q96DV4
IL13,PICK1,0.32076719549012456,0.12125482542149209,0.34867724867724864,0.9839080459770114,0,P35225:Q9NRD5
CD164L2,SLC25A42,-0.14964591629801566,0.0,0.28888888888888886,0.4777777777777777,0,Q6UWJ8:Q86VD7
EIF3J,RPS15,0.3776083641393084,0.17254329004329003,0.7455026455026454,0.5428571428571428,-1,O75822:P62841
MRPL52,MRPS24,0.6348369233356368,1.0,0.6725206611570248,0.4444444444444444,-1,Q86TS9:Q96EL2
POLR2G,MED16,0.7044614423708492,0.17092731829573934,0.5466666666666666,0.7666666666666666,-1,P62487:Q9Y2X0
VPS39,RABGEF1,0.7508567460043295,0.14096923864080727,0.26483516483516484,0.8814667842445623,0,Q96JC1:Q9UJ41
ANKRD9,EXOSC3,-0.16096213173847282,0.09526551879493057,0.41453373015873013,0.1628333333333333,0,Q96BM1:Q9NQT5
GXYLT2,SLC9A1,0.22322513607698638,0.07737673748829357,0.6202380952380953,0.10421155641743877,0,A0PJZ3:P19634
UBE2D2,ADAMTS6,0.4599301702567135,0.2246031746031746,0.41666666666666663,0.16984126984126982,0,P62837:Q9UKP5
PENK,FLVCR1,-0.07357231010063933,0.14848484848484853,0.6979166666666667,0.2489010989010989,0,P01210:Q9Y5Y0
UFM1,RPL10L,-0.16065097108703108,0.12305472305472305,0.35500000000000004,0.25,0,P61960:Q96L21
TGFBR3,RHEB,0.5785105149753941,0.24952639952639946,0.23744588744588743,0.5303854875283448,0,Q03167:Q15382
KCTD6,PLA2G12B,-0.1668947702056376,0.09902319902319903,0.5,0.1388888888888889,0,Q8NC69:Q9BX93
ARPC1B,LIPH,0.03322293780661869,0.10185185185185185,0.41666666666666663,0.325,0,O15143:Q8WWY8
MRPL3,MRM3,0.6615733056201991,0.12142857142857143,0.5625,0.29130434782608694,-1,P09001:Q9HC36
RPS7,UTP11,0.3758997342887446,0.3232323232323232,0.5733333333333335,0.7,-1,P62081:Q9Y3A2
PPP2R1A,CCM2L,0.033305385185944926,0.23809523809523808,0.5,0.9,0,P30153:Q9NUG4
PFDN4,FZD4,0.10389797540050888,0.17101037851037848,0.28833333333333333,0.6583333333333333,0,Q9NQP4:Q9ULV1
PRPF38A,RBMX2,0.8705799133047075,0.7666666666666667,0.3727106227106229,0.8928571428571429,-1,Q8NAV1:Q9Y388
SART1,DNAJC5,0.06623832039718605,0.08921673564530708,0.32717282717282714,1.0,0,O43290:Q9H3Z4
ANAPC11,FZR1,0.4152194601327663,0.34147126944065415,0.7423076923076923,0.9263392857142857,-1,Q9NYG5:Q9UM11
MRPL33,MRPS28,0.4303304598621017,1.0,0.6268939393939393,0.16666666666666666,-1,O75394:Q9Y2Q9
SLU7,ISY1,0.7186585978458978,0.5345238095238096,0.7703809523809524,0.9791666666666666,-1,O95391:Q9ULR0
POLA1,MCM2,0.7483297637141354,0.2255317939141469,0.6154320987654321,0.8284920634920635,-1,P09884:P49736
TSPAN13,HAP1,0.38406092322673885,0.09803281020601282,0.25477660199882424,0.13970521541950112,0,O95857:P54257
MRPS11,SLIRP,0.7184056426326788,0.11055555555555556,0.535515873015873,0.9166666666666666,-1,P82912:Q9GZT3
PDK1,ATL2,0.34434582785555184,0.1744047619047619,0.36071428571428577,0.7789351851851851,0,Q15118:Q8NHH9
RPS15A,RPS16,0.9336826281715104,0.5594877344877344,0.7003759398496241,0.5625,-1,P62244:P62249
ZBTB14,TSTD2,0.5071173844845249,0.0,0.0,1.0,-1,O43829:Q5T7W7
DEFB130A,PRMT7,0.0,0.10560352346066633,0.5222222222222223,0.17073220896750307,0,P0DP74:Q9NVM4
RPS28,EEF1A1,0.7899857379808642,0.426025641025641,0.4544047619047619,0.7121604938271605,-1,P62857:P68104
TCEAL4,PAGR1,0.4713419597688143,0.0,0.2465909090909091,0.8545454545454544,0,Q96EI5:Q9BTK6
CYFIP1,WASF1,-0.25686080555832647,0.1973899917591868,0.42023809523809524,0.9027777777777777,1,Q7L576:Q92558
CDC5L,LSM7,0.4922922819975708,0.7333333333333334,0.35028011204481796,0.9631782945736433,-1,Q99459:Q9UK45
LTK,MC2R,-0.057051587846428706,0.5277777777777778,0.9285714285714286,0.7638888888888888,0,P29376:Q01718
MRPS22,TFB1M,0.7688543360039491,0.11349206349206348,0.325,0.2611111111111111,-1,P82650:Q8WVM0
TRBV28,APOL5,-0.011256895432454252,0.1369047619047619,0.3333333333333333,0.25,0,A0A5B6:Q9BWW9
MPHOSPH10,RRP7A,0.8260125615735031,0.3080357142857143,0.5318181818181819,0.8928571428571429,-1,O00566:Q9Y3A4
EIF2S2,CHAF1B,0.5567818621172037,0.16666666666666666,0.4152777777777778,0.9444444444444444,0,P20042:Q13112
TFRC,GRB10,-0.2586105262562325,0.16803075396825395,0.5333333333333333,0.9523809523809524,0,P02786:Q13322
SMARCC2,H2AC6,-0.10584815494897638,0.18055555555555555,0.5166666666666668,0.6,-1,Q8TAQ2:Q93077
RB1,E2F4,0.6840294166952963,0.32302061973114604,0.8904761904761904,0.7834834834834834,1,P06400:Q16254
NDUFV2,ERGIC2,0.163274784345932,0.14285714285714285,0.3142857142857143,1.0,0,P19404:Q96RQ1
SPART,TCEAL7,0.22072746368654836,0.08571428571428572,0.625,0.0,0,Q8N0X7:Q9BRU2
MT-ND3,NDUFA6,0.3603069063640631,0.3099326599326599,0.6416666666666665,1.0,1,P03897:P56556
IST1,IST1,1.0,0.34970082001332004,0.46760204081632645,0.9573643410852712,1,P53990:P53990
UBOX5,UBE2E1,0.5057870701113943,0.6314285714285715,0.6681481481481482,0.6171497584541062,-1,O94941:P51965
NHP2,TUBD1,0.5022711040966679,0.11205357142857143,0.6322916666666667,0.4583333333333333,0,Q9NX24:Q9UJT1
PITPNA,CCNB1IP1,0.42789104200004646,0.1369047619047619,0.3333333333333333,0.9232323232323232,0,Q00169:Q9NPC3
RBM48,TRIB3,0.045745519979549294,0.08518539739127974,0.538888888888889,0.9118920972644377,-1,Q5RL73:Q96RU7
TCF4,TAL2,0.1790530113336159,0.26282051282051283,1.0,0.5373015873015874,1,P15884:Q16559
TACR3,RBP5,-0.0738170261879985,0.09090909090909091,0.2888888888888889,0.46547619047619054,0,P29371:P82980
H3C1,TRAPPC9,0.07008196481040363,0.23690476190476187,0.38166666666666665,1.0,0,P68431:Q96Q05
ITGA2B,TPH1,-0.06873769756535243,0.14552669552669553,0.4166666666666667,0.8095238095238095,0,P08514:P17752
TGFA,CSF3R,0.06693414033446836,0.36543560606060604,0.5772727272727273,0.6527777777777778,0,P01135:Q99062
POLR2B,MAPK8IP1,-0.24696053812494542,0.064656279178338,0.43412698412698414,0.820294784580499,0,P30876:Q9UQF2
ANAPC7,FZR1,0.7891545175350345,0.34147126944065415,0.7423076923076923,0.3138888888888889,-1,Q9UJX3:Q9UM11
NDUFS2,UQCRFS1,0.6834047078832579,0.31346153846153846,0.3910256410256409,0.5444444444444445,-1,O75306:P47985
SF3A2,ISY1,0.8464974087350756,0.5370879120879122,0.7703809523809524,0.9791666666666666,-1,Q15428:Q9ULR0
IER3,PIM2,0.04417909726147119,0.22304593554593552,0.5,0.20617283950617282,0,P46695:Q9P1W9
FOXH1,MADCAM1,0.4128185997566997,0.13156288156288157,0.38888888888888884,0.25,0,O75593:Q13477
SDR16C5,TAB2,0.05999186495475327,0.09711142032570604,0.4343786295005808,0.8795238095238096,0,Q8N3Y7:Q9NYJ8
PSMC1,PSMC6,0.7082093163595349,0.36639325586694005,0.8288253968253969,0.94182769726248,1,P62191:P62333
USF1,LAMTOR4,0.5687018929401608,0.11234422143513051,0.14994331065759636,0.8599439775910364,0,P22415:Q0VGL1
GFM2,MRPL32,0.6082360384507829,1.0,0.31047979797979797,0.4375,-1,Q969S9:Q9BYC8
SYCE2,TEX12,0.9828209224816712,0.55,0.7333333333333334,1.0,1,Q6PIF2:Q9BXU0
TRDC,KCNA7,-0.05430593865527033,0.11125541125541126,0.7000000000000001,0.0,0,B7Z8K6:Q96RP8
RBP1,EEF2,0.4067751675833157,0.11744505494505494,0.514,0.5008169934640522,0,P09455:P13639
RAD23B,GTF2H3,0.8099112509631492,0.46890756302521003,0.9220551378446116,0.8277777777777778,-1,P54727:Q13889
TSPAN2,CDKN2C,0.5387500282361728,0.2583412799321891,0.38,0.9585687382297553,0,O60636:P42773
ANGPTL1,RPS25,0.4960448404630443,0.09484265734265734,0.3864468864468864,0.6571428571428571,0,O95841:P62851
MRPS9,MRPL13,0.6029494055398655,0.6875,0.47179144385026733,0.5476190476190476,-1,P82933:Q9BYD1
RPS16,RPS4X,0.9398527310339025,0.6614583333333334,0.669702380952381,0.7369565217391304,1,P62249:P62701
ATP6AP1,MFSD1,0.24942947771340812,0.12003968253968253,0.38888888888888884,0.3125,0,Q15904:Q9H3U5
HLA-DRB1,ATL2,0.05508302835546393,0.3368055555555556,0.44761904761904764,0.7789351851851851,0,P01911:Q8NHH9
EED,OR5L1,0.0,0.12037037037037036,0.3333333333333333,0.27777777777777773,0,O75530:Q8NGL2
LPCAT1,MAP1LC3A,-0.03554311911339707,0.12863788258525102,0.33590534979423864,0.16060846560846562,0,Q8NF37:Q9H492
LRR1,CPSF3,0.8857974903168002,0.08782051282051281,0.39444444444444454,0.5196428571428571,0,Q96L50:Q9UKF6
RPS19,RPS9,0.9275269608284167,0.6023809523809525,0.669426406926407,0.5533333333333333,-1,P39019:P46781
EIF1AX,RPS23,0.7253756210996448,0.21416666666666667,0.6914053426248548,0.6590909090909091,1,P47813:P62266
RDH16,RPL11,-0.1689837330603264,0.14971441527169083,0.2345486111111111,0.8163149350649351,0,O75452:P62913
EEF1A1,RPL36A,0.8719556716376946,1.0,0.7161490683229814,0.4642857142857143,-1,P68104:P83881
ESS2,XAB2,0.8268546391903853,0.497108843537415,0.27018140589569156,1.0,0,Q96DF8:Q9HCS7
MRPL9,SLIRP,0.41331938275241187,0.11055555555555556,0.535515873015873,0.9166666666666666,-1,Q9BYD2:Q9GZT3
MRPL52,MRPL57,0.6282835009780331,1.0,0.5540584415584415,0.625,1,Q86TS9:Q9BQC6
TBP,POLR2K,0.43925395967120096,0.513157894736842,0.9297520661157025,0.2821428571428572,-1,P20226:P53803
TNFSF14,SMIM8,-0.3252341875583984,0.0,0.5833333333333334,0.0,0,O43557:Q96KF7
MAGOH,ABHD10,0.32628099623167545,0.11363636363636365,0.3875,0.2589285714285714,0,P61326:Q9NUJ1
RPL21,ETF1,0.5678419795826609,0.11833333333333333,0.6129629629629629,0.6124574829931974,-1,P46778:P62495
POTEF,TRIM17,0.5685607301951259,0.14301587301587304,0.5714285714285714,0.8394746787603931,0,A5A3E0:Q9Y577
PPP5C,PDE7B,0.18378799950563907,0.24668560606060605,0.6666666666666666,0.2615384615384615,0,P53041:Q9NP56
GNAO1,GAB1,-0.1455303070512901,0.1705026455026455,0.5028089887640449,0.9884057971014493,0,P09471:Q13480
MRPL57,IRS2,0.3785259659472324,0.08701873596175067,0.20833333333333337,0.8120082815734989,0,Q9BQC6:Q9Y4H2
RPS15A,RPL19,0.9602699237649814,1.0,0.6576719576719576,0.5384615384615384,-1,P62244:P84098
OXA1L,MRPL41,-0.2872667404175341,0.78125,0.5059523809523809,0.5,-1,Q15070:Q8IXM3
LRPPRC,MRPS9,0.8013511367254138,0.16666666666666666,0.30275974025974023,0.55,-1,P42704:P82933
FANCE,FANCF,0.3350164309761224,0.625,0.7875,1.0,1,Q9HB96:Q9NPI8
NDUFA3,NDUFB2,0.6160163316241903,0.3844535094535095,0.6557692307692307,1.0,-1,O95167:O95178
RNASEH2A,RNASEH2A,1.0,0.6166666666666666,0.6799999999999999,0.39897959183673476,1,O75792:O75792
MRTO4,RRP15,0.6498726119306145,1.0,1.0,0.0,-1,Q9UKD2:Q9Y3B9
ERCC6,ERCC8,0.7789617074782241,0.22911728794081734,0.7600198412698412,0.9602272727272727,1,Q03468:Q13216
SEC22B,PCYT1B,-0.2967272997873114,0.09056915306915306,0.46428571428571425,0.6357142857142858,0,O75396:Q9Y5K3
NGDN,UTP11,0.47360183435637154,0.3232323232323232,0.5733333333333335,0.7,-1,Q8NEJ9:Q9Y3A2
TSR1,PLA2G12B,-0.21056151687210029,0.08909774436090226,0.5,0.1388888888888889,0,Q2NL82:Q9BX93
RAN,PPP1R21,0.417316295789257,0.0,0.40625,0.9797297297297297,0,P62826:Q6ZMI0
NDUFB10,ASNS,-0.058800043088312666,0.0828536542822257,0.19999999999999998,0.45292207792207795,0,O96000:P08243
GFM1,MRPL27,0.541433721450256,0.29166666666666663,0.2378246753246753,0.5,-1,Q96RP9:Q9P0M9
DKK1,ATP4B,-0.028292652138905968,0.12534317534317535,0.5925925925925927,0.604040404040404,0,O94907:P51164
MPG,KTI12,0.6598239095728528,0.1111111111111111,0.0,0.5625,0,P29372:Q96EK9
KIR3DL2,EZH2,0.014952124651027842,0.13132452342978657,0.2578643578643578,0.7660828717280329,0,P43630:Q15910
METTL17,MRPS2,0.6102421713829133,0.6969696969696969,0.23257575757575755,0.25,-1,Q9H7H0:Q9Y399
NDUFS5,PPP2R3C,0.18330436523114316,0.10307644425291485,0.26666666666666666,0.9272727272727272,0,O43920:Q969Q6
TULP3,VPS39,0.7210352651238792,0.11337181337181336,0.24269179894179893,1.0,0,O75386:Q96JC1
ZNF879,COPS8,0.35621450738609295,0.07495822890559732,0.25326086956521743,0.2,0,B4DU55:Q99627
MRM3,MRPL16,0.6921887623342577,0.125,0.2491258741258741,0.5833333333333334,-1,Q9HC36:Q9NX20
GABBR2,TMEM63C,0.545381738434229,0.10555555555555556,0.7777777777777777,0.13888888888888887,0,O75899:Q9P1W3
YIPF6,NDUFAF1,0.11777696983554387,0.09292929292929293,0.25625000000000003,1.0,-1,Q96EC8:Q9Y375
GNAI3,GNAI3,1.0,0.4232993197278912,0.7304761904761906,0.7502525252525252,1,P08754:P08754
RPS2,RACK1,0.9222097888535628,0.12326580690551278,0.5023809523809524,0.8351882613510518,-1,P15880:P63244
RPL21,RPS16,0.9269130340165183,0.5594877344877344,0.7003759398496241,0.5625,-1,P46778:P62249
NOSIP,RBM8A,0.3150244385543112,0.12687918142463597,0.49124839124839137,0.9415094339622643,0,Q9Y314:Q9Y5S9
INTS2,INIP,0.7898273618321626,0.12457482993197279,0.41111111111111115,1.0,0,Q9H0H0:Q9NRY2
ELK1,RTCB,0.12639379955524868,0.1584249084249084,0.3873015873015873,0.5508928571428572,0,P19419:Q9Y3I0
OXA1L,WHRN,-0.005336113810643355,0.10680787466501751,0.38229813664596274,1.0,0,Q15070:Q9P202
MDM2,SLC47A2,-0.1329119674972998,0.16696428571428573,0.8333333333333334,0.19464285714285715,0,Q00987:Q86VL8
ADAM15,PRR11,-0.08865027913858127,0.25,0.4,0.0,0,Q13444:Q96HE9
MRPL33,NSUN4,0.10702293807981551,0.11000000000000001,0.4545454545454545,0.15804473304473304,1,O75394:Q96CB9
UBL5,WBP11,0.6094847672353115,0.48333333333333334,0.8136363636363636,0.9338709677419355,-1,Q9BZL1:Q9Y2W2
KLHL38,NUDCD3,0.008992422660799752,0.08045440398381574,0.5833333333333334,1.0,-1,Q2WGJ6:Q8IVD9
TMEM174,ZNF692,-0.0633873221647795,0.07380952380952381,0.19642857142857142,0.30648148148148147,0,Q8WUU8:Q9BU19
MRPS17,MRPS23,0.6376445363158892,1.0,0.6499368686868686,0.6785714285714286,-1,Q9Y2R5:Q9Y3D9
MRPL23,DDX28,0.5980797807313303,0.10795454545454547,0.54,0.35080348943985307,-1,Q16540:Q9NUL7
TUFM,MRPL2,0.831627722939055,0.3333333333333333,0.2959090909090909,0.7916666666666666,-1,P49411:Q5T653
GABBR2,CRELD2,-0.2634301865946303,0.0,0.3,0.8792517006802721,0,O75899:Q6UXH1
ADSL,H3C13,0.33591156152307383,0.11428571428571428,0.4642857142857144,0.9055555555555556,0,P30566:Q71DI3
SMG8,SMG9,0.6272829888834943,0.33749999999999997,1.0,1.0,1,Q8ND04:Q9H0W8
NDUFB3,MT-CYB,0.24826971740356768,0.22080533845239728,0.5339506172839505,0.3039772727272727,-1,O43676:P00156
SDE2,PPIE,0.6695311680666064,0.3775219298245614,0.6574646074646076,0.6701058201058201,0,Q6IQ49:Q9UNP9
MRPL40,MRPL36,0.624890220185361,1.0,0.5581168831168831,0.625,-1,Q9NQ50:Q9P0J6
PNO1,FCF1,0.8149403532997945,0.5454545454545454,0.6476190476190478,0.75,-1,Q9NRX1:Q9Y324
EXOSC4,EXOSC1,0.178600025947137,0.5666666666666667,0.47058823529411764,0.96875,1,Q9NPD3:Q9Y3B2
HLA-DPA1,HLA-DPA1,1.0,0.343895498440953,0.5065901360544218,0.5857142857142857,1,P20036:P20036
RPL7A,RPS27A,0.8883553182150756,0.5902777777777778,0.8273681515617,0.7761111111111111,-1,P62424:P62979
CBFB,ELOB,0.22108215564063743,0.22348137973137971,0.5617283950617284,0.9393939393939393,1,Q13951:Q15370
CALM1,CALM1,1.0,0.18528741100169668,0.6958489974937343,0.6211640211640211,1,P0DP23:P0DP23
TXNL4A,SMU1,0.32211556340212844,0.4640522875816993,0.5428571428571429,1.0,-1,P83876:Q2TAY7
GLRX3,POLR3C,0.8826912221671238,0.08987678987678988,0.37777777777777777,0.9675213675213675,0,O76003:Q9BUI4
PTCD3,MRPL9,0.8106945634310212,1.0,0.5248484848484848,0.7,-1,Q96EY7:Q9BYD2
MCM6,CEP72,0.6383777271396414,0.1322665429808287,0.47777777777777775,1.0,0,Q14566:Q9P209
ARPC3,ARL8B,0.2788917743289308,0.14174603174603173,0.3198621553884712,0.5827160493827162,0,O15145:Q9NVJ2
TNFSF14,TNFSF14,0.9999999999999998,0.259250992063492,0.8333333333333333,0.9338235294117647,1,O43557:O43557
ABCE1,RPL24,0.5938598901789504,0.1777777777777778,0.6696649029982362,0.34500000000000003,-1,P61221:P83731
NDUFB4,NDUFB8,0.41174858496557926,0.3496969696969697,0.4868421052631578,1.0,1,O95168:O95169
LIG3,TP63,0.18666376954550185,0.16308375532513464,0.8072916666666667,0.8242374727668846,0,P49916:Q9H3D4
MRPS10,MRPL23,0.5998479743807937,1.0,0.5292424242424242,0.0,-1,P82664:Q16540
PSMA1,PSMB5,0.6400081669568479,0.5833333333333333,0.792102206736353,0.9308201058201058,1,P25786:P28074
LMNA,SPOCD1,0.40228219620414096,0.16167929292929292,0.75,0.625,0,P02545:Q6ZMY3
CCT7,PFDN4,0.7416780366010494,0.82,0.43333333333333335,0.9333333333333332,1,Q99832:Q9NQP4
UTP3,WDR3,0.7457662023697478,0.5416666666666666,0.5983333333333334,1.0,-1,Q9NQZ2:Q9UNX4
MME,RIPOR3,-0.055076393781693385,0.0,0.0,1.0,0,P08473:Q96MK2
FCER2,FCER2,0.9999999999999999,0.2548611111111111,0.6919642857142857,0.5229166666666667,1,P06734:P06734
MRPL50,TNFRSF11A,0.06399942897952199,0.08969467896862285,0.46111111111111097,0.0,0,Q8N5N7:Q9Y6Q6
NDUFA10,CHIC1,0.6169237460716658,0.0,0.25,0.0,0,O95299:Q5VXU3
CHCHD1,MRPL18,0.4773462507769244,0.6923076923076924,0.5045454545454545,0.6547619047619049,-1,Q96BP2:Q9H0U6
RPS9,RPS24,0.8966698782361002,0.48839285714285713,0.7233766233766233,0.6476190476190476,1,P46781:P62847
DPY19L4,ZNF451,0.6407552124759498,0.0,0.1619047619047619,0.48888888888888893,0,Q7Z388:Q9Y4E5
HUS1,POLR2K,0.46803121873525727,0.13970588235294115,0.9297520661157025,0.2821428571428572,0,O60921:P53803
MT-ATP8,ATP5PO,0.2605925814018508,0.8117647058823529,0.48863636363636365,0.9280000000000002,-1,P03928:P48047
COMMD4,SEPTIN10,0.5032274805642709,0.16666666666666666,0.2519047619047619,0.6961805555555556,0,Q9H0A8:Q9P0V9
PFDN6,PFDN5,0.3132167954789192,0.3074242424242424,0.49025974025974023,0.9879032258064516,1,O15212:Q99471
GDNF,POLD4,-0.04594208344258383,0.18269230769230765,0.48026315789473684,0.9326923076923077,0,P39905:Q9HCU8
FEN1,POLD4,0.33911200022579346,0.6011904761904762,0.9539473684210527,0.9326923076923077,-1,P39748:Q9HCU8
MRPL2,MRPS18B,0.7509599666206652,1.0,0.5086647727272727,0.31,-1,Q5T653:Q9Y676
GEMIN2,SNRPE,0.7953748016380271,0.6540152155536769,0.4571986607142857,0.9791666666666666,1,O14893:P62304
CEP97,MRPL41,0.10307891261039888,0.14434523809523808,0.22916666666666666,0.5,0,Q8IW35:Q8IXM3
SNRPD1,ARMC7,0.23370773611112136,0.625,1.0,1.0,-1,P62314:Q9H6L4
UBE2D2,H3C1,0.5011642023304166,0.12165303831970498,0.8444444444444446,0.9709302325581395,0,P62837:P68431
WDHD1,PRIM1,0.9045271663905954,0.275,0.8291666666666666,0.3996336996336997,0,O75717:P49642
CDKN2C,ABHD5,0.2439103401050417,0.13413900913900914,0.44375,0.8007478632478633,0,P42773:Q8WTS1
IL31,SENP2,0.6259220512177643,0.1508065347351062,0.38703703703703707,0.8863287250384024,0,Q6EBC2:Q9HC62
UBE2D3,RNF168,0.6292328180478223,0.327415364038171,0.7451612903225806,0.5848484848484848,1,P61077:Q8IYW5
EIF5B,RPS11,0.4289675564616179,0.21944444444444444,0.7208494208494208,0.6545454545454545,-1,O60841:P62280
RPL39,RPS27A,0.933378885927044,0.5902777777777778,0.8273681515617,0.3373015873015872,-1,P62891:P62979
PRR15,UPF3B,-0.10815879936871431,0.0,0.0,0.9093023255813953,0,Q8IV56:Q9BZI7
SPART,EHMT2,0.5410851657135908,0.1683537477015738,0.4333333333333333,0.8460571112914863,0,Q8N0X7:Q96KQ7
MRPS34,MRPL18,0.35405701660832717,0.6923076923076924,0.5045454545454545,0.32142857142857145,-1,P82930:Q9H0U6
RPL41,RPL18,0.9018498696681162,1.0,0.6072829131652662,0.625,-1,P62945:Q07020
CD79A,JAGN1,0.1764922475544788,0.11990740740740741,0.25,1.0,-1,P11912:Q8N5M9
CDC37,NUP35,0.5808008645991388,0.1338888888888889,0.3439024390243902,0.7685185185185185,0,Q16543:Q8NFH5
NPHS1,TDRKH,-0.07842398006329893,0.1447845804988662,0.15857142857142859,0.8928571428571429,0,O60500:Q9Y2W6
H2AC4,KAT2B,-0.14082859505681433,0.1595015464333646,0.230991124260355,0.529658810182066,1,P04908:Q92831
SUB1,SUB1,1.0,0.3605263157894737,0.44345238095238093,0.6207407407407407,1,P53999:P53999
RPS17,RPS3,0.942663597412224,0.19542344248226598,0.5660110420979988,0.2593253968253968,1,P08708:P23396
IGKV1-33,SLC11A1,0.18300030220333655,0.1401092447604075,0.40800653594771247,0.17592592592592596,0,P01594:P49279
DEFB135,INO80,0.0700130163626394,0.07664436695424091,0.2722222222222222,0.0,0,Q30KP9:Q9ULG1
SMYD4,MRPL27,0.35960946700061147,0.225,0.1732142857142857,0.5,0,Q8IYR2:Q9P0M9
IAPP,GNB1,-0.05848662451528566,0.423015873015873,0.4464639321074963,0.8865740740740741,-1,P10997:P62873
WDR5,TP53TG3,0.5518719782890056,0.0,0.6,0.0,0,P61964:Q9ULZ0
H2BC12,H4C1,0.21439912305196931,0.11352564102564104,0.8918279569892472,0.9662698412698413,1,O60814:P62805
MRPL13,DDX28,0.5580022341182013,0.10795454545454547,0.54,0.35080348943985307,-1,Q9BYD1:Q9NUL7
MPHOSPH10,WDR43,0.8353380752680009,0.23074379324379324,0.6151515151515152,0.7954545454545454,-1,O00566:Q15061
HLA-DOA,FAM98A,0.19942938416457853,0.13062169312169314,0.20833333333333331,0.8186813186813187,0,P06340:Q8NCA5
GTPBP6,MRPL54,0.6123771961679987,0.0,0.2491258741258741,0.19444444444444442,-1,O43824:Q6P161
GTPBP6,MRPL19,0.2651267785425547,0.0,0.31590909090909086,0.2222222222222222,-1,O43824:P49406
NCSTN,NCSTN,1.0,0.40840179391315756,0.5679894179894179,0.828125,0,Q92542:Q92542
HLA-DRB5,MYO19,0.3703381912556548,0.11203703703703705,0.2653439153439153,0.2646825396825397,0,Q30154:Q96H55
SPSB3,H2BC15,0.06818299346598057,0.07692307692307693,0.40303030303030307,0.3333333333333333,0,Q6PJ21:Q99877
TCTA,EXOC1,0.3314803388081584,0.11000000000000001,0.5916666666666667,0.9693877551020408,0,P57738:Q9NV70
SMAD1,AFTPH,0.5851619041199623,0.17142857142857143,0.4638655462184874,1.0,0,Q15797:Q6ULP2
RPP40,POP1,0.46592252369043247,0.6875,0.534090909090909,0.6807692307692306,-1,O75818:Q99575
CAVIN2,CDK9,0.42298615882086377,0.08598980431333372,0.7212121212121215,0.8185134310134311,0,O95810:P50750
RPS4X,RPL10A,0.9600581332851004,0.82,0.6422161172161173,0.7,-1,P62701:P62906
CACTIN,NOSIP,0.5178713872323785,0.11243386243386243,0.5142857142857143,0.6157407407407408,0,Q8WUQ7:Q9Y314
MRPL33,MRPS21,0.31934479152881207,1.0,0.7306818181818182,0.7222222222222223,-1,O75394:P82921
EIF2S2,RPS3,0.5933918848872494,0.15158568908568906,0.5660110420979988,0.6262049941927991,-1,P20042:P23396
TTLL8,PRC1,0.43409846151835957,0.1775030525030525,0.39600614439324117,0.1789285714285714,0,A6PVC2:O43663
H2BC1,SIGLEC1,-0.04464125370150488,0.2845238095238095,0.3194444444444444,0.41666666666666663,0,Q96A08:Q9BZZ2
IZUMO1R,CCDC34,0.13247249911828216,0.16666666666666666,0.5,1.0,0,A6ND01:Q96HJ3
GPT,IDH3G,-0.31620091853398447,0.2571428571428571,0.19523809523809524,0.18575757575757576,0,P24298:P51553
EIF5B,RPS5,0.39960599382996886,0.28583333333333333,0.7040726817042606,0.5769230769230769,-1,O60841:P46782
GYS1,DPP9,0.473204012693385,0.11111111111111112,0.7333333333333334,0.7669552669552668,0,P13807:Q86TI2
NUDT21,PIGO,0.5777468077804934,0.10000000000000002,0.3333333333333333,0.14285714285714285,0,O43809:Q8TEQ8
PSTPIP1,OTUD3,-0.09061335555172106,0.1366013071895425,0.675,0.3,0,O43586:Q5T2D3
NCBP2,SNRPD1,0.8172048641504438,0.6212585034013605,0.41324884792626726,0.8574074074074074,-1,P52298:P62314
UQCRH,NDUFV2,0.3813300756987323,0.3840909090909091,0.519230769230769,0.9282608695652175,-1,P07919:P19404
EDF1,RPS2,0.5311729723295862,0.10934095860566449,0.7024363233665558,0.7480769230769231,-1,O60869:P15880
ERCC6,CUL4A,0.6952706062944348,0.14783420944135228,0.7488247863247864,0.8996168582375479,-1,Q03468:Q13619
EXOSC10,TNFRSF11A,-0.012957750857738082,0.127894506926765,0.7777777777777779,0.7096938775510203,0,Q01780:Q9Y6Q6
SEH1L,AAAS,0.3939902363802415,0.315260594106748,0.7114010989010987,1.0,-1,Q96EE3:Q9NRG9
H2AC11,H2AC11,0.9999999999999999,1.0,0.590625,0.8461538461538461,1,P0C0S8:P0C0S8
POLR3D,SNAPC3,0.8173583593555421,0.4833333333333333,0.8294117647058823,0.4244658119658119,-1,P05423:Q92966
SNRPA1,STEEP1,0.6858719647290693,0.109006734006734,0.5990196078431372,0.75,0,P09661:Q9H5V9
RPS5,CRACD,-0.19206316739504967,0.10484006734006736,1.0,1.0,0,P46782:Q6ZU35
IGHG4,ACOX1,0.06172776938370679,0.1049081035923141,0.23639455782312924,0.1808823529411765,0,P01861:Q15067
CD3D,CD3D,0.9999999999999999,0.3797619047619048,0.7244832041343667,0.6000000000000001,0,P04234:P04234
MRPS21,MRPL23,0.3081646066210906,1.0,0.5292424242424242,0.3611111111111111,-1,P82921:Q16540
MRPS34,MRPL22,0.632344674340113,1.0,0.5527597402597403,0.5833333333333334,-1,P82930:Q9NWU5
RPL14,LYAR,0.19027028513924066,0.24896929824561406,0.3272727272727273,0.7782608695652173,-1,P50914:Q9NX58
IL13RA1,MTFR1L,0.1583639608519737,0.1111111111111111,0.17777777777777778,1.0,0,P78552:Q9H019
RPS15A,RPS23,0.89513768569615,0.7725,0.6914053426248548,0.6590909090909091,1,P62244:P62266
RPS13,EEF1A1,0.8931813595487123,0.426025641025641,0.4544047619047619,0.7121604938271605,-1,P62277:P68104
SNAPIN,BLOC1S2,0.13494416357800382,0.23993779329913778,0.38485060690943046,0.9674796747967479,1,O95295:Q6QNY1
GTF2F1,SLC15A2,0.07041458990383469,0.09013514263514262,0.2899659863945578,0.7502040816326531,0,P35269:Q16348
LSM7,LSM5,0.7228303903922748,0.7202380952380952,0.3973809523809525,0.9568965517241379,1,Q9UK45:Q9Y4Y9
RPS2,EIF2S2,0.7082770632111567,0.14603174603174604,0.7992063492063491,0.8447154471544716,-1,P15880:P20042
RPLP2,RPL26,0.9166676639181915,0.30169413919413923,0.6619963369963369,0.5643939393939394,-1,P05387:P61254
RAB11B,RAB11B,1.0,0.28670977170977174,0.2882173382173382,0.8039562289562291,1,Q15907:Q15907
SEC24D,GLYCTK,0.06291794399465461,0.09722222222222221,0.575,0.9347943722943723,0,O94855:Q8IVS8
MNAT1,TAF13,0.4440629590298842,0.36011904761904767,0.7944444444444446,0.7777777777777778,-1,P51948:Q15543
METTL21C,NMUR1,-0.11966259606572592,0.19806397306397308,0.3416666666666667,0.16071428571428573,0,Q5VZV1:Q9HB89
ACTRT2,EXO1,0.23123566890997332,0.0,0.4688888888888889,0.6246413717001954,0,Q8TDY3:Q9UQ84
MRPL38,MRM2,0.6254582689539411,0.10820707070707071,0.5833333333333334,0.1,-1,Q96DV4:Q9UI43
NDUFAB1,NDUFS6,0.7816768640845153,0.6059577677224736,0.518037518037518,0.19444444444444442,-1,O14561:O75380
CD4,ADAMTSL5,-0.05642484630396439,0.2,0.25,0.7976190476190476,0,P01730:Q6ZMM2
TTK,RPS27,0.105215449951235,0.14395943562610228,0.4372380952380952,0.5811688311688312,0,P33981:P42677
JOSD1,KRTAP1-3,0.019034906239633616,0.0,0.5714285714285714,0.9957627118644068,-1,Q15040:Q8IUG1
STBD1,NT5DC1,0.025304088433626165,0.0,0.0,0.5777777777777778,0,O95210:Q5TFE4
H2BC18,P2RY8,0.08509618816188662,0.0,0.3333333333333333,0.14583333333333331,0,Q5QNW6:Q86VZ1
HSPA1B,BAG5,0.12021036177209707,0.3734407085969586,0.49102564102564106,0.9151515151515153,1,P0DMV9:Q9UL15
COX7A2,COX5A,0.33140396669452404,0.6025641025641025,0.7095238095238094,0.8048611111111111,-1,P14406:P20674
RPS8,KRR1,0.6716271046738248,0.5454545454545454,0.5366666666666665,0.8125,-1,P62241:Q13601
DVL2,DCUN1D1,0.2519839781919513,0.2007936507936508,0.6694444444444444,0.9855072463768116,-1,O14641:Q96GG9
RPS17,RPS12,0.9607762206652068,0.6474358974358974,0.735070785070785,0.5104166666666667,-1,P08708:P25398
OXA1L,MRPL22,0.7010766342403499,1.0,0.5591836734693877,0.25,-1,Q15070:Q9NWU5
TBP,POLR3C,0.9164325983988642,0.2150219298245614,0.5444444444444444,0.9675213675213675,-1,P20226:Q9BUI4
RPS23,KRR1,0.7902779100208114,0.5454545454545454,0.5366666666666665,0.8125,-1,P62266:Q13601
NDUFA4,RPP21,-0.13718907196838226,0.10448232323232323,0.1619047619047619,0.5285714285714287,0,O00483:Q9H633
ZCCHC18,RAB28,0.3864646671568337,0.0,0.18666666666666668,0.15198412698412697,0,P0CG32:P51157
RPS29,MCTS1,0.5766497105472557,0.11825396825396825,1.0,0.2123015873015873,-1,P62273:Q9ULC4
AQR,GPKOW,0.7020010075778418,1.0,0.5428571428571429,0.9779411764705882,0,O60306:Q92917
NOP56,RPS9,0.6214736651539893,0.3076278659611993,0.4648809523809524,0.5533333333333333,-1,O00567:P46781
ANKRD34B,H3C13,-0.17127891762315758,0.0,0.21964285714285708,0.0,0,A5PLL1:Q71DI3
PPIC,MRPL40,0.2314069115555708,0.20833333333333331,0.35490196078431374,0.90625,0,P45877:Q9NQ50
TICAM2,TICAM2,1.0,0.2912515448400615,0.7165193602693604,0.8222222222222223,1,Q86XR7:Q86XR7
DENR,RPS21,0.7397960324301508,0.1387987012987013,0.4197278911564626,0.7272727272727273,-1,O43583:P63220
CENPX,H4C1,0.5114532952007484,0.21727564102564098,0.8918279569892472,0.9662698412698413,-1,A8MT69:P62805
MRPS9,MRRF,0.6754748604849851,0.39999999999999997,0.5625,0.9333333333333332,-1,P82933:Q96E11
RPS6,RIOK2,0.7614261704449474,0.30867498514557334,0.5047619047619047,0.1463809523809524,-1,P62753:Q9BVS4
RPL23,WDR55,0.7118317870149055,0.14285714285714285,0.6,0.0,0,P62829:Q9H6Y2
MXI1,RGP1,0.3735515261902205,0.08179271708683473,0.4785714285714286,0.7460317460317459,0,P50539:Q92546
UBE2H,UBE2H,0.9999999999999999,0.6381818181818182,0.6,0.6701388888888888,1,P62256:P62256
UBE2D1,SLC38A5,-0.14308021412106853,0.07277930402930403,0.3333333333333333,0.12437229437229434,0,P51668:Q8WUX1
MEGF11,RNLS,-0.029508240460422955,0.1431277056277056,0.25,0.2954081632653061,0,A6BM72:Q5VYX0
FGA,SRA1,-0.06580735623990305,0.1181818181818182,0.33749999999999997,0.32857142857142857,0,P02671:Q9HD15
UBE2D3,H3C1,0.07247474574841598,0.12165303831970498,0.8444444444444446,0.9709302325581395,0,P61077:P68431
GEMIN2,PPP2R2B,-0.08226698715994969,0.14285714285714285,0.3419047619047619,0.9242424242424242,0,O14893:Q00005
ABCE1,RPL30,0.6105250305489182,0.18636363636363637,0.5863492063492063,0.4375,-1,P61221:P62888
H2AZ1,H2AZ1,1.0,0.45440476190476187,0.5456043956043956,0.7378136200716846,1,P0C0S5:P0C0S5
MRPL52,CHCHD1,0.810911932238432,1.0,0.551060606060606,0.8125,-1,Q86TS9:Q96BP2
CENPC,PMF1,0.7529151712407496,0.5017094017094017,0.5941176470588235,0.9583333333333335,1,Q03188:Q6P1K2
HLA-DQA1,PLEKHA8,0.256495266620524,0.13208616780045349,0.3513888888888889,0.40520833333333334,0,P01909:Q96JA3
RPS19,RPS5,0.9496248153649469,0.6599999999999999,0.7040726817042606,0.5769230769230769,1,P39019:P46782
RPS27A,EEF1A1,0.8446189948767971,0.426025641025641,0.4544047619047619,0.7121604938271605,-1,P62979:P68104
RAB11FIP4,ABI2,0.5503657395157291,0.11860084360084361,0.29222222222222227,0.9787558685446008,0,Q86YS3:Q9NYB9
SNRPD2,PDSS1,0.4114383371454707,0.155,0.2672222222222222,0.35873015873015873,0,P62316:Q5T2R2
RPS2,RPS3,0.9244689049944667,0.19542344248226598,0.5660110420979988,0.6262049941927991,1,P15880:P23396
RAB4A,SCP2D1,-0.012686376281384892,0.0,0.5,0.0,0,P20338:Q9UJQ7
FADD,BRD9,0.562330122920456,0.3979166666666667,0.3142857142857143,0.6,0,Q13158:Q9H8M2
PSMC3,PSMA1,0.6286625704562526,0.5397058823529411,0.7778745644599303,0.9970887918486171,1,P17980:P25786
SQSTM1,TSPAN16,-0.11153596981462634,0.0,0.41666666666666663,1.0,0,Q13501:Q9UKR8
CTNNB1,IGSF11,-0.15956262497750764,0.28035714285714286,0.5619047619047619,0.75,0,P35222:Q5DX21
H2AC4,H2AC4,1.0,0.3444444444444445,0.5202020202020202,0.8823529411764706,1,P04908:P04908
OR7C2,TRIM17,0.0,0.17484848484848486,0.22916666666666666,0.8394746787603931,0,O60412:Q9Y577
MRPL33,MRPS6,0.3668527728786258,1.0,0.5517676767676767,0.4625,-1,O75394:P82932
RPS16,EMG1,0.7985506398843872,0.4090007215007216,0.5256410256410257,0.5424242424242425,-1,P62249:Q92979
H3C1,PBRM1,0.10118826243960811,0.27763976763976767,0.6187830687830687,0.8653846153846154,-1,P68431:Q86U86
ENO1,C6orf62,0.3611256402586685,0.2,0.0,0.5,0,P06733:Q9GZU0
RPS27A,OSGEPL1,0.6241814654352598,0.1111111111111111,0.5,0.4000000000000001,0,P62979:Q9H4B0
MRPS15,MRPS28,0.3036344276464974,1.0,0.6268939393939393,1.0,-1,P82914:Q9Y2Q9
DUSP14,OSBPL6,0.3771352536530258,0.08888888888888889,0.0,0.5916666666666667,0,O95147:Q9BZF3
CASC3,SAFB2,0.752526810052037,0.16249999999999998,0.48518518518518516,0.7444444444444445,0,O15234:Q14151
IGHM,IGHM,0.9999999999999999,0.3737631416202844,0.5246989600437877,0.5214285714285715,1,P01871:P01871
RBPJ,IL25,0.13396947287740735,0.2511574074074074,0.5,0.3333333333333333,0,Q06330:Q9H293
IFNB1,SPRY4,-0.10280421898734383,0.1497150997150997,0.35,0.9809523809523809,0,P01574:Q9C004
PFDN6,REG4,-0.03832121430300757,0.14285714285714285,0.75,0.2333333333333333,0,O15212:Q9BYZ8
COPA,RPS18,0.5454681515326407,0.13571428571428573,0.6919501133786847,0.62,0,P53621:P62269
AVPR2,GNAS,-0.03333509574429117,0.32185441370223977,0.719991789819376,0.3993943191311612,0,P30518:Q5JWF2
RPS16,RPL38,0.9549433225411879,0.4032106782106781,0.6499047619047619,0.7361111111111112,-1,P62249:P63173
FBP2,SMN1,-0.21464140129018525,0.10317460317460317,0.498015873015873,0.9951923076923077,0,O00757:Q16637
LSM8,LSM3,0.6434436362285628,0.8839285714285714,0.3500400393257536,0.9441649899396377,1,O95777:P62310
RPS18,LYAR,0.240029402290545,0.08904151404151403,0.3727272727272727,0.7782608695652173,-1,P62269:Q9NX58
IFNB1,ZNF385B,-0.08341985760021148,0.25,0.2,0.49206349206349204,0,P01574:Q569K4
CENPX,TFDP2,0.30863264673671287,0.11538461538461539,0.8467836257309941,0.7591269841269841,0,A8MT69:Q14188
ARL13B,FXYD6,0.2555916793843106,0.0846153846153846,0.27499999999999997,0.9831932773109244,-1,Q3SXY8:Q9H0Q3
PPIG,YTHDF1,0.8288821257361322,0.12336996336996336,0.5714285714285714,0.6897058823529412,0,Q13427:Q9BYJ9
GAS2L2,FANCE,-0.06116729845785128,0.08333333333333333,0.40166666666666667,1.0,0,Q8NHY3:Q9HB96
MRAP,SOX13,0.04344207197260151,0.10256233665324575,0.5,0.6533635676492818,0,Q8TCY5:Q9UN79
SNRPD1,WDR70,0.5198841644851042,0.0,0.6333333333333334,1.0,-1,P62314:Q9NW82
RPL8,FTSJ3,0.8423102688332205,0.11523809523809522,0.32222222222222224,0.6686728395061727,-1,P62917:Q8IY81
NKX2-1,FILIP1,-0.006900384365106596,0.125,0.25138888888888883,0.0,0,P43699:Q7Z7B0
NCBP2,EVC,0.4174219092648979,0.10462962962962963,0.3638888888888889,0.0,0,P52298:P57679
SNPH,CKS1B,-0.412171571996936,0.16094017094017093,0.4045138888888889,0.9760981912144703,0,O15079:P61024
CASK,PPP2R1A,0.5735914339839384,0.1627005347593583,0.7334183673469388,0.9836601307189542,0,O14936:P30153
VHL,LHX9,0.05127981080282052,0.3044039294039294,0.6,0.657638888888889,0,P40337:Q9NQ69
RPL10,RPS16,0.9506872708770688,0.5594877344877344,0.7003759398496241,0.5625,1,P27635:P62249
RAP2A,CENPN,0.0954151051556723,0.15555555555555556,0.7482142857142857,1.0,0,P10114:Q96H22
SLC44A1,ARID3A,-0.06857443825210033,0.06904761904761905,0.5900000000000001,0.1610863095238095,0,Q8WWI5:Q99856
SOD3,PBDC1,0.3561559934934937,0.0,0.0,1.0,0,P08294:Q9BVG4
TAS2R30,EXOC4,0.4650230629207336,0.11888888888888889,0.48205128205128206,0.1650641025641026,0,P59541:Q96A65
BBC3,LITAF,0.452576707181627,0.18261183261183264,0.37120181405895697,0.9562610229276894,0,Q96PG8:Q99732
NBR1,SF3B5,0.4588232377393796,0.09261849261849263,0.47571428571428565,0.925,0,Q14596:Q9BWJ5
RAD23B,PSMD4,0.6738283695446727,1.0,0.8696673189823874,0.9819182389937107,1,P54727:P55036
GEMIN2,SNRPF,0.8146115365337208,0.7344885883347421,0.48805418719211824,0.9776119402985075,1,O14893:P62306
ZNF77,MAP1LC3B,0.37691764331002936,0.06481384220354808,0.23637566137566138,0.9673202614379085,0,Q15935:Q9GZQ8
PVRIG,TUBA1A,0.3775774745974576,0.08290667665667667,0.2771571021571021,0.7982638888888888,0,Q6DKI7:Q71U36
ISG15,DYNLRB2,-0.04515496559145757,0.14285714285714285,0.35714285714285715,0.625,0,P05161:Q8TF09
TCP1,ACTG1,0.7924406528776549,0.1541005291005291,0.5224747474747474,0.9053819444444443,1,P17987:P63261
RNF38,RNF38,1.0,0.7678571428571428,0.763265306122449,0.8643274853801168,1,Q9H0F5:Q9H0F5
GOLGA8R,SNW1,0.5475712116242762,0.08036130536130535,0.2265246861400707,0.0,0,I6L899:Q13573
TIMM44,NOL9,0.7274641142428385,0.06904761904761905,0.30833333333333335,0.57,0,O43615:Q5SY16
MRPL52,ZNRF3,0.07797099387618622,0.14499389499389498,0.3333333333333333,0.6428362573099415,0,Q86TS9:Q9ULT6
PRPF6,SNU13,0.7053884075427297,0.65,0.42594246031746036,0.5475000000000001,1,O94906:P55769
MRPL9,DNMT3A,0.6157803452936883,0.10129386073956209,0.25608465608465614,0.6940277777777778,0,Q9BYD2:Q9Y6K1
RPS4Y1,RPL23A,0.2707945827383058,1.0,0.6579047619047619,0.41714285714285715,-1,P22090:P62750
TRAV4,EZR,0.3963180010768868,0.10776557957409015,0.12216640801546462,0.0,0,A0A0B4J268:P15311
RPS24,RPL36A,0.9321541450608255,1.0,0.7161490683229814,0.6666666666666667,-1,P62847:P83881
DAZAP2,PLSCR4,0.49871017454216193,0.11666666666666665,0.3333333333333333,0.946969696969697,-1,Q15038:Q9NRQ2
P3H4,GPKOW,0.49348374322213695,0.1111111111111111,0.4336734693877551,0.32941176470588224,0,Q92791:Q92917
KRTAP5-9,NTN4,-0.09504141534627322,0.23225108225108224,0.3611111111111111,0.9642857142857143,-1,P26371:Q9HB63
F9,GTF2E2,-0.13882224811302762,0.125,0.4753086419753086,0.8,0,P00740:P29084
PCCA,NYAP2,-0.10689446715348817,0.08333333333333333,0.0,1.0,0,P05165:Q9P242
CCT6A,GADL1,0.10408198524938003,0.16666666666666666,0.8333333333333334,0.1722222222222222,0,P40227:Q6ZQY3
CDH5,H2AZ2,0.10824375928188944,0.175,0.19523809523809524,0.3333333333333333,0,P33151:Q71UI9
BUD13,ISY1,0.8955624229667252,0.5345238095238096,0.7703809523809524,0.9791666666666666,-1,Q9BRD0:Q9ULR0
RNF13,ARF4,0.1650090648416858,0.1513125763125763,0.7528985507246376,0.45294784580498865,0,O43567:P18085
CER1,UPF3B,0.4252689383955477,0.11746132655223564,0.42870370370370364,0.4595791805094131,0,O95813:Q9BZI7
RPL10,RPS15,0.8944202631834456,0.4670970695970695,0.7455026455026454,0.5428571428571428,-1,P27635:P62841
LPAR6,REV1,0.45120288737287656,0.0846153846153846,0.3333333333333333,0.47633928571428574,0,P43657:Q9UBZ9
SNRPC,PHF5A,0.7458532214953191,0.7463824851384661,0.48588435374149647,0.7589285714285714,-1,P09234:Q7RTV0
SNRPB2,GPKOW,0.6550854027637758,1.0,0.5428571428571429,0.9779411764705882,0,P08579:Q92917
PWP2,UTP6,0.6813743323682989,0.5384615384615384,0.5481481481481482,0.9,-1,Q15269:Q9NYH9
H2BC21,ASXL1,0.2050018912954938,0.09977147035970567,0.4999999999999999,0.7535087719298246,0,Q16778:Q8IXJ9
RPS21,RPL36A,0.9661123151110057,1.0,0.7161490683229814,0.6666666666666667,-1,P63220:P83881
ATP5F1D,ATP5IF1,0.32411835605190764,0.10926915676915677,0.7566666666666667,0.8213675213675213,-1,P30049:Q9UII2
RPS7,EEF1A1,0.88934250457569,0.426025641025641,0.4544047619047619,0.7121604938271605,-1,P62081:P68104
NOL3,NOL3,1.0,0.2984274272735811,0.4291666666666667,0.6228070175438596,1,O60936:O60936
EEF1A1,RPL18A,0.8436359969168592,1.0,0.7218614718614718,0.5833333333333334,-1,P68104:Q02543
PSMB1,PSMA3,0.8253671561077616,0.6851851851851851,0.788547317661242,0.9939939939939939,1,P20618:P25788
CNR2,GNG2,0.16538905439180668,0.36136363636363633,0.9186746987951806,1.0,-1,P34972:P59768
RAC1,ARSH,0.24601126294119294,0.0,0.6,0.1619047619047619,0,P63000:Q5FYA8
RPL10A,NPTN,0.24523888989987377,0.09696355232069516,0.46388888888888885,0.7638888888888888,0,P62906:Q9Y639
RPS4Y1,RPL35,0.35956882157481285,0.7777777777777778,0.7244588744588744,0.7182539682539684,-1,P22090:P42766
YIPF6,YIPF2,0.5405698021164116,0.5,0.3597222222222222,0.9770114942528735,-1,Q96EC8:Q9BWQ6
ALDH1A2,CUL4B,0.3597724903343287,0.15694644861311527,0.4709444444444444,0.19666666666666663,0,O94788:Q13620
SYT8,SETD7,0.05415012773460542,0.13232979142070048,0.19999999999999998,0.7003584229390681,0,Q8NBV8:Q8WTS6
RPS12,C1orf131,0.7326701806454139,1.0,0.5370370370370371,0.7,-1,P25398:Q8NDD1
ACTB,DTHD1,0.12447824112099061,0.5,0.0,0.0,0,P60709:Q6ZMT9
CCT7,CDT1,0.5387360158788057,0.1565746753246753,0.37142857142857144,0.9166666666666666,0,Q99832:Q9H211
VHL,WDR5,0.5700332207221317,0.38789862098685624,0.7325396825396827,0.985111111111111,1,P40337:P61964
ECHDC1,POLR3E,0.4444523782454474,0.058823529411764705,0.4153846153846153,0.0,0,Q9NTX5:Q9NVU0
NPM1,AMD1,0.3374447297893784,0.19444444444444442,1.0,0.5301587301587302,0,P06748:P17707
FAAP100,FAAP100,0.9999999999999999,1.0,0.8444444444444444,0.925,1,Q0VG06:Q0VG06
CDH1,RPL15,-0.018053695591260445,0.14888888888888888,0.41352380952380946,0.5999999999999999,-1,P12830:P61313
RPL5,RPL6,0.9515124826475158,0.8452380952380952,0.6094387755102042,0.5166666666666667,-1,P46777:Q02878
RPL18A,GNL2,0.725082962753234,0.125,0.39999999999999997,0.5539772727272727,-1,Q02543:Q13823
ATP5ME,ATP5IF1,0.34374937068873906,0.08296425109118608,0.7566666666666667,0.8213675213675213,-1,P56385:Q9UII2
GNAI3,YWHAG,-0.053466376908764664,0.16484367484367488,0.485,0.9800032020493116,0,P08754:P61981
RPL39,RPL19,0.9136919489957194,1.0,0.6576719576719576,0.5192307692307693,-1,P62891:P84098
SKIDA1,TIGIT,-0.23316709574205885,0.12419871794871795,0.0,0.2416666666666667,0,Q1XH10:Q495A1
PPP2R1A,GNE,0.02386883777040791,0.1358843537414966,1.0,0.8792429792429792,0,P30153:Q9Y223
H4C1,H2AZ2,0.47234985993013173,0.5833333333333334,0.6357142857142858,0.41666666666666663,1,P62805:Q71UI9
UTP14A,NAT10,0.8338186091512393,0.2041110311023061,0.4751984126984127,0.5065277777777777,-1,Q9BVJ6:Q9H0A0
ATP6V0C,ATP6V1F,0.728327717700269,0.5796296296296296,0.45624236874236873,0.6709821428571429,-1,P27449:Q16864
RPS21,MCTS1,0.6368147402116832,0.11825396825396825,1.0,0.6462962962962963,-1,P63220:Q9ULC4
GNB2,MDGA2,-0.31932152225560995,0.1111111111111111,0.6666666666666666,0.0,0,P62879:Q7Z553
NDUFB8,NDUFB8,1.0,0.3496969696969697,0.4868421052631578,1.0,0,O95169:O95169
RPS9,RPS15,0.9304745958831039,0.4670970695970695,0.7455026455026454,0.5428571428571428,-1,P46781:P62841
SAA4,FANCC,0.48249577557360196,0.10357864357864359,0.42499999999999993,1.0,0,P35542:Q00597
TAF9,TAF3,0.5681374696492807,0.38211805555555556,0.699761904761905,0.7964285714285714,1,Q16594:Q5VWG9
CARF,LZTS2,0.7090591155453768,0.10919686374231828,0.34722222222222215,1.0,0,Q8N187:Q9BRK4
MCM4,MCM4,0.9999999999999998,0.2842637639851262,0.6706666666666666,0.5815055315055315,1,P33991:P33991
POLR2F,SLC27A4,0.17870001462860494,0.06768724195194784,0.27083333333333337,0.1239057239057239,0,P61218:Q6P1M0
NRIP1,CDC26,0.583162377205781,0.1118048618048618,0.698170731707317,1.0,0,P48552:Q8NHZ8
POLR2C,MED31,0.5639939880569381,0.06559909388856758,0.38333333333333336,0.7851851851851851,-1,P19387:Q9Y3C7
OXA1L,MRPS23,0.36259831499187484,1.0,0.669047619047619,0.6785714285714286,-1,Q15070:Q9Y3D9
POLR2J,KIF6,-0.035417916547603776,0.1,0.2888888888888889,0.46990740740740744,0,P52435:Q6ZMV9
IK,SF3A1,0.9513251545136373,0.7333333333333333,0.37050691244239614,0.8636363636363636,-1,Q13123:Q15459
SAMD12,ZNF703,-0.30000062789333704,0.15776643990929706,0.4125,0.7833333333333333,0,Q8N8I0:Q9H7S9
RFX3,PTGES3,0.5760194894065723,0.13745156959442678,0.4585365853658537,0.8273273273273273,0,P48380:Q15185
UBE2D2,RBX1,0.7066582529033985,0.3178459638534458,0.6313668992012942,0.6543730158730158,1,P62837:P62877
MS4A1,ZNF26,0.5442441272172426,0.0,0.0,0.8857142857142858,0,P11836:P17031
SF3A2,WBP11,0.852895753106196,0.48333333333333334,0.8136363636363636,0.9338709677419355,-1,Q15428:Q9Y2W2
GJA8,TMEM42,0.4158141806772772,0.0,1.0,1.0,-1,P48165:Q69YG0
CCNA2,CDC26,0.5108454147020448,0.18937426210153482,0.698170731707317,1.0,0,P20248:Q8NHZ8
SNRNP40,PPIL3,0.901654582306323,0.38791423001949316,0.761904761904762,0.712962962962963,0,Q96DI7:Q9H2H8
RPS5,RPS10,0.9606582112236979,1.0,0.7668027210884354,0.7,-1,P46782:P46783
POLD1,ZNF880,0.5734588153043195,0.07142857142857142,1.0,0.40277777777777773,0,P28340:Q6PDB4
OAZ2,ODC1,0.15176771072070797,0.2806008806008806,0.8571428571428571,0.7008928571428571,1,O95190:P11926
RPS2,RPS5,0.9237941457953772,0.6599999999999999,0.7040726817042606,0.5769230769230769,1,P15880:P46782
LSM8,SNW1,0.7626018757791897,0.19435186355243847,0.8085581085581085,0.9504273504273505,-1,O95777:Q13573
RIOK1,NOB1,0.7091828753795141,0.6888888888888888,0.5555555555555556,0.5107142857142858,-1,Q9BRS2:Q9ULX3
NDUFB10,NDUFA11,0.4479438974255193,0.38585858585858585,0.6576923076923076,1.0,-1,O96000:Q86Y39
NPM1,OR2B11,-0.06988773797658293,0.5555555555555556,1.0,0.2,0,P06748:Q5JQS5
SUPT20HL1,DTNBP1,0.16847352519901385,0.07528029642818879,0.08596653346653348,0.20000000000000004,0,Q3ZLR7:Q96EV8
ALYREF,THOC1,0.5826924027619039,0.3937229437229437,0.5083333333333333,0.9482758620689655,1,Q86V81:Q96FV9
UQCRQ,NDUFS4,0.20993417766034866,0.22301078551078554,0.45192307692307676,0.0,-1,O14949:O43181
ISG15,ISG15,1.0,0.28145820237676716,0.8285714285714285,0.925925925925926,1,P05161:P05161
NUP155,RANBP2,0.5723741557491823,0.2619429181929182,0.7490196078431373,0.7622694122694122,-1,O75694:P49792
FAU,TSR1,0.5324874438620666,0.11805555555555555,0.5666666666666667,0.4421296296296296,1,P62861:Q2NL82
H2AC6,ZNF578,-0.10619677913439134,0.16666666666666666,1.0,0.834074074074074,0,Q93077:Q96N58
SART1,IK,0.9182939178669267,0.443859649122807,0.5341991341991342,1.0,-1,O43290:Q13123
RPS9,PDRG1,0.1054150962806668,0.14285714285714285,0.425,1.0,0,P46781:Q9NUG6
MAGEB6B,PFDN5,-0.019797865527353863,0.2130017041781747,0.2519480519480519,0.0,0,A0A0J9YX57:Q99471
RPSA,LRRC47,0.2868790181397452,0.1111111111111111,0.0,0.4583333333333333,-1,P08865:Q8N1G4
ADRB3,CCT6A,0.09580201137135387,0.1774290524290524,0.2517006802721089,0.7876157407407408,0,P13945:P40227
ATG13,NDUFS6,0.030630392524041126,0.10046296296296296,0.215007215007215,0.19444444444444442,0,O75143:O75380
GMNN,EIF2AK1,0.14295392154916103,0.13887445887445887,0.74,0.27492063492063495,0,O75496:Q9BQI3
SNRPG,WBP11,0.6979659935099831,0.48333333333333334,0.8136363636363636,0.9338709677419355,-1,P62308:Q9Y2W2
H2AC4,H3C13,0.5575140366624973,0.5555555555555555,0.2283333333333333,0.9166666666666666,1,P04908:Q71DI3
MRPL14,MRPL55,0.22221911273989603,1.0,0.5856643356643356,1.0,-1,Q6P1L8:Q7Z7F7
MRPL9,MRPS17,0.612733971809125,1.0,0.583041958041958,0.54,-1,Q9BYD2:Q9Y2R5
CWC27,GPKOW,0.7713611548216016,1.0,0.5428571428571429,0.9779411764705882,-1,Q6UX04:Q92917
EIF2S1,ABCE1,0.8491224872273261,0.23729395604395603,0.5259259259259259,0.37506613756613755,-1,P05198:P61221
MED21,AKT1S1,0.6693787527735332,0.09296637705728615,0.48809523809523814,0.8167293233082706,0,Q13503:Q96B36
UBA1,PSMA5,0.5460252713408905,1.0,0.7919965576592082,1.0,0,P22314:P28066
CLNS1A,CRTC1,-0.0012918916528357985,0.10327380952380953,0.5266666666666666,0.7291666666666666,0,P54105:Q6UUV9
FAU,RPL10A,0.9378567740052145,0.82,0.6422161172161173,0.7,-1,P62861:P62906
MMP2,NKAIN4,-0.3897598204130352,0.125,1.0,1.0,0,P08253:Q8IVV8
POLR2L,MED9,-0.04194713482431663,0.1851851851851852,0.39166666666666666,0.9428571428571428,-1,P62875:Q9NWA0
EEF1A1,RPL10L,-0.1327362365684472,0.21666666666666665,0.35500000000000004,0.3333333333333333,-1,P68104:Q96L21
SNU13,UTP15,0.30027663171741376,0.25746753246753246,0.47074074074074074,0.8333333333333334,-1,P55769:Q8TED0
RPL31,UBA52,0.727119272970874,0.7023809523809524,0.8296723460026213,0.8333333333333333,-1,P62899:P62987
CDK9,JOSD1,0.7085827120177697,0.26666666666666666,0.8333333333333334,0.946969696969697,0,P50750:Q15040
REPS1,TXNIP,-0.019978531089062355,0.11643028024606972,0.8333333333333334,0.8358974358974359,0,Q96D71:Q9H3M7
RPS6,EEF1A1,0.9128916842101625,0.426025641025641,0.4544047619047619,0.7121604938271605,-1,P62753:P68104
NDUFB2,NDUFB2,0.9999999999999999,0.3844535094535095,0.6557692307692307,1.0,0,O95178:O95178
HSPB7,HSPB8,0.4972030339061512,0.6923076923076922,0.53,0.9623015873015872,1,Q9UBY9:Q9UJY1
RPL28,RPS26,0.7864900849686252,0.8673469387755102,0.7300264550264549,0.6099999999999999,-1,P46779:P62854
RPL9,SEC61G,0.4887336591136484,0.08712121212121213,0.5555555555555556,0.798611111111111,-1,P32969:P60059
SNRPB,NCBP2,0.7222038062718805,0.28946822939702194,0.8261261261261261,0.8148936170212768,1,P14678:P52298
CDC27,UBE2S,0.39590617811827344,0.4225883243740387,0.7518292682926829,0.37878787878787873,-1,P30260:Q16763
S100A6,S100A6,1.0,0.3732142857142857,0.42833333333333334,0.8232142857142858,1,P06703:P06703
IFNAR1,SEC11C,-0.0037940630158376535,0.08333333333333333,0.2,0.9428571428571428,0,P17181:Q9BY50
CKS1B,SKP1,0.054386342811098436,0.10995670995670995,0.5364583333333333,0.9854413702239789,1,P61024:P63208
TMEM229B,MAML1,0.17720439802570356,0.08889648840629233,0.4601010101010101,0.85,0,Q8NBD8:Q92585
ATRAID,LRSAM1,0.4034191646526958,0.1231060606060606,0.5,0.8624444444444443,0,Q6UW56:Q6UWE0
RPS14,RPL19,0.9699866149732733,1.0,0.6576719576719576,0.5384615384615384,1,P62263:P84098
MRPS5,MRPL2,0.7561651547751852,1.0,0.5292424242424242,0.7916666666666666,-1,P82675:Q5T653
SMN1,MEX3C,0.5195415998851163,0.1263227513227513,0.6,0.5623456790123457,0,Q16637:Q5U5Q3
GABRB2,TMEM201,0.23503863740257883,0.13936507936507936,0.26296296296296295,0.16305916305916301,0,P47870:Q5SNT2
MPP2,LEO1,0.05176640670604488,0.08849657287157287,0.4307692307692307,0.9603174603174603,0,Q14168:Q8WVC0
SPART,EMILIN3,0.46223015960962777,0.0,0.45,0.781818181818182,0,Q8N0X7:Q9NT22
EMX2,HLA-DRB5,-0.02877298871100521,0.13818181818181818,0.23425229741019213,0.5833333333333334,0,Q04743:Q30154
KIAA1328,STUB1,0.5299188767957886,0.0,0.0,0.8448388203017833,0,Q86T90:Q9UNE7
RPL27,DDX18,0.8280021799750906,0.2272727272727273,0.7000000000000001,0.2826216712580349,-1,P61353:Q9NVP1
MDM2,HIF1A,0.6695742055802562,0.19827077521749653,0.5529411764705883,0.8152679275019701,1,Q00987:Q16665
ARPC3,RUNX2,0.5420259792900007,0.14367450731087097,0.505,0.670580808080808,0,O15145:Q13950
CD53,APOBEC3B,0.5720545365954157,0.09764309764309764,0.34285714285714286,0.49107142857142855,0,P19397:Q9UH17
SNRPD3,RBM42,0.8398238319932155,0.525,0.5650000000000001,0.845,-1,P62318:Q9BTD8
IFNB1,MOB1B,0.09921917257565191,0.28125,0.45087719298245615,0.838938492063492,0,P01574:Q7L9L4
GABRG2,GABRB2,0.9293832021220358,0.32559523809523805,0.4153174603174603,0.47835497835497837,1,P18507:P47870
ABI1,LSM4,0.32294663707821164,0.11698717948717947,0.39733893557422967,0.8988095238095238,0,Q8IZP0:Q9Y4Z0
TNFAIP8L3,CFAP126,0.07541783131919413,0.17037037037037037,0.25744047619047616,0.0,0,Q5GJ75:Q5VTH2
KAT7,NKAIN2,-0.1153293041319754,0.14285714285714285,0.3333333333333333,0.0,0,O95251:Q5VXU1
RPS2,RPL36A,0.9427540017528508,1.0,0.7161490683229814,0.6666666666666667,-1,P15880:P83881
HTRA4,ABHD17B,0.14527280573262008,0.13898482469911042,0.26785714285714285,0.2,0,P83105:Q5VST6
NUDT21,TAF7,0.6862897572477306,0.14693631531866827,0.5917768959435628,0.49380952380952375,0,O43809:Q15545
C9orf78,NOSIP,0.38780057414866237,0.11798941798941798,0.5142857142857143,0.6157407407407408,0,Q9NZ63:Q9Y314
ZNF655,FANCE,0.555912943941076,0.058823529411764705,0.40166666666666667,1.0,0,Q8N720:Q9HB96
PTGER2,FAU,0.3885517416200251,0.13082611832611832,0.29394257703081234,0.0943223443223443,0,P43116:P62861
LDLRAD4,H2BC18,-0.05055141910530749,0.0,0.3666666666666667,0.3333333333333333,0,O15165:Q5QNW6
IZUMO1R,ANKRD29,0.11126656895542456,0.0,0.0,1.0,0,A6ND01:Q8N6D5
MYZAP,TCF3,-0.1456531913428786,0.11642246642246644,0.35057471264367807,0.6514770723104056,0,P0CAP1:P15923
GSN,ENO3,-0.06175984166294792,0.10173160173160173,0.6138888888888888,0.43253968253968256,0,P06396:P13929
ARL4D,TDRKH,0.17060308942617408,0.1259637188208617,0.22999999999999998,0.8928571428571429,0,P49703:Q9Y2W6
SH2D1A,MEP1B,0.23611268844790023,0.3055555555555556,0.3444444444444444,0.7551020408163265,0,O60880:Q16820
RPL7,SEC61G,0.5377506286907281,0.08712121212121213,0.5555555555555556,0.798611111111111,-1,P18124:P60059
ATP5PD,ATP5PO,0.794385021600756,0.8117647058823529,0.48863636363636365,0.9280000000000002,-1,O75947:P48047
NDUFS2,UQCRH,0.5494213807908668,0.6818181818181818,0.5629960317460317,0.890625,-1,O75306:P07919
CHRM2,GNG2,-0.03895245447521548,0.36857142857142855,0.9216867469879519,0.875,-1,P08172:P59768
GTPBP6,MRPL37,0.4094380873827413,0.0,0.3542929292929292,0.16666666666666666,-1,O43824:Q9BZE1
UBE2H,CLDN23,-0.2556554525258202,0.09577922077922078,0.2222222222222222,0.7777777777777777,0,P62256:Q96B33
MRPL3,GFM1,0.6050585557720704,0.3333333333333333,0.7083333333333334,0.2883522727272727,-1,P09001:Q96RP9
POLR2E,POLR2B,0.7028014589568025,0.5416666666666666,0.9637820512820513,0.5423407002354371,1,P19388:P30876
CMA1,MAGEA11,-0.0334669439603743,0.07692307692307693,0.6,0.49764150943396224,0,P23946:P43364
SEC61G,RPL36A,0.5268727777818231,0.08522727272727273,0.7161490683229814,0.4642857142857143,-1,P60059:P83881
CEBPG,DUS1L,0.4859869822313221,0.2,0.6,0.5067460317460318,0,P53567:Q6P1R4
RPS8,SLC6A17,-0.36079942033977974,0.12150072150072146,0.43209876543209874,0.5714285714285714,0,P62241:Q9H1V8
FANCB,SLC5A7,-0.12633865636782585,0.08198005698005698,0.2751587301587302,0.15208333333333332,0,Q8NB91:Q9GZV3
SQSTM1,MAP1LC3A,-0.020252800590404848,0.2405502392344497,0.49022633744855965,0.9293333333333333,1,Q13501:Q9H492
KRR1,WDR43,0.7465847784307394,0.23074379324379324,0.6151515151515152,0.7954545454545454,-1,Q13601:Q15061
ELOC,DUOX2,-0.07570866718263748,0.09740471169042596,0.38555555555555554,0.4157509157509158,0,Q15369:Q9NRD8
CMTM5,SUCLA2,0.036657283636203915,0.125974025974026,0.18874458874458877,0.8078703703703705,1,Q96DZ9:Q9P2R7
RPS3,RPS12,0.9740138586043834,0.6474358974358974,0.735070785070785,0.53125,-1,P23396:P25398
CWC15,LSM7,0.5115881760518421,0.7333333333333334,0.35028011204481796,0.9631782945736433,-1,Q9P013:Q9UK45
FDX2,FDX2,1.0,0.6472222222222223,0.6517857142857143,0.580952380952381,1,Q6P4F2:Q6P4F2
RGS14,QTRT2,-0.08636381729643745,0.1,0.29375,0.4238095238095238,0,O43566:Q9H974
HTRA3,CCDC178,0.20351301314568027,0.0,0.3333333333333333,0.0,0,P83110:Q5BJE1
UBE2I,TDG,0.7221482761729797,0.2677442877977637,0.780392156862745,0.48108465608465606,1,P63279:Q13569
KRT18,CHI3L2,0.005464343204787322,0.1625,0.5,0.29047619047619044,0,P05783:Q15782
SPIRE1,ZNF789,0.214838978477316,0.125,0.7333333333333334,0.37777777777777777,0,Q08AE8:Q5FWF6
ITGAX,BMI1,-0.1334540737647896,0.16405004460560016,0.35795454545454547,0.9612768184196755,0,P20702:P35226
NCK1,GTF2B,0.7386960050448639,0.161595547309833,0.38908730158730154,0.7200486096712511,0,P16333:Q00403
NTMT2,NTMT2,1.0,1.0,0.6,1.0,1,Q5VVY1:Q5VVY1
VHL,ELOB,0.26234634720685807,0.22777777777777777,0.6172839506172839,0.9431818181818182,1,P40337:Q15370
DDX28,MRPL15,0.42344408948693957,0.10101010101010101,0.34924242424242424,0.4074074074074074,-1,Q9NUL7:Q9P015
RFC5,RFC3,0.8711219731549993,0.4887939221272555,0.9333333333333335,0.6518440709617179,1,P40937:P40938
HIF1A,PPME1,0.2288086842057197,0.16666666666666666,1.0,0.41804029304029294,0,Q16665:Q9Y570
RPS12,RPS10,0.950637802728354,1.0,0.7668027210884354,0.7,1,P25398:P46783
MRPL12,MTERF4,-0.04822448628702304,0.2189255189255189,0.5693181818181818,0.8545454545454544,-1,P52815:Q7Z6M4
MRPL3,MRPL22,0.8351982333774833,1.0,0.5527597402597403,0.5833333333333334,1,P09001:Q9NWU5
RPS11,RPL31,0.9539458168102956,1.0,0.6769841269841269,0.7916666666666666,-1,P62280:P62899
UPK3A,RPS7,0.022791411667422785,0.12934363790765177,0.28507142857142853,0.6504329004329005,0,O75631:P62081
PDCD4,EIF3L,0.28880727228219033,0.1796296296296296,0.5833333333333333,0.8333333333333334,0,Q53EL6:Q9Y262
MRPL33,MRPS5,0.23544351745115177,1.0,0.5882867132867132,0.4444444444444444,-1,O75394:P82675
H3-5,ASH2L,0.48680825772640784,0.1449074074074074,0.7413079975579977,0.9685714285714285,-1,Q6NXT2:Q9UBL3
ELK4,PPIF,0.002226323342589845,0.13607443281356327,0.30679012345679013,0.8166666666666668,0,P28324:P30405
IFNB1,HMOX2,0.00048324122022248205,0.1597222222222222,0.31190476190476185,0.9356026785714285,0,P01574:P30519
EIF3J,EIF3J,0.9999999999999999,0.7083333333333334,0.7407407407407408,0.888888888888889,1,O75822:O75822
SNAPIN,EXOC1,0.6618829542347292,0.19535714285714287,0.4666666666666666,0.9693877551020408,1,O95295:Q9NV70
GNAI3,KRT6C,0.3361957469331129,0.1865079365079365,0.44312169312169314,0.975,0,P08754:P48668
SNRPF,SRSF1,0.6997028756683978,0.37733037659508245,0.7677419354838709,0.8460526315789473,-1,P62306:Q07955
SENP2,IL23A,0.5533540473985719,0.11247771502873545,0.39,0.8518518518518517,0,Q9HC62:Q9NPF7
DDX28,MRPL22,0.6884118209675042,0.11805555555555555,0.30275974025974023,0.5833333333333334,-1,Q9NUL7:Q9NWU5
PRPF38A,OPA3,0.4900627964465808,0.06666666666666667,0.5,0.0,0,Q8NAV1:Q9H6K4
NR2F1,DTYMK,0.1401722625045114,0.17458374958374956,0.4714285714285715,0.11666666666666665,0,P10589:P23919
KICS2,DIABLO,0.43325925949880867,0.0993596681096681,0.3078869047619047,0.0,0,Q96MD2:Q9NR28
SNRPG,SNRPG,0.9999999999999999,0.6875850340136054,0.45905483405483405,0.903125,0,P62308:P62308
RPS5,PPP1R36,-0.11122122019643604,0.0,0.0,0.3214285714285714,0,P46782:Q96LQ0
HNRNPK,P2RY13,0.06913894639792886,0.5,0.8400000000000001,0.5625,0,P61978:Q9BPV8
HLA-DQA1,HLA-DQA1,1.0,0.5077097505668935,0.5702806122448979,0.5416666666666666,1,P01909:P01909
HSPD1,GAS1,0.05004016764850963,0.2535353535353535,0.9166666666666666,0.6,0,P10809:P54826
CRABP2,STXBP5,0.20463107077086445,0.1600907029478458,0.5170274170274171,0.3273809523809524,0,P29373:Q5T5C0
MRPL52,STARD5,0.21413932987146989,0.08333333333333333,0.5,0.17142857142857143,0,Q86TS9:Q9NSY2
SLC9A1,BRK1,0.41894099998749096,0.1989177489177489,0.3743589743589744,0.9837962962962963,0,P19634:Q8WUW1
TRBC2,HLA-B,0.691948545599628,0.3973778746506019,0.40826190476190477,0.0,1,A0A5B9:P01889
ETF1,ETF1,1.0,0.7220075757575757,0.6129629629629629,0.6124574829931974,1,P62495:P62495
CRBN,ZNF692,0.6162108942808489,0.11203703703703705,0.35,0.30648148148148147,1,Q96SW2:Q9BU19
RAPSN,POLH,-0.08944698778079029,0.08895354645354644,0.5280701754385965,0.5775,0,Q13702:Q9Y253
NDUFC2,NDUFC2,1.0,0.22454212454212455,0.480892857142857,0.7083333333333334,0,O95298:O95298
RPS4Y1,RPL3,0.222281291471652,0.7727272727272727,0.6343537414965985,0.47916666666666674,-1,P22090:P39023
ZBTB8A,MED18,-0.014884778392002437,0.3216374269005848,0.2547619047619048,0.9555555555555557,0,Q96BR9:Q9BUE0
MT-CO3,COX6C,0.44931520473128217,0.611111111111111,0.685064935064935,1.0,-1,P00414:P09669
GRB2,NAPB,0.1379266807839614,0.14930555555555555,0.4083333333333334,0.9690476190476192,0,P62993:Q9H115
EPAS1,ANAPC5,0.26350017259774056,0.13969017094017092,0.6767441860465117,0.3333333333333333,0,Q99814:Q9UJX4
RPN1,SEC61G,0.7839553673811145,0.07417582417582418,0.5555555555555556,0.798611111111111,-1,P04843:P60059
SRRM1,ARMC7,0.3779323268802389,0.625,1.0,1.0,-1,Q8IYB3:Q9H6L4
MLLT1,CBX8,0.19368404034506628,0.20913865546218488,0.6726851851851853,0.9774891774891775,1,Q03111:Q9HC52
APOA1,TNK1,-0.11314682792774308,0.3148148148148148,0.7777777777777777,0.7203216374269005,0,P02647:Q13470
RPLP1,RPS18,0.8889094882186201,1.0,0.6919501133786847,0.62,-1,P05386:P62269
LSM6,CDC5L,0.7112956702436342,0.5410152218782249,0.5196428571428571,0.9252314814814816,-1,P62312:Q99459
FGG,ITGB3,-0.11431986580731954,0.18948182619068696,0.6109034267912772,0.8414736164736164,1,P02679:P05106
YY1,CDC37,0.8321781272810961,0.1543154761904762,0.4869369369369369,0.9915254237288136,0,P25490:Q16543
ZNF8,MRPL24,0.223223776521208,0.08012820512820512,0.20367132867132864,0.3333333333333333,0,P17098:Q96A35
RPS16,RPL10A,0.9711542022836522,0.82,0.6422161172161173,0.7,-1,P62249:P62906
TSPAN12,CXCL16,0.15796425660423252,0.2238131313131313,0.6666666666666666,0.2357142857142857,-1,O95859:Q9H2A7
S100A4,MAPRE3,-0.32803128709704654,0.0961315373080079,0.4119047619047619,0.9745934959349594,0,P26447:Q9UPY8
SERPINB2,BLOC1S2,0.25410601107592673,0.09821455000026427,0.2450980392156863,0.1233370288248337,0,P05120:Q6QNY1
ATP6V0D1,ATP6V0A4,-0.010594152099190473,0.3895474895474895,0.3659556878306878,0.7333333333333333,-1,P61421:Q9HBG4
GTPBP6,MRPL15,0.22965038372232618,0.0,0.34924242424242424,0.2222222222222222,-1,O43824:Q9P015
SYNGR1,TMEM14B,-0.04502388116472724,0.11298076923076922,0.5,1.0,-1,O43759:Q9NUH8
POLR2F,PAQR4,0.41732078674622347,0.06267806267806268,0.2,0.2,0,P61218:Q8N4S7
MCM3,MCM4,0.7766198580636257,0.2842637639851262,0.6706666666666666,0.5815055315055315,1,P25205:P33991
ATF2,ATF2,1.0,0.25976313269567614,0.5237037037037036,0.8165347165347165,-1,P15336:P15336
NDUFA7,NDUFA8,0.5697177964213462,0.3496969696969697,0.5553819444444444,0.7708333333333334,-1,O95182:P51970
SYF2,DHX38,0.8672885242513894,0.6944444444444445,0.7333333333333333,0.45308123249299725,-1,O95926:Q92620
UCHL1,ITIH5,-0.20490745813033123,0.16666666666666666,0.3333333333333333,0.125,0,P09936:Q86UX2
TARDBP,NFE2L2,0.633635070059839,0.16452394121885647,0.4471631205673757,0.8845513122740846,0,Q13148:Q16236
MFSD13A,ZNF214,0.022093023891835466,0.0,0.16666666666666666,0.21428571428571427,0,Q14CX5:Q9UL59
RBX1,CAND1,0.7437937209541388,0.4453146853146853,0.4164965986394557,0.980952380952381,1,P62877:Q86VP6
POLR2I,MED10,0.31328476620943896,0.06571428571428571,0.6333333333333333,0.8632478632478632,-1,P36954:Q9BTT4
PRM1,CHRM3,-0.05175787866123755,0.1001362394219537,0.29888888888888887,0.475,0,P04553:P20309
H2AC6,CENPM,0.04104895333603536,0.125,0.569047619047619,0.0,-1,Q93077:Q9NSP4
POLR3C,POLR3F,0.5810319164605829,0.29138460939931526,0.6000000000000001,0.9078189300411522,1,Q9BUI4:Q9H1D9
UBOX5,BTBD3,0.3261780403220583,0.07243589743589743,0.4666666666666666,1.0,0,O94941:Q9Y2F9
NDUFA1,IGLC2,0.14034554298801083,0.08333333333333333,0.2588410364145658,0.125,0,O15239:P0DOY2
MT-CYB,NDUFV1,0.10250963085104654,0.35446832579185517,0.4863636363636363,0.4329034391534391,-1,P00156:P49821
GTF2H5,GTF2H5,1.0,0.2755102040816326,0.9455399061032865,1.0,1,Q6ZYL4:Q6ZYL4
MRPL18,MRPS7,0.5160694520833083,0.775,0.5856643356643356,0.43650793650793646,-1,Q9H0U6:Q9Y2R9
NABP2,INTS6,0.32187398996779315,0.15555555555555556,0.5235294117647058,0.7333333333333334,-1,Q9BQ15:Q9UL03
IL17A,ANKRD33,-0.024147921185535035,0.25,0.35,1.0,0,Q16552:Q7Z3H0
APOD,ATP13A5,0.012171342587608651,0.19259259259259262,0.23809523809523808,0.15168650793650795,0,P05090:Q4VNC0
IL21,MRPL16,0.2563123101804638,0.14285714285714285,0.1769230769230769,0.225,0,Q9HBE4:Q9NX20
ZNF33B,SEPTIN5,-0.17283291565297593,0.07904595404595405,0.16904761904761906,0.9218409586056646,0,Q06732:Q99719
NDUFB2,CYC1,0.5071078691686421,0.43636363636363634,0.5354938271604938,0.1940909090909091,-1,O95178:P08574
EDF1,RPS6,0.668472822287169,0.11598780007870917,0.6630952380952381,0.6885964912280702,-1,O60869:P62753
DHX8,NOSIP,0.48309875027952476,0.1053030303030303,0.5142857142857143,0.6157407407407408,0,Q14562:Q9Y314
EIF3D,EIF2S2,0.7749676497704938,0.425,0.7992063492063491,0.8447154471544716,-1,O15371:P20042
GABARAP,GABARAP,0.9999999999999999,0.18738995253641602,0.4131519274376417,0.9205607476635514,1,O95166:O95166
C2,S100A4,-0.07669599670820643,0.11498917748917749,0.536904761904762,0.8854166666666667,0,P06681:P26447
RPL22,RRS1,0.7513677016634595,0.11230158730158729,0.24682539682539684,0.7666666666666667,-1,P35268:Q15050
STXBP2,VPS72,-0.16967860187905223,0.09459096459096458,0.2804713804713805,0.8708333333333332,0,Q15833:Q15906
EMILIN2,LY96,0.640403006366559,0.13670033670033668,0.27205128205128204,0.7625,0,Q9BXX0:Q9Y6Y9
EIF1AX,FAU,0.5816729190491432,0.16161616161616163,0.7694677871148459,0.36904761904761907,1,P47813:P62861
EIF3B,MID2,0.5898916657589829,0.1010561198061198,0.29333333333333333,0.9852627257799672,0,P55884:Q9UJV3
RPS12,RPS5,0.970298544432179,0.6599999999999999,0.7040726817042606,0.5769230769230769,-1,P25398:P46782
RB1,TRMT2B,0.5148383375435436,0.17142857142857143,0.375,0.32500000000000007,0,P06400:Q96GJ1
HTATSF1,DDX42,0.37353830364554336,0.4888888888888888,0.6534632034632035,0.43730158730158725,0,O43719:Q86XP3
ARHGEF19,SLC2A6,-0.246035131491781,0.0926355390641105,0.36904761904761907,0.24652777777777776,0,Q8IW93:Q9UGQ3
POLD1,SMAD3,0.41866335672339033,0.09457011587446368,0.6818333333333335,0.7774863591269842,0,P28340:P84022
RRP9,UTP14A,0.9016506723836908,1.0,0.5388888888888889,0.9347826086956522,-1,O43818:Q9BVJ6
PRPF3,SNRPC,0.4858911657768013,0.5370879120879121,0.448888888888889,0.9287894030851775,-1,O43395:P09234
RPL17,RPS26,0.8387376630710942,0.8673469387755102,0.7300264550264549,0.6099999999999999,-1,P18621:P62854
MAML1,FLYWCH2,0.660867359239411,0.0,0.0,0.25,0,Q92585:Q96CP2
BHLHA9,RAB43,-0.26180416431811265,0.17517006802721088,0.2335034013605442,0.49404761904761907,0,Q7RTU4:Q86YS6
PSMA1,PSMB2,0.8917908775623905,0.6944444444444443,0.8010849909584088,1.0,1,P25786:P49721
RRAGA,FNIP2,0.4626995778919734,0.23230420373277516,0.6309523809523809,0.9272727272727272,1,Q7L523:Q9P278
CWC27,PRPF19,0.6968083751745261,0.31297550488726955,0.6279922779922781,0.9065058479532165,-1,Q6UX04:Q9UMS4
RPLP2,RPL14,0.8834013210301012,0.5654761904761905,0.683531746031746,0.6176470588235294,-1,P05387:P50914
VPS72,CCDC12,0.6670592220893541,0.0,0.761904761904762,1.0,0,Q15906:Q8WUD4
MICOS13,NR1H4,-0.267511485701011,0.07393554928238613,0.6348484848484849,0.4926943426943427,0,Q5XKP0:Q96RI1
SNRPF,SNRPD2,0.8886677203289702,0.6212585034013605,0.43640873015873016,0.9821428571428571,1,P62306:P62316
IFNAR1,PRPF38B,0.41810382355380243,0.08846153846153847,0.14285714285714285,0.25,0,P17181:Q5VTL8
RPS7,RPS13,0.9639375966852238,0.6994047619047619,0.6767857142857142,0.6355555555555554,1,P62081:P62277
RPS11,FAU,0.9585781105826584,0.4858974358974359,0.7694677871148459,0.54421768707483,-1,P62280:P62861
RPS5,RPL41,0.9623693586811444,1.0,0.7962406015037593,0.6685714285714286,-1,P46782:P62945
NCKAP5L,NDUFB9,-0.06557036181878557,0.09171846671846673,0.18367346938775508,0.890625,0,Q9HCH0:Q9Y6M9
MT-ND3,MT-ND4,0.904050364487519,0.37877782348370576,0.6424999999999998,0.725,-1,P03897:P03905
EFNB1,RPLP0P6,0.3857374311411431,0.18333333333333335,0.14285714285714285,0.20833333333333331,0,P98172:Q8NHW5
POP5,TLL2,-0.2857485050096874,0.09484126984126982,0.5,0.1488095238095238,0,Q969H6:Q9Y6L7
VASP,UNC5CL,-0.08909321555364522,0.08787878787878788,0.6666666666666666,0.7958333333333334,0,P50552:Q8IV45
YARS1,NTMT2,-0.13652171795139412,0.1,0.6,0.125,0,P54577:Q5VVY1
CENPC,SMR3A,0.1968089007770248,0.1111111111111111,0.5,0.8285714285714286,0,Q03188:Q99954
MOCS3,SFTPC,-0.05590173426989107,0.14285714285714285,0.28824404761904765,1.0,0,O95396:P11686
SLAMF1,GPSM1,-0.14974916853602233,0.15787037037037036,0.38095238095238093,0.9183673469387754,0,Q13291:Q86YR5
SLC39A11,MCEE,0.381553852436431,0.06405228758169934,0.3125,0.10479797979797979,0,Q8N1S5:Q96PE7
RHOQ,CMA1,0.2952211728356473,0.141017316017316,0.2575963718820862,0.1994047619047619,0,P17081:P23946
DCPS,CENPH,0.5491456741185947,0.09078144078144078,0.6516666666666666,0.9666666666666667,0,Q96C86:Q9H3R5
ANXA4,RPS21,0.19303289437806184,0.12127976190476189,0.4197278911564626,0.7272727272727273,0,P09525:P63220
HLA-DRA,GJA4,0.09839570675757445,0.16604308390022673,0.4365079365079365,0.875,0,P01903:P35212
CDH1,RPS4X,0.15069786359830661,0.14726419413919412,0.402202380952381,0.7369565217391304,-1,P12830:P62701
NDUFB4,EID2,0.3801542749310517,0.11098299168152109,0.8,0.11166666666666666,0,O95168:Q8N6I1
UBC,SIL1,0.19328213148696807,0.10103785103785103,0.365,0.8545454545454544,0,P0CG48:Q9H173
RBM48,SCNM1,0.6917177915389034,0.6,0.4305555555555556,0.9960199004975124,-1,Q5RL73:Q9BWG6
NDUFA7,MT-ND4L,0.2790599125205914,0.41439393939393937,0.6142857142857142,1.0,-1,O95182:P03901
PSMC4,GBX1,0.19200291353100415,0.12544479330193617,0.6,0.17500000000000002,0,P43686:Q14549
RPS23,UTP15,0.7375216450054779,0.25746753246753246,0.47074074074074074,0.8333333333333334,-1,P62266:Q8TED0
TSG101,VPS28,0.7741234635734978,0.2312350757687445,0.43499278499278493,0.9830508474576272,1,Q99816:Q9UK41
RPL10A,RPL36A,0.9434729584761858,1.0,0.7161490683229814,0.6666666666666667,1,P62906:P83881
TNFAIP3,KCTD14,-0.14448535052641723,0.16666666666666666,0.0,1.0,0,P21580:Q9BQ13
SRP14,SRPRB,-0.21273091070490327,0.5416666666666666,0.39897959183673476,0.125,-1,P37108:Q9Y5M8
CCT4,ZNF283,0.6582987185891558,0.1111111111111111,0.2,0.1722222222222222,0,P50991:Q8N7M2
RPS13,RPS28,0.8976164680630552,0.522077922077922,0.7066924066924067,0.6538461538461539,-1,P62277:P62857
MAGOHB,RBM8A,0.6819699394395708,0.32997835497835504,0.49124839124839137,0.9415094339622643,1,Q96A72:Q9Y5S9
FGB,FGB,1.0,0.17575223921377767,0.7486082355647574,0.6742424242424242,1,P02675:P02675
RPS4X,CCDC124,0.40928842068524157,0.14444444444444446,0.5066666666666666,0.6041666666666666,-1,P62701:Q96CT7
GTPBP6,MRPL30,0.5815109013897403,0.0,0.31905594405594406,0.16666666666666666,-1,O43824:Q8TCC3
ARL1,PILRB,0.34017320356977754,0.09545454545454546,0.3333333333333333,0.6666666666666666,0,P40616:Q9UKJ0
KLHDC9,MRGPRX1,0.8542608010744275,0.0,0.0,0.18333333333333335,0,Q8NEP7:Q96LB2
USF1,IL17RA,0.4930007643025073,0.10772239456449985,0.35714285714285715,0.7551020408163264,0,P22415:Q96F46
MCM4,CUL2,0.6516675088086827,0.09610389610389612,0.5461538461538461,0.9313172043010753,-1,P33991:Q13617
MRPS21,MRPL11,0.47294881795971616,1.0,0.4563131313131314,0.28682170542635654,-1,P82921:Q9Y3B7
MED29,MED31,0.37548334631647085,0.291530910609858,0.3888888888888889,0.7851851851851851,1,Q9NX70:Q9Y3C7
LSM11,TBCK,0.5318304690143492,0.12283549783549783,0.3229166666666667,0.4821428571428571,0,P83369:Q8TEA7
MRPL37,MRM3,0.7067909604847717,0.12142857142857143,0.5625,0.29130434782608694,-1,Q9BZE1:Q9HC36
GNG7,RECQL5,-0.1899079802750971,0.11559863747363747,0.2857142857142857,0.26998556998556994,0,O60262:O94762
NRARP,AGGF1,-0.025115981708261542,0.25867003367003366,0.0,0.9649122807017543,0,Q7Z6K4:Q8N302
RPS9,RPS11,0.9583646862823137,0.8541666666666666,0.7208494208494208,0.6545454545454545,-1,P46781:P62280
RUNX1T1,ELP3,0.570939784601825,0.12544492544492544,0.4000000000000001,0.5464285714285715,0,Q06455:Q9H9T3
RPL13A,TMA16,0.6144765270773467,0.16666666666666666,0.6125,0.24074074074074073,-1,P40429:Q96EY4
RPS15A,RPS29,0.9284115545404379,1.0,0.7327891156462585,0.5555555555555556,-1,P62244:P62273
RPS12,RPS15A,0.9586539079320731,0.6027777777777777,0.739021164021164,0.6911764705882353,-1,P25398:P62244
NDUFS7,MT-ND4L,0.33321652684856806,0.41439393939393937,0.6142857142857142,1.0,-1,O75251:P03901
RPS8,NAT10,0.6983742550177205,0.16036047286047286,0.4751984126984127,0.5065277777777777,-1,P62241:Q9H0A0
ZNF727,EXOSC1,0.3374813606276966,0.06753393665158372,0.2131907308377897,0.1971916971916971,0,A8MUV8:Q9Y3B2
TXNL4A,PLD4,0.29927216369292015,0.16483585858585859,0.36714285714285716,0.10101010101010101,0,P83876:Q96BZ4
XKR3,APPBP2,0.4077155606592665,0.0,0.2060515873015873,0.0,0,Q5GH77:Q92624
TCERG1,SNRPD2,0.6992303498392147,0.6215855572998429,0.43640873015873016,0.9821428571428571,-1,O14776:P62316
LLPH,MRTO4,0.741301886496219,0.09820804195804196,0.43703703703703706,0.625,0,Q9BRT6:Q9UKD2
NPR1,PSENEN,0.09107786277485028,0.14497863247863246,0.6270408163265306,0.4481792717086835,0,P16066:Q9NZ42
GEMIN2,SNRPG,0.7404177518586259,0.6875196232339088,0.45905483405483405,0.903125,1,O14893:P62308
NDUFV3,USH1G,0.108140048134916,0.09101731601731602,0.1787878787878788,0.9875,0,P56181:Q495M9
TUFM,MRPL9,0.6760983250615428,0.41666666666666663,0.3542929292929292,0.7,-1,P49411:Q9BYD2
SCNM1,RBMX2,0.798638039023738,0.765625,0.3263736263736264,0.8928571428571429,-1,Q9BWG6:Q9Y388
FST,ADGRF1,-0.09239967606577477,0.23699294532627865,0.5,0.7222222222222222,0,P19883:Q5T601
KIF4A,MED22,0.1363385399509757,0.09722222222222221,0.37777777777777777,0.9771428571428572,0,O95239:Q15528
SNRPE,NFKBIL1,0.4526527101691404,0.06602735192960756,0.7333333333333334,0.7333333333333334,0,P62304:Q9UBC1
HGS,MPPED1,-0.1947843341835283,0.25,0.5,0.6875,0,O14964:O15442
MRPS21,MRPL1,0.5767880439095869,1.0,0.8017676767676768,0.4861111111111111,-1,P82921:Q9BYD6
UPF3B,ACOT9,0.4425522046214786,0.1,0.35,0.13055555555555554,0,Q9BZI7:Q9Y305
RPL9,RRP15,0.7316960458231091,0.125,0.2,0.0,0,P32969:Q9Y3B9
GNAI3,MRAP,0.03509906418930114,0.12407407407407407,0.4222222222222223,0.6499999999999999,0,P08754:Q8TCY5
MRPL38,MRPL35,0.39460743708640866,1.0,0.5534090909090909,0.625,1,Q96DV4:Q9NZE8
RIMBP3C,FCGR3B,-0.018235715023538983,0.14404761904761904,0.3095238095238095,0.1402116402116402,0,A6NJZ7:O75015
SLBP,MCU,0.2919098704390201,0.08263125763125764,0.17293625914315564,0.6439296439296439,0,Q14493:Q8NE86
RPL5,LYAR,0.225205137923187,0.24896929824561406,0.6454545454545455,0.7782608695652173,-1,P46777:Q9NX58
MRPL53,MRM3,0.0,0.10795454545454546,0.5625,0.8173913043478263,-1,Q96EL3:Q9HC36
RPL28,RPL11,0.8507521916424119,0.3308206413469571,0.6087797619047619,0.8271103896103899,1,P46779:P62913
C2orf74,CRNKL1,0.13539929877985063,0.0,0.3287414965986395,0.625,0,A8MZ97:Q9BZJ0
GJC2,PADI6,-0.07564587225944516,0.1768939393939394,0.2955555555555555,0.10782828282828283,0,Q5T442:Q6TGC4
MFSD5,BTNL9,0.053831196646587504,0.07738095238095238,0.6666666666666666,1.0,-1,Q6N075:Q6UXG8
RPLP1,RPS7,0.8410204763011989,0.3686705451411334,0.629952380952381,0.6504329004329005,-1,P05386:P62081
C1QC,C1QC,1.0,0.3565244279529995,0.586,1.0,1,P02747:P02747
MED21,MED20,0.7005235982106301,0.4602756892230576,0.4763888888888889,0.9311111111111111,1,Q13503:Q9H944
POU2F1,POU2AF1,0.2756556599952756,0.3926816239316239,1.0,0.896590909090909,1,P14859:Q16633
DCXR,SREK1IP1,-0.26627079637665035,0.1388888888888889,0.0,0.9538239538239538,0,Q7Z4W1:Q8N9Q2
GRM5,CAB39,-0.1036953452734571,0.13763921263921264,0.38277777777777783,0.8754578754578756,0,P41594:Q9Y376
GFM1,MRPS26,0.4619735064381025,0.25,0.2575174825174825,1.0,-1,Q96RP9:Q9BYN8
MRPL2,PARL,0.6358957515457765,0.16093593906093906,0.55,0.1726190476190476,0,Q5T653:Q9H300
GABBR2,REEP3,-0.1205904869176365,0.1340277777777778,0.21944444444444444,0.8333333333333334,0,O75899:Q6NUK4
SNRPD1,PJA1,0.25070450622448726,0.1875,0.5,0.6777777777777778,0,P62314:Q8NG27
GPS1,COPS8,0.5006325215236714,0.24265746784543776,0.5246376811594201,1.0,1,Q13098:Q99627
COPS9,MMP19,-0.1229072486501406,0.1288938492063492,0.47222222222222227,0.14285714285714285,0,Q8WXC6:Q99542
RPLP1,RPL9,0.8295494121908717,1.0,0.6807539682539683,0.9071428571428573,-1,P05386:P32969
LRPPRC,MRPL55,0.3688021659031613,0.18888888888888888,0.3164335664335664,0.25,0,P42704:Q7Z7F7
TMEM179B,MAGED1,0.19063376326901627,0.0,0.37499999999999994,0.9924242424242424,0,Q7Z7N9:Q9Y5V3
PPIB,DUSP28,-0.06832686545559707,0.3,0.0,0.11996336996336997,0,P23284:Q4G0W2
HNRNPK,RNF128,-0.23907715219190806,0.12681921253349823,0.4138888888888889,0.6777777777777778,0,P61978:Q8TEB7
GNB1,S1PR5,0.05991468368202621,0.5208333333333333,0.8571428571428571,0.5729166666666666,-1,P62873:Q9H228
PCGF2,IFI27,0.20935924561511712,0.21305315055315055,0.23750000000000002,0.7777777777777777,0,P35227:P40305
OTOA,CEP70,0.7047647417399537,0.12698412698412698,0.4930555555555555,0.0,0,Q7RTW8:Q8NHQ1
SEC22B,HNF4G,-0.05315124543928226,0.12540584415584416,0.225,0.2685515873015873,0,O75396:Q14541
UBE2D1,LRSAM1,0.1288268705835858,0.2556943830163645,0.75,0.8624444444444443,1,P51668:Q6UWE0
TTC19,MRPL18,0.3154883112531894,0.10648148148148147,0.5045454545454545,0.6547619047619049,0,Q6DKK2:Q9H0U6
RPL30,RPL11,0.9469945367194769,0.3308206413469571,0.6087797619047619,0.8271103896103899,-1,P62888:P62913
TGFBR2,SLC17A8,-0.12483874883594952,0.15602252685586018,0.29024943310657597,0.32457264957264964,0,P37173:Q8NDX2
TRAV4,KRT73,0.10872081457315567,0.15000000000000002,0.1320004556846662,0.0,0,A0A0B4J268:Q86Y46
SEC61B,RPL37,0.4429019576072373,0.15916666666666668,0.7142857142857141,0.412063492063492,-1,P60468:P61927
TRAV4,RPS10,0.4562572727000919,0.11805555555555555,0.13565862708719853,0.0,0,A0A0B4J268:P46783
IK,LSM7,0.5228847012927036,0.7333333333333334,0.35028011204481796,0.9631782945736433,-1,Q13123:Q9UK45
TTLL8,RFC5,0.07928179859440108,0.09391335481561046,0.4801470588235295,0.18805465367965368,0,A6PVC2:P40937
GNAI1,ERGIC1,-0.057913959535908915,0.16666666666666666,0.4173076923076924,1.0,0,P63096:Q969X5
SNAP25,SNAP25,0.9999999999999998,0.17277147455718886,0.5184240362811792,0.8736742424242425,1,P60880:P60880
RPS9,RPL38,0.8954814665892465,0.4032106782106781,0.6499047619047619,0.7361111111111112,-1,P46781:P63173
AANAT,PLCH1,0.7473537267491932,0.11746031746031746,0.5138888888888888,0.12222222222222223,0,Q16613:Q4KWH8
HOXB7,AP3M1,0.2023319500228808,0.11433621933621933,0.20083333333333334,0.9444444444444445,0,P09629:Q9Y2T2
RAB43,CRIM1,0.21182006671056314,0.12333333333333332,0.5,0.24166666666666667,0,Q86YS6:Q9NZV1
MRPL3,MRPL39,0.7875692405652241,1.0,0.4778074866310161,0.625,1,P09001:Q9NYK5
IGHA2,UTP18,-0.06347230632971614,0.12142857142857143,0.33484848484848484,0.375,0,P01877:Q9Y5J1
MGAT4D,POLD4,-0.05935305286951125,0.10833333333333332,0.2421052631578947,0.14285714285714282,0,A6NG13:Q9HCU8
LRRC37A2,FGF2,0.15300067463150915,0.0,0.49817073170731707,0.0,0,A6NM11:P09038
ATP6V1C1,MEAK7,0.1026192471200511,0.1287734487734488,0.3982142857142857,1.0,-1,P21283:Q6P9B6
IGHG4,TP53INP2,-0.10555506960046737,0.1093819760486427,0.22999999999999998,0.4772727272727273,0,P01861:Q8IXH6
RPS11,ETF1,0.6203839174032291,0.1220238095238095,0.6129629629629629,0.6124574829931974,-1,P62280:P62495
RPS7,RPL30,0.951834556359201,0.6628891941391941,0.5863492063492063,0.5347222222222222,-1,P62081:P62888
MAPK6,SLC9B2,0.3742411486603451,0.111252405002405,0.25357142857142856,0.30000000000000004,0,Q16659:Q86UD5
SEPTIN2,STK11IP,0.3140255202144454,1.0,0.5059523809523809,0.3333333333333333,0,Q15019:Q8N1F8
AMBP,RPSA,-0.15276470987213764,0.2607142857142857,0.7498677248677248,0.782051282051282,0,P02760:P08865
RPS18,RIOK2,0.7351015718513639,0.12053571428571427,0.5047619047619047,0.1463809523809524,1,P62269:Q9BVS4
ARPIN,CATSPER3,-0.038120224237499625,0.13167989417989415,0.16196660482374767,0.09090909090909091,0,Q7Z6K5:Q86XQ3
RPL13A,NLE1,0.657160892233676,0.18694083694083696,0.6799999999999999,0.25,-1,P40429:Q9NVX2
MRPL23,NOX1,0.1944558938064586,0.1289356476856477,0.30448717948717946,0.4250744047619048,0,Q16540:Q9Y5S8
TBL3,BMS1,0.8141919782907114,0.4423076923076923,0.6407407407407407,0.41761363636363635,-1,Q12788:Q14692
KRTAP10-7,SSX2IP,0.834284772196806,0.0,0.39,1.0,-1,P60409:Q9Y2D8
PSMA1,RAB26,-0.2078043193662556,0.14201388888888888,0.19065656565656566,0.5611111111111111,0,P25786:Q9ULW5
POLR2F,MED22,0.4535001412953862,0.053968253968253964,0.37777777777777777,0.24693877551020407,-1,P61218:Q15528
SUMO2,RAPGEFL1,0.10842719681004713,0.0811965811965812,0.41666666666666663,0.14285714285714285,0,P61956:Q9UHV5
GFM1,MRPL9,0.618158396913125,0.29166666666666663,0.3542929292929292,0.7,-1,Q96RP9:Q9BYD2
RPL27,UFM1,0.6549631319624594,0.13655597874347875,0.5857142857142857,1.0,0,P61353:P61960
MRPS6,OXA1L,0.3063472236680131,0.17682488451719225,0.4404761904761905,0.6153846153846154,-1,P82932:Q15070
NUP188,NUP88,0.8717561551465699,0.5,0.8787037037037037,0.3333333333333333,-1,Q5SRE5:Q99567
PAGR1,FAIM,0.2567455093202691,0.10096153846153846,0.5,1.0,0,Q9BTK6:Q9NVQ4
MRPS25,OXA1L,0.4884840912540295,0.1664085914085914,0.4404761904761905,0.20915750915750914,-1,P82663:Q15070
ELOB,MGME1,0.2104463964689576,0.11744505494505494,0.2,0.5477272727272727,0,Q15370:Q9BQP7
RPS7,RPS6,0.9635876878451257,0.35282041191132096,0.6630952380952381,0.6885964912280702,-1,P62081:P62753
CYP4B1,EFTUD2,0.273554477032025,0.12222222222222223,0.2124517374517374,0.3067588325652842,0,P13584:Q15029
PSMC5,ZNF710,0.03282336689527165,1.0,1.0,0.6515873015873016,0,P62195:Q8N1W2
RPL11,RRS1,0.6911433336940135,0.329903083028083,0.5444444444444445,0.7666666666666667,-1,P62913:Q15050
RAD23A,PSMD4,0.6995540284322328,1.0,0.8696673189823874,0.9819182389937107,1,P54725:P55036
HSPA1B,STIP1,0.22467600435507032,0.14285714285714285,0.6777777777777777,0.9813953488372094,1,P0DMV9:P31948
BTF3,ELOVL6,-0.014382018133162536,0.07135970090515545,0.22333333333333333,0.5714285714285714,0,P20290:Q9H5J4
RPS16,UBA52,0.7952206851397428,0.7023809523809524,0.8296723460026213,0.8333333333333333,-1,P62249:P62987
ARFIP2,SLC9A5,0.08668751574789683,0.11286848072562358,0.4878787878787879,0.48571428571428577,0,P53365:Q14940
PSMA7,PSMC1,0.8641674652929353,0.6842105263157894,0.8616541353383458,0.9270202020202021,1,O14818:P62191
SNRNP70,SNRPF,0.24701265205897913,0.7349816849816849,0.48805418719211824,0.9776119402985075,1,P08621:P62306
RPS12,RPS28,0.9411889978464564,0.522077922077922,0.7066924066924067,0.6538461538461539,-1,P25398:P62857
SNRPG,SMN1,0.6616131017508198,0.5954045954045954,0.498015873015873,0.9951923076923077,1,P62308:Q16637
RRP9,NOL10,0.8731915332898414,0.5,0.8222222222222222,1.0,-1,O43818:Q9BSC4
IL4,HSD17B11,-0.011335626586655262,0.225,0.3,0.9346354166666666,0,P05112:Q8NBQ5
GPR180,CBLC,-0.29177540159273724,0.2329463465827102,0.75,0.0,0,Q86V85:Q9ULV8
EIF6,DDRGK1,0.2826573310239009,0.12252272727272726,0.3331168831168831,0.7500000000000001,-1,P56537:Q96HY6
ATP6AP1,CATSPERD,-0.01841608562942857,0.11936507936507937,0.5333333333333333,1.0,0,Q15904:Q86XM0
PSMC3,PSMA3,0.47509063035183485,0.6851851851851851,0.788547317661242,0.9939939939939939,1,P17980:P25788
ABHD3,REV1,0.226696271174835,0.09532828282828283,0.3333333333333333,0.10988005050505051,0,Q8WU67:Q9UBZ9
RBM22,LSM2,0.7877428260730667,0.7194444444444444,0.3603896103896104,0.9464285714285714,-1,Q9NW64:Q9Y333
RPLP1,RPS15A,0.8524384221820135,0.6027777777777777,0.739021164021164,0.6911764705882353,-1,P05386:P62244
ALDH1L1,TRIM69,-0.14351398875773397,0.13125,0.6518518518518518,0.9632683215130025,0,O75891:Q86WT6
CD3D,CD247,0.9037950471852934,0.3382306582306583,0.8681623931623932,0.9233333333333333,1,P04234:P20963
UCP2,VPS11,0.16676009149436782,0.1344376383850068,0.18786549707602337,0.931687242798354,0,P55851:Q9H270
GRB10,UPB1,-0.1653438809130102,0.09493330743330743,0.7222222222222222,0.3,0,Q13322:Q9UBR1
RPSA,RPS3,0.9052513549641511,0.19542344248226598,0.5660110420979988,0.6262049941927991,-1,P08865:P23396
APPBP2,NACA4P,0.5627806346990748,0.25,0.625,1.0,0,Q92624:Q9BZK3
LRPPRC,MRPL53,0.0,0.16666666666666666,0.30275974025974023,1.0,-1,P42704:Q96EL3
RANBP2,NUP54,0.8762014412406784,0.2824175824175824,0.9274509803921569,0.9837662337662337,-1,P49792:Q7Z3B4
ZC3HAV1L,VPS11,0.549022946042864,0.0,0.15664160401002508,0.0,0,Q96H79:Q9H270
AVPR2,SRP9,-0.03445676243687582,0.12941176470588237,0.2583333333333333,0.8357142857142856,0,P30518:P49458
SNRPD3,STEEP1,0.8281927057332932,0.1114996114996115,0.5990196078431372,0.75,0,P62318:Q9H5V9
RPS9,RPS18,0.9241307962946851,1.0,0.6919501133786847,0.62,-1,P46781:P62269
RPL19,PCSK9,-0.2921950892998094,0.14069264069264067,0.34603174603174597,0.625705467372134,0,P84098:Q8NBP7
UBC,PSMC4,0.6260480909223162,0.33176470588235296,0.8628180039138943,0.9338450292397662,-1,P0CG48:P43686
H3C1,RNF168,0.6431665971667067,0.171855767689101,0.7451612903225806,0.5848484848484848,-1,P68431:Q8IYW5
LSM10,HS3ST2,-0.0277085851903853,0.14285714285714285,0.35,0.13333333333333333,0,Q969L4:Q9Y278
CCN5,SOX14,-0.09115843272826042,0.14750000000000002,0.44761904761904764,0.797584541062802,0,O76076:O95416
GNG2,MRGPRX1,0.3278160792793709,0.5404040404040404,0.75,0.18333333333333335,-1,P59768:Q96LB2
ODC1,GPSM2,-0.0234979181584123,0.14865967365967367,0.609375,0.8840388007054673,0,P11926:P81274
H2AC4,UBE2D3,0.15189014751978022,0.09148599938073623,0.23080808080808082,0.7918595679012346,1,P04908:P61077
TGFBR2,VCX,-0.11569361987819032,0.3396915584415584,0.2,0.5,0,P37173:Q9H320
TAF11,ASF1A,0.5351176423939269,0.16035943223443222,0.509090909090909,0.9416666666666669,0,Q15544:Q9Y294
EIF6,SEC61B,0.4125624045079413,0.11071428571428571,0.4560606060606061,0.8214285714285714,0,P56537:P60468
NDUFA2,CYC1,0.4775018355886669,0.43636363636363634,0.5615079365079365,0.1940909090909091,-1,O43678:P08574
MYL2,RPA1,-0.06449961937681922,0.11333707444818554,0.4702508960573478,0.8325060532687654,0,P10916:P27694
MRPL49,UPF3B,0.47450722928988065,0.0817230749048931,0.206712962962963,0.9093023255813953,0,Q13405:Q9BZI7
RPL37,ETF1,0.5693086883342292,0.11833333333333333,0.6129629629629629,0.6011621315192742,-1,P61927:P62495
HLA-DRB1,MBP,-0.07545809328374108,0.20181725681725682,0.4727272727272727,0.9285714285714286,1,P01911:P02686
HNRNPL,PCBP2,0.8947702381657967,0.18429292929292931,0.6587962962962962,0.5965686274509804,1,P14866:Q15366
TPO,TIMP2,0.0010921474300481502,0.15256410256410258,0.43278388278388275,0.20162037037037037,0,P07202:P16035
TRPC3,CDC73,-0.027158525706065792,0.1318048618048618,0.2873376623376624,0.9805194805194806,0,Q13507:Q6P1J9
HNRNPK,MYRIP,-0.1473397878917241,0.11805555555555555,0.27936507936507937,0.7896825396825397,0,P61978:Q8NFW9
RPL26,ETF1,0.6433483546860606,0.1220238095238095,0.6129629629629629,0.6124574829931974,-1,P61254:P62495
RPS3,RPS15A,0.9500375512712244,0.6027777777777777,0.739021164021164,0.6911764705882353,-1,P23396:P62244
ORC1,CT45A3,0.332401926460564,0.0,0.0,1.0,0,Q13415:Q8NHU0
C20orf203,OR51M1,0.4392287712194421,0.0,0.41666666666666663,0.0,0,Q8NBC4:Q9H341
RPL35A,VSIG2,-0.01675957378831862,0.3333333333333333,1.0,0.0,0,P18077:Q96IQ7
WDR46,NGDN,0.8056784136717238,0.2599358974358974,0.3508771929824562,0.4,-1,O15213:Q8NEJ9
SPP1,NFE2L2,-0.1073685160947677,0.20885520189581688,0.38333333333333314,0.8845513122740846,0,P10451:Q16236
ELF4,PNO1,0.5092232367742633,0.16666666666666666,0.46666666666666673,0.875,0,Q99607:Q9NRX1
INTS2,NELFA,0.76327806924021,0.5902777777777778,0.8107142857142858,0.8833333333333332,-1,Q9H0H0:Q9H3P2
MRPS15,DZIP1,0.17111389223945858,0.10895337301587302,0.4394736842105263,0.8358974358974359,0,P82914:Q86YF9
SUMO2,TNFRSF9,0.1290207351295621,0.08611111111111111,0.3333333333333333,0.625,0,P61956:Q07011
MALSU1,MRM2,0.7089262842678513,0.08869833869833871,0.5833333333333334,0.1,-1,Q96EH3:Q9UI43
MAP1LC3A,VTI1B,0.45613731090669674,0.1839905464905465,0.37282539682539684,0.9651041666666668,0,Q9H492:Q9UEU0
RPL31,NOP16,0.5960193668516449,0.125,0.30500000000000005,1.0,-1,P62899:Q9Y3C1
CREB3L4,GAR1,0.28694077769336074,0.07435897435897436,0.5706004140786748,0.2705128205128205,0,Q8TEY5:Q9NY12
SNRNP70,SNRPG,0.21849359568445353,0.6875850340136054,0.45905483405483405,0.903125,1,P08621:P62308
TRAV4,RBP7,0.0007224028016452969,0.1,0.12142857142857143,0.0,0,A0A0B4J268:Q96R05
LSM3,ZPBP,0.23906321879139594,0.175,0.29603174603174603,0.0,0,P62310:Q9BS86
DAP3,MRPS11,0.5022214980373586,1.0,0.521969696969697,0.5166666666666666,-1,P51398:P82912
UFM1,RPL23,0.7182958110885623,0.1145914236906884,0.4098310291858679,0.6434837092731829,0,P61960:P62829
TCERG1,SF3B5,0.5686867832253966,0.6876653439153438,0.47571428571428565,0.925,-1,O14776:Q9BWJ5
WBP4,SNRPD2,0.711591061583897,0.6212585034013605,0.43640873015873016,0.9821428571428571,-1,O75554:P62316
RRH,MIS12,0.17877814849425205,0.14285714285714285,0.26666666666666666,1.0,0,O14718:Q9H081
CD3G,MYPOP,0.0014165324241623039,0.10555555555555556,0.2,0.9224747474747477,0,P09693:Q86VE0
ZBED4,KRTAP10-3,0.10161500293074956,0.0,0.3214285714285714,0.0,0,O75132:P60369
PPIL3,PRPF19,0.7094227972090822,0.31297550488726955,0.6279922779922781,0.9065058479532165,-1,Q9H2H8:Q9UMS4
WRAP53,NHP2,0.6324495113979404,0.4,0.4947845804988661,0.5714285714285714,1,Q9BUR4:Q9NX24
RPS3,RPS18,0.9523048458652622,1.0,0.6919501133786847,0.62,-1,P23396:P62269
TP53,GTF2H1,0.6914077790653027,0.3078360885378429,0.9518518518518518,0.9434782608695652,1,P04637:P32780
HMGN2,CBLL1,0.7677868821655816,0.11108305274971941,0.3652380952380952,0.5087301587301588,0,P05204:Q75N03
SYK,MTA1,0.11843026702031634,0.17860113742466685,0.4246697746697747,0.89004329004329,0,P43405:Q13330
NDC80,ISG15,0.8376920204526261,0.11483665144379429,0.8285714285714285,0.925925925925926,0,O14777:P05161
CHRNA1,SHC1,-0.09820468342922878,0.14164777021919878,0.4717026378896883,0.19115560365560363,0,P02708:P29353
RPL4,ETF1,0.7673790319759944,0.11833333333333333,0.6129629629629629,0.6124574829931974,-1,P36578:P62495
RARB,ZFP64,0.2518826226736942,0.5357142857142857,0.7333333333333334,0.938,0,P10826:Q9NTW7
PIAS4,PCDHB6,0.4846017083169472,0.1735827664399093,0.37499999999999994,0.5833333333333334,0,Q8N2W9:Q9Y5E3
RPL35,RPS29,0.8845617806710783,1.0,0.7327891156462585,0.5555555555555556,-1,P42766:P62273
MAP6,BAIAP2,0.3262376935347347,0.1170088683246578,0.3598755411255411,0.9739795918367348,0,Q96JE9:Q9UQB8
RPLP1,RPL7,0.8766824163720588,0.5631613756613757,0.6281462585034013,0.4966666666666667,-1,P05386:P18124
RPLP0,EEF2,0.7726083743303321,0.30238095238095236,0.514,0.5008169934640522,1,P05388:P13639
GPS1,ELOB,0.607286714893798,0.14444444444444446,0.6172839506172839,0.9393939393939393,1,Q13098:Q15370
STX11,KRTAP10-8,0.0,0.0,0.3214285714285714,1.0,0,O75558:P60410
TCERG1,SF3B6,0.6099902610002959,0.7374768089053803,0.6099773242630384,0.7444444444444445,-1,O14776:Q9Y3B4
EIF2S1,SLC4A11,0.027085890036014682,0.18364103217044395,0.6111111111111112,0.2296176046176046,0,P05198:Q8NBS3
BUD23,RPS24,0.3736164344107879,0.14173280423280424,0.4165584415584416,0.40952380952380946,-1,O43709:P62847
MEP1A,SIAH1,-0.0012846014874041732,0.13554267370056844,0.4538461538461539,0.9328231292517005,0,Q16819:Q8IUQ4
LINC02913,DCTPP1,0.07115987926291567,0.0,0.0,0.7402777777777778,0,Q8NAJ2:Q9H773
RPS26,KCNK6,0.3692144100574619,0.09894781144781145,0.5851851851851853,0.11555555555555555,0,P62854:Q9Y257
XRCC2,HDDC3,0.49396121191423487,0.0,0.0,0.9069444444444444,0,O43543:Q8N4P3
RPS28,NAT10,0.7388144271618211,0.2041110311023061,0.4751984126984127,0.5065277777777777,-1,P62857:Q9H0A0
RPS3,EIF1AD,0.7972031782880122,1.0,0.6,0.9648148148148149,-1,P23396:Q8N9N8
RRS1,CCDC86,0.39973089632984116,0.0,0.5772727272727273,0.75,0,Q15050:Q9H6F5
ATP5PF,ATP5MF,0.45470129441748486,0.7647058823529411,0.41228461081402257,1.0,-1,P18859:P56134
PYGB,USP46,0.14027631387949807,0.08978313353313352,0.5666666666666667,0.6886363636363636,0,P11216:P62068
AXDND1,ZNF830,0.21012427625585917,0.11780124637267493,0.4515151515151514,0.0,0,Q5T1B0:Q96NB3
KLRG1,GCNT4,0.16145307666012912,0.11429022366522365,0.3333333333333333,0.13095238095238096,0,Q96E93:Q9P109
FMNL1,PMF1,0.2351769003792808,0.21004273504273505,0.5941176470588235,0.9583333333333335,0,O95466:Q6P1K2
TRHR,TMEM239,-0.0057663938818406256,0.0,1.0,1.0,-1,P34981:Q8WW34
HLA-B,HLA-B,1.0,0.4101977567886659,0.45019047619047614,0.8888888888888888,1,P01889:P01889
LRPPRC,MRPL46,0.6104381585447559,0.16666666666666666,0.28991477272727273,0.25,-1,P42704:Q9H2W6
HNF4A,EIF2B4,-0.2782875136028687,0.18813459268004723,0.4583333333333333,0.8295238095238094,0,P41235:Q9UI10
NDUFB8,PPP2R5E,0.331949471214152,0.125,0.2285714285714286,0.12171717171717172,0,O95169:Q16537
MPG,CMSS1,0.5779157086666024,0.0,0.0,0.5,0,P29372:Q9BQ75
MRPS21,MRPS26,0.7468779442507028,1.0,0.5940559440559441,1.0,-1,P82921:Q9BYN8
SNRPE,LSM11,0.23786208050892801,0.19841269841269837,0.5500000000000002,0.6875,1,P62304:P83369
SNAI1,KPNB1,0.27123762842426596,0.09935701553348612,0.5957528957528958,0.8694235588972431,1,O95863:Q14974
NKRF,PDK1,0.39875596958371645,0.10880534031794535,0.215625,0.6334325396825397,0,O15226:Q15118
UBE2S,ANAPC1,0.5003296725426485,0.46184640522875814,0.7125,0.3333333333333333,-1,Q16763:Q9H1A4
ERMN,KRTAP9-9,-0.03287580882120871,0.0,0.3214285714285714,0.0,0,Q8TAM6:Q9BYP9
RBP4,L3MBTL3,-0.14827505337690594,0.12142857142857141,0.3125,0.9746543778801843,0,P02753:Q96JM7
IGKV3-20,MED8,0.07256361277460219,0.08341991341991341,0.2625,0.39222222222222225,0,P01619:Q96G25
MARCHF11,ZBTB8OS,0.12637364881784002,0.08333333333333333,0.15,0.1726190476190476,0,A6NNE9:Q8IWT0
GLE1,SNORC,-0.21764664219038876,0.1,0.5416666666666666,1.0,0,Q53GS7:Q6UX34
CDKN1B,OOSP2,-0.02543238188512438,0.16666666666666666,0.5,1.0,0,P46527:Q86WS3
PMEL,PTX4,0.05033199721477425,0.0,0.3333333333333333,0.2,0,P40967:Q96A99
RPS14,RRP12,0.242676371633011,0.0,0.4722222222222222,1.0,-1,P62263:Q5JTH9
POLD1,PTGR1,-0.057185319060638964,0.08787878787878788,0.3333333333333333,0.2867063492063492,0,P28340:Q14914
SEC61B,RPL24,0.5121160084368713,0.1335275835275835,0.6696649029982362,0.4250000000000001,-1,P60468:P83731
DCAF13,RRP7A,0.671728140860461,0.3129370629370629,0.5318181818181819,0.8928571428571429,-1,Q9NV06:Q9Y3A4
RPS3A,RPS24,0.9579001626214072,0.48839285714285713,0.7233766233766233,0.6476190476190476,-1,P61247:P62847
SNUPN,C5AR1,-0.12594883640614954,0.11193336577951962,0.7629629629629631,0.15646258503401358,0,O95149:P21730
RPS18,RPL31,0.9117447338912626,1.0,0.6769841269841269,0.7916666666666666,-1,P62269:P62899
MAB21L3,DIABLO,-0.007146915872789692,0.0,0.0,1.0,0,Q8N8X9:Q9NR28
BCL2L11,ZMYND12,0.07502755139055504,0.10795454545454546,0.16666666666666666,0.9902439024390244,0,O43521:Q9H0C1
MRPL33,MRPL35,0.2095507123172239,1.0,0.5534090909090909,0.625,1,O75394:Q9NZE8
MRPL18,DDX28,0.3604392217601579,0.10795454545454547,0.54,0.24591015045560508,-1,Q9H0U6:Q9NUL7
RPS11,RPL38,0.9469631983163544,0.4032106782106781,0.6499047619047619,0.7361111111111112,-1,P62280:P63173
KIN,SNRPD2,0.6858086146998881,0.6215855572998429,0.43640873015873016,0.9821428571428571,-1,O60870:P62316
LANCL1,BAIAP2L1,-0.3727380722029491,0.16225520511234798,0.36666666666666664,0.9166666666666666,-1,O43813:Q9UHR4
GPKOW,DNM3,0.22981871610519622,0.07094078760745427,0.3,0.35178872053872046,0,Q92917:Q9UQ16
H3C1,MSRB3,-0.042773552070159475,0.20833333333333334,0.35,0.8803986710963457,0,P68431:Q8IXL7
RPS11,RPL32,0.9714463551446596,1.0,0.7049689440993788,0.7916666666666667,-1,P62280:P62910
UQCR11,NDUFB3,0.6697886546079371,0.2841269841269842,0.6557692307692307,0.2,-1,O14957:O43676
PSMB2,USP14,0.8655471509444044,0.16663238483413922,0.5623249299719887,0.3829365079365079,-1,P49721:P54578
GFM1,MRPS18A,0.5660963519713947,0.29166666666666663,0.2378246753246753,0.24999999999999997,-1,Q96RP9:Q9NVS2
ASB9,ASB9,1.0,0.42512254901960783,0.6194444444444445,0.9702380952380952,1,Q96DX5:Q96DX5
TRBC2,HLA-DQA1,0.4579803402655554,0.4975108225108225,0.532780612244898,0.0,0,A0A5B9:P01909
RRP9,RPS27,0.674243710555873,0.2159584242917576,0.4472380952380952,0.5811688311688312,-1,O43818:P42677
USP17L10,RFC4,0.0,0.12477453102453102,0.47676056338028183,0.11981292517006803,0,C9JJH3:P35249
SNRPB2,STEEP1,0.7971569348812971,0.0992063492063492,0.5990196078431372,0.75,0,P08579:Q9H5V9
POLR1D,SNAPC3,0.5350184333815295,0.6666666666666667,0.8294117647058823,0.8090811965811966,-1,P0DPB6:Q92966
RPL30,RPL10A,0.972351692294841,0.82,0.6422161172161173,0.7,-1,P62888:P62906
MPHOSPH10,RPS4X,0.7542005740250954,0.23859126984126983,0.39470238095238097,0.7369565217391304,-1,O00566:P62701
ANKMY2,S100A13,0.3764981271813766,0.0,0.2551282051282051,0.5515873015873016,0,Q8IV38:Q99584
NUP35,NUP133,0.6991481645052839,0.25383379247015614,0.8369444444444447,0.9423076923076923,-1,Q8NFH5:Q8WUM0
GTPBP6,MRPL22,0.573673886342917,0.0,0.30275974025974023,0.16666666666666666,-1,O43824:Q9NWU5
SNRPD3,TXNL4A,0.289610789547098,0.5031746031746032,0.5533730158730158,1.0,-1,P62318:P83876
PPIL2,PRPF19,0.52648387189594,0.3192874514009383,0.6279922779922781,0.9065058479532165,-1,Q13356:Q9UMS4
SDS,RHEB,-0.23377399739909138,0.09702189345046486,0.21738816738816738,0.5303854875283448,0,P20132:Q15382
HTR1A,GPR137,0.12383672288827986,0.14555555555555558,0.16666666666666666,0.0,0,P08908:Q96N19
HSBP1,CD1D,-0.09294983818827271,0.11536342445433355,0.3065934065934066,0.5277777777777778,0,O75506:P15813
PSMD4,PRAMEF6,0.37015160052630836,0.3374507697815968,0.25,0.3333333333333333,0,P55036:Q5VXH4
RPLP1,RPL23A,0.8701492873501442,1.0,0.6579047619047619,0.6391666666666667,-1,P05386:P62750
DDX28,MRPL11,0.6714972764339356,0.12037037037037036,0.4114057239057239,0.28682170542635654,-1,Q9NUL7:Q9Y3B7
CLCN7,MLANA,0.12290504573881447,0.0,0.3477777777777778,1.0,0,P51798:Q16655
HGS,TSG101,0.8996554934995887,0.15679590017825312,0.2744840576090576,0.9574074074074074,1,O14964:Q99816
MTIF2,MRPS6,0.2969960289652247,0.17777777777777778,0.23926767676767674,0.24999999999999994,-1,P46199:P82932
MRPS31,MTIF3,0.5255713898734936,0.12222222222222223,1.0,0.9606995884773663,-1,Q92665:Q9H2K0
H2BC10,SNAPC3,0.28030152559125526,0.06952380952380952,0.8294117647058823,0.8090811965811966,0,P62807:Q92966
VASP,ZYX,0.7285243896241572,0.1108974358974359,0.4404779083350512,0.953030303030303,1,P50552:Q15942
KLF11,IGHG2,0.018249032913362627,0.12083333333333332,0.4770833333333333,0.6666666666666666,0,O14901:P01859
KCNQ3,PPIG,-0.32640345351752925,0.15476190476190477,0.4472222222222222,0.7766666666666667,0,O43525:Q13427
GTPBP6,MRPL18,0.6073765159768229,0.0,0.3446496212121212,0.20238095238095236,-1,O43824:Q9H0U6
MED6,RPS10P5,0.5455587095119562,0.0,0.16666666666666666,0.3333333333333333,0,O75586:Q9NQ39
NDUFS6,SP5,-0.022587357467004472,0.09148692810457518,0.35,0.19333333333333333,0,O75380:Q6BEB4
MRPL18,MRPS17,0.5647387357595041,1.0,0.583041958041958,0.54,-1,Q9H0U6:Q9Y2R5
RPL5,RPL26,0.9376331664006585,0.30169413919413923,0.6619963369963369,0.5643939393939394,-1,P46777:P61254
H3C13,H2BC9,0.4128423142493753,1.0,0.5242424242424243,0.675,-1,Q71DI3:Q93079
MED21,MED10,0.6907780739574637,0.43238095238095237,0.6333333333333333,0.8632478632478632,1,Q13503:Q9BTT4
PFDN6,VBP1,0.6098801772155863,0.5533333333333333,0.4702380952380952,0.9766666666666666,1,O15212:P61758
EED,EED,1.0,0.5608974358974358,0.7046296296296296,0.9485380116959065,1,O75530:O75530
TNNT2,SYS1,-0.23462354647950964,0.0914141414141414,0.3375,1.0,0,P45379:Q8N2H4
CDH1,RPS18,0.2531316040873157,0.1571428571428571,0.40623582766439914,0.62,-1,P12830:P62269
RPS4X,AATF,0.6846316330941328,0.24047619047619048,0.3503607503607504,0.84,-1,P62701:Q9NY61
CSNK1A1,RPS18,0.5787659897127284,0.29999999999999993,0.6919501133786847,0.62,-1,P48729:P62269
USP7,SLC2A8,0.4388625287310975,0.13784722222222223,0.25922619047619044,0.14351851851851852,0,Q93009:Q9NY64
BMS1,UTP6,0.92002004113627,0.5384615384615384,0.5481481481481482,0.9,-1,Q14692:Q9NYH9
MRPS22,MRPL9,0.6454839545684818,1.0,0.5248484848484848,0.7,-1,P82650:Q9BYD2
TNNI3,TRIM63,0.15263531264591187,0.12909414115296466,0.4095238095238095,0.7760770975056689,1,P19429:Q969Q1
RPL22,RPF2,0.7341181373979027,0.10388888888888888,0.29166666666666663,0.6083333333333334,-1,P35268:Q9H7B2
CMTM5,GMPPB,-0.33454896488277003,0.09491341991341992,0.4107142857142857,0.7133333333333333,0,Q96DZ9:Q9Y5P6
ERAL1,MRPS10,0.5607593231899677,0.09090909090909091,0.5909090909090909,0.0,-1,O75616:P82664
YWHAZ,DISC1,0.2720990525503855,0.17444877344877344,0.44336419753086415,0.9927219796215428,-1,P63104:Q9NRI5
ARL17A,SF3B6,0.6250630598122232,0.09962894248608534,0.3480725623582767,0.1234567901234568,0,Q8IVW1:Q9Y3B4
MED10,MED29,0.4944973179304899,0.5125,0.5380952380952382,0.9818181818181819,1,Q9BTT4:Q9NX70
PRPF6,VPREB1,0.0053438441463931575,0.2,0.31666666666666665,0.0,0,O94906:P12018
TIGD6,BAG5,0.6664273408184765,0.0,0.40073260073260075,0.2324675324675325,0,Q17RP2:Q9UL15
FGF2,GSTM3,0.12189460208295268,0.19196428571428573,0.48095238095238096,0.8015873015873015,0,P09038:P21266
TMEM270,VSTM2A,-0.03227138691999054,0.0,0.5666666666666667,0.0,0,Q6UE05:Q8TAG5
KCNK1,EMG1,-0.13124036026782004,0.11316738816738815,0.36538461538461536,0.4635802469135802,0,O00180:Q92979
HLA-DMA,NR4A3,0.06316277171342309,0.1315921115921116,0.4523809523809524,0.7958520515124291,0,P28067:Q92570
H4C1,RNF168,0.24452668923306894,0.171855767689101,0.7451612903225806,0.5848484848484848,-1,P62805:Q8IYW5
TMEM245,POLR3E,0.6695510509414816,0.0,0.3769230769230768,0.0,0,Q9H330:Q9NVU0
WDR36,UTP15,0.9123827866104968,0.25746753246753246,0.4511111111111112,0.4166666666666667,-1,Q8NI36:Q8TED0
RTL8C,PRKAB1,-0.27060039643525713,0.26587301587301587,0.41212121212121205,0.9770114942528735,0,O15255:Q9Y478
ASIC2,SKA3,-0.11532962835198697,0.17985902985902982,0.19674185463659147,0.9333333333333333,0,Q16515:Q8IX90
CWC15,LSM2,0.6590531143056997,0.7194444444444444,0.3603896103896104,0.9464285714285714,-1,Q9P013:Q9Y333
MRPL23,MRPL51,0.47342943207354116,1.0,0.4955965909090909,0.8125,-1,Q16540:Q4U2R6
RPS15,RPL39,0.842916012588033,0.5392628205128205,0.7324263038548752,0.8333333333333334,-1,P62841:P62891
H2BC11,SOX2,-0.169450483035513,0.13029488627314717,0.7730392156862745,0.5594920634920634,1,P06899:P48431
RPL7A,RPS6,0.9654357584411709,0.35282041191132096,0.6630952380952381,0.6885964912280702,-1,P62424:P62753
COX7A2,COX7A2,1.0,0.3803418803418803,0.6335034013605442,0.625,0,P14406:P14406
RPLP1,RPL30,0.8932303491287964,0.6628891941391941,0.5863492063492063,0.5347222222222222,-1,P05386:P62888
ATP6V1C2,GTF2H4,0.03988766458811369,0.07577838827838829,0.4667953667953667,0.8041666666666666,0,Q8NEY4:Q92759
SNRPG,PRELID3A,0.029220465797303242,0.1111111111111111,0.3055555555555556,0.42857142857142855,0,P62308:Q96N28
NRP1,GAD1,-0.2955616618469794,0.11561875624375624,0.2926739926739927,0.8394557823129251,0,O14786:Q99259
EXOC4,EXOC1,0.8000730848460347,0.29649572649572653,0.5916666666666667,0.9693877551020408,1,Q96A65:Q9NV70
CHRNG,KRTAP10-3,-0.01850698941891389,0.0,0.22916666666666666,0.0,1,P07510:P60369
NDUFA1,UQCRB,0.7838060372598765,0.8,0.6335034013605442,0.125,-1,O15239:P14927
TP53,POLR2K,0.4020632469331391,0.3881578947368421,0.9297520661157025,0.2821428571428572,1,P04637:P53803
MED8,MARCHF5,0.7241398339851355,0.41540582579185525,0.27202380952380956,0.8994047619047618,0,Q96G25:Q9NX47
RPS6,RPL24,0.9396785747734007,0.6277777777777777,0.6696649029982362,0.5892857142857143,1,P62753:P83731
SPICE1,C2CD4C,-0.2716626228109297,0.0,0.5,0.0,0,Q8N0Z3:Q8TF44
SF3B1,IK,0.7113224649447549,0.443859649122807,0.5341991341991342,1.0,-1,O75533:Q13123
CST8,KLHL2,-0.09856892841927838,0.0,0.45138888888888884,0.12283950617283947,0,O60676:O95198
NSUN4,MRPL32,0.17718529980282857,0.13392857142857142,0.31047979797979797,0.4375,-1,Q96CB9:Q9BYC8
RPL10,RPL12,0.925604734254946,1.0,0.6664761904761904,0.5416666666666667,-1,P27635:P30050
EMP3,LHFPL5,0.14114008932817926,0.10722222222222222,0.5555555555555555,1.0,-1,P54852:Q8TAF8
SNRPB2,PPIL4,0.8016251707516853,0.05555555555555555,0.7833333333333333,0.4583333333333333,0,P08579:Q8WUA2
RPS3A,RPS3A,0.9999999999999998,0.6632575757575757,0.6850793650793651,0.6944444444444444,0,P61247:P61247
FHIT,PSMD7,-0.15022498637555698,0.09090909090909091,0.8254920634920635,0.8675213675213675,0,P49789:P51665
PSMA3,HPF1,0.40797907802385297,0.08765678765678765,0.5428571428571429,0.4743589743589744,0,P25788:Q9NWY4
MRPL21,MRPL41,0.059236604803633686,0.78125,0.49827516233766234,0.47222222222222215,-1,Q7Z2W9:Q8IXM3
RPS3A,RPS29,0.8379124879201694,1.0,0.7327891156462585,0.5555555555555556,-1,P61247:P62273
MALSU1,MRM3,0.6822769123128932,0.08116883116883117,0.5625,0.8173913043478263,-1,Q96EH3:Q9HC36
RPS15A,MCTS1,0.5585428317016657,0.12723214285714285,1.0,0.6462962962962963,-1,P62244:Q9ULC4
RPL39,RPL10A,0.8781660592486006,0.82,0.6422161172161173,0.3833333333333334,-1,P62891:P62906
MRPL1,MRPL46,0.6426283169095061,1.0,0.5086647727272727,1.0,-1,Q9BYD6:Q9H2W6
TPST2,COMMD5,-0.23660666044113682,0.0,0.3,0.5,0,O60704:Q9GZQ3
SMYD1,MED16,-0.23719946393746744,0.2947733918128655,0.3466666666666666,0.7666666666666666,0,Q8NB12:Q9Y2X0
TRAF1,ZNF70,0.36836803223710224,0.25,0.45555555555555555,0.38125,0,Q13077:Q9UC06
KY,EXOSC4,0.008433822284927,0.14757169913419912,0.3588789682539682,0.1958791208791208,0,Q8NBH2:Q9NPD3
GSN,ETF1,0.49777412782740366,0.24546568627450976,0.6129629629629629,0.6124574829931974,0,P06396:P62495
ARPC2,ARPC5,0.8796853786019057,0.4139610389610389,0.6681818181818182,0.5277777777777778,1,O15144:O15511
OR5H8,ASCL1,-0.02639534621529781,0.14050066996495567,0.20833333333333334,0.3258101851851852,0,P0DN80:P50553
RPN2,MAGT1,0.8150938427989035,0.5437964812964813,0.5794871794871796,0.125,1,P04844:Q9H0U3
MRPS14,MRPL11,0.45059323251023664,1.0,0.4563131313131314,0.9108527131782945,-1,O60783:Q9Y3B7
S1PR1,IFTAP,0.04805756191850019,0.19642857142857142,0.3333333333333333,0.6666666666666667,0,P21453:Q86VG3
EIF3H,EN2,-0.028540860787940422,0.14148351648351648,0.38,0.16964285714285715,0,O15372:P19622
CUL2,SIL1,0.4858003809214683,0.13030303030303028,0.25999999999999995,0.8545454545454544,0,Q13617:Q9H173
MRPS35,MRPL11,0.6998607166299007,1.0,0.4563131313131314,0.9108527131782945,-1,P82673:Q9Y3B7
IGKV1-39,REEP3,-0.12998249160970385,0.1572420634920635,0.21944444444444444,0.425,0,P01597:Q6NUK4
NDUFV3,NDUFA12,0.7053007546056657,0.25040885040885036,0.40625,0.78125,1,P56181:Q9UI09
RPS3,RPS5,0.9612053890369188,0.6599999999999999,0.7040726817042606,0.5769230769230769,-1,P23396:P46782
RPL34,NIP7,0.5270677841928424,0.1125,0.4888888888888889,0.8636363636363636,-1,P49207:Q9Y221
MCM2,ASF1B,0.863029691723285,0.3098484848484848,0.5523809523809524,0.8857142857142856,1,P49736:Q9NVP2
SEPTIN2,MVB12B,0.2628241285257687,0.17565918929555294,0.2188095238095238,0.8333333333333334,0,Q15019:Q9H7P6
LMNA,EN2,-0.15981713432028447,0.19872534872534872,0.4800000000000001,0.18571428571428572,0,P02545:P19622
C2orf49,POLI,0.736709283232252,0.1423611111111111,0.8333333333333334,0.8404761904761904,0,Q9BVC5:Q9UNA4
ATP6AP2,HEPACAM,0.006520373484196689,0.1634920634920635,0.4333333333333334,0.0,0,O75787:Q14CZ8
IL17A,IL17F,0.11088741094607765,0.3110463066345419,0.8333333333333334,0.7592592592592592,1,Q16552:Q96PD4
MPG,HSD17B14,0.17280239683612852,0.125,1.0,0.9547413793103449,1,P29372:Q9BPX1
RAB15,GTF2B,-0.21133710852020277,0.08642329892329893,0.38908730158730154,0.7200486096712511,0,P59190:Q00403
IGHG4,CYP26B1,-0.08518529218411748,0.12383971583971583,0.3333333333333333,0.20324675324675326,0,P01861:Q9NR63
HNRNPCL4,HSPE1,0.32256431104843086,0.0,0.33749999999999997,0.26815476190476195,0,P0DMR1:P61604
FGF6,NCALD,-0.08408816136823599,0.16765873015873015,0.40625,0.9166666666666665,-1,P10767:P61601
COPS6,COPS7B,0.7112893918529863,0.3765182186234817,0.6285714285714283,1.0,1,Q7L5N1:Q9H9Q2
MPHOSPH10,RPS11,0.7819526447202724,0.2738095238095238,0.42355212355212346,0.6545454545454545,-1,O00566:P62280
TOMM5,SLC39A1,0.5935189250394017,0.08308404558404558,0.22000000000000003,0.0,0,Q8N4H5:Q9NY26
IL1R2,MAGOHB,-0.17733831005113293,0.10828460038986354,0.3809523809523809,0.9910714285714286,0,P27930:Q96A72
MRPS21,MRPS24,0.38061290507637635,1.0,0.6725206611570248,0.7222222222222222,-1,P82921:Q96EL2
GTPBP6,MRPL42,0.7084922229097037,0.0,0.28101325757575757,0.16666666666666666,-1,O43824:Q9Y6G3
MRPL52,MRPL41,-0.07116293707284005,0.7857142857142857,0.49827516233766234,0.5,-1,Q86TS9:Q8IXM3
RPL22,RPS8,0.9180784403642983,0.7480158730158729,0.6941071428571429,0.5833333333333334,-1,P35268:P62241
ELOB,GINS3,0.46536828987180834,0.10897435897435898,0.5515151515151516,1.0,-1,Q15370:Q9BRX5
CRABP2,CCND3,-0.06783260337575873,0.23739316239316238,0.7061111111111111,0.9462759462759462,1,P29373:P30281
UBC,PSMC5,0.5972360274463733,0.22732843137254902,0.8179197994987469,0.9313822751322751,1,P0CG48:P62195
MRPL3,TUFM,0.7763019626753282,0.3111111111111111,0.548989898989899,0.28583916083916083,-1,P09001:P49411
RPS14,UTP3,0.7127175119960353,0.347008547008547,0.5481481481481482,0.875,-1,P62263:Q9NQZ2
RPS15,EIF3I,0.763178483966546,0.21000000000000002,0.5712962962962963,0.8055555555555556,-1,P62841:Q13347
LOX,FBLN5,0.44874162391228173,0.48192125334982483,0.5548469387755102,0.8091954022988506,1,P28300:Q9UBX5
OR3A1,ANXA2R,0.08030559632372591,0.0,0.0,0.3333333333333333,0,P47881:Q3ZCQ2
MED7,MED25,0.6821659505838673,0.48037641370974704,0.6462962962962963,0.939455782312925,-1,O43513:Q71SY5
H3C1,ARID2,0.5830583602851751,0.16139708244971407,0.4685714285714286,0.8966666666666666,-1,P68431:Q68CP9
NDUFA2,MT-ND4,0.2539825337132084,0.37877782348370576,0.6476190476190475,0.725,-1,O43678:P03905
TSPAN3,NAE1,0.2468777442811671,0.0,0.38333333333333336,0.0,0,O60637:Q13564
SEC61G,RPL18A,0.455509658296269,0.08522727272727273,0.7218614718614718,0.5833333333333334,-1,P60059:Q02543
NDUFS6,NDUFB9,0.5825789126606888,0.3053030303030303,0.6178571428571428,0.31666666666666665,-1,O75380:Q9Y6M9
AQP4,RPS16,-0.4739732705249746,0.12551406926406927,0.41090225563909766,0.5625,0,P55087:P62249
BEND7,THAP1,0.5395828830505667,0.0,0.1876190476190476,0.9347459319157433,-1,Q8N7W2:Q9NVV9
FOXH1,PRR35,0.1267612548143123,0.0,0.0,1.0,0,O75593:P0CG20
GNG2,NMUR1,0.19758312472450168,0.537085137085137,0.925,0.16071428571428573,-1,P59768:Q9HB89
DHFR2,GFI1,-0.07773029464851709,0.08487103174603176,0.3,0.18002645502645506,0,Q86XF0:Q99684
ABCE1,RPL7A,0.69987050464532,0.19375,0.6275510204081632,0.7058823529411765,-1,P61221:P62424
GPKOW,RBMX2,0.7119620136386103,0.7666666666666667,0.3727106227106229,0.8928571428571429,-1,Q92917:Q9Y388
HDAC1,PCDHGA7,0.2402897980118019,0.21944444444444444,0.3333333333333333,1.0,0,Q13547:Q9Y5G6
CASC3,MAGOHB,0.614773138719297,0.2746867167919799,0.6587301587301588,0.9910714285714286,1,O15234:Q96A72
TIMM10,PCNP,0.37185253616257224,0.06666666666666667,0.275,1.0,0,P62072:Q8WW12
GABRA1,GABRG2,0.9577624510555958,0.3366213151927438,0.38015873015873014,0.35407196969696975,1,P14867:P18507
SNRPF,SMN1,0.7251307129934143,0.5954045954045954,0.498015873015873,0.9951923076923077,1,P62306:Q16637
RPL11,TRNP1,0.13907972050013273,0.15476190476190477,0.24444444444444446,0.5,0,P62913:Q6NT89
DIABLO,BPNT2,0.16773202294678882,0.13005050505050506,0.4277777777777778,0.13166666666666668,0,Q9NR28:Q9NX62
EXOSC2,METTL9,0.2576916239868794,0.3333333333333333,0.5,0.375,0,Q13868:Q9H1A3
MYBL2,S100A4,-0.03852562208972365,0.12283549783549783,0.42976190476190484,0.8854166666666667,0,P10244:P26447
C9orf78,CWC15,0.586066543929565,1.0,0.5037202380952381,0.7857142857142857,0,Q9NZ63:Q9P013
MRPL2,KDF1,0.03236873345284701,0.09837847337847337,0.4444444444444444,0.25,0,Q5T653:Q8NAX2
MTREX,MPHOSPH6,0.5721983927091159,1.0,0.5246913580246914,0.9375,1,P42285:Q99547
UBE2D3,PCGF5,0.546343921984815,0.5370370370370371,0.3779100529100529,0.9339743589743589,-1,P61077:Q86SE9
HOMEZ,APPBP2,0.562416871825569,0.05762936753648827,0.3208333333333333,0.9827380952380953,0,Q8IX15:Q92624
MCM4,OR51M1,0.10125205442793671,0.1053030303030303,1.0,0.16666666666666666,0,P33991:Q9H341
MRPS5,MRPL18,0.6001835956116739,0.6944444444444445,0.5045454545454545,0.32142857142857145,-1,P82675:Q9H0U6
PABPC5,KREMEN1,0.21498526441094376,0.0,0.38888888888888884,0.8666666666666667,0,Q96DU9:Q96MU8
SRRM2,PPIL1,0.07263239481824249,0.4907766048116925,0.6676190476190478,0.8549382716049384,-1,Q9UQ35:Q9Y3C6
CDH1,RPL23A,0.04178216162607555,0.15476190476190474,0.41790476190476183,0.6408333333333333,-1,P12830:P62750
NOL3,KIAA1586,0.09621727490012755,0.125,0.0,0.1111111111111111,0,O60936:Q9HCI6
LRRC40,LAMTOR2,0.3737731499774757,0.1714285714285714,0.22890070921985808,0.9435626102292768,0,Q9H9A6:Q9Y2Q5
PPIL3,STEEP1,0.767758697132682,0.1638888888888889,0.5990196078431372,0.75,-1,Q9H2H8:Q9H5V9
EIF4A1,RPS15,0.6952237390517265,0.17254329004329003,0.7455026455026454,0.5428571428571428,-1,P60842:P62841
P4HA1,LAMTOR1,0.3630058619585032,0.09654333122075061,0.24619047619047618,0.8364810330912027,0,P13674:Q6IAA8
SOCS2,REPIN1,0.11929215460139997,0.12169312169312169,0.4916666666666667,0.3361111111111111,0,O14508:Q9BWE0
TBP,GTF2H4,0.771067473994149,0.5773809523809524,0.9127413127413125,0.8041666666666666,-1,P20226:Q92759
INHBA,ZNF326,0.09934589039508487,0.27444444444444444,0.325,0.7076923076923076,0,P08476:Q5BKZ1
RPL4,EEF1A1,0.9538616523143589,0.426025641025641,0.4544047619047619,0.7121604938271605,-1,P36578:P68104
LYSMD2,LNX1,0.06043762985815514,0.0,0.0,0.9955702647657841,0,Q8IV50:Q8TBB1
VGLL3,CD226,-0.05920383424430629,0.09166006508111768,0.16825396825396824,0.8525641025641024,0,A8MV65:Q15762
SNAI1,GJB4,-0.0543817889767132,0.14464285714285713,0.3944444444444444,0.8409090909090909,0,O95863:Q9NTQ9
CALM1,RASGRP4,-0.11898542861522916,0.30617826617826616,0.6027777777777776,0.5687830687830688,0,P0DP23:Q8TDF6
SNRPF,SMU1,0.7010100528143722,0.4375,0.5428571428571429,1.0,-1,P62306:Q2TAY7
RFX5,TRAF1,0.8500930576169354,0.11013708513708514,0.4333333333333334,0.9852931648850016,0,P48382:Q13077
CSNK2B,VRK3,0.6804194647682629,0.3523809523809524,0.6000000000000001,0.3958333333333333,-1,P67870:Q8IV63
WDR74,NIP7,0.6283738508823479,0.5625,0.4888888888888889,0.8636363636363636,-1,Q6RFH5:Q9Y221
NCOA1,ZNF830,0.4673816252216924,0.1442442478156764,0.8606060606060605,0.8984126984126983,0,Q15788:Q96NB3
GPKOW,SF3B6,0.5816532709945778,0.7357142857142857,0.6099773242630384,0.7444444444444445,-1,Q92917:Q9Y3B4
RPL21,WDR55,0.7746218377200782,0.14285714285714285,0.4333333333333333,0.0,0,P46778:Q9H6Y2
MAT2A,SESN3,0.14936031032879404,0.16898187282802668,0.2733333333333333,0.5916666666666667,0,P31153:P58005
MED1,TEN1,0.3185097576004891,0.11607142857142856,0.5920634920634922,0.8900000000000001,0,Q15648:Q86WV5
NDUFA10,NDUFB9,0.2510895374832373,0.3053030303030303,0.6178571428571428,0.234375,-1,O95299:Q9Y6M9
DEFB4A,PNO1,0.013777191152255638,0.14285714285714285,0.3238095238095238,0.875,0,O15263:Q9NRX1
RRAS2,TXNDC5,0.7353425347642,0.175,0.36701388888888886,0.5714285714285714,0,P62070:Q8NBS9
MFSD14B,GAR1,0.7939549032529591,0.08741258741258741,0.3532091097308489,0.2705128205128205,0,Q5SR56:Q9NY12
RRAGA,RRAGC,0.7373093651162899,0.4441769457394457,0.7340531561461794,0.6699410774410776,1,Q7L523:Q9HB90
EBI3,C6orf15,-0.03539884162965938,0.125,0.6666666666666666,1.0,0,Q14213:Q6UXA7
RPS4X,PCSK9,-0.27591560066646903,0.14069264069264067,0.34603174603174597,0.625705467372134,0,P62701:Q8NBP7
MGRN1,TEX10,0.5967232703189861,0.0,0.4804292929292929,1.0,0,O60291:Q9NXF1
NDUFA2,NDUFV3,0.28704954996172616,0.3392911010558069,0.48646125116713346,0.2625,-1,O43678:P56181
SPRY3,BCAR1,0.6011640582554565,0.12182972582972582,0.6066666666666666,0.9262295081967215,0,O43610:P56945
TXNDC8,CLP1,0.21800528233007435,0.13354700854700857,0.4260504201680672,0.12831084259655687,0,Q6A555:Q92989
NUDT2,DHX40,0.6810655225996204,0.1619047619047619,0.125,0.22294372294372292,0,P50583:Q8IX18
CYTIP,METAP2,0.07424784804382312,0.09696969696969697,0.6666666666666665,0.43928571428571433,0,O60759:P50579
SNRPE,SNRPE,1.0,0.6498168498168497,0.4571986607142857,0.9791666666666666,1,P62304:P62304
UBC,RBX1,0.3583168961396804,0.25249598914889587,0.6313668992012942,0.6543730158730158,1,P0CG48:P62877
NXPH4,H3C13,0.15008641517855148,0.10227272727272728,0.4714285714285714,0.9055555555555556,0,O95158:Q71DI3
RPL28,ZNF622,0.5124333985260626,0.0943841872413301,0.4133333333333333,0.6071428571428571,-1,P46779:Q969S3
UCHL3,PSMC5,0.313849771133949,0.41239316239316237,0.8179197994987469,0.9313822751322751,0,P15374:P62195
NDUFB5,UQCRB,0.6970047731081773,0.8,0.6255668934240362,1.0,-1,O43674:P14927
MED14,MED25,0.3460327712465629,0.5349965823650034,0.6462962962962963,0.939455782312925,1,O60244:Q71SY5
CCT6A,CATSPERB,-0.07494620999244969,0.23809523809523808,0.26944444444444443,0.0,0,P40227:Q9H7T0
RPS9,RPS15A,0.9479029702529129,0.6027777777777777,0.739021164021164,0.6911764705882353,1,P46781:P62244
NR1H4,TSNAX,-0.3019715942865423,0.3466117216117216,0.43809523809523815,0.8973484848484847,0,Q96RI1:Q99598
SF3B2,ARMC7,0.35862384021385585,0.625,1.0,1.0,-1,Q13435:Q9H6L4
DENR,RPS7,0.7663856700689264,0.12355487649605298,0.39995238095238095,0.6504329004329005,-1,O43583:P62081
SEMG1,VBP1,-0.025159250190740706,0.185,0.5083333333333333,0.9766666666666666,0,P04279:P61758
POLR3E,BACE2,0.39557323094133495,0.07532790738673092,0.26279761904761906,0.0,0,Q9NVU0:Q9Y5Z0
RRAGA,LAMTOR2,0.28380543850377077,0.4243182743182743,0.7029261518623224,0.9435626102292768,1,Q7L523:Q9Y2Q5
UBE2QL1,RPS14,-0.38624194730269673,0.10357592699697961,0.4670068027210884,0.7375,0,A1L167:P62263
HDDC2,HDDC2,1.0,0.0,0.0,0.7208333333333333,1,Q7Z4H3:Q7Z4H3
MRM3,MRPL22,0.7819982210936565,0.13392857142857142,0.30275974025974023,0.5833333333333334,-1,Q9HC36:Q9NWU5
RPS27A,RPS27A,1.0,0.5902777777777778,0.8273681515617,0.7761111111111111,1,P62979:P62979
CTDSPL2,KCNQ5,-0.1283659937485982,0.1,0.21428571428571433,0.24242424242424243,0,Q05D32:Q9NR82
POLR2E,COG7,0.3933848070522101,0.23271490414347556,0.24503968253968253,1.0,0,P19388:P83436
EMC3,EMC9,0.1243750376544149,0.8,0.6685714285714286,0.8545454545454546,1,Q9P0I2:Q9Y3B6
RPL27,ZNF622,0.6385659654977088,0.0943841872413301,0.4133333333333333,0.6071428571428571,-1,P61353:Q969S3
GTF2F1,POLR2K,0.5256571387946558,0.513157894736842,0.9297520661157025,0.2821428571428572,-1,P35269:P53803
GYS1,SFXN2,-0.08719469883391573,0.10437710437710439,0.24583333333333335,0.7785714285714286,0,P13807:Q96NB2
TFF1,GTF2F1,-0.05260982665546699,0.11592712842712842,0.48026819923371644,0.7212643678160918,0,P04155:P35269
MRPL32,MRM2,0.686945711407542,0.12176527176527174,0.5833333333333334,0.1,-1,Q9BYC8:Q9UI43
RPS5,RPS15,0.9398009029458716,0.4670970695970695,0.7455026455026454,0.5428571428571428,-1,P46782:P62841
H2AZ1,H4C1,0.5096626353667885,0.34269230769230774,0.3126728110599078,0.9662698412698413,1,P0C0S5:P62805
MMP2,PAEP,0.18954202326487693,0.18888888888888888,1.0,0.96875,0,P08253:P09466
SKA3,POLR1B,0.8318186247143797,0.13167388167388167,0.5416666666666666,0.3626186678818258,0,Q8IX90:Q9H9Y6
MRPL32,SLIRP,0.33003727898845053,0.11055555555555556,0.535515873015873,0.9166666666666666,0,Q9BYC8:Q9GZT3
NR3C1,UBE2I,0.6974385798170348,0.1778195646229702,0.9103286384976527,0.8845899470899472,-1,P04150:P63279
MRPL10,MRM2,0.5899059119634931,0.12176527176527174,0.5833333333333334,0.1,-1,Q7Z7H8:Q9UI43
KRTAP19-2,SIKE1,0.0,0.0,0.8125,0.8842592592592592,0,Q3LHN2:Q9BRV8
WASF1,GUCD1,-0.5269373244150369,0.09722222222222221,0.0,1.0,0,Q92558:Q96NT3
CRCP,TNFAIP3,0.3574368632908513,0.1069195479572838,0.7473015873015872,0.801209372637944,0,O75575:P21580
ATP6V0D1,MEAK7,0.17260411839180964,0.13333333333333336,0.4125,1.0,-1,P61421:Q6P9B6
MYPOP,NR1H4,-0.28636176827406623,0.22080014377169585,0.2576839826839827,0.4926943426943427,0,Q86VE0:Q96RI1
TICAM2,CCDC125,0.18039834737842808,0.1525274725274725,0.5,1.0,0,Q86XR7:Q86Z20
ARID3C,KPRP,0.028406832273956073,0.0,0.33333333333333337,1.0,0,A6NKF2:Q5T749
FAU,RPL19,0.9424613645420147,1.0,0.6576719576719576,0.5384615384615384,-1,P62861:P84098
BCAM,VN1R2,-0.0536555178584642,0.41798941798941797,1.0,0.5,0,P50895:Q8NFZ6
ESS2,RBM8A,0.663801392755195,0.25464513556618823,0.25878378378378375,0.9415094339622643,0,Q96DF8:Q9Y5S9
NCBP2,SF3B6,0.7604791177254326,0.7357142857142857,0.6099773242630384,0.7444444444444445,-1,P52298:Q9Y3B4
OXA1L,MRPL2,0.6361728353235413,1.0,0.5385714285714285,0.25,-1,Q15070:Q5T653
RPL13,MLF1,-0.1125687298207253,0.11261904761904762,0.5125,0.96875,0,P26373:P58340
LRPPRC,MRPS25,0.5644982439645815,0.16666666666666666,0.41382575757575757,0.25,-1,P42704:P82663
RPS16,RPS29,0.7649934390606968,1.0,0.7327891156462585,0.5555555555555556,1,P62249:P62273
GTPBP6,MRPL43,0.7547996121669952,0.0,0.2432359307359307,0.2222222222222222,-1,O43824:Q8N983
PFDN6,CCT8,0.6447176337150322,0.45520683020683017,0.3742160278745644,0.810990338164251,1,O15212:P50990
PDYN,GNG2,0.009580685476797763,0.3185714285714286,0.9186746987951806,1.0,-1,P01213:P59768
SNUPN,KPNB1,0.7258184930860845,0.6474491710559822,0.5957528957528958,0.8694235588972431,1,O95149:Q14974
UQCRB,NDUFV2,0.1962945327766863,0.3840909090909091,0.519230769230769,0.9282608695652175,-1,P14927:P19404
MYO1C,OXA1L,0.5506370056985141,0.13251193251193252,0.280952380952381,0.6153846153846154,0,O00159:Q15070
RPS29,RPL10A,0.783723501105367,0.82,0.6422161172161173,0.3833333333333334,-1,P62273:P62906
ATP5F1B,ATP5MF,0.6692345128436407,0.7647058823529411,0.4493697478991597,1.0,-1,P06576:P56134
SMYD5,GPR52,0.10555732469104549,0.14947089947089945,0.3333333333333333,0.4365079365079365,0,Q6GMV2:Q9Y2T5
CGB1,YWHAQ,0.028306943041830877,0.29642857142857143,0.47833333333333333,0.3304597701149425,0,A6NKQ9:P27348
RPL11,DMRTB1,-0.12523723110523616,0.17045454545454547,0.35,0.7259259259259258,0,P62913:Q96MA1
MED24,POLR2E,0.5399264648308707,0.06916666666666667,0.9247967479674795,0.8393004115226339,-1,O75448:P19388
RPAP3,ZC3H4,0.9019450748804113,0.07948717948717948,0.475,0.38055555555555554,0,Q9H6T3:Q9UPT8
SNRPF,LSM10,0.3628962852225247,0.4047619047619047,0.67,0.7030303030303031,-1,P62306:Q969L4
NDUFAB1,TNNT2,0.7232121078571581,0.09708333333333333,0.38302469135802464,0.6,0,O14561:P45379
MRPS24,MTIF3,0.43913501151013323,0.12222222222222223,1.0,0.24867724867724866,-1,Q96EL2:Q9H2K0
RPS7,HEATR1,0.7543617223981601,0.24287874578122254,0.48461538461538467,0.7,-1,P62081:Q9H583
RPLP1,RPS5,0.8847361352996727,0.6599999999999999,0.7040726817042606,0.4692307692307693,-1,P05386:P46782
RPSA,RPS21,0.9137196727760757,0.7777777777777778,0.7340136054421768,0.7272727272727273,1,P08865:P63220
TBC1D3F,MED18,0.07778066125611921,0.0,0.18027210884353742,0.9555555555555557,0,A6NER0:Q9BUE0
SNW1,C9orf78,0.6352643509682798,0.540625,0.6047619047619047,0.7222222222222222,0,Q13573:Q9NZ63
MAGOH,ZNF844,0.6073521947140555,0.2,1.0,0.8624999999999999,0,P61326:Q08AG5
PRORP,TXNL4A,0.5603133085344681,0.11547619047619047,0.5533730158730158,0.20000000000000004,0,O15091:P83876
TBP,COX14,0.1550489147035687,0.16666666666666666,0.29419191919191917,1.0,0,P20226:Q96I36
RPS15,RPS24,0.8904299538961898,0.48839285714285713,0.7233766233766233,0.6476190476190476,-1,P62841:P62847
UBE2D2,UBE2D2,0.9999999999999998,0.7250000000000001,0.85,0.8641381766381769,1,P62837:P62837
RPL35A,ABCE1,0.5950296719685307,0.13531746031746034,0.5259259259259259,0.37506613756613755,-1,P18077:P61221
ATP6AP2,CELF5,0.07776894662485881,0.10185185185185186,0.2875,0.9272727272727272,0,O75787:Q8N6W0
GFM2,MRPL35,0.4668099708146647,1.0,0.30817099567099565,0.625,-1,Q969S9:Q9NZE8
MRPL55,GFM1,0.31884311409957594,0.3333333333333333,0.7083333333333334,0.1548611111111111,-1,Q7Z7F7:Q96RP9
RPS21,MOV10,0.5209435041878875,0.07563125599890305,0.9108465608465609,0.7767857142857143,0,P63220:Q9HCE1
FGD4,PFDN4,0.1567664206023207,0.1687179487179487,0.43333333333333335,0.42000000000000004,0,Q96M96:Q9NQP4
RPL17,DDX54,0.7629438556388065,0.15374149659863945,0.35,0.2534576534576535,-1,P18621:Q8TDD1
MED7,POLR2I,0.44309559400909476,0.40625,0.9669902912621359,0.6984126984126984,-1,O43513:P36954
EXOSC9,EXOSC3,0.9390691221994447,0.34509803921568627,0.44808201058201064,0.9495,1,Q06265:Q9NQT5
H2BC10,CENPO,0.5132377782293398,0.3125,0.7392857142857142,1.0,-1,P62807:Q9BU64
MCU,NPDC1,0.4182329681828278,0.0,0.25,1.0,0,Q8NE86:Q9NQX5
RPS5,RPS28,0.9234465254214412,0.522077922077922,0.7066924066924067,0.6538461538461539,1,P46782:P62857
POLR2A,PPP2CA,0.5155494681339563,0.12518693912924683,0.36808035714285714,0.8664093466308656,1,P24928:P67775
TRIM64,SEPTIN2,0.0,0.10194805194805195,0.36970899470899465,0.13753132832080195,0,A6NGJ6:Q15019
RPS13,RPS27A,0.9623556279828226,0.5902777777777778,0.8273681515617,0.7761111111111111,-1,P62277:P62979
MAGOHB,CWC25,0.7010799958399767,1.0,0.4537414965986395,1.0,-1,Q96A72:Q9NXE8
RPL34,CCDC124,0.35057559915130715,0.14444444444444446,0.47333333333333333,0.6041666666666666,-1,P49207:Q96CT7
NCBP2,SNIP1,0.7227929774682806,0.4018674136321195,0.5077922077922078,0.9364864864864867,-1,P52298:Q8TAD8
POLB,YWHAB,0.29190345528893574,0.15025252525252525,0.49467871485943765,0.9799950908198329,0,P06746:P31946
BBIP1,BBIP1,1.0,0.28998963998964,0.645,1.0,0,A8MTZ0:A8MTZ0
KLRC4,TAF9B,-0.07857294831490193,0.09158815041167981,0.297948428383211,0.19183673469387758,0,O43908:Q9HBM6
IL2RB,IL2RG,0.7390444642427254,0.3908519258519258,0.8763003663003662,0.5619047619047618,1,P14784:P31785
BUD31,WBP11,0.8412903845812861,0.48333333333333334,0.8136363636363636,0.9338709677419355,-1,P41223:Q9Y2W2
ASGR1,FSD1,-0.07624132208927513,0.13904671717171718,0.2547619047619048,0.5555555555555555,0,P07306:Q9BTV5
NUDT4B,IL12B,0.1058001801838018,0.06906931788595391,0.4281609195402299,0.5952380952380951,0,A0A024RBG1:P29460
PRPF3,IK,0.7630860468249991,0.44761904761904764,0.5341991341991342,1.0,-1,O43395:Q13123
SNRPB2,DDX46,0.820870997789549,0.63,0.5804761904761904,0.40842490842490836,-1,P08579:Q7L014
GEMIN2,MYLK3,-0.11487636245765268,0.10380427653154924,0.5416666666666667,0.2916666666666667,0,O14893:Q32MK0
GATD1,NDRG4,0.4428931083370246,0.07250801390074746,0.47348484848484856,0.1440729483282675,0,Q8NB37:Q9ULP0
IGHE,PTGR2,-0.24504346714919192,0.07692307692307693,0.5,0.3571428571428571,0,P01854:Q8N8N7
TCAP,CXXC4,-0.11012407371455854,0.11363636363636363,0.2888888888888889,0.29523809523809524,0,O15273:Q9H2H0
PDHB,KRTAP10-2,0.0408366984012339,0.0,0.3214285714285714,0.0,0,P11177:P60368
URAD,ASCL1,-0.11740134531316763,0.12244511440940012,0.23677248677248675,0.1374147842897843,0,A6NGE7:P50553
SNRPG,SNRPD3,0.7576010232091698,0.623299319727891,0.48202870189171576,0.8857723577235771,1,P62308:P62318
SNU13,LINC00588,0.11143492088779766,0.0,0.0,1.0,0,P55769:Q9Y4M8
LMNA,CNNM2,0.30730339218746094,0.12037037037037036,0.27777777777777773,0.12698412698412698,0,P02545:Q9H8M5
MLLT1,ASZ1,-0.04619260347171106,0.11316239316239315,0.25,1.0,0,Q03111:Q8WWH4
CLNS1A,SNRPG,0.7626561987673403,0.6813350340136053,0.45905483405483405,0.903125,1,P54105:P62308
MBP,HLA-DRB5,-0.07490606945138698,0.3107936507936508,0.48166248955722646,0.5833333333333334,1,P02686:Q30154
ZWINT,SPC24,0.9660305246736824,0.4166666666666667,0.6942307692307691,0.925925925925926,1,O95229:Q8NBT2
POLR2I,MED17,0.18952827497489583,0.13841735749630488,0.41354166666666664,0.7611791383219955,-1,P36954:Q9NVC6
HLA-DRB1,PMEL,0.00766394705093969,0.172008547008547,0.25384199134199137,1.0,1,P01911:P40967
RPS18,RPS6,0.9614757098767459,0.35282041191132096,0.6630952380952381,0.6885964912280702,-1,P62269:P62753
RPL27,RPL41,0.9195529246938813,1.0,0.7962406015037593,0.4833333333333334,-1,P61353:P62945
MAP4K4,SMURF2,0.24841241396352842,0.17537105751391466,0.47528735632183905,0.8342013888888888,0,O95819:Q9HAU4
RPL27,APLF,0.6027361205220695,0.12886243386243387,0.43,0.8013605442176871,0,P61353:Q8IW19
PRPS2,GLRX,-0.14351957764203058,0.3125,0.6476190476190478,0.5102040816326531,0,P11908:P35754
KRTAP2-1,CRNKL1,0.0368704150450717,0.0,0.3287414965986395,0.0,0,Q9BYU5:Q9BZJ0
WDR46,RPS12,0.7655184744116937,0.31101614434947766,0.4242599742599742,0.40625,-1,O15213:P25398
SNRNP200,NCBP2,0.7863219095475333,0.28946822939702194,0.8261261261261261,0.8148936170212768,-1,O75643:P52298
TBP,BRF2,0.664813147065882,0.30328282828282827,0.5133333333333334,0.4805555555555556,1,P20226:Q9HAW0
H4C1,CENPT,0.4835815499019084,0.27678571428571425,0.5734567901234567,0.8214285714285714,-1,P62805:Q96BT3
SLC35B1,PDZK1IP1,0.02824283864692099,0.0,0.20833333333333331,1.0,-1,P78383:Q13113
CALM1,SLC9A1,0.006894655581337586,0.13235822148865625,0.5491300366300366,0.6091036414565827,1,P0DP23:P19634
IFNAR2,GLMP,0.2880655831633397,0.11428571428571428,0.3194444444444444,0.0,0,P48551:Q8WWB7
SLC25A29,SMG9,0.23591461269814387,0.0979076479076479,0.20000000000000004,0.16619981325863675,0,Q8N8R3:Q9H0W8
RPS9,NAT10,0.6284585360683796,0.23815884407989668,0.4751984126984127,0.5065277777777777,-1,P46781:Q9H0A0
PTCD3,GFM1,0.6220279214531254,0.25,0.7083333333333334,0.3663194444444444,-1,Q96EY7:Q96RP9
ESD,RBX1,0.47797171980022823,0.10538094349368857,0.6313668992012942,0.6543730158730158,0,P10768:P62877
UBA52,UBA52,1.0,0.7023809523809524,0.8296723460026213,0.8333333333333333,1,P62987:P62987
NDUFV2,NDUFV3,0.37209691448380827,0.3392911010558069,0.47794117647058826,0.6041666666666666,1,P19404:P56181
NDUFB4,SHISAL1,0.06907063349145207,0.0,0.5,0.125,0,O95168:Q3SXP7
CDH1,RPL12,0.14915030203128615,0.15476190476190474,0.40647619047619044,0.4523809523809524,-1,P12830:P30050
XIAP,XAF1,0.4748957185276492,0.3888888888888889,0.5333333333333333,0.9197994987468671,1,P98170:Q6GPH4
TNFSF11,RSPO1,-0.05919133251730832,0.3378968253968254,0.7833333333333333,0.859375,0,O14788:Q2MKA7
GOT1,MPG,-0.3771789412570616,0.10000000000000002,0.5823529411764705,0.13076146076146075,0,P17174:P29372
KIN,PRPF38A,0.9255423332694811,1.0,0.5845238095238096,0.9642857142857143,-1,O60870:Q8NAV1
CDCA8,NMUR2,0.36599057718965966,0.13580393965009346,0.3484848484848485,0.38452708907254357,0,Q53HL2:Q9GZQ4
GPS1,ZNF558,0.6696481274909198,0.1,1.0,0.8096153846153845,0,Q13098:Q96NG5
IFITM5,NDUFA7,-0.39534923522036747,0.08327985739750446,0.25623582766439906,0.0,0,A6NNB3:O95182
SRP19,SRP19,1.0,0.5416666666666666,0.5259259259259259,0.6574074074074074,1,P09132:P09132
FOXO4,ITCH,0.201483900564799,0.10710599375372104,0.6426256613756614,0.7929761904761904,0,P98177:Q96J02
IL16,SF3B4,0.2729674944123769,0.10038370720188902,0.3064761904761905,0.9683098591549296,0,Q14005:Q15427
FANCC,PDCD2,0.19126726811457145,0.10707070707070707,0.4666666666666666,0.8708333333333332,0,Q00597:Q16342
RPS17,RPS9,0.9354112640107806,0.6023809523809525,0.669426406926407,0.4642857142857143,-1,P08708:P46781
MT-ND3,NDUFV3,-0.018825883122020333,0.3392911010558069,0.47794117647058826,0.6041666666666666,-1,P03897:P56181
DENR,RPS16,0.7084927390474713,0.13286435786435785,0.41090225563909766,0.5625,-1,O43583:P62249
ARL1,MRTFA,0.4901105401913023,0.12202380952380952,0.5785714285714285,0.606060606060606,0,P40616:Q969V6
MAL,LDLRAD1,-0.012084382744492111,0.0,1.0,1.0,-1,P21145:Q5T700
DYRK1A,MEX3B,0.2716313198763615,1.0,0.6285714285714286,0.41666666666666663,0,Q13627:Q6ZN04
TTR,NRROS,-0.08770452538436253,0.14797077922077922,0.46388888888888885,0.39999999999999997,0,P02766:Q86YC3
UQCRFS1,NDUFA12,0.6489501250041527,0.23552188552188555,0.40625,0.78125,-1,P47985:Q9UI09
CD28,TSPYL5,-0.1389529015289647,0.27070707070707073,0.35,0.8333333333333334,0,P10747:Q86VY4
P4HTM,LSM4,0.19790346146890977,0.06853946706887883,0.19647950089126562,0.16369047619047622,0,Q9NXG6:Q9Y4Z0
FANCB,FANCB,1.0,0.400062656641604,0.7733333333333332,1.0,1,Q8NB91:Q8NB91
EIF2S1,RPS28,0.522161237366925,0.18116883116883117,0.7066924066924067,0.6538461538461539,1,P05198:P62857
CDC5L,NOSIP,0.39182443293264996,0.10555555555555556,0.4428571428571429,0.6157407407407408,0,Q99459:Q9Y314
PTHLH,HTR2C,0.03787163270702684,0.16715337802294325,0.30000000000000004,0.6432407407407407,0,P12272:P28335
TRBC1,HLA-DQB1,0.5926507437278029,0.4282186948853616,0.5624675324675324,0.0,0,P01850:P01920
RAP1B,TSNAXIP1,-0.07217663819356682,0.23809523809523808,0.5,1.0,0,P61224:Q2TAA8
MTIF2,MRPS33,0.6927431924457025,0.18333333333333335,0.27789256198347106,0.16666666666666666,-1,P46199:Q9Y291
MRPS12,MRPL2,0.5705232443084612,1.0,0.5292424242424242,0.7916666666666666,-1,O15235:Q5T653
CD3D,TRGC1,0.12273385457421758,0.4112554112554112,0.4537037037037037,0.5,0,P04234:P0CF51
RPS16,RPS13,0.9652365820711332,0.6994047619047619,0.6767857142857142,0.6355555555555554,1,P62249:P62277
RPL39,OTOP3,0.06071134393268055,0.1,0.41666666666666663,0.21722222222222226,0,P62891:Q7RTS5
RPL4,PCSK9,-0.29431000696484033,0.14069264069264067,0.34603174603174597,0.625705467372134,1,P36578:Q8NBP7
SEMA4F,IL34,0.057023212428530166,0.15723475870534695,0.5,0.3958333333333333,0,O95754:Q6ZMJ4
KIR2DL3,DUSP15,-0.024529678317138908,0.25873015873015875,0.75,0.20120250120250122,0,P43628:Q9H1R2
SURF6,MAK16,0.7222910692414313,0.08333333333333333,0.6111111111111112,0.8125,-1,O75683:Q9BXY0
RPL5,ETF1,0.6387894865359116,0.1571323529411765,0.6129629629629629,0.6124574829931974,-1,P46777:P62495
BATF,HLF,-0.23561735726761304,0.6324675324675324,0.5857142857142857,0.5683006535947712,-1,Q16520:Q16534
ADM2,HAUS1,0.0933105902581394,0.11283993783993784,0.4389705882352941,0.5,0,Q7Z4H4:Q96CS2
GTPBP6,MRPL55,0.7564596637013777,0.0,0.2491258741258741,0.16666666666666666,-1,O43824:Q7Z7F7
EIF2S1,RPS15A,0.5993471932175354,0.18796296296296297,0.739021164021164,0.6911764705882353,-1,P05198:P62244
NBN,CLEC7A,0.10873764945890096,0.14440779678874915,0.4523809523809524,0.8795454545454545,0,O60934:Q9BXN2
CIB1,BRD7,0.12285919380696549,0.17350088183421516,0.487142857142857,0.7068452380952381,0,Q99828:Q9NPI1
EFTUD2,SCNM1,0.736342801010155,0.625,0.44761904761904764,0.9960199004975124,-1,Q15029:Q9BWG6
NEDD8,MLXIP,0.16268110754410842,1.0,0.43703703703703706,0.300462962962963,0,Q15843:Q9HAP2
MED24,MED9,0.5666889020589992,0.5166666666666667,0.4145833333333333,0.9428571428571428,1,O75448:Q9NWA0
SEC24D,TRA2A,0.3892090890648925,0.07291666666666666,0.5386904761904762,0.775,0,O94855:Q13595
IZUMO1R,IZUMO1R,1.0,0.3869047619047619,0.5666666666666667,0.6916666666666667,1,A6ND01:A6ND01
ANKRD53,HIPK2,-0.188785904310614,0.14816530088269217,0.46997929606625255,0.39231805929919145,0,Q8N9V6:Q9H2X6
CDKN2C,MMP28,0.2241385807660992,0.15256410256410258,0.5208333333333333,0.5102040816326531,0,P42773:Q9H239
UTP3,DCAF13,0.8073229431983905,0.22184913851580518,0.6003333333333333,0.4333333333333333,-1,Q9NQZ2:Q9NV06
IFNA10,TMEM241,0.0,0.09090909090909091,0.3,0.15378787878787878,0,P01566:Q24JQ0
UBA52,FAAP20,0.5090337388365406,0.14523809523809522,0.6222222222222221,0.8936507936507938,1,P62987:Q6NZ36
RPS19,RPS28,0.9613731200834886,0.522077922077922,0.7066924066924067,0.6538461538461539,-1,P39019:P62857
RPS28,RPL39,0.9222156114099422,0.5392628205128205,0.7324263038548752,0.8333333333333334,-1,P62857:P62891
LRRIQ3,NR3C1,-0.03922877843325783,0.0,0.0,0.7177226257734732,0,A6PVS8:P04150
CDC7,AZGP1,-0.1485940909724402,0.18819895382395382,0.39358974358974363,0.7182539682539683,0,O00311:P25311
NCBP2,SF3B3,0.7466785877428812,0.6174438854489164,0.47489177489177486,0.925925925925926,-1,P52298:Q15393
SNRPB2,WBP11,0.8442814778564265,0.48333333333333334,0.8136363636363636,0.9338709677419355,-1,P08579:Q9Y2W2
GINS4,GINS2,0.9396813895210764,0.6862745098039215,0.4841269841269842,1.0,1,Q9BRT9:Q9Y248
DDX28,MRPS18A,0.5297386862596596,0.11805555555555555,0.2378246753246753,0.3571428571428571,-1,Q9NUL7:Q9NVS2
XAB2,C9orf78,0.6664978486692534,0.540625,0.6047619047619047,0.7222222222222222,-1,Q9HCS7:Q9NZ63
EIF2S1,RPS11,0.5662271457497858,0.21944444444444444,0.7208494208494208,0.6545454545454545,-1,P05198:P62280
MME,TUB,-0.07434285820242262,0.17277777777777778,0.4571428571428572,0.4444444444444444,0,P08473:P50607
BCL10,BCL10,0.9999999999999998,0.18681514942295566,0.7554945054945056,0.8514084507042253,1,O95999:O95999
ZNF552,MAGED1,-0.17792612228745674,0.3084966800875892,0.45555555555555555,0.9924242424242424,0,Q9H707:Q9Y5V3
TMEM132E-DT,POU3F2,0.5394315837617313,0.0,0.0,0.5287037037037038,0,A2RUQ5:P20265
NDUFB11,NDUFB9,0.39382403526547893,0.3053030303030303,0.6178571428571428,0.890625,1,Q9NX14:Q9Y6M9
MRPL21,GFM2,0.7170065936503182,0.3772727272727273,0.4166666666666667,0.18308080808080807,-1,Q7Z2W9:Q969S9
RPLP2,RPS9,0.934312405664711,0.6023809523809525,0.669426406926407,0.5533333333333333,-1,P05387:P46781
SYDE2,CBLL1,0.5089128627534337,0.20622895622895623,0.4152380952380953,0.11083797155225726,0,Q5VT97:Q75N03
SNRPF,SNRPD1,0.9534976076036809,0.6212585034013605,0.41324884792626726,0.8574074074074074,1,P62306:P62314
NDUFA7,NDUFA7,1.0,0.5271493212669683,0.6178571428571428,0.78125,0,O95182:O95182
BDP1,POLR3G,0.5194932237386154,0.07441520467836257,0.5083333333333332,0.845679012345679,-1,A6H8Y1:O15318
TNNT1,DYDC1,-0.013643095631819053,0.0,0.3214285714285714,1.0,0,P13805:Q8WWB3
RPS24,RPL38,0.9116843618443176,0.4032106782106781,0.6499047619047619,0.7361111111111112,-1,P62847:P63173
SF3A2,DDX42,0.8954563956365093,0.3055555555555555,0.6534632034632035,0.43730158730158725,-1,Q15428:Q86XP3
NDUFC2,NDUFA11,0.3279234080925677,0.38585858585858585,0.6576923076923076,1.0,1,O95298:Q86Y39
POLR2E,C18orf32,-0.017427617377264792,0.1,0.375,1.0,0,P19388:Q8TCD1
RPS15A,CCDC124,0.2773511087682271,0.14444444444444446,0.5066666666666666,0.6041666666666666,-1,P62244:Q96CT7
CDC40,ESS2,0.6559994964947107,0.6923076923076924,0.7037037037037037,1.0,0,O60508:Q96DF8
MCM4,CXCL6,0.0377069028971355,0.10206256706256706,0.5,0.5714285714285714,0,P33991:P80162
SNAI1,MRPS16,0.20988277871502614,0.13095238095238096,0.30624999999999997,0.4375,0,O95863:Q9Y3D3
EIF2S1,PRMT7,0.32402929348844833,0.12778293135435995,0.5222222222222223,0.436671335200747,1,P05198:Q9NVM4
POU2AF1,WASHC2C,0.286621252939862,0.10463675213675214,0.170995670995671,0.5882086167800453,0,Q16633:Q9Y4E1
CSF2RA,DDX31,-0.09740660341305044,0.1111111111111111,0.21000000000000002,0.34353741496598633,0,P15509:Q9H8H2
USP14,DRG2,0.7485409622103092,0.14545454545454545,0.55625,0.7515894236482472,0,P54578:P55039
NUP214,AHCTF1,0.7897633564874013,0.2875661375661375,0.6538461538461539,0.25,-1,P35658:Q8WYP5
GABRG2,GABRG2,1.0,0.3366213151927438,0.3670855379188712,0.3933531746031746,1,P18507:P18507
PSMG2,PSMG2,0.9999999999999998,0.5291666666666666,0.665,0.9444444444444445,0,Q969U7:Q969U7
UTP15,IL17RA,0.13471750948116343,0.11883555041449781,0.35714285714285715,0.7551020408163264,0,Q8TED0:Q96F46
UFM1,UFM1,1.0,0.45059939415589567,0.5857142857142857,1.0,1,P61960:P61960
RPLP2,RPL7,0.8966817742913872,0.5631613756613757,0.6281462585034013,0.4966666666666667,-1,P05387:P18124
SSTR2,CCT6A,0.04893822799880206,0.1339105339105339,0.619047619047619,0.7876157407407408,0,P30874:P40227
RPS8,UTP18,0.47800765691445896,0.5454545454545454,0.5621212121212122,0.625,-1,P62241:Q9Y5J1
GSC2,ZNF444,0.09702511868241182,1.0,1.0,0.918970189701897,-1,O15499:Q8N0Y2
NCOA1,NR1H4,-0.36183797361974496,0.197070466740132,0.6348484848484849,0.4926943426943427,1,Q15788:Q96RI1
RPS17,RPS17,0.9999999999999998,0.46785714285714286,0.7606442577030813,0.7619047619047619,0,P08708:P08708
TAF11L6,GFI1,0.0,0.062116228070175444,0.2037037037037037,0.3769690957190957,0,P0DW11:Q99684
EPRS1,MAPK1,0.26766657740796257,0.0994660423384332,0.7844671201814059,0.8826998050682261,0,P07814:P28482
VIL1,RNF43,0.5166737075366824,0.13124098124098124,0.8583333333333332,0.6225925925925925,0,P09327:Q68DV7
RNF169,ST7,0.5252502656524672,0.22916666666666666,0.5,1.0,0,Q8NCN4:Q9NRC1
RARB,OR10W1,0.0,0.5555555555555556,0.3333333333333333,0.27777777777777773,0,P10826:Q8NGF6
MFAP1,SNIP1,0.7184520556269401,0.4018674136321195,0.5077922077922078,0.9364864864864867,-1,P55081:Q8TAD8
RNF13,PAGE3,-0.06882481768090289,0.0,0.0,1.0,0,O43567:Q5JUK9
CTAGE6,ANP32E,-0.09821280536070194,0.13425925925925924,0.17513227513227514,0.0,0,Q86UF2:Q9BTT0
RPS18,PA2G4,0.7611389630171128,0.09437229437229437,0.41595238095238096,0.7083333333333333,-1,P62269:Q9UQ80
SNRNP70,DDX46,0.7084647368006599,0.63,0.5804761904761904,0.40842490842490836,-1,P08621:Q7L014
OR5L1,EIF3K,0.0,0.1422222222222222,0.3009070294784581,0.42777777777777776,0,Q8NGL2:Q9UBQ5
CUL4A,UVSSA,0.5630086296597303,0.27777777777777785,0.8588235294117647,0.7,-1,Q13619:Q2YD98
LRPPRC,MRPL4,0.8236259338115041,0.16666666666666666,0.3352272727272727,0.6785714285714286,-1,P42704:Q9BYD3
NPM1,ZNF606,0.3547882541373138,1.0,0.6,0.1691919191919192,0,P06748:Q8WXB4
FGB,CNKSR1,-0.16020251785388137,0.125,0.48333333333333334,0.9583333333333334,0,P02675:Q969H4
NDUFA2,NDUFC2,0.48302345669663654,0.2043349507635222,0.4954365079365079,0.4166666666666667,-1,O43678:O95298
CCND3,C9orf43,-0.09908394218092069,0.0,0.0,1.0,0,P30281:Q8TAL5
TRAV24,VASN,-0.13075710234051377,0.12944925444925445,0.1161353797717434,0.0,0,A0A0B4J272:Q6EMK4
MRPL41,PCDHA5,0.05313147517413552,0.1726190476190476,0.25,0.16666666666666666,0,Q8IXM3:Q9Y5H7
PFDN1,CCT5,0.4890513240221323,0.39138134592680046,0.3508771929824562,0.8934386973180076,-1,O60925:P48643
EIF3H,RGMB,0.2420154406463354,0.16205128205128203,0.64,0.8,0,O15372:Q6NW40
H4C1,H3-3A,0.1582681829706838,0.2059048975715643,0.8483552631578949,0.8927469135802468,1,P62805:P84243
MRPL41,ADGRG7,-0.006553710050811142,0.13227513227513227,0.29166666666666663,0.880952380952381,0,Q8IXM3:Q96K78
MNX1,MRPL38,-0.3143924764198183,0.1111111111111111,0.27647058823529413,0.20000000000000004,0,P50219:Q96DV4
PPARD,ZFYVE21,0.53798384413707,0.0,0.1875,0.975,0,Q03181:Q9BQ24
RPL34,ZNF622,0.5962243195275934,0.0943841872413301,0.4133333333333333,0.6071428571428571,-1,P49207:Q969S3
CENPX,H2BC10,0.2200219110577746,0.12857142857142856,0.5393939393939395,0.6944444444444444,-1,A8MT69:P62807
RPS6,RPS15,0.9469883054153637,0.4670970695970695,0.7455026455026454,0.5428571428571428,-1,P62753:P62841
PIK3R1,RAB15,-0.12575938744051793,0.16281512605042017,0.41666666666666663,0.41203703703703703,0,P27986:P59190
PSMC3,PSMA6,0.46558057793346963,0.4895238095238096,0.7455898268398268,0.9190972222222222,1,P17980:P60900
MED24,POLR2J,0.5835417820603863,0.06666666666666667,0.9742574257425741,0.8311728395061728,-1,O75448:P52435
PSMC3,USP14,0.7864540826038341,0.24893993748482915,0.5623249299719887,0.3829365079365079,-1,P17980:P54578
RPS14,RPL10A,0.9610425884702397,0.82,0.6422161172161173,0.7,-1,P62263:P62906
CST8,SGPP2,-0.07136536629246795,0.0,0.2333333333333333,0.0782051282051282,0,O60676:Q8IWX5
CCNA2,AMER3,-0.036809753169731965,0.15476190476190477,0.3333333333333333,0.8571428571428572,0,P20248:Q8N944
GATB,RCOR1,-0.11385389105525327,0.0802437641723356,0.2633333333333333,0.956989247311828,0,O75879:Q9UKL0
SNRPD1,SRSF1,0.6261391254833323,0.37733037659508245,0.7677419354838709,0.8460526315789473,-1,P62314:Q07955
LSP1,KLK6,-0.08081033721113709,0.1838217338217338,0.415,0.9837251356238698,-1,P33241:Q92876
UBE2D2,RNF2,0.7437392721966655,0.17142607392607395,0.6379928315412186,0.9554391932211482,1,P62837:Q99496
MAGOH,STEEP1,0.7871516656422142,0.11243386243386243,0.5990196078431372,0.75,0,P61326:Q9H5V9
GPKOW,SCNM1,0.7602034095077118,0.625,0.4305555555555556,0.9960199004975124,-1,Q92917:Q9BWG6
ATXN7,NDUFS4,0.4695018580574077,0.12584417896917902,0.20192307692307696,0.34375,0,O15265:O43181
RSL24D1,NOC2L,0.6877745249227502,0.185513098013098,0.5145833333333334,0.6862745098039217,-1,Q9UHA3:Q9Y3T9
RBPJ,NRARP,0.01499598790136123,0.22531440781440787,0.0,0.625,1,Q06330:Q7Z6K4
ERCC6,NDN,0.40479733083576885,0.19316278959136104,0.5458333333333333,0.8774509803921569,0,Q03468:Q99608
EEF2,RPS15,0.7659065995691234,0.23376373626373628,0.7455026455026454,0.5428571428571428,1,P13639:P62841
RPL31,DDX54,0.7795397308790628,0.15374149659863945,0.3307692307692308,0.2534576534576535,-1,P62899:Q8TDD1
NR5A1,PTGES3,0.03169075960903117,0.15705009276437853,0.7146341463414634,0.8273273273273273,0,Q13285:Q15185
GYG1,MANEA,-0.03911797436233001,0.0,0.3,0.13095238095238096,0,P46976:Q5SRI9
TAF10,SF3B5,0.6171763855471224,0.16971677559912854,0.47571428571428565,0.925,-1,Q12962:Q9BWJ5
OR14I1,HBZ,0.14351390937863223,0.11527777777777777,0.19047619047619047,0.8928571428571428,0,A6ND48:P02008
EIF6,ZNF622,0.5107312878069314,0.14302721088435374,0.4133333333333333,0.6071428571428571,-1,P56537:Q969S3
RNF113B,PRPF31,0.12593635549578605,0.12102564102564103,0.24158730158730163,0.1972985347985348,0,Q8IZP6:Q8WWY3
PSG3,MLANA,-0.004093380734608887,0.0,0.21261904761904762,0.0,0,Q16557:Q16655
MME,CSNK2A1,0.3320769179774587,0.14758036576218397,0.38683127572016457,0.8132592592592593,1,P08473:P68400
SCNM1,CWC22,0.8390503347786918,0.7625,0.4473958333333333,0.875,-1,Q9BWG6:Q9HCG8
SF3A3,C1QTNF6,0.6077634052709422,0.0,0.375,1.0,0,Q12874:Q9BXI9
RPS27,RPS15,0.8294176751854619,0.4670970695970695,0.7455026455026454,0.5428571428571428,-1,P42677:P62841
TDP2,TDG,0.3558939763900255,0.2677442877977637,0.780392156862745,0.48108465608465606,0,O95551:Q13569
H2AX,CCDC91,0.20728609006542745,0.1272727272727273,0.51,1.0,0,P16104:Q7Z6B0
HSPE1,WDR72,0.29652871012305665,0.16245421245421246,0.33571428571428574,0.0,0,P61604:Q3MJ13
MED21,MED17,0.7548093579703417,0.6057748538011696,0.415625,0.7611791383219955,1,Q13503:Q9NVC6
FAU,RPL30,0.9476352375177861,0.6628891941391941,0.5863492063492063,0.5347222222222222,-1,P62861:P62888
IL2,CDH18,-0.10913184199243865,0.29047619047619044,0.2583333333333333,0.5555555555555555,0,P60568:Q13634
IGF1,ZNF81,0.3900212939872787,1.0,0.2,0.17037037037037037,0,P05019:P51508
SEC61G,RPL23,0.5721255675156245,0.08367211187934871,0.603379416282642,0.6434837092731829,-1,P60059:P62829
RPS3,WDR45,0.5475377054020136,0.18583333333333335,0.6666666666666666,0.7384920634920634,0,P23396:Q9Y484
AGR2,GPR155,0.30785168541718444,0.1563971742543171,0.15476190476190477,0.2,0,O95994:Q7Z3F1
ZFAND5,PSMD13,0.45504585142203047,0.08838383838383838,0.46450501253132837,0.8333333333333334,0,O76080:Q9UNM6
RPS23,ZNF629,0.4924035436437275,0.06458333333333333,0.5,0.87989417989418,0,P62266:Q9UEG4
KCNJ4,EFTUD2,-0.2772511025409281,0.07818181818181817,0.28336550836550833,0.867831541218638,0,P48050:Q15029
RPS25,EIF1AD,0.774939692466193,0.25,0.6,0.9648148148148149,-1,P62851:Q8N9N8
GTF2A2,POLR2F,0.3150739508033558,0.7083333333333334,0.9268292682926828,0.13749999999999998,-1,P52657:P61218
LTA,LTA,1.0,0.24572226019594443,0.9047619047619048,0.8703703703703703,1,P01374:P01374
PLP2,BIK,0.06328751410350378,0.1345959595959596,0.4166666666666667,1.0,-1,Q04941:Q13323
GTF2H1,CNNM4,0.20979312249630291,0.09242424242424244,0.3055555555555555,0.5625,0,P32780:Q6P4Q7
RPLP2,RPL28,0.9277153236876977,1.0,0.6578754578754579,0.7692307692307693,-1,P05387:P46779
SCN4B,RAB3C,0.5306978873250707,0.175,0.31686507936507935,0.7342592592592593,0,Q8IWT1:Q96E17
EIF1AX,H2AC20,0.24693095373647422,0.09090909090909091,0.1875,0.3333333333333333,0,P47813:Q16777
CDH1,RPS7,0.1639866333869699,0.14163614163614163,0.40595238095238095,0.6504329004329005,-1,P12830:P62081
RPS14,RPS28,0.9187707126243402,0.522077922077922,0.7066924066924067,0.6538461538461539,1,P62263:P62857
RPL27,RPL19,0.9635774346863548,1.0,0.6576719576719576,0.5384615384615384,-1,P61353:P84098
RPLP0,CDH1,0.31293964934743373,0.11675039519867106,0.5262390670553936,0.9671985815602837,-1,P05388:P12830
NRAS,POP5,0.5100704833140861,0.0875,0.18575837742504409,0.8968750000000001,0,P01111:Q969H6
NDUFC2,UQCRC2,0.18967233268076983,0.7285714285714285,0.5324786324786325,0.8158730158730159,-1,O95298:P22695
AGR2,NAALAD2,-0.1986998788316476,0.14285714285714285,0.41666666666666663,0.4602813852813854,0,O95994:Q9Y3Q0
NDUFB10,ZSCAN1,-0.1833008531882275,0.0625,0.35,0.7938888888888888,0,O96000:Q8NBB4
METTL15,MRPS12,0.509931181461102,0.09393939393939395,0.19726107226107223,0.55,-1,A6NJ78:O15235
MRPL38,MRPL15,0.2821546729747451,0.5416666666666666,0.5242424242424242,0.75,1,Q96DV4:Q9P015
ZWINT,CRBN,0.03788812175042166,0.12037037037037036,0.4174603174603175,0.9529411764705882,0,O95229:Q96SW2
GFM1,MRPL40,0.5229487319395845,0.1875,0.3077094474153298,0.90625,-1,Q96RP9:Q9NQ50
PSMA7,UBB,0.2029423632498935,0.09324678589384472,0.8327278521351179,0.9742424242424242,-1,O14818:P0CG47
IDH3B,IDH3G,0.8412828546202482,0.55,0.6498015873015872,0.655952380952381,1,O43837:P51553
MACROD2,NDUFA1,0.1396144927063033,0.10277777777777777,0.18526785714285715,0.14285714285714285,0,A1Z1Q3:O15239
IK,EFTUD2,0.7690203160441937,0.6324675324675325,0.5955920205920205,0.867831541218638,-1,Q13123:Q15029
MRPS5,SLIRP,0.42155652960197426,0.11055555555555556,0.535515873015873,0.3333333333333333,-1,P82675:Q9GZT3
RPS12,RPS12,1.0,0.6474358974358974,0.735070785070785,0.53125,0,P25398:P25398
RPS17,RPS3A,0.9572729072862385,0.6632575757575757,0.6850793650793651,0.4055555555555556,1,P08708:P61247
RPS23,RPS23,1.0,0.7725,0.6914053426248548,0.6590909090909091,0,P62266:P62266
GPS1,COPS6,0.7122299861755478,0.43421052631578944,0.5125,0.9601190476190476,1,Q13098:Q7L5N1
POR,RPS12,0.08087263502465908,0.2026936026936027,0.735070785070785,0.53125,0,P16435:P25398
ERAL1,MRPS31,0.7476021319448084,0.09090909090909091,0.6787190082644629,0.55,-1,O75616:Q92665
RPS13,RPL10A,0.9721104943850847,0.82,0.6422161172161173,0.7,-1,P62277:P62906
NDUFB7,UQCRFS1,0.6071550632251327,0.31346153846153846,0.3910256410256409,0.5444444444444445,-1,P17568:P47985
MESP1,POLR3H,0.37606753273890164,0.13999999999999999,0.34166666666666656,0.4537037037037037,0,Q9BRJ9:Q9Y535
SEC61B,RPL15,0.3934407797519914,0.1622222222222222,0.6668571428571428,0.5892857142857143,-1,P60468:P61313
CDC7,SLC16A2,-0.11375265618306962,0.14853670634920635,0.32142857142857145,0.2571428571428571,0,O00311:P36021
UQCR11,NDUFA10,0.0609273483676521,0.32301587301587303,0.5125,0.2,-1,O14957:O95299
ISG15,SRP14,0.24798060205555142,0.21666666666666667,0.43333333333333335,0.809375,0,P05161:P37108
SNRPB,IK,0.7502132695622952,0.443859649122807,0.5341991341991342,1.0,-1,P14678:Q13123
NDUFS6,MT-CYB,0.135944924714799,0.22080533845239728,0.5339506172839505,0.3039772727272727,-1,O75380:P00156
DYRK1A,RNF169,0.7937392515197451,0.19369889369889368,0.44848484848484843,0.557051282051282,1,Q13627:Q8NCN4
GNAL,MRPL38,-0.08981883322449599,0.125,0.21764705882352942,1.0,0,P38405:Q96DV4
SKA1,LMCD1,-0.06374643653759197,0.09045584045584044,0.39999999999999997,0.49523809523809526,0,Q96BD8:Q9NZU5
B3GALT9,RPS5,0.5070639390675306,0.185,0.1776629072681704,0.1695054945054945,0,A8MXE2:P46782
VASP,ODF1,-0.06870790801706295,0.14583333333333331,0.3071428571428571,1.0,0,P50552:Q14990
SEC22B,DDAH2,0.24645039157226548,0.1125,0.3,0.7142857142857143,0,O75396:O95865
ATP5PF,ATP5IF1,0.09720926745569412,0.10764892514892514,0.7566666666666667,0.8213675213675213,-1,P18859:Q9UII2
RPF1,PPAN,0.7065233046705062,1.0,0.4537037037037037,1.0,-1,Q9H9Y2:Q9NQ55
CD22,KIR2DL3,0.11371303513906318,0.5833333333333334,1.0,0.9828767123287672,0,P20273:P43628
AVP,OR3A1,0.021816880425447403,0.7037037037037037,0.3333333333333333,0.16666666666666666,0,P01185:P47881
PMCH,RBM10,0.0,0.10101935101935101,0.38999999999999996,0.23984674329501915,0,P20382:P98175
C1orf131,EMG1,0.8812123944499958,0.4090007215007216,0.34017094017094013,0.5424242424242425,-1,Q8NDD1:Q92979
TM4SF1,PRKAG1,0.29401716830493135,0.1223158323158323,0.406,0.8622655122655123,0,P30408:P54619
TP63,CLEC4A,-0.055233845291147304,0.1933044733044733,0.3333333333333333,0.3083333333333333,0,Q9H3D4:Q9UMR7
SLIRP,MRPL16,0.5216749816816695,0.1111111111111111,0.2491258741258741,0.5833333333333334,0,Q9GZT3:Q9NX20
NCBP2,SNRPF,0.7786816353863376,0.7349816849816849,0.48805418719211824,0.9776119402985075,-1,P52298:P62306
UBB,ANAPC7,0.22507495756816118,0.3511800839736062,0.6351063829787235,0.26666666666666666,-1,P0CG47:Q9UJX3
LRRIQ4,TBP,0.5889751475623217,0.0,0.42307176391683443,0.0,0,A6NIV6:P20226
YWHAQ,PEX11G,-0.039221465777443405,0.13095238095238096,0.3482142857142857,1.0,0,P27348:Q96HA9
WBP4,IFT57,0.3406478683434727,0.0999014874014874,0.3547619047619048,0.925,0,O75554:Q9NWB7
MC2R,SYT2,-0.028813463451888954,0.1494047619047619,0.5545561434450322,0.8936936936936936,0,Q01718:Q8N9I0
F3,TAB1,0.22842514259185395,0.15049695674695676,0.45181159420289846,0.8963734567901235,0,P13726:Q15750
ACTN1,CDH5,0.14996993738781172,0.1386167651792652,0.47327586206896544,0.6944444444444444,0,P12814:P33151
PRR3,SPICE1,0.6787040535859029,0.0,0.0,1.0,0,P79522:Q8N0Z3
NDUFC2,UQCR10,0.40586045107552715,0.5181818181818182,0.7060185185185185,0.5625,-1,O95298:Q9UDW1
SUCLA2,UBQLN1,0.6755044485881121,0.11897971309736016,0.2447619047619048,0.9967532467532467,0,Q9P2R7:Q9UMX0
RPS27A,TSR1,0.5243303844046924,0.11805555555555555,0.5666666666666667,0.4421296296296296,1,P62979:Q2NL82
SLAMF1,NFYC,0.20506536851613347,0.18779137529137532,0.28761904761904755,0.8810465429109497,0,Q13291:Q13952
PCNA,TMEM255B,0.021504791545086763,0.0,0.5,1.0,0,P12004:Q8WV15
RPL17,NOP2,0.6688992687521782,0.1108843537414966,0.31363636363636366,0.7375,-1,P18621:P46087
PERM1,HSCB,-0.28954037668652405,0.10888888888888888,0.38749999999999996,0.0,0,Q5SV97:Q8IWL3
SNU13,IMP4,0.5567115462945347,0.7708333333333334,0.42013888888888884,0.7958333333333334,-1,P55769:Q96G21
MRPL52,MRPS27,0.7844690286812235,0.42083333333333334,0.44772727272727275,0.7818181818181816,-1,Q86TS9:Q92552
OXA1L,MRPL53,0.0,1.0,0.5591836734693877,1.0,-1,Q15070:Q96EL3
MRPS10,MRPL14,0.6313327631437615,1.0,0.5551948051948051,0.0,-1,P82664:Q6P1L8
SNRPB,CRIPT,0.2506629533727566,0.2212194055944056,0.32666666666666666,0.7666666666666666,-1,P14678:Q9P021
SNAPC4,POLR3H,0.40585316507780067,0.2968627450980392,0.536111111111111,0.4537037037037037,-1,Q5SXM2:Q9Y535
RPLP2,RPL12,0.9176925719938389,1.0,0.6664761904761904,0.5416666666666667,-1,P05387:P30050
ST18,H3C1,-0.0555914510749576,0.17870092870092869,0.4470085470085472,0.19800664451827235,0,O60284:P68431
PFDN6,USP17L7,0.4235288071093471,0.40659340659340665,0.3,0.125,0,O15212:P0C7H9
RPS5,RPS16,0.9439519042334097,0.5594877344877344,0.7003759398496241,0.5625,1,P46782:P62249
TRBC1,HLA-DRB1,0.5288464329343884,0.24119063806563804,0.5015151515151517,0.0,1,P01850:P01911
LRPPRC,MRPL35,0.6030373792654279,0.18333333333333335,0.30817099567099565,0.625,0,P42704:Q9NZE8
TRAV4,TRBV28,0.8548915377161433,0.5625,0.5625,0.0,1,A0A0B4J268:A0A5B6
RPS15,RPS28,0.913127857813323,0.522077922077922,0.7066924066924067,0.6538461538461539,-1,P62841:P62857
TCAP,PRAMEF7,0.0,0.0941147741147741,0.3125,0.5,0,O15273:Q5VXH5
SDHA,ADAM22,0.08402469525498364,0.2222222222222222,0.2427248677248677,0.8766233766233765,0,P31040:Q9P0K1
CCNK,KRT40,-0.02902210185994969,0.19642857142857142,0.46274509803921565,0.998501872659176,0,O75909:Q6A162
HSPB2,HSPB2,1.0,0.32357142857142857,0.58,0.9446428571428571,1,Q16082:Q16082
MRPL12,MTG1,0.3407516518375652,0.3888888888888889,0.5351851851851852,0.6210317460317459,-1,P52815:Q9BT17
RPS28,RPL36A,0.9352660165203391,1.0,0.7161490683229814,0.6666666666666667,-1,P62857:P83881
PRIMA1,MTG1,-0.0800011443214584,0.0,0.20833333333333334,0.0,0,Q86XR5:Q9BT17
POLR2K,CAMKK2,0.18193993703468023,0.12313914546534868,0.8833333333333333,0.25396825396825395,0,P53803:Q96RR4
FGF1,NELFCD,-0.30579707795140154,0.2,0.8347826086956524,0.953125,0,P05230:Q8IXH7
WBP4,SPA17,0.09587691970200678,0.11875,0.4121212121212121,1.0,0,O75554:Q15506
ZNF146,C1orf159,0.2988525003295623,0.0,0.5,1.0,0,Q15072:Q96HA4
SLIRP,MRPS17,0.6210771729224369,0.11574074074074074,0.18406593406593405,0.54,-1,Q9GZT3:Q9Y2R5
PUDP,COPS9,-0.1564951860537709,0.07828282828282829,0.37142857142857144,1.0,0,Q08623:Q8WXC6
CENPQ,CENPM,0.7221805335666331,1.0,0.8309523809523809,0.0,-1,Q7L2Z9:Q9NSP4
SNW1,STEEP1,0.861772035545125,0.109006734006734,0.5990196078431372,0.75,-1,Q13573:Q9H5V9
UBA6,TMEM114,0.023608636788007595,0.0,0.25,1.0,0,A0AVT1:B3SHH9
RPL29,RPL41,0.924468339998922,1.0,0.7962406015037593,0.4833333333333334,-1,P47914:P62945
MRPS14,MTIF3,0.5174795525496725,0.14074074074074075,1.0,0.9606995884773663,-1,O60783:Q9H2K0
CTNNB1,DTX3L,0.3725460216348472,0.1745934737531376,0.5310119047619049,0.6044444444444445,0,P35222:Q8TDB6
RPS19,EIF1AD,0.8217364801014445,0.25,0.4875,0.9648148148148149,-1,P39019:Q8N9N8
SNRPG,RBM48,0.2605113489746994,0.625,0.8400000000000001,0.9722222222222222,-1,P62308:Q5RL73
RNF43,ZNF256,0.14746118886280699,0.10101010101010101,0.24999999999999997,0.5022222222222223,0,Q68DV7:Q9Y2P7
RPS28,EDEM3,0.4328777367615683,0.2263888888888889,0.35,0.11666666666666667,0,P62857:Q9BZQ6
SNW1,TAS2R14,0.5179802516483308,0.11458333333333333,0.3958333333333333,0.15476190476190474,0,Q13573:Q9NYV8
RPS4Y1,RPL36,0.2754628688924812,1.0,0.6708994708994709,0.5740740740740741,-1,P22090:Q9Y3U8
SCN2B,CEP89,-0.004306278895443936,0.23218448218448215,0.3682539682539683,0.14285714285714285,0,O60939:Q96ST8
MNAT1,GTF2H5,0.6929032245530563,0.2755102040816326,0.9455399061032865,1.0,-1,P51948:Q6ZYL4
MEIOC,POLR3H,0.06412799941040662,0.1435064935064935,0.34166666666666656,0.0,0,A2RUB1:Q9Y535
AMPD1,PPP1R15B,-0.15156020782943,0.06242690058479531,0.15714285714285714,0.9074074074074073,0,P23109:Q5SWA1
GNB1,MBNL3,-0.2570256561641961,0.16523809523809524,0.7142857142857143,0.4916666666666667,0,P62873:Q9NUK0
HSD17B10,SCNM1,0.19148664016767408,0.22916666666666666,0.2638888888888889,0.9960199004975124,0,Q99714:Q9BWG6
YWHAG,SF3B4,-0.1414617131360632,0.10038370720188902,0.32422222222222224,0.9683098591549296,0,P61981:Q15427
IGHA2,LRRTM3,-0.1503014984240857,0.16190476190476188,0.3571428571428572,0.0,0,P01877:Q86VH5
MRPL19,MRM3,0.43108093947805415,0.10795454545454546,0.5625,0.8173913043478263,-1,P49406:Q9HC36
AQR,CWC27,0.8494341995927541,0.7037037037037037,0.6394557823129253,0.5833333333333334,-1,O60306:Q6UX04
SLC38A11,SIAH1,0.021612494184239602,0.10152902652902653,0.4538461538461539,0.9328231292517005,0,Q08AI6:Q8IUQ4
MRPL52,MRPS23,0.6610878198754613,1.0,0.6499368686868686,0.6785714285714286,-1,Q86TS9:Q9Y3D9
FGG,HIKESHI,-0.23084808563440612,0.32626262626262625,0.4303030303030303,0.55,0,P02679:Q53FT3
WDR93,NKAIN3,-0.04680485399547863,0.09090909090909091,0.125,0.0,0,Q6P2C0:Q8N8D7
WDR5,ELOC,0.6013776135572569,0.2280578898225957,0.5699685534591196,0.9732704402515723,-1,P61964:Q15369
SMAD2,CROCCP2,0.15475728942493158,0.0,0.0,1.0,0,Q15796:Q86T23
PSMB1,PSMD2,0.6571113148629505,0.6875,0.8153822055137846,0.9884615384615385,-1,P20618:Q13200
TMEM54,TIMMDC1,-0.02771615989845399,0.0,0.30277777777777787,1.0,-1,Q969K7:Q9NPL8
H4C1,ITGB3BP,0.319049184481514,0.1801165501165501,0.6196969696969696,1.0,-1,P62805:Q13352
H2BC11,H3C1,0.8418437234205495,0.6417989417989418,0.8444444444444446,0.9709302325581395,1,P06899:P68431
GNA14,COMMD4,0.3060987081218331,1.0,0.4458333333333333,1.0,0,O95837:Q9H0A8
DENR,RPS19,0.7271533643413336,0.13006188256188259,0.42026578073089704,0.7017543859649122,-1,O43583:P39019
LTA,DPF3,-0.03676026397513159,0.17113095238095236,0.30793650793650795,0.8285714285714286,0,P01374:Q92784
GEMIN2,APOBEC3A,-0.17591741898747118,0.08692557442557443,0.4878787878787879,0.46428571428571436,0,O14893:P31941
CDC5L,LHX5,-0.02382568415008752,0.23837650762784454,0.6,0.8611507936507936,0,Q99459:Q9H2C1
OTX1,KRTAP6-1,0.0,0.25,0.3888888888888889,1.0,-1,P32242:Q3LI64
CDC20,ACSS3,-0.20973480959013802,0.14285714285714285,0.22395833333333331,0.24597505668934241,0,Q12834:Q9H6R3
CD4,KPRP,-0.04425476777933732,0.0,0.18095238095238092,1.0,0,P01730:Q5T749
TIGD4,TAB2,0.08178400068652214,0.0,0.18346883468834688,0.8795238095238096,0,Q8IY51:Q9NYJ8
RPS27,RPS5,0.8572581263973645,0.6599999999999999,0.7040726817042606,0.5769230769230769,-1,P42677:P46782
BATF,BATF,1.0,0.29168507866604754,0.5050000000000001,0.8881263616557734,-1,Q16520:Q16520
SEC61B,RPL36A,0.5114958917135001,0.175,0.7161490683229814,0.4642857142857143,-1,P60468:P83881
CDC40,PPIL3,0.879594601059178,0.38791423001949316,0.761904761904762,0.712962962962963,-1,O60508:Q9H2H8
RPS13,RPL36A,0.9597628606556465,1.0,0.7161490683229814,0.6666666666666667,-1,P62277:P83881
PSMB4,PSME2,0.6117975873154631,0.08012820512820512,0.8623407109322602,0.9285714285714285,-1,P28070:Q9UL46
PPP1CA,PPP1R15B,0.6186446943690637,0.15148809523809523,0.775,0.9074074074074073,1,P62136:Q5SWA1
MCM2,DDRGK1,0.031204153653228813,0.10288761238761238,0.3331168831168831,0.775,0,P49736:Q96HY6
NIPA1,EIF3L,-0.21417821359304864,0.1796296296296296,0.4083333333333334,0.8333333333333334,0,Q7RTP0:Q9Y262
NDUFS7,CYC1,0.4514890962916296,0.43636363636363634,0.5354938271604938,0.67,-1,O75251:P08574
NDUFS4,NDUFV3,0.6904373481415966,0.3392911010558069,0.47794117647058826,0.6041666666666666,1,O43181:P56181
EIF2S1,RPS23,0.6865132924250698,0.21416666666666667,0.6914053426248548,0.6590909090909091,-1,P05198:P62266
RPLP1,RPS2,0.8058087949394835,0.8431372549019608,0.7024363233665558,0.7480769230769231,-1,P05386:P15880
OR5J2,BRK1,-0.12167635824150812,0.15000000000000002,0.2648351648351649,0.49351851851851847,0,Q8NH18:Q8WUW1
IGHE,FCER2,0.19314962067521602,0.2548611111111111,0.6919642857142857,0.5229166666666667,1,P01854:P06734
ELOB,SIL1,0.38167404302653263,0.13030303030303028,0.25999999999999995,0.8545454545454544,0,Q15370:Q9H173
CBX8,EBF1,0.07289769219089602,1.0,0.6,0.6711111111111111,0,Q9HC52:Q9UH73
MED7,POLR2E,0.6311441334740443,0.20538461538461536,0.9247967479674795,0.8393004115226339,-1,O43513:P19388
COMMD2,DMBX1,-0.06630539701462836,0.0,0.31666666666666665,0.28425925925925927,0,Q86X83:Q8NFW5
LIMS4,GSG1,0.11622225323705843,0.0,0.15476190476190477,1.0,0,P0CW20:Q2KHT4
GNG2,GNAI1,0.10124767552112521,0.39712301587301596,0.6736434108527132,0.521326164874552,1,P59768:P63096
ATP12A,GLYR1,0.015620711408137129,0.09047619047619049,0.6545454545454545,0.18392857142857144,0,P54707:Q49A26
VPS28,VPS28,1.0,0.2312350757687445,0.43499278499278493,0.9830508474576272,1,Q9UK41:Q9UK41
TESK1,HAUS2,0.3371072996870598,0.21625,0.7758064516129031,1.0,0,Q15569:Q9NVX0
LLPH,MAK16,0.8394811195171827,0.08333333333333333,0.6111111111111112,0.8125,0,Q9BRT6:Q9BXY0
CLCA1,SLC22A6,-0.04304389893865429,0.2827380952380952,0.42595238095238097,0.14756944444444445,0,A8K7I4:Q4U2R8
FGG,ACTR5,-0.15825418642296216,0.1071957671957672,0.26666666666666666,1.0,0,P02679:Q9H9F9
CD3G,TRNP1,-0.12761558911828366,0.23958333333333331,0.24444444444444446,0.25,0,P09693:Q6NT89
SNAP29,SNAP29,0.9999999999999999,0.2646384479717813,0.3346938775510204,0.9767857142857144,1,O95721:O95721
RPS12,RPS20,0.9367744771615352,0.8461538461538461,0.7799422799422799,0.7023809523809523,-1,P25398:P60866
MTRNR2L8,IL13RA1,-0.4910819943960628,0.1334776334776335,0.31227106227106227,0.4226190476190476,0,P0CJ75:P78552
SNRNP27,LSM5,0.38280488848092326,0.7202380952380952,0.3973809523809525,0.9568965517241379,-1,Q8WVK2:Q9Y4Y9
EIF2S2,RPS27A,0.5424760644182914,0.18472222222222223,0.8273681515617,0.7761111111111111,-1,P20042:P62979
UBB,KCNMB4,0.11373963983410804,0.20837662337662338,0.49000000000000005,0.4870748299319728,0,P0CG47:Q86W47
NDUFB1,UQCRC1,0.5115637426324277,0.5451298701298701,0.44227994227994233,0.13376623376623376,-1,O75438:P31930
S100A9,RESF1,0.1533276611088332,0.1,1.0,0.875,0,P06702:Q9HCM1
RPS15,RPL30,0.9424539464749053,0.6628891941391941,0.5863492063492063,0.5347222222222222,-1,P62841:P62888
UQCRQ,NDUFB6,0.20139364891043607,0.27687074829931974,0.46190476190476176,0.0,-1,O14949:O95139
PPP2R1A,NABP2,0.7749220528292452,0.1265586843711844,0.4156862745098039,0.6714285714285715,-1,P30153:Q9BQ15
SUMO2,ECRG4,0.2679850399783771,0.07644196222131444,0.3888888888888889,0.75,0,P61956:Q9H1Z8
NSUN4,CYP8B1,-0.06938829332673095,0.090201376163943,0.14285714285714285,0.167989417989418,0,Q96CB9:Q9UNU6
GNAO1,GNB1,0.4717486949226046,0.33842592592592596,0.45141442715700125,0.8865740740740741,1,P09471:P62873
HSPA1B,FEM1A,-0.027218438598078726,0.1029100529100529,0.6657407407407407,0.6833333333333332,0,P0DMV9:Q9BSK4
MRAS,SEPTIN5,0.525720220525202,0.10444902319902319,0.2751488095238095,0.9218409586056646,0,O14807:Q99719
MT-ND6,NDUFV2,0.22563414280886077,0.5790508511096746,0.519230769230769,0.16447628458498026,-1,P03923:P19404
FAU,RPL31,0.9167236667488173,1.0,0.6769841269841269,0.7916666666666666,-1,P62861:P62899
TAF6,TAF13,0.14257909540758307,0.4705357142857143,0.7944444444444446,0.7777777777777778,-1,P49848:Q15543
TUFM,MRPL39,0.748974892391443,0.3333333333333333,0.4302584670231729,0.625,-1,P49411:Q9NYK5
MMD2,EIF2B4,-0.3094518842075908,0.11136363636363637,0.375,0.8295238095238094,0,Q8IY49:Q9UI10
CD1E,CERCAM,-0.13391084729748753,0.20833333333333331,0.5833333333333334,0.3242857142857143,0,P15812:Q5T4B2
MRPL33,MRPS35,0.35035827864148156,1.0,0.6240530303030303,0.41666666666666663,-1,O75394:P82673
MRPL33,LRPPRC,0.26129873075358273,0.09523809523809523,0.39509189640768594,0.1994047619047619,0,O75394:P42704
FAM209A,NXPE3,-0.027894239639098622,0.0,0.2,1.0,-1,Q5JX71:Q969Y0
TUFM,SENP2,0.3661465442830021,0.11743018885876029,0.4148148148148148,0.8863287250384024,0,P49411:Q9HC62
RPS19BP1,NOP58,0.39985105499570456,0.4006734006734007,0.5045351473922901,0.7966666666666666,-1,Q86WX3:Q9Y2X3
SLU7,C9orf78,0.7998993487637764,0.540625,0.6047619047619047,0.7222222222222222,0,O95391:Q9NZ63
PRKAR2A,C1orf94,0.4310461453182888,0.0,0.0,1.0,0,P13861:Q6P1W5
ZNF211,H2AC6,-0.06643239777239329,0.1388888888888889,0.5125,0.17714285714285713,0,Q13398:Q93077
BIRC3,PYROXD1,0.5616364539295798,0.14285714285714285,0.6,0.85,0,Q13489:Q8WU10
PCNA,TWSG1,0.24360103038166783,0.14008001802119446,0.5,0.8611111111111112,0,P12004:Q9GZX9
NDUFA4,COX7C,0.46179321979814214,0.6333333333333333,0.6763392857142857,1.0,-1,O00483:P15954
GNAI3,GNB1,0.3874893929480477,0.33842592592592596,0.494059405940594,0.8865740740740741,1,P08754:P62873
EIF2B5,IPO11,0.4917926786116122,0.10555555555555556,0.7291666666666666,0.7555555555555555,0,Q13144:Q9UI26
GRWD1,MRPL40,0.5782623696801478,0.12698412698412698,0.24888591800356508,0.90625,0,Q9BQ67:Q9NQ50
CMTM5,NDRG4,0.12145098491184442,0.21510482981071213,0.6818181818181818,0.9893617021276596,1,Q96DZ9:Q9ULP0
NDUFS6,NDUFA12,0.7813764780779111,0.25040885040885036,0.40625,0.34375,1,O75380:Q9UI09
KRTAP10-3,CDR2L,-0.03241731065468012,0.0,0.5,0.0,0,P60369:Q86X02
KDM1A,H3C1,0.667152861170828,0.2993827160493827,0.8444444444444446,0.9709302325581395,1,O60341:P68431
HSBP1L1,PHF23,0.13771479646507473,0.09967017109874253,0.45,0.9199999999999999,0,C9JCN9:Q9BUL5
CD3D,CD3E,0.9456018204913513,0.25690975690975687,0.6864977614977614,0.7999999999999999,1,P04234:P07766
CMTM4,ASF1B,-0.15204607541240506,0.0,0.4095238095238095,0.8857142857142856,0,Q8IZR5:Q9NVP2
SSR4,SEC61A1,0.7164708509585009,0.0,0.3083333333333333,0.0,-1,P51571:P61619
KRIT1,TSPY3,0.17566484031234084,0.17083333333333334,0.5666666666666667,0.75,0,O00522:P0CV98
UBB,PSMC5,0.36370783616837044,0.22732843137254902,0.8179197994987469,0.9313822751322751,-1,P0CG47:P62195
UBA52,CDK5RAP3,0.43494824858331377,0.14351063657274957,0.427536231884058,0.7222222222222223,0,P62987:Q96JB5
NFKBID,RBM14,0.5330345926135192,0.14388036206218022,0.25785714285714284,0.8552910052910052,-1,Q8NI38:Q96PK6
NDUFA11,NDUFB11,0.5493202704785176,0.38585858585858585,0.6576923076923076,1.0,1,Q86Y39:Q9NX14
ELOB,ELOB,1.0,0.26296296296296295,0.6172839506172839,0.9393939393939393,1,Q15370:Q15370
DENR,TRIM42,-0.043326903258073306,0.1,0.0,0.9882816661340151,0,O43583:Q8IWZ5
RPS10,RPS29,0.9142938764660545,1.0,0.7327891156462585,0.5555555555555556,1,P46783:P62273
SFTPC,SFTPC,1.0,1.0,0.44449404761904765,1.0,1,P11686:P11686
RAN,COX17,0.4600879376655246,0.15158730158730158,0.31111111111111117,0.6206043956043956,0,P62826:Q14061
CSF2,CSF2RB,0.3167220020184852,0.34648453398453394,0.9285714285714286,0.6938988095238094,1,P04141:P32927
SFTPC,C17orf58,-0.05430575839690011,0.0,0.25,0.0,0,P11686:Q2M2W7
XRCC2,PI3,0.04221885795365849,0.1251082251082251,0.4393939393939394,0.1726190476190476,0,O43543:P19957
PDHA1,SCTR,-0.2082536238677945,0.13944805194805193,0.15555555555555553,0.19727891156462582,0,P08559:P47872
TOPBP1,GINS2,0.8205988046544583,0.375,0.37777777777777777,1.0,0,Q92547:Q9Y248
SNRPD3,PPIL3,0.8052187655626244,0.38791423001949316,0.761904761904762,0.712962962962963,0,P62318:Q9H2H8
GDNF,RPS9,0.12134980876955274,0.2007575757575758,0.40806277056277057,0.5533333333333333,0,P39905:P46781
NR3C1,ANKRD16,0.3894715522073111,0.125,0.6,0.0,0,P04150:Q6P6B7
ZNF716,MED29,-0.05528571239639381,0.5138888888888888,0.28015873015873016,0.20113636363636359,0,A6NP11:Q9NX70
PSMA3,PSMB5,0.5487110806019428,0.5833333333333333,0.792102206736353,0.9308201058201058,1,P25788:P28074
LZTS2,NXT2,0.0840060858859806,0.32539682539682535,0.45,1.0,0,Q9BRK4:Q9NPJ8
AR,ILRUN,0.06323063812565345,0.14183673469387753,0.5037037037037037,0.75,0,P10275:Q9H6K1
UBE2S,ANAPC5,0.15434754973451262,0.4611111111111111,0.6767441860465117,0.3333333333333333,-1,Q16763:Q9UJX4
CCNA2,ANAPC5,0.3219815216146179,0.1769660894660895,0.6767441860465117,0.3333333333333333,0,P20248:Q9UJX4
HBB,RPTOR,-0.2029141520398181,0.1345989707691835,0.581827016520894,0.8431998556998558,0,P68871:Q8N122
RNF43,CCDC148,0.0045565241084901936,0.0,0.0,1.0,0,Q68DV7:Q8NFR7
RPL10,RPL7L1,0.49139662623515107,0.11805555555555555,0.39999999999999997,0.5714285714285714,-1,P27635:Q6DKI1
PDPK2P,NMD3,0.2400921432739869,0.11177248677248676,0.5666666666666667,0.09954545454545456,0,Q6A1A2:Q96D46
ARFIP2,GPR137,0.08315971222902828,0.15788461538461537,0.2,0.0,0,P53365:Q96N19
RPS11,LRRC47,0.532919628330748,0.1111111111111111,0.0,0.4583333333333333,-1,P62280:Q8N1G4
RPL26,RRP15,0.7502144140886832,1.0,0.5,0.0,-1,P61254:Q9Y3B9
CYP1A2,TCF4,-0.22218397569443793,0.20758616383616382,0.3688271604938272,0.9586299892125136,0,P05177:P15884
CDIPT,FANCB,0.05902766324131572,0.07214912280701755,0.44000000000000006,1.0,0,O14735:Q8NB91
RPS29,RPS29,1.0,1.0,0.7327891156462585,0.5555555555555556,0,P62273:P62273
RPL18A,WDR12,0.48709923307135466,0.11419753086419752,0.2592592592592593,0.9607843137254901,-1,Q02543:Q9GZL7
ASIC4,CENPH,-0.07018751118780535,0.10023310023310024,0.27888888888888885,0.9666666666666667,0,Q96FT7:Q9H3R5
BUD23,RPS18,0.31796678237500325,0.13571428571428573,0.40623582766439914,0.62,-1,O43709:P62269
ELOB,BOD1L2,0.6607762332644165,0.2,0.3444444444444444,1.0,0,Q15370:Q8IYS8
PTEN,TMEM17,-0.1108860729134423,0.18522727272727274,0.3625,1.0,0,P60484:Q86X19
ELOB,SOCS4,0.2950654372911786,0.26636363636363636,0.0,1.0,1,Q15370:Q8WXH5
RPS15A,DCAF13,0.6334486198460947,0.12908696242029574,0.6003333333333333,0.4333333333333333,1,P62244:Q9NV06
ID2,CD99L2,0.12030840814932077,0.1636904761904762,0.3466666666666666,1.0,0,Q02363:Q8TCZ2
TAF9,GTF2H5,0.465083694694897,0.25476190476190474,0.9455399061032865,1.0,-1,Q16594:Q6ZYL4
PRKAR2A,ZFP62,0.3651810640130537,0.10555555555555556,0.2,0.15925925925925927,0,P13861:Q8NB50
RPS15A,NOL7,0.5536227185528573,0.5416666666666666,0.5763888888888888,0.625,-1,P62244:Q9UMY1
RBX1,CUL4B,0.5431105868434758,0.24158289967113497,0.8309444444444445,0.9674074074074075,1,P62877:Q13620
ZDHHC1,BAIAP2,0.23143628562271804,0.10245164192532613,0.22132936507936501,0.9739795918367348,0,Q8WTX9:Q9UQB8
SNW1,LSM4,0.4620702298460845,0.4321428571428572,0.39733893557422967,0.8988095238095238,-1,Q13573:Q9Y4Z0
NDUFAB1,NDUFC1,0.6516471468481065,0.3496969696969697,0.7063492063492062,0.125,-1,O14561:O43677
NDUFB1,UQCRB,0.8212653044006819,0.8,0.6255668934240362,0.125,-1,O75438:P14927
MRPL34,DDX28,0.3781311270217386,0.10795454545454547,0.54,0.13733766233766234,-1,Q9BQ48:Q9NUL7
GLYR1,FAR2,0.21326764252136313,0.08158508158508158,0.15476190476190477,0.16428571428571428,0,Q49A26:Q96K12
EIF2S3,ABCE1,0.7802863398755198,0.23729395604395603,0.5259259259259259,0.4409578076244743,-1,P41091:P61221
RPS5,RACK1,0.9464448905390577,0.13107350982350982,0.5023809523809524,0.8351882613510518,1,P46782:P63244
IL6R,ABR,-0.2656675084302944,0.172008547008547,0.40428571428571425,0.3142857142857143,0,P08887:Q12979
PBRM1,SMARCE1,0.9481135468191327,0.3132634082860327,0.4243235930735931,0.9460034013605443,1,Q86U86:Q969G3
UBC,UBE2N,0.2377425390873785,0.265753167000157,0.6549523809523811,0.8576892109500807,1,P0CG48:P61088
RPS11,RPS21,0.9307241691652042,0.7777777777777778,0.7340136054421768,0.7272727272727273,1,P62280:P63220
CENPX,CENPA,0.14825279385257753,0.2517094017094017,0.66,0.8958333333333334,-1,A8MT69:P49450
TCERG1,SF3A2,0.8077130033523919,0.6681220565149136,0.358592132505176,0.9781746031746031,-1,O14776:Q15428
RPL17,RPS12,0.9371007216394492,0.6474358974358974,0.735070785070785,0.53125,-1,P18621:P25398
NDUFS3,APH1B,-0.016322800967458872,0.18416895604395606,0.28590325018896445,0.7077922077922079,0,O75489:Q8WW43
KCNJ4,TXNIP,-0.35797972920364624,0.11295152216204848,0.3333333333333333,0.8358974358974359,0,P48050:Q9H3M7
VHL,ELOC,0.2768611945204885,0.38562378167641326,0.6265723270440251,0.9732704402515723,1,P40337:Q15369
MRPS31,MRPS28,0.4240077134115502,1.0,0.6268939393939393,1.0,-1,Q92665:Q9Y2Q9
PLRG1,STEEP1,0.8687599913731994,0.13425925925925927,0.5990196078431372,0.75,0,O43660:Q9H5V9
BUD31,ESS2,0.7555197739701088,0.6923076923076924,0.7083333333333334,1.0,0,P41223:Q96DF8
WDR70,SRRM2,0.851646722986356,0.0,0.606265664160401,0.6900000000000001,-1,Q9NW82:Q9UQ35
CGAS,H2AC12,0.3708375009183354,0.2,0.34500000000000003,0.4444444444444445,0,Q8N884:Q96KK5
RAC3,SS18,-0.17645283399712405,0.21346153846153848,0.2785714285714286,0.5773809523809523,0,P60763:Q15532
SEPTIN5,RIC8A,-0.17744048392534267,0.16016233766233767,0.5833333333333333,0.9149659863945577,0,Q99719:Q9NPQ8
CBX7,TCF24,-0.1684611633983124,0.5416666666666666,1.0,0.665,0,O95931:Q7RTU0
POLR2K,MED18,0.19597787883768455,0.17163742690058478,0.3,0.9555555555555557,-1,P53803:Q9BUE0
MRPL28,DDX28,0.5169784196626859,0.10795454545454547,0.54,0.35080348943985307,-1,Q13084:Q9NUL7
AVPR2,GNB1,0.09023241507981548,0.4726220538720538,0.494059405940594,0.8865740740740741,1,P30518:P62873
PSMC5,PACS1,0.6513238585715712,0.0931818181818182,0.665,1.0,0,P62195:Q6VY07
PLRG1,PPIG,0.9076185217635185,0.13791423001949318,0.6138888888888888,0.7766666666666667,-1,O43660:Q13427
RPS3,CCDC124,0.35410896818636567,0.39814814814814814,0.5066666666666666,0.6041666666666666,1,P23396:Q96CT7
AHCYL1,STING1,-0.19271542939939076,0.09892653642653641,0.5458289241622575,0.8017283950617285,0,O43865:Q86WV6
TIMP1,CCNA2,0.14528286419068742,0.24631802131802133,0.2816738816738816,0.9209726443769,0,P01033:P20248
MESD,FAM13C,0.12116746547245615,0.0,0.0,1.0,-1,Q14696:Q8NE31
YWHAZ,EID1,0.35262502224369524,0.7678571428571428,0.6666666666666666,0.8333333333333334,0,P63104:Q9Y6B2
SNRPD2,RBM48,0.4367951109234769,0.625,0.8400000000000001,0.9722222222222222,-1,P62316:Q5RL73
TXNL4A,RRP1B,0.46824471739572215,0.19294945250827603,0.3622222222222223,0.9102564102564104,0,P83876:Q14684
MRPL19,OXA1L,0.48816352999946827,0.1664085914085914,0.4404761904761905,0.6153846153846154,-1,P49406:Q15070
RBAK,VPS28,0.7719643168765224,0.0748988484282602,0.20429421768707484,0.9830508474576272,0,Q9NYW8:Q9UK41
RPL19,RPL19,0.9999999999999998,1.0,0.6576719576719576,0.5384615384615384,0,P84098:P84098
NUP160,NUP210,0.40813801621517204,0.4920634920634921,0.8907407407407406,1.0,-1,Q12769:Q8TEM1
OR7A5,MAGOHB,0.05533623573844345,0.11727392977392977,0.3809523809523809,0.1661706349206349,0,Q15622:Q96A72
MRPS5,MRPL9,0.7076285328160264,1.0,0.5248484848484848,0.38333333333333336,-1,P82675:Q9BYD2
GSN,AR,0.33765273427337367,0.15649869602075483,0.5717948717948718,0.8009458577951729,1,P06396:P10275
RPS14,RPS24,0.9005873606335302,0.48839285714285713,0.7233766233766233,0.6476190476190476,-1,P62263:P62847
RPL21,EEF1A1,0.827029644623858,0.426025641025641,0.4544047619047619,0.7121604938271605,-1,P46778:P68104
RPLP2,RPL23A,0.9281003208159958,1.0,0.6579047619047619,0.6391666666666667,-1,P05387:P62750
CHRM5,PSMB2,-0.011694237722747138,0.0989010989010989,0.3153405666063894,1.0,0,P08912:P49721
CSH2,TP53I13,0.24479959080734076,0.2523809523809524,0.4444444444444444,1.0,0,P0DML3:Q8NBR0
MAGEA2,CDK5R1,0.0027558306412615234,0.1319377319377319,0.2570684523809524,0.723944294699012,-1,P43356:Q15078
RPSA,RPS28,0.90343610401648,0.522077922077922,0.7066924066924067,0.6538461538461539,-1,P08865:P62857
RPS19,EEF1A1,0.8161189606064526,0.426025641025641,0.4544047619047619,0.7121604938271605,-1,P39019:P68104
MRPL33,MRPS9,0.5763656583237856,1.0,0.5527597402597403,0.36666666666666664,-1,O75394:P82933
MPZL1,KANK1,0.4891906247193959,0.13095779220779222,0.484375,0.9625,0,O95297:Q14678
CDKN1B,TPH2,-0.06264722385252156,0.18333333333333335,0.625,0.15277777777777776,0,P46527:Q8IWU9
TEKT1,NME7,0.31109894508253233,0.2146136691591237,0.3329931972789115,0.9658613445378151,-1,Q969V4:Q9Y5B8
SEC24D,MACROD1,-0.04652016092484164,0.11613756613756611,0.625,0.6523809523809525,0,O94855:Q9BQ69
HSPA1B,HSPBP1,0.22885807104464911,0.4006410256410256,0.6,0.8674242424242425,1,P0DMV9:Q9NZL4
VAV1,CDC42,0.44578811045631384,0.14697771364438028,0.6588962716869694,0.8911324125609841,1,P15498:P60953
NDUFB1,UQCRH,0.6834689141338733,0.6818181818181818,0.5629960317460317,0.171875,-1,O75438:P07919
TP53,CDK9,0.3796655099841154,0.2616737828734733,0.7212121212121215,0.8185134310134311,1,P04637:P50750
STX7,CISD2,0.1522378629858464,0.13392857142857142,0.3547619047619048,0.947857142857143,-1,O15400:Q8N5K1
GTF2H1,ABCB9,0.3469762071147299,0.11123136123136122,0.21803571428571428,0.49404761904761907,0,P32780:Q9NP78
YOD1,RTP3,-0.12948245707789635,0.09636363636363636,0.8333333333333334,0.5111111111111111,0,Q5VVQ6:Q9BQQ7
AANAT,LUZP4,0.8308923460648345,0.1,0.6,0.97,0,Q16613:Q9P127
ZYX,KAT8,0.4250788286719191,0.11902958152958154,0.2609913075430316,0.2983717948717949,0,Q15942:Q9H7Z6
ITGA5,RPS13,0.3254931608919918,0.17070707070707072,0.3892857142857143,0.6355555555555554,0,P08648:P62277
TGFBR2,ZNF512B,0.19480010064684825,0.25,0.5,0.8884575569358178,0,P37173:Q96KM6
RPS4Y1,RPL27,0.4239740525510206,0.6452380952380953,0.5996031746031746,0.6083333333333334,-1,P22090:P61353
RPS24,RPS25,0.9361915063695153,0.7834821428571428,0.6813186813186813,0.6571428571428571,-1,P62847:P62851
RFPL1,MLLT1,0.036461815650105214,0.3333333333333333,0.4625,0.19062500000000002,0,O75677:Q03111
DPYSL2,DISC1,0.25019431808974435,0.17444877344877344,0.44336419753086415,0.9927219796215428,-1,Q16555:Q9NRI5
C9,C9,1.0,0.4395542728876063,0.47058823529411764,1.0,1,P02748:P02748
POLR2I,MED11,-0.21449221145562633,0.0613095238095238,0.32222222222222224,0.8944444444444444,-1,P36954:Q9P086
MRPS9,MRPL23,0.5830647746766127,1.0,0.5292424242424242,0.75,-1,P82933:Q16540
CDC73,RTF1,0.6836385984698102,0.24886621315192745,0.8833333333333332,0.8277777777777778,1,Q6P1J9:Q92541
OXA1L,MRPL47,0.40041890908955385,1.0,0.48571428571428565,0.25,1,Q15070:Q9HD33
GFM1,MRPL57,0.4983207170181641,0.25,0.3135822510822511,0.625,-1,Q96RP9:Q9BQC6
SLC25A5,GABRB2,-0.1641894983761043,0.14142416225749557,0.37063492063492076,0.13548752834467118,0,P05141:P47870
PPIG,CWC25,0.7498546284103855,0.25,0.4537414965986395,1.0,-1,Q13427:Q9NXE8
RPS27,RRP12,0.183348988484748,0.0,0.44126984126984126,1.0,-1,P42677:Q5JTH9
GNB2,TBATA,-0.05546999014376745,0.13333333333333333,0.6666666666666666,1.0,0,P62879:Q96M53
AQR,RBM22,0.8456859208681405,0.37528796739323056,0.5636243386243387,0.6520833333333333,1,O60306:Q9NW64
OAZ2,ZWILCH,0.19568943094377764,0.11964285714285715,0.7749999999999999,1.0,0,O95190:Q9H900
MED10,MED18,0.3963188404036604,0.5195238095238095,0.4444444444444445,0.9555555555555557,1,Q9BTT4:Q9BUE0
NPBWR2,PNMA1,0.4144143056625775,0.15000000000000002,0.35,1.0,-1,P48146:Q8ND90
SF3B4,DDX46,0.8091237786599709,0.6324675324675324,0.5804761904761904,0.40842490842490836,-1,Q15427:Q7L014
ANXA11,NEPRO,0.44566511652740765,0.1037037037037037,0.75,0.0,0,P50995:Q6NW34
FKTN,GSN,0.3052000970582025,0.11553469053469052,0.39887755102040817,0.9778751123090745,0,O75072:P06396
SSR4,SEC61G,0.5451236445617592,0.0,0.3888888888888889,0.0,-1,P51571:P60059
CAMK1D,MRPL27,-0.028706626150128863,0.13392857142857142,0.1732142857142857,0.5,0,Q8IU85:Q9P0M9
PRAMEF10,NELFB,-0.3252685733896902,0.29662698412698413,0.46799999999999997,0.9625,0,O60809:Q8WX92
APH1A,WSB1,0.440691832883844,0.14563492063492062,0.5,0.7777777777777778,0,Q96BI3:Q9Y6I7
RPL36A,PPP1R2B,-0.13452367301205606,0.13055555555555556,0.0,0.8571428571428572,0,P83881:Q6NXS1
CDH1,RPS9,0.2211319246995798,0.14748677248677247,0.43079004329004333,0.5533333333333333,-1,P12830:P46781
MRPL54,DDX28,0.5843505327269479,0.09722222222222221,0.54,0.35080348943985307,-1,Q6P161:Q9NUL7
PRPF8,STEEP1,0.8504207133854249,0.109006734006734,0.5990196078431372,0.75,0,Q6P2Q9:Q9H5V9
SAYSD1,CWC15,0.6297746269633906,0.09818181818181819,0.34459325396825397,0.2789115646258503,0,Q9NPB0:Q9P013
GNB1,YWHAZ,0.618828231294056,0.23215811965811964,0.6460416666666667,0.9900379506641366,0,P62873:P63104
SPRR4,NELFA,0.28186268391704383,0.07994505494505494,0.3069727891156462,0.0,0,Q96PI1:Q9H3P2
RNF5,GAR1,0.314446790029141,0.11875,0.3532091097308489,0.2705128205128205,0,Q99942:Q9NY12
PSMG1,PSMB4,0.28532808181747243,0.07509157509157509,0.7916071428571428,0.9858156028368793,-1,O95456:P28070
UBE2B,BARD1,0.3792291409026951,0.21728989311342253,0.7177990708478514,0.8425287356321839,0,P63146:Q99728
RPS8,C1orf131,0.7097291094084298,1.0,0.5370370370370371,0.7,-1,P62241:Q8NDD1
MRPS21,MRPL22,0.5648789347398819,1.0,0.5527597402597403,0.5833333333333334,-1,P82921:Q9NWU5
TAB1,MRPL11,0.4495566035124521,0.1369047619047619,0.24473905723905723,0.9108527131782945,0,Q15750:Q9Y3B7
KCNE1,IL2,0.07742579236756296,0.11409084336715915,0.5,0.5119047619047619,0,P15382:P60568
APPBP2,APPBP2,1.0,0.4524675324675325,0.33522727272727276,0.9827380952380953,1,Q92624:Q92624
SSX6P,RBMXL1,0.11484851676522836,0.09897292250233425,0.125,0.0,0,Q7RTT6:Q96E39
ELOC,ELOB,0.7591216412465833,0.26296296296296295,0.6172839506172839,0.9393939393939393,1,Q15369:Q15370
CXCR1,COMMD2,-0.18409967177084738,0.0,0.3333333333333333,1.0,0,P25024:Q86X83
ZBTB8A,CAB39,0.44590334181241364,0.0875174593924594,0.16725589225589224,0.8754578754578756,0,Q96BR9:Q9Y376
EIF1AX,HEYL,0.19036562553915987,0.12326701076701076,0.48571428571428577,0.6722222222222222,0,P47813:Q9NQ87
RRP9,DRD1,-0.21569740308601812,0.09454232208469496,0.2619047619047619,0.5815476190476191,0,O43818:P21728
NDUFB2,NDUFC2,0.5312567805725339,0.2043349507635222,0.480892857142857,0.4166666666666667,-1,O95178:O95298
EIF3G,C11orf87,-0.40512873622660395,0.0,0.5,1.0,0,O75821:Q6NUJ2
PSMB7,DNAI2,0.41139753704639526,0.07873376623376624,0.2795238095238095,0.85,0,Q99436:Q9GZS0
SURF6,RPL26,0.7184099402585393,0.22825369075369076,0.411996336996337,0.446969696969697,-1,O75683:P61254
RPS20,RPS14,0.9491076070925349,0.580595238095238,0.6812925170068027,0.7375,-1,P60866:P62263
CRYBB2,SLAMF7,-0.13701723783942849,0.15000000000000002,0.0,1.0,0,P43320:Q9NQ25
THOP1,EIF2B3,0.32780909799553837,0.24528138528138527,0.4625,0.2630952380952381,0,P52888:Q9NR50
SNAI1,SPTSSB,-0.1296164245137014,0.13787878787878788,0.18571428571428567,0.40740740740740744,0,O95863:Q8NFR3
THY1,TES,-0.24566148500716478,0.3333333333333333,0.42611111111111105,0.6488095238095238,0,P04216:Q9UGI8
TCF3,TCF3,0.9999999999999998,0.576647391070468,0.4885057471264367,0.6514770723104056,1,P15923:P15923
IGFBP3,PMF1,0.4771095617870021,0.16872294372294372,0.3735294117647059,0.9583333333333335,0,P17936:Q6P1K2
RPL10A,RPS27A,0.9475624675672274,0.5902777777777778,0.8273681515617,0.7761111111111111,-1,P62906:P62979
NRL,RACK1,-0.28790375019980263,0.13248835519056107,0.5023809523809524,0.8351882613510518,0,P54845:P63244
SNRNP200,STEEP1,0.8660800851673077,0.15067340067340065,0.5990196078431372,0.75,0,O75643:Q9H5V9
GTPBP6,MRPL27,0.4936900532288394,0.0,0.2378246753246753,0.19444444444444445,-1,O43824:Q9P0M9
MGME1,EIF2B4,0.3920163011412206,0.10273615273615273,0.1714285714285714,0.8295238095238094,0,Q9BQP7:Q9UI10
KCNAB2,BAP1,0.40028492006100125,0.10646862098475003,0.40476190476190477,0.667037037037037,0,Q13303:Q92560
GRB2,GRB2,1.0,0.22462285189557915,0.9351473922902495,0.9809264069264069,1,P62993:P62993
H2BC11,H2AZ1,0.4524096907247296,0.2885714285714286,0.5456043956043956,0.7378136200716846,1,P06899:P0C0S5
HAUS5,FRK,-0.09510044559278834,0.18827838827838828,0.5101587301587303,0.6678819444444445,0,O94927:P42685
SRSF1,WBP11,0.7739250555888005,0.48333333333333334,0.8136363636363636,0.9338709677419355,-1,Q07955:Q9Y2W2
EIF2S2,EIF3E,0.7082252458542015,0.39293599918599925,0.5063218390804597,0.9268018018018019,-1,P20042:P60228
IGKV1-33,LIPA,0.5458739255354781,0.16145961318375107,0.3873015873015873,0.12723214285714285,0,P01594:P38571
AQR,SPINK13,0.1975993173322265,0.1,0.5,0.5625,0,O60306:Q1W4C9
WDR70,CWC15,0.6960434626880984,0.0,0.5037202380952381,0.7714285714285715,-1,Q9NW82:Q9P013
GTPBP6,MRPL53,0.0,0.0,0.30275974025974023,0.25,-1,O43824:Q96EL3
POLR2H,MED20,0.7640452504825432,0.32934934739446015,0.4611111111111112,0.19177777777777777,-1,P52434:Q9H944
EDF1,RPS3A,0.6669963583130116,0.16047979797979797,0.6850793650793651,0.6944444444444444,-1,O60869:P61247
NUP160,MRPL17,0.6585730003600563,0.1111111111111111,0.1769230769230769,0.8125,0,Q12769:Q9NRX2
TAF11,TAF7,0.8376702049007776,0.2556707181707182,0.5917768959435628,0.49380952380952375,-1,Q15544:Q15545
SLC2A8,DIS3,0.3289934877904747,0.1958333333333333,0.3954648526077097,0.19444444444444445,0,Q9NY64:Q9Y2L1
POU2F1,SOX2,-0.08658603298339125,0.2444510803206455,0.7730392156862745,0.5594920634920634,1,P14859:P48431
FEN1,REEP1,-0.0047303299055588815,0.13675213675213674,0.41785714285714287,0.8222222222222224,0,P39748:Q9H902
RPS25,RPS27A,0.9577135489000831,0.5902777777777778,0.8273681515617,0.7761111111111111,-1,P62851:P62979
SNU13,RRP7A,0.6423445604401181,0.3080357142857143,0.5318181818181819,0.8928571428571429,-1,P55769:Q9Y3A4
RPLP1,RPL35A,0.8534026765303832,0.6275510204081632,0.7060041407867493,0.5678571428571428,-1,P05386:P18077
IK,SF3B2,0.9382615491989587,0.8597222222222222,0.4542857142857141,0.9605263157894737,-1,Q13123:Q13435
CSF2RA,CSF2RB,0.9063492616614983,0.4561237373737374,0.9285714285714286,0.6938988095238094,1,P15509:P32927
RPS9,RPS13,0.9485398083179887,0.6994047619047619,0.6767857142857142,0.6355555555555554,-1,P46781:P62277
HAUS4,HAUS2,0.568679975948455,0.4942460317460318,0.7758064516129031,1.0,-1,Q9H6D7:Q9NVX0
MRPS15,MRPS34,0.21880821418401755,1.0,0.6268939393939393,1.0,-1,P82914:P82930
YWHAE,RANBP3L,0.516965558723394,0.1857142857142857,0.0,1.0,0,P62258:Q86VV4
CD28,RNF151,-0.04081524950058446,0.14583333333333331,0.35,0.9464285714285714,0,P10747:Q2KHN1
PRAMEF2,PTRH1,0.8283379688454842,0.1,0.2,0.14484126984126983,0,O60811:Q86Y79
WDR74,LLPH,0.7372540521311103,0.125,0.75,0.5833333333333334,0,Q6RFH5:Q9BRT6
LAMTOR5,NPRL3,0.5051848486678859,0.20030743066457354,0.6444444444444444,0.8571428571428571,-1,O43504:Q12980
ACTR1B,ELOC,0.293900483474595,0.0,0.6265723270440251,0.9732704402515723,0,P42025:Q15369
ARF6,PRKAG3,-0.08719323110876145,0.15612597279263946,0.7654761904761904,0.4702380952380953,0,P62330:Q9UGI9
RPS16,RPL23A,0.9602276981630309,1.0,0.6579047619047619,0.6391666666666667,1,P62249:P62750
RPS18,TRMT112,0.6455661595670449,0.11763842218387671,0.5175925925925926,0.9244047619047618,-1,P62269:Q9UI30
RECQL5,MRPL20,0.3805983816218075,0.16666666666666666,0.21756628787878787,0.425,0,O94762:Q9BYC9
ATP4B,SLC30A2,-0.05529489426853233,0.16894633144633145,0.2928819444444445,0.9444444444444443,0,P51164:Q9BRI3
RIOK1,PNO1,0.8116345987162592,1.0,0.46666666666666673,0.875,1,Q9BRS2:Q9NRX1
PPP1CA,PPP1CA,1.0,0.23757992007992007,0.45430672268907557,0.9148777866124804,1,P62136:P62136
HTRA3,MLPH,0.1642745873032029,0.09166666666666667,0.3019047619047619,0.7677083333333333,0,P83110:Q9BV36
RPS15,MCTS1,0.5881856141834563,0.2088045634920635,1.0,0.6462962962962963,-1,P62841:Q9ULC4
POLR2F,MED16,0.32375120025244425,0.17092731829573934,0.5466666666666666,0.2123015873015873,-1,P61218:Q9Y2X0
NCSTN,APH1A,0.7210415957645614,0.5426846590909091,0.6172743055555556,0.9131274131274133,1,Q92542:Q96BI3
MLANA,REEP4,0.6911797748730845,0.0,0.3142857142857143,0.9874213836477986,0,Q16655:Q9H6H4
IQCA1L,SLC15A2,0.004550549066181402,0.0823051948051948,0.0,0.17467532467532468,0,A6NCM1:Q16348
RPS29,MRGBP,0.1982973957633039,0.08874716553287983,0.4763636363636364,0.25,0,P62273:Q9NV56
FOXA1,NHLRC1,-0.12912603086930152,0.127991452991453,0.4555555555555555,0.6008547008547008,0,P55317:Q6VVB1
GNG7,PSG6,-0.006764133777601777,0.25,0.3333333333333333,0.0,0,O60262:Q00889
IL4,MAGED2,0.32642217331008644,0.3765182186234817,0.4242857142857144,1.0,0,P05112:Q9UNF1
ZNF512B,SENP2,0.6158988330306969,0.06662116907859941,0.5537037037037037,0.8863287250384024,0,Q96KM6:Q9HC62
RPL10A,NOP53,0.9107114819423627,0.09022415493003728,0.34,0.8680555555555555,-1,P62906:Q9NZM5
RPL24,RPL19,0.9290322983565712,1.0,0.6576719576719576,0.5384615384615384,-1,P83731:P84098
PRAMEF14,ZBTB8OS,0.12678421812597815,0.08333333333333333,0.38333333333333336,0.16203703703703706,0,Q5SWL7:Q8IWT0
PSMG4,STARD5,0.27017886308695743,0.07692307692307693,0.3333333333333333,0.17142857142857143,0,Q5JS54:Q9NSY2
GFM1,MRPL15,0.47879897523646114,0.16666666666666666,0.34924242424242424,0.75,-1,Q96RP9:Q9P015
RBX1,CUL4A,0.4496193886742556,0.21023220400293594,0.7488247863247864,0.8996168582375479,1,P62877:Q13619
CNR2,NFXL1,0.09789729450513866,0.18333333333333335,0.5,0.15595238095238095,0,P34972:Q6ZNB6
NDUFB5,FOXD1,-0.03315965628727455,0.08575168703845173,0.35,0.19753086419753088,0,O43674:Q16676
TLR2,PCNP,-0.07355434168362558,0.14583333333333331,0.425,1.0,0,O60603:Q8WW12
CDC40,GPKOW,0.6275992165816716,1.0,0.5428571428571429,0.9779411764705882,-1,O60508:Q92917
EIF1AX,CYP4A11,-0.23846348075616802,0.11975002122060946,0.325,0.1665674603174603,0,P47813:Q02928
ERCC6,MRPL55,0.6458590435603941,0.15873015873015872,0.1769230769230769,0.25,0,Q03468:Q7Z7F7
HGS,MAGED1,0.40020909109593755,0.23968581923127374,0.4277777777777778,0.9924242424242424,1,O14964:Q9Y5V3
H1-4,TAL2,0.09245230353218507,0.2582417582417582,1.0,0.5373015873015874,0,P10412:Q16559
OR4B1,IL17RA,0.0,0.15303030303030304,0.9047619047619048,0.21258503401360546,0,Q8NGF8:Q96F46
HLA-C,DHX34,0.6759203411332542,0.10381562881562882,1.0,0.6857910906298003,0,P10321:Q14147
GEMIN2,EIF2B2,0.59606455738023,0.1357095895557434,0.5,0.5420634920634921,0,O14893:P49770
MRPL23,MRPL23,0.9999999999999998,1.0,0.5292424242424242,0.75,0,Q16540:Q16540
SLITRK4,ANP32E,0.4381961272192377,0.167989417989418,0.22107583774250442,0.5523809523809524,0,Q8IW52:Q9BTT0
TNIP2,ACD,0.20933926635543804,0.09823807879363436,0.747619047619048,0.9210526315789473,0,Q8NFZ5:Q96AP0
HAND1,SCRT1,-0.07393120545080076,0.775,0.5,0.44191919191919193,0,O96004:Q9BWW7
RPL13AP3,BTNL2,0.3032770085468914,0.07377289377289378,0.2,0.225,0,Q6NVV1:Q9UIR0
RPLP2,RPL5,0.8713806070675335,0.2850438252223967,0.5802248677248677,0.7268339768339769,-1,P05387:P46777
MEOX2,KCNH8,-0.10008284112565274,0.11919191919191918,0.3,0.08712121212121213,0,P50222:Q96L42
ZNF440,DTNBP1,0.02122856518394046,0.07528029642818879,0.17029787672644817,1.0,0,Q8IYI8:Q96EV8
EIF3D,PDCD4,0.524327456924536,0.11228535353535354,0.5375000000000001,0.9605263157894737,0,O15371:Q53EL6
RPS28,RPS28,1.0,0.522077922077922,0.7066924066924067,0.6538461538461539,-1,P62857:P62857
RPLP2,RPL3,0.8875152222503668,0.7727272727272727,0.6343537414965985,0.5625,-1,P05387:P39023
CCNA2,CDC16,0.28181642294400755,0.1786495911495911,0.6694444444444444,1.0,0,P20248:Q13042
CLDN25,NDUFB9,-0.023273960572538777,0.12988400488400487,0.20238095238095236,0.30952380952380953,0,C9JDP6:Q9Y6M9
CDH1,RPL30,0.09572833228580677,0.14410173160173162,0.36968253968253956,0.4375,-1,P12830:P62888
TRGC1,CD247,0.15433401299830124,0.3382306582306583,0.8681623931623932,0.42888888888888893,0,P0CF51:P20963
WBP4,SNRPD3,0.7625484920094776,0.623299319727891,0.48202870189171576,0.8857723577235771,-1,O75554:P62318
COX5B,PNMA1,0.003699173684793295,0.13392857142857142,0.225,1.0,-1,P10606:Q8ND90
RPS4Y1,RPL37,0.25268834680502916,0.8153846153846154,0.7142857142857141,0.4961904761904763,-1,P22090:P61927
SNRPG,TXNL4A,0.4626817101976727,0.5031746031746032,0.5533730158730158,1.0,-1,P62308:P83876
RPLP2,RPSA,0.8525428634718454,0.5596153846153846,0.7498677248677248,0.782051282051282,-1,P05387:P08865
ZMAT2,LSM5,0.5233111909745578,0.7202380952380952,0.3973809523809525,0.9568965517241379,-1,Q96NC0:Q9Y4Y9
MED14,WNT8B,-0.05904586264092504,0.13978775853775852,0.5,0.38888888888888884,0,O60244:Q93098
SF3A2,DDX46,0.8506187671769945,0.6324675324675324,0.5804761904761904,0.40842490842490836,-1,Q15428:Q7L014
MRPL10,MRM3,0.42423924299248783,0.12142857142857143,0.5625,0.8173913043478263,-1,Q7Z7H8:Q9HC36
LGALS9C,ZDHHC17,-0.2986908893190955,0.09527777777777777,0.39001322751322753,0.9150025601638506,-1,Q6DKI2:Q8IUH5
SLC5A11,SLC30A2,-0.06309752132660883,0.14315476190476187,0.2928819444444445,0.9444444444444443,0,Q8WWX8:Q9BRI3
BTG1,MRPL46,0.2539839590300529,0.16666666666666666,0.25,0.25,0,P62324:Q9H2W6
MXI1,TECR,0.19836953046374842,0.05357142857142856,0.46428571428571425,0.8886904761904761,0,P50539:Q9NZ01
CSNK1A1,CRBN,0.5732069796261454,0.21843434343434343,0.4174603174603175,0.9529411764705882,1,P48729:Q96SW2
CASC3,NKAP,0.8539935154657557,0.1142825221256594,0.74,0.8657894736842104,-1,O15234:Q8N5F7
RPS24,IMP4,0.5915119879250424,0.7727272727272727,0.42013888888888884,0.7886904761904762,-1,P62847:Q96G21
VPS37B,SERTAD1,0.5313853717225314,0.12261072261072263,0.7333333333333334,0.967948717948718,0,Q9H9H4:Q9UHV2
PENK,PENK,1.0,0.2179214015151515,0.44896825396825396,0.5277777777777778,0,P01210:P01210
BMT2,ZNF774,0.281022172172199,0.08333333333333333,0.2,0.4892512077294687,0,Q1RMZ1:Q6NX45
CALB1,PMF1,-0.2833587786989193,0.14337606837606837,0.5941176470588235,0.9583333333333335,0,P05937:Q6P1K2
ATP2B3,SIRT5,0.3705394905079293,0.09904626623376624,0.6908482142857142,0.13839285714285715,0,Q16720:Q9NXA8
TLR2,TIRAP,0.03726357021850049,0.22882487147193029,0.7712365591397848,0.7993894993894992,1,O60603:P58753
TUFM,MRPL11,0.7369435441677599,0.4444444444444444,0.4114057239057239,0.9108527131782945,-1,P49411:Q9Y3B7
UTP15,EMG1,0.9295892026108881,0.4090007215007216,0.5256410256410257,0.5424242424242425,-1,Q8TED0:Q92979
MRPS15,SLIRP,0.5016335833701014,0.11055555555555556,0.535515873015873,0.9166666666666666,0,P82914:Q9GZT3
RPS5,ETF1,0.6115638768573858,0.1571323529411765,0.6129629629629629,0.6124574829931974,-1,P46782:P62495
H3C1,YEATS2,0.05097965301150599,0.2083068783068783,0.3175084175084175,0.6666666666666666,1,P68431:Q9ULM3
TRBV9,TRAV4,0.9147523949278945,0.5833333333333334,1.0,0.0,1,A0A0B4J1U6:A0A0B4J268
TNNI1,NCS1,-0.08439485827977684,0.09875541125541125,0.3025641025641026,0.8921638257575757,0,P19237:P62166
HSPA1B,PCDHGB7,0.3944969768946886,0.21428571428571427,1.0,0.16666666666666666,0,P0DMV9:Q9Y5F8
EEF1A1,RPL36,0.8534854839523673,1.0,0.6708994708994709,0.5833333333333334,-1,P68104:Q9Y3U8
SERPINE1,TIGD5,0.005483296869715123,0.0,0.2,0.75,0,P05121:Q53EQ6
ZSWIM4,MRPL35,-0.01597440845907006,0.0,0.09185814185814187,0.12698412698412698,0,Q9H7M6:Q9NZE8
GGCT,RPL28,0.6306286117628388,0.09393939393939395,0.6578754578754579,0.3974358974358974,0,O75223:P46779
AQP1,SYPL1,0.39622679039548425,0.1,0.41798941798941797,1.0,0,P29972:Q16563
MLH1,PHC1,0.5969303123891928,0.11423611111111111,0.6697368421052632,0.9189560439560439,0,P40692:P78364
RPLP0,EEF1A1,0.8544953796985089,0.426025641025641,0.4544047619047619,0.7121604938271605,-1,P05388:P68104
RPS3,RPS24,0.9362110775775735,0.48839285714285713,0.7233766233766233,0.6476190476190476,-1,P23396:P62847
RPL17,FAU,0.8961373996237573,0.4858974358974359,0.7694677871148459,0.54421768707483,-1,P18621:P62861
NEURL1B,LPXN,-0.14784774693033934,0.18777777777777777,0.4151515151515151,0.925,0,A8MQ27:O60711
CUL2,GINS3,0.6462868989726531,0.0925925925925926,0.5515151515151516,1.0,-1,Q13617:Q9BRX5
POLR2E,MED8,0.7216644912876478,0.07728937728937729,0.3875,0.7422222222222221,-1,P19388:Q96G25
WARS1,PLPPR4,-0.17118990149875274,0.16928321678321678,0.26666666666666666,0.11574074074074074,0,P23381:Q7Z2D5
NUP62,NUP43,0.685280411030304,0.32023809523809527,0.4822916666666667,1.0,-1,P37198:Q8NFH3
LSM8,UGGT1,0.5315897159594456,0.09121212121212122,0.31309523809523804,0.619047619047619,0,O95777:Q9NYU2
MAGOH,ESS2,0.5394957293026974,0.6923076923076924,0.7037037037037037,1.0,0,P61326:Q96DF8
RPS11,RPS27A,0.9679126131591399,0.5902777777777778,0.8273681515617,0.7761111111111111,-1,P62280:P62979
MED7,SFTPA2,0.040438434940501124,0.25,0.38596491228070173,0.8333333333333334,0,O43513:Q8IWL1
CST2,CAND1,0.08161237517779785,0.0780409356725146,0.34506802721088425,0.980952380952381,0,P09228:Q86VP6
TNNI3,TNNC1,0.5376293229452788,0.3637566137566137,0.625,0.6742424242424243,1,P19429:P63316
RPS16,RPS14,0.9323952849459127,0.580595238095238,0.6812925170068027,0.7375,1,P62249:P62263
REM1,MANEA,0.34878484216742983,0.0,0.22916666666666666,0.1037037037037037,0,O75628:Q5SRI9
MRPL33,MRPS17,0.39154845430232904,1.0,0.583041958041958,0.5285714285714286,-1,O75394:Q9Y2R5
NDUFB10,NDUFB10,1.0,0.3496969696969697,0.6803571428571428,0.9375,0,O96000:O96000
RPL10,RPS19,0.8593817961169566,0.24346306471306461,0.6760797342192691,0.7017543859649122,-1,P27635:P39019
RPS24,RIOK2,0.7758037916514197,0.30867498514557334,0.5047619047619047,0.13546464646464645,-1,P62847:Q9BVS4
MTIF3,MRPS18B,0.38808344031826786,0.17777777777777778,0.28991477272727273,0.94,-1,Q9H2K0:Q9Y676
ISG15,SLC38A5,0.19500963334020002,0.09443392255892256,0.3333333333333333,0.12437229437229434,0,P05161:Q8WUX1
RPL37A,CCDC124,0.5419599213090857,0.14444444444444446,0.47333333333333333,0.6041666666666666,-1,P61513:Q96CT7
RBX1,NEDD8,0.7820748528190444,0.29268562821194405,0.8604761904761904,0.9574829931972788,1,P62877:Q15843
ABCE1,RPL18,0.525317465987652,0.21250000000000002,0.6072829131652662,0.625,-1,P61221:Q07020
PI3,PI3,1.0,0.3733974358974359,0.712121212121212,0.7142857142857143,1,P19957:P19957
SNRPE,SNRPD2,0.9401202976397244,0.6212585034013605,0.43640873015873016,0.9821428571428571,1,P62304:P62316
ATAT1,HSPBP1,0.6468775805990127,0.12777777777777777,0.35,0.8666666666666665,0,Q5SQI0:Q9NZL4
SEC23A,ACTL7B,-0.044194873474993096,0.125,0.2888888888888889,0.85,0,Q15436:Q9Y614
TP53I11,RAD23B,0.22505419982381378,0.08631685774542917,0.4587301587301587,0.0,0,O14683:P54727
MRPL51,MRM3,0.7273609815172172,0.12142857142857143,0.5625,0.8173913043478263,-1,Q4U2R6:Q9HC36
MRPS26,MRPL36,0.15001572144635908,1.0,0.5581168831168831,0.20833333333333331,-1,Q9BYN8:Q9P0J6
VBP1,CCDC92,0.5292353885689804,0.11805555555555555,0.4388888888888889,1.0,0,P61758:Q53HC0
WDR46,RPS19BP1,0.5297510628495441,1.0,0.5301587301587302,0.33235294117647063,-1,O15213:Q86WX3
TCF3,GPBP1L1,0.6639749187969872,0.6862745098039215,1.0,0.85,0,P15923:Q9HC44
BUD23,RPSA,0.2715957155244275,0.1452876984126984,0.44431216931216927,0.782051282051282,-1,O43709:P08865
BCAM,VAT1L,-0.18960806241758962,0.0,0.0,0.7321428571428572,0,P50895:Q9HCJ6
SULT1E1,OSER1,0.07647571446033635,0.1111111111111111,0.2,1.0,0,P49888:Q9NX31
RPL3,UFM1,0.7151499759162693,0.13655597874347875,0.5857142857142857,1.0,0,P39023:P61960
RAD1,HUS1,0.771071780270468,0.32991372053872053,0.7280701754385965,1.0,1,O60671:O60921
OXA1L,MRPL42,0.5690732014605979,1.0,0.5163690476190477,0.25,-1,Q15070:Q9Y6G3
BRICD5,CREB3L1,-0.17709348262585456,0.1456043956043956,0.44166666666666665,0.9668623613829093,-1,Q6PL45:Q96BA8
NDUFS8,SYNGR4,0.09801603711658724,0.0,0.14285714285714285,0.0,0,O00217:O95473
TRIM49B,ARF5,0.003959401013789867,0.07975357975357976,0.44000000000000006,0.12037037037037035,0,A6NDI0:P84085
HTRA4,GPN3,0.20270237237587269,0.0,0.3333333333333333,0.6472222222222223,0,P83105:Q9UHW5
ARG1,ZNF417,-0.282133932164242,0.125,1.0,0.9879180151024811,0,P05089:Q8TAU3
CD4,HLA-DRA,0.5231532055104201,0.2713281163281163,0.43432282003710565,0.3958333333333333,1,P01730:P01903
MT-ND1,NDUFV1,0.036898610428844715,0.6044683257918552,0.4994588744588743,0.8356812169312169,-1,P03886:P49821
CXXC4,GPR34,-0.21402932168327862,0.3333333333333333,0.3333333333333333,0.1125,0,Q9H2H0:Q9UPC5
NDUFS4,NDUFA9,0.5816409261162471,0.25768987956487954,0.32555555555555554,0.6845238095238095,1,O43181:Q16795
DIRAS1,DNAJC9,0.07627259772487015,0.1388888888888889,0.3939393939393939,1.0,0,O95057:Q8WXX5
RPL7,RPL41,0.9381226173396119,1.0,0.7962406015037593,0.6685714285714286,-1,P18124:P62945
PRPF3,SNRPG,0.43267633190346466,0.6875850340136054,0.45905483405483405,0.903125,-1,O43395:P62308
RPS5,RNF123,0.08953878680880833,0.2752380952380952,0.6666666666666666,0.3797619047619048,0,P46782:Q5XPI4
CD4,MTMR12,0.08638607020085384,0.125,0.3928571428571428,0.82,0,P01730:Q9C0I1
H4C1,H2BC1,0.11649221671963811,0.3980623543123543,0.5084656084656085,0.5,1,P62805:Q96A08
MTREX,EXOSC3,0.8641283403077493,0.34509803921568627,0.44808201058201064,0.9495,1,P42285:Q9NQT5
OXA1L,MRPL14,0.5371535458570653,1.0,0.5622448979591836,0.25,-1,Q15070:Q6P1L8
FOXA1,TTYH2,-0.24216163371898367,0.12037037037037036,0.2952380952380952,0.44747474747474747,0,P55317:Q9BSA4
ITGB3,SNRPD3,0.43598275349033105,0.12525510204081633,0.48202870189171576,0.8857723577235771,0,P05106:P62318
MRPS25,MRPS35,0.33243969526465944,1.0,0.6240530303030303,0.41666666666666663,-1,P82663:P82673
TRDC,CD3G,0.7086306177020346,0.25610704110704113,0.8418518518518519,0.0,1,B7Z8K6:P09693
MRPS10,MRPS15,0.5421817442589636,1.0,0.5039772727272727,0.0,-1,P82664:P82914
MRPL34,MRM3,0.48994802451043695,0.12142857142857143,0.5625,0.22101449275362314,-1,Q9BQ48:Q9HC36
ELOB,HIF1A,0.3201763752984032,0.09177190068583511,0.5529411764705883,0.8152679275019701,1,Q15370:Q16665
RPS13,FAM47A,-0.12522820636006463,0.0,0.0,1.0,0,P62277:Q5JRC9
GDF6,INTS4,0.2605374880821585,0.125,0.28571428571428575,1.0,0,Q6KF10:Q96HW7
FGB,FAM199X,-0.310103962432292,0.0,0.0,1.0,0,P02675:Q6PEV8
RPS19,RERG,0.24685033471608359,0.14217171717171717,0.6277777777777778,0.32191358024691363,0,P39019:Q96A58
RPL13A,UFM1,0.660219155246398,0.13655597874347875,0.5857142857142857,0.25,0,P40429:P61960
UNKL,BAG5,0.3754376809233681,0.06507756948933419,0.49102564102564106,0.9151515151515153,0,Q9H9P5:Q9UL15
LRPPRC,DAP3,0.7215145578442804,0.15476190476190477,0.3973863636363636,0.6527777777777778,-1,P42704:P51398
PI3,CYLC1,-0.026352969255206218,0.145,0.4571428571428572,0.4166666666666667,0,P19957:P35663
HLA-DQA1,FAM47A,-0.04186121920463926,0.0,0.0,1.0,0,P01909:Q5JRC9
RPS2,RPS3A,0.9022672205405331,0.6632575757575757,0.6850793650793651,0.6944444444444444,-1,P15880:P61247
RFC2,PRSS50,0.011416604338658863,0.16666666666666666,0.39999999999999997,0.14285714285714285,0,P35250:Q9UI38
GCFC2,POLR2L,0.3599036676067013,0.13909774436090222,0.9303278688524589,0.7838151927437643,0,P16383:P62875
CUL2,APPBP2,0.7914361599756834,0.44818181818181824,0.33522727272727276,0.9827380952380953,1,Q13617:Q92624
LMNTD2,KRTAP9-3,0.08499248312028623,0.0,0.3214285714285714,1.0,-1,Q8IXW0:Q9BYQ3
FGF1,FGF1,1.0,0.33187981000481,0.966468253968254,0.701388888888889,1,P05230:P05230
RPS18,RPS11,0.9048839730240166,0.8541666666666666,0.7208494208494208,0.6545454545454545,-1,P62269:P62280
RPSA,RPS9,0.8585321752954204,0.6023809523809525,0.669426406926407,0.5533333333333333,-1,P08865:P46781
NPIPA7,NMD3,0.1471049106064582,0.0,0.0,0.21999999999999997,0,E9PJI5:Q96D46
SDC2,LRFN2,-0.1967289616722566,0.12698412698412698,0.6333333333333333,0.0,0,P34741:Q9ULH4
MPG,RGMB,0.23596569625216215,0.08277777777777777,0.3233333333333333,0.8,0,P29372:Q6NW40
MRPL2,MRPS16,0.8104409744183814,1.0,0.5086647727272727,0.8125,-1,Q5T653:Q9Y3D3
RPS5,RPS5,1.0,0.6599999999999999,0.7040726817042606,0.5769230769230769,0,P46782:P46782
AMBP,AMBP,1.0,0.33035714285714285,0.4727272727272727,0.49861111111111106,1,P02760:P02760
SF3B1,NCBP2,0.6642623177968877,0.28946822939702194,0.8261261261261261,0.8148936170212768,-1,O75533:P52298
PFDN6,PFDN6,1.0,0.5296296296296297,0.7604166666666666,0.9555555555555555,0,O15212:O15212
RAMP1,HOXA6,0.42268918916669973,0.12881562881562883,0.3833333333333333,0.16944444444444445,0,O60894:P31267
KDM1A,TMCC2,-0.1272175596286035,0.25,0.31666666666666665,1.0,0,O60341:O75069
ACTB,H2BC10,0.13843707321891202,0.219017094017094,0.5393939393939395,0.6944444444444444,-1,P60709:P62807
RPL4,ABCE1,0.7474260006709625,0.13531746031746034,0.5259259259259259,0.37506613756613755,-1,P36578:P61221
PCSK9,ISCU,-0.4042871580521168,0.10632058913308913,0.36111111111111116,0.8766840882694541,0,Q8NBP7:Q9H1K1
NUP37,NUP88,0.7502559758452386,0.5,0.8787037037037037,0.9166666666666666,-1,Q8NFH4:Q99567
ZFP42,MRPL57,0.01321204447184651,0.14285714285714285,0.18112244897959182,0.625,0,Q96MM3:Q9BQC6
TAS2R31,PTRH1,0.5229437954499276,0.1,0.2,0.14484126984126983,0,P59538:Q86Y79
HSPA1A,STUB1,0.12552540597581804,0.13310252781406626,0.6238888888888889,0.8448388203017833,-1,P0DMV8:Q9UNE7
RPSA,RPL31,0.8667453523146308,1.0,0.6769841269841269,0.7916666666666666,-1,P08865:P62899
RPL32,LYAR,0.2488449522889668,0.08904151404151403,0.3272727272727273,0.3218426501035197,1,P62910:Q9NX58
GGCX,BAIAP2,0.03735081534245715,0.09806735661998821,0.4564664502164502,0.3210155490767736,0,P38435:Q9UQB8
SPDYE2B,S100A13,0.09051746402850984,0.0,0.0,0.20833333333333334,0,A6NHP3:Q99584
GOSR2,ZNF652,0.5860311437316263,0.0625,0.5,0.4125,0,O14653:Q9Y2D9
H2AC4,RNF168,0.6436515826842066,0.171855767689101,0.26630824372759854,0.5848484848484848,1,P04908:Q8IYW5
RPS9,RPS7,0.9241388173512316,0.3686705451411334,0.629952380952381,0.6504329004329005,-1,P46781:P62081
STEEP1,RBM22,0.8751540430826198,0.08464590964590964,0.5636243386243387,0.6520833333333333,0,Q9H5V9:Q9NW64
CDK16,NSUN4,0.19936673694194834,0.13333333333333333,0.18636363636363637,0.3677849927849928,0,Q00536:Q96CB9
MRPS14,MRPL52,0.5727762330958257,1.0,0.43397727272727293,0.75,-1,O60783:Q86TS9
ZBTB22,TRIM69,0.11101823293787134,0.05887881468376824,0.4296296296296296,0.9632683215130025,0,O15209:Q86WT6
DNAJC8,SNRPD2,0.8090027761995241,0.0,0.43640873015873016,0.9821428571428571,-1,O75937:P62316
SMAD1,TMEM222,0.5040567827980624,0.0,0.6,1.0,0,Q15797:Q9H0R3
GP1BB,E2F1,-0.010427401381338911,0.1372070458277355,0.2967884828349944,0.8254629629629631,0,P13224:Q01094
CALHM3,PIAS4,0.6769390952658877,0.07121165034060961,0.31737588652482274,0.7864922723475357,0,Q86XJ0:Q8N2W9
MRPL52,MRPL20,0.7391463134966547,1.0,0.49829545454545454,0.425,1,Q86TS9:Q9BYC9
RPS24,RPS21,0.8704498946120505,0.7777777777777778,0.7340136054421768,0.7090909090909091,-1,P62847:P63220
RPL10,RPS14,0.9238337318101172,0.580595238095238,0.6812925170068027,0.7375,-1,P27635:P62263
RPS27A,COQ6,0.38322202491406954,0.16666666666666666,0.2916666666666667,0.5907738095238095,0,P62979:Q9Y2Z9
RPL3,LYAR,0.20647125415742665,0.08904151404151403,0.6454545454545455,0.7782608695652173,-1,P39023:Q9NX58
PRIM1,GINS3,0.7115983203347414,0.15873015873015872,0.5515151515151516,1.0,0,P49642:Q9BRX5
BCAT2,TAB2,0.4146149975058279,0.11944702123273553,0.45876887340301986,0.8795238095238096,0,O15382:Q9NYJ8
BUD23,TSR1,0.5817259238257215,0.18333333333333335,0.5666666666666667,0.4421296296296296,-1,O43709:Q2NL82
DHX38,ISY1,0.929582744253849,0.5345238095238096,0.7703809523809524,0.9791666666666666,-1,Q92620:Q9ULR0
NAA40,SCARB1,0.0003067626970324064,0.11689676064676065,0.3433333333333334,0.6381720430107525,0,Q86UY6:Q8WTV0
RPS5,WDR43,0.7036931475539285,0.23074379324379324,0.6151515151515152,0.7954545454545454,-1,P46782:Q15061
RPLP1,RPL18A,0.9175044222097458,1.0,0.7218614718614718,0.5833333333333334,-1,P05386:Q02543
SKP1,KLHL40,0.0023990790366434627,0.1767857142857143,0.5416666666666666,0.8611111111111112,0,P63208:Q2TBA0
YWHAB,EXO1,0.2740072846135004,0.1087854737854738,0.5133333333333333,0.6246413717001954,1,P31946:Q9UQ84
SNAPC1,POLR3K,0.24842467716755656,0.37254901960784315,0.6166666666666667,0.5978835978835979,-1,Q16533:Q9Y2Y1
EAF1,LSM7,0.5415332375067915,0.15873015873015872,0.35028011204481796,0.9631782945736433,0,Q96JC9:Q9UK45
GYS1,GSK3B,0.3009702015406286,0.09962349244957941,0.6310126582278482,0.6852712282323932,1,P13807:P49841
TRAC,CRYAA,-0.07082366431628383,0.13722943722943723,0.2986111111111111,0.0,0,P01848:P02489
YWHAQ,BAD,0.5633963957550895,0.20835269066976383,0.5644444444444443,0.9434865900383139,1,P27348:Q92934
TRAP1,EGLN3,0.07729717120513403,0.1633089133089133,0.5333333333333333,0.8680555555555557,0,Q12931:Q9H6Z9
TPM3,NEPRO,0.0728206025564152,0.09393939393939395,0.4166666666666667,0.0,0,P06753:Q6NW34
ETF1,RPS24,0.6575683062291294,0.15324074074074076,0.7233766233766233,0.40952380952380946,-1,P62495:P62847
CNMD,ARID4A,-0.2592310876295255,0.11269484483770197,0.5547619047619048,0.19642857142857142,0,O75829:P29374
ENO1,ENO1,1.0,0.3353609661942995,0.4705882352941176,0.6794733044733045,1,P06733:P06733
NDUFS4,CYC1,0.5389677769993605,0.43636363636363634,0.5354938271604938,0.67,-1,O43181:P08574
PTGR1,MRAP,0.07220900294088502,0.07013888888888888,0.24629629629629632,0.6499999999999999,0,Q14914:Q8TCY5
DUOXA1,PRMT7,-0.008010912754171259,0.11274638060352345,0.4666666666666667,0.436671335200747,0,Q1HG43:Q9NVM4
GABBR2,NRIP3,0.7526262530277615,0.125,0.0,0.8928571428571428,0,O75899:Q9NQ35
MRPS22,OXA1L,0.6102581312415949,0.1664085914085914,0.4404761904761905,0.6153846153846154,-1,P82650:Q15070
MRPL37,MRPS30,0.8154077617426988,0.5714285714285714,0.6268939393939393,0.5833333333333334,1,Q9BZE1:Q9NP92
HSPA1B,STUB1,0.2794698013359587,0.12368208714362558,0.6238888888888889,0.8448388203017833,1,P0DMV9:Q9UNE7
EIF1AX,RAN,0.43582775213202435,0.13619852369852373,0.5369281045751634,0.9109516214779373,1,P47813:P62826
POLG,NRARP,0.16868684146323093,0.0820450192509016,0.0,0.625,0,P54098:Q7Z6K4
CDH1,RPL3,0.16327791134794606,0.14682539682539683,0.38435374149659857,0.5625,-1,P12830:P39023
TRBV28,LHFPL5,0.42400206497436843,0.13088023088023087,0.5555555555555555,0.3333333333333333,0,A0A5B6:Q8TAF8
KIF2A,DUSP28,0.4574400101797728,0.17083333333333334,0.0,0.1102564102564103,0,O00139:Q4G0W2
RPS3,RPS29,0.8296794542042403,1.0,0.7327891156462585,0.5555555555555556,1,P23396:P62273
CLC,POLR3H,-0.2823740631644339,0.07936507936507935,0.36944444444444435,0.4537037037037037,0,Q05315:Q9Y535
RPL17,TMEM14B,0.5738064834046919,0.11298076923076922,0.25,1.0,0,P18621:Q9NUH8
ECT2L,HDDC2,0.25825897796893776,0.0,0.0,0.12705627705627706,0,Q008S8:Q7Z4H3
NUP37,NDC1,0.9514839446295615,0.22888257575757576,0.798892580287929,0.25,-1,Q8NFH4:Q9BTX1
HLA-DRB1,HLA-DRB1,0.9999999999999998,0.24119063806563804,0.5015151515151517,0.4744897959183672,1,P01911:P01911
MAT2A,BAG5,0.2750279915417799,0.10201751373626373,0.49102564102564106,0.9151515151515153,0,P31153:Q9UL15
POLR2E,GTF2B,0.6910540233707992,0.38023271371485656,0.6748015873015872,0.7200486096712511,1,P19388:Q00403
MRPL3,MTRES1,0.5174170291728699,0.12777777777777777,0.5625,0.5561224489795918,-1,P09001:Q9P0P8
PRKAG1,SF3B5,0.7272238464766169,0.10713383838383839,0.47571428571428565,0.925,0,P54619:Q9BWJ5
RNASEH1,SKOR1,0.32162774468286986,0.06284722222222222,0.2724206349206349,0.6396825396825395,0,O60930:P84550
PSEN1,PDCD1LG2,0.2544933704101653,0.1904040404040404,0.7619047619047619,1.0,0,P49768:Q9BQ51
HNRNPL,PTBP1,0.8729337783013925,0.3095352564102564,0.8044444444444443,0.8426666666666667,1,P14866:P26599
SNRPA1,ESS2,0.6099730477913528,0.6923076923076924,0.7083333333333334,1.0,-1,P09661:Q96DF8
MRPL14,MRPL43,0.3401885618032639,1.0,0.5509740259740259,0.40740740740740744,-1,Q6P1L8:Q8N983
LRPPRC,MRPS30,0.8928212593109179,0.16666666666666666,0.3352272727272727,0.5833333333333334,-1,P42704:Q9NP92
SF3B2,ISY1,0.829754692447011,0.5370879120879122,0.7703809523809524,0.9791666666666666,-1,Q13435:Q9ULR0
SNRPG,NOSIP,0.2869438587161535,0.09511784511784512,0.5142857142857143,0.6157407407407408,0,P62308:Q9Y314
HSF2BP,KCTD6,-0.03060089000694982,0.07981601731601733,0.9285714285714286,0.9897959183673469,0,O75031:Q8NC69
LELP1,KRTAP4-11,-0.014895683111829412,0.0,0.0,1.0,-1,Q5T871:Q9BYQ6
PMEL,PMEL,1.0,0.5393939393939393,0.4099222746950018,1.0,1,P40967:P40967
MRPL12,THRSP,0.20217115935370034,0.13538461538461538,0.2,0.8214285714285714,0,P52815:Q92748
KIN,SNRPG,0.5242103892108696,0.6875196232339088,0.45905483405483405,0.903125,-1,O60870:P62308
ORM1,SERPINE1,-0.021044946291174906,0.13774376417233555,0.5583900226757369,0.7129629629629629,1,P02763:P05121
SQSTM1,KEAP1,0.7414606296013686,0.36761790840738207,0.75234375,0.9542288557213929,1,Q13501:Q14145
SLCO2B1,SUB1,-0.060256813370694155,0.09008158508158508,0.20158730158730157,0.1944733044733045,0,O94956:P53999
NOP56,RPS3A,0.744882086861612,0.2146464646464646,0.42952380952380953,0.6944444444444444,-1,O00567:P61247
SPINK1,TSR3,-0.32708802783382157,0.08624708624708625,0.16666666666666666,0.1976190476190476,0,P00995:Q9UJK0
NUPR1,MTNR1A,-0.17969609972209377,0.17412698412698413,0.32142857142857145,0.8078231292517006,0,O60356:P48039
NDUFB2,NDUFA11,0.42565076708568655,0.38585858585858585,0.6576923076923076,0.125,-1,O95178:Q86Y39
TXNL4A,ERAP2,0.16550538086556943,0.1849206349206349,0.33571428571428574,0.27202380952380956,0,P83876:Q6P179
CELF3,PRPF38B,0.11907188990717128,0.6,0.5,1.0,0,Q5SZQ8:Q5VTL8
NUP37,AAAS,0.40636296406300904,0.315260594106748,0.7114010989010987,1.0,-1,Q8NFH4:Q9NRG9
IFNW1,HOXA4,-0.2547023568802772,0.1348214285714286,0.5,0.16944444444444445,0,P05000:Q00056
PPP1R36,CSF3R,-0.04500534711346619,0.0,0.0,0.3125,0,Q96LQ0:Q99062
RPLP1,RPL10L,-0.12695192544329437,0.21666666666666665,0.4685714285714286,1.0,-1,P05386:Q96L21
TTC7B,SLC12A4,-0.068068397964147,0.09028263403263403,0.7361111111111112,0.5492424242424243,0,Q86TV6:Q9UP95
RPL7A,RPL30,0.9316805680800877,0.6628891941391941,0.5863492063492063,0.5347222222222222,-1,P62424:P62888
PSMG4,CHMP3,0.5148329517179037,0.1339999506666173,0.2907671957671958,0.46183862433862427,0,Q5JS54:Q9Y3E7
LSM8,NPPC,-0.04985140221789967,0.07658124864007217,0.3645833333333333,0.7619047619047619,0,O95777:P23582
GEMIN2,SMN1,0.8064547139147143,0.5954045954045954,0.5694444444444444,0.9951923076923077,1,O14893:Q16637
ACYP1,ITCH,0.31488789692115726,0.09931876835285923,0.0,0.11768237934904602,0,P07311:Q96J02
HAUS5,HAUS1,0.6468610111476912,0.5121252204585539,0.8066176470588236,1.0,1,O94927:Q96CS2
PTGS1,INTS4,0.1716834159411017,0.10119047619047618,0.3979591836734695,1.0,0,P23219:Q96HW7
RPS16,FAU,0.929337539583291,0.4858974358974359,0.7694677871148459,0.54421768707483,-1,P62249:P62861
RPS12,PCSK9,-0.22495868102597524,0.14069264069264067,0.34603174603174597,0.625705467372134,0,P25398:Q8NBP7
NGDN,RCL1,0.44171423210059246,0.30929487179487175,0.7277777777777779,0.78125,-1,Q8NEJ9:Q9Y2P8
LEPROT,SNRPE,0.4734294956497181,0.07459847844463229,0.17561553030303031,0.9791666666666666,0,O15243:P62304
MRPL43,MRPL18,0.7315940821117345,0.6944444444444445,0.5045454545454545,0.6547619047619049,-1,Q8N983:Q9H0U6
GNG2,MT-RNR2,0.20316117810733345,0.15092207792207793,0.4292207792207792,0.8947368421052632,0,P59768:Q8IVG9
CREB3L1,CLN6,0.24143009868989707,0.11437389770723103,0.5768796992481203,0.9397058823529412,-1,Q96BA8:Q9NWW5
OXA1L,MRPL55,0.5193264626218833,1.0,0.5912087912087911,0.25,-1,Q15070:Q7Z7F7
HLA-DQB1,RXFP1,-0.06934269332358942,0.15804988662131517,1.0,0.5015873015873017,0,P01920:Q9HBX9
USP7,NANS,0.2949707145072883,0.1851851851851852,0.5555555555555556,0.16666666666666666,0,Q93009:Q9NR45
HLA-DQA1,TTLL4,0.2530229884188812,0.12569444444444444,0.29166666666666663,0.21865079365079365,0,P01909:Q14679
RPL18A,PCSK9,-0.24548253950081003,0.14069264069264067,0.34603174603174597,0.625705467372134,0,Q02543:Q8NBP7
H1-5,SENP2,0.04599089559111742,0.12199328449328448,0.5537037037037037,0.8863287250384024,0,P16401:Q9HC62
RRAGA,DCLK2,0.2229398037190126,0.24841269841269845,0.6,0.2138888888888889,0,Q7L523:Q8N568
FXR2,C1QTNF7,0.18669914211009556,0.0,0.375,0.0,0,P51116:Q9BXJ2
SNRPB2,ZMAT2,0.7223494928778627,1.0,0.4935714285714286,0.9722906403940887,-1,P08579:Q96NC0
HUS1,RFC3,0.46658973301515005,0.3434235517568851,0.9333333333333335,0.6518440709617179,-1,O60921:P40938
HLA-DRB1,ENO1,0.4509824956879482,0.17931500598167263,0.4583333333333333,0.6794733044733045,1,P01911:P06733
KEAP1,ZNF597,0.2902563418042162,0.75,0.5,0.7762962962962962,0,Q14145:Q96LX8
BUD23,FAU,0.36081123517056785,0.11845839345839343,0.44593837535014,0.36904761904761907,-1,O43709:P62861
RPS11,RPL11,0.9420914734044972,0.3308206413469571,0.6087797619047619,0.8271103896103899,-1,P62280:P62913
UBE2B,ANKRD40,0.0746819932764887,0.3333333333333333,0.5,0.9736842105263158,0,P63146:Q6AI12
GNPTAB,PFDN5,0.46125379851414944,0.10510854341736693,0.20649350649350648,0.9879032258064516,0,Q3T906:Q99471
NCOA2,KCNG1,0.20122889140860484,0.1196969696969697,0.23333333333333334,0.12554112554112554,0,Q15596:Q9UIX4
SFN,IQCN,-0.03529410716448549,0.25,0.75,1.0,0,P31947:Q9H0B3
HP,ODC1,-0.045903201865627935,0.16203703703703706,0.5,0.7008928571428571,0,P00738:P11926
H3C1,KMT5A,-0.023594284376628014,0.3624768089053802,0.6866666666666668,0.5067059483726151,1,P68431:Q9NQR1
LAMTOR5,PPARA,0.18658397895198164,0.13452905890405892,0.41428571428571426,0.657696915244085,-1,O43504:Q07869
SNAP29,STX17,0.6293457680331704,0.3495731120731121,0.3124913733609386,0.9022222222222221,1,O95721:P56962
ARID1A,ACTB,0.5396995708460485,0.23211175616835988,0.35335073423308727,0.9115181992337166,-1,O14497:P60709
RPL10A,RPL19,0.9704818318951635,1.0,0.6576719576719576,0.5384615384615384,-1,P62906:P84098
RMDN3,MED4,0.3799540433878215,0.08070818070818071,0.35641025641025653,0.9388690476190475,0,Q96TC7:Q9NPJ6
MRPS25,MRPS18C,0.46511465656634876,1.0,0.6240530303030303,0.7083333333333334,-1,P82663:Q9Y3D5
HTR2A,HTR2C,0.11347111472299014,0.3555591751243925,0.7291666666666666,0.6432407407407407,1,P28223:P28335
CNR1,SLC25A47,-0.1953408334443342,0.08846153846153847,0.3888888888888889,0.17592592592592593,0,P21554:Q6Q0C1
GMNC,C6orf141,0.04281062209704276,0.0,0.0,1.0,0,A6NCL1:Q5SZD1
LHX1,PNOC,-0.052719166436079525,0.18084415584415584,0.38333333333333336,0.47916666666666663,0,P48742:Q13519
RAB7A,YPEL2,0.5693538761653472,0.0,0.5,0.7333333333333334,0,P51149:Q96QA6
IFIT3,POU2F1,0.29517451627167945,0.1121031746031746,0.38714285714285707,0.7070833333333334,0,O14879:P14859
PPIL4,XAB2,0.8458844432217922,0.05740406823998156,0.7506802721088437,1.0,-1,Q8WUA2:Q9HCS7
MRPL3,MRPL17,0.8926380576375958,1.0,0.5856643356643356,0.425,1,P09001:Q9NRX2
HAND1,HAND1,1.0,0.2531873967535732,0.43333333333333335,0.5504731379731379,1,O96004:O96004
RNF169,SLC2A11,-0.08780206575539876,0.10187590187590188,0.6363636363636362,0.12037037037037039,0,Q8NCN4:Q9BYW1
TCF3,WIPI2,0.6199825167579568,0.12524975024975024,0.5866666666666667,0.6971428571428571,0,P15923:Q9Y4P8
HTR1D,CENPA,-0.02843702721587939,0.09987373737373738,0.28396825396825387,0.1952380952380953,0,P28221:P49450
MRPS14,MRPS27,0.6331286917697725,0.42083333333333334,0.44772727272727275,0.7818181818181816,-1,O60783:Q92552
PRAMEF15,SUPT16H,0.1723134934440319,0.09627008698216126,0.44912280701754376,0.15773809523809526,0,P0DUQ1:Q9Y5B9
XRCC2,RAD51D,0.6281137175302623,0.5037190082644628,0.7629629629629628,0.9055680868838766,1,O43543:O75771
CASC3,EIF4A3,0.5692120807144568,0.20982164795742855,0.5594611528822057,0.8523057644110277,1,O15234:P38919
POLR3F,ESM1,-0.07562736266141629,0.1318181818181818,0.3611111111111111,0.8598484848484848,0,Q9H1D9:Q9NQ30
MRPS15,MRPL23,0.34635012684085825,1.0,0.5292424242424242,0.75,-1,P82914:Q16540
RPS16,RPL39,0.8625776988218652,0.5392628205128205,0.7324263038548752,0.8333333333333334,-1,P62249:P62891
EIF2S2,RPS13,0.6426072958300626,0.19166666666666668,0.6767857142857142,0.6355555555555554,-1,P20042:P62277
SMN1,NIT2,0.4794550300800429,0.08333333333333333,0.38035714285714284,0.14285714285714285,0,Q16637:Q9NQR4
RPUSD4,RNF2,0.3525342898383872,0.11532106782106781,0.6379928315412186,0.9554391932211482,0,Q96CM3:Q99496
ATP6AP2,DAOA,0.0,0.10476190476190475,0.32,1.0,0,O75787:P59103
RBX1,KRTAP5-1,0.11954938015908133,0.0,0.5833333333333334,1.0,0,P62877:Q6L8H4
SEC24D,GDF5-AS1,0.24420568707935703,0.0,1.0,1.0,0,O94855:Q5U4N7
RPS3,PNO1,0.5747769038251289,0.2,0.46666666666666673,0.875,-1,P23396:Q9NRX1
UBE2I,SMAD4,0.883649106049837,0.15345182936651947,0.7495884773662551,0.8590870352615319,1,P63279:Q13485
NSL1,MIS12,0.5068509788227659,0.46874999999999994,0.6574074074074074,1.0,1,Q96IY1:Q9H081
ATXN3,GFI1B,-0.013316941387964036,0.12453703703703704,0.515,0.5177777777777778,0,P54252:Q5VTD9
GNAI1,GRM4,0.12855056595339445,0.25668577454291736,0.8095238095238095,0.15833333333333333,0,P63096:Q14833
HSPB6,ZSCAN1,-0.2865087708270474,0.1,0.6,0.7871428571428571,0,O14558:Q8NBB4
SNRPA1,CWF19L2,0.5561324504196458,1.0,0.7222222222222222,1.0,-1,P09661:Q2TBE0
LLPH,RPF1,0.8364284773291545,0.08333333333333333,0.7777777777777778,0.6,0,Q9BRT6:Q9H9Y2
SURF6,WDR74,0.8176802585006471,0.4654040404040404,0.5936507936507935,1.0,-1,O75683:Q6RFH5
ASIC1,CENPN,-0.14261846246193155,0.13333333333333333,0.4803571428571428,1.0,0,P78348:Q96H22
TCERG1,SF3B4,0.6728738015975687,0.7670995670995672,0.5064761904761904,0.9683098591549296,-1,O14776:Q15427
SNRPB2,IK,0.744276564943506,0.443859649122807,0.5341991341991342,1.0,-1,P08579:Q13123
SNRPE,WDR70,0.7087753008546116,0.0,0.6333333333333334,1.0,-1,P62304:Q9NW82
MRPL2,CHCHD1,0.6492279641182315,1.0,0.551060606060606,0.4375,-1,Q5T653:Q96BP2
RPL24,CCDC124,0.4554975802480168,0.14444444444444446,0.5066666666666666,0.6041666666666666,-1,P83731:Q96CT7
IDH3A,IDH3A,1.0,0.725,0.5542929292929292,0.5273504273504274,1,P50213:P50213
FAM209A,DUSP12,-0.025138324028864557,0.1517094017094017,0.5199999999999999,0.5381249469484763,0,Q5JX71:Q9UNI6
PPIH,LSM2,0.8286081338946233,0.7194444444444444,0.3603896103896104,0.9464285714285714,-1,O43447:Q9Y333
ADM,GNB1,0.26442108368645423,0.423015873015873,0.45141442715700125,0.8712301587301589,-1,P35318:P62873
SLC22A18,ZBTB32,0.024685564524704724,0.08988095238095238,0.39999999999999997,0.4730880230880231,0,Q96BI1:Q9Y2Y4
HIF1A,TTC39C,0.0687912384512702,0.21666666666666667,0.0,0.0,0,Q16665:Q8N584
PSMC1,CAGE1,0.19417719563845415,0.0,0.0,1.0,0,P62191:Q8TC20
RPS7,NGDN,0.7263477873874822,0.2599358974358974,0.3508771929824562,0.85,-1,P62081:Q8NEJ9
LSM8,SNIP1,0.8031492916422537,0.4018674136321195,0.5077922077922078,0.9364864864864867,-1,O95777:Q8TAD8
BCAS2,SRRM1,0.5589979266975093,0.5989583333333333,0.7492063492063492,0.8333333333333334,-1,O75934:Q8IYB3
ALOX5AP,POLR2K,-0.27000889994170657,0.09423076923076923,0.47107438016528924,0.2821428571428572,0,P20292:P53803
POLR2B,OR11G2,0.10208452248740794,0.08391608391608392,1.0,0.16666666666666666,0,P30876:Q8NGC1
NDUFB10,CYC1,0.7207804013874871,0.43636363636363634,0.5354938271604938,0.67,-1,O96000:P08574
SLC33A1,RAD23B,0.36466989667998345,0.09620696763553907,0.4587301587301587,0.8866255144032922,0,O00400:P54727
UBE2L3,APMAP,0.03179189912792264,0.3333333333333333,0.5,0.3630952380952381,0,P68036:Q9HDC9
AVPR2,FBXO33,0.02860416489009622,0.10084033613445378,0.0,1.0,0,P30518:Q7Z6M2
TP53,GSK3B,0.5112300313446678,0.16612155959982047,0.6310126582278482,0.6852712282323932,1,P04637:P49841
RPS13,CCDC124,0.40441444128662524,0.14444444444444446,0.5066666666666666,0.6041666666666666,-1,P62277:Q96CT7
UBC,PSMD4,0.6673405267767373,0.5,0.8696673189823874,0.9819182389937107,1,P0CG48:P55036
TRIM55,MYOT,0.27531471311156486,0.12767857142857142,0.3261904761904762,0.8166666666666667,-1,Q9BYV6:Q9UBF9
SEPTIN2,CREB3L2,0.8152798940537436,0.23887362637362639,0.49583333333333335,0.16780303030303031,0,Q15019:Q70SY1
CSNK1A1,RPS15,0.6931034209621298,0.17670385170385167,0.7455026455026454,0.5428571428571428,-1,P48729:P62841
RPL26,PPAN,0.7701583395023802,0.5,0.4537037037037037,1.0,0,P61254:Q9NQ55
NDUFS1,ZNF184,0.005238314566307245,0.06666666666666667,0.5,0.23611111111111113,0,P28331:Q99676
OXA1L,MRPL1,0.6675218981755671,1.0,0.8047619047619047,0.625,-1,Q15070:Q9BYD6
LRRC26,NR1H4,-0.0415013092772667,0.07170742800306444,0.4075757575757576,0.4926943426943427,0,Q2I0M4:Q96RI1
SH2D1A,SLC7A1,-0.06680151062842642,0.10273321449792039,0.2986111111111111,0.831280193236715,0,O60880:P30825
SNRPD2,PPWD1,0.7297028730660707,0.38791423001949316,0.7083333333333333,0.14583333333333331,-1,P62316:Q96BP3
CD4,ANKRD1,-0.07618108748421044,0.17182065011012376,0.26666666666666666,0.5510752688172044,0,P01730:Q15327
ETF1,MYOC,0.3925524345065998,0.09285612457881365,0.266005291005291,0.7490196078431373,0,P62495:Q99972
NUP93,AHCTF1,0.7381211040657332,0.2720959595959596,0.6538461538461539,0.25,-1,Q8N1F7:Q8WYP5
RPS19,RPS13,0.9304166570796265,0.6994047619047619,0.6767857142857142,0.6355555555555554,1,P39019:P62277
ST18,KRAS,0.02465997995482725,0.14090240567513299,0.3328571428571428,0.16982872200263505,0,O60284:P01116
RPS16,RPS27A,0.936255517095196,0.5902777777777778,0.8273681515617,0.7761111111111111,-1,P62249:P62979
SLC15A3,CAB39,0.4334224605826755,0.09794464794464795,0.20452380952380952,0.8754578754578756,0,Q8IY34:Q9Y376
SH2D1A,EFCAB2,-0.12067241689215126,0.0,0.5666666666666667,0.8611111111111112,0,O60880:Q5VUJ9
ATP5F1A,EIF2B4,0.13080046967940503,0.15107998062543518,0.375,0.8295238095238094,0,P25705:Q9UI10
DHX34,UPF3B,0.22974845679310363,0.4324314574314574,0.42870370370370364,0.9093023255813953,0,Q14147:Q9BZI7
BCAS2,PPIL3,0.6215312119741725,0.38791423001949316,0.761904761904762,0.712962962962963,0,O75934:Q9H2H8
MRPS25,GFM1,0.5344046108360465,0.25,0.7083333333333334,0.1548611111111111,-1,P82663:Q96RP9
LSM3,LSM6,0.7607992840262053,0.569047619047619,0.3613095238095238,0.9574468085106383,1,P62310:P62312
ELOB,H2AC12,0.469023927640518,0.16666666666666666,0.18,0.3333333333333333,0,Q15370:Q96KK5
TSR1,LPIN2,0.019350683148278622,0.08356167641881927,0.39,0.13333333333333333,0,Q2NL82:Q92539
PIK3R2,MRFAP1L1,0.5500556866024517,0.0,0.0,1.0,-1,O00459:Q96HT8
RPL19,SAMD12,-0.3701886854553681,0.15000000000000002,0.375,0.75,0,P84098:Q8N8I0
HLA-DQA1,HLA-DQB1,0.9473328409470354,0.4282186948853616,0.5624675324675324,0.6354166666666666,1,P01909:P01920
HAUS3,HAUS7,0.37447941627685233,0.5147707231040566,0.7350490196078432,0.9305555555555556,-1,Q68CZ6:Q99871
CTSG,AKAP5,-0.22197065764368415,0.15181878306878308,0.4496732026143791,0.7892156862745099,0,P08311:P24588
INTS5,NELFA,0.7547768807812548,0.5902777777777778,0.8107142857142858,0.8833333333333332,-1,Q6P9B9:Q9H3P2
OR10J5,NELFB,-0.3995758780712059,0.14333814333814335,0.3038095238095238,0.1645833333333333,0,Q8NHC4:Q8WX92
TRDC,CD247,0.8617577686883585,0.3382306582306583,0.8681623931623932,0.0,1,B7Z8K6:P20963
TCAP,SLC36A1,-0.11107251529560927,0.10045454545454546,0.22523809523809524,0.25894938394938394,0,O15273:Q7Z2H8
METTL23,LAMTOR2,0.33550036790326604,0.12873737373737373,0.1662445119891928,0.9435626102292768,0,Q86XA0:Q9Y2Q5
IGHG1,TC2N,0.11380349607163462,0.0,0.2,0.0,0,P01857:Q8N9U0
SLC5A3,MSL1,0.3694495902783798,0.16111111111111112,0.28484848484848485,0.875,0,P53794:Q68DK7
WDR5,PAGR1,0.5728023853193053,0.21420932009167304,0.5660714285714286,0.8545454545454544,1,P61964:Q9BTK6
PSMB2,RPRD1A,0.4188752891660727,0.08333333333333333,0.7714285714285715,0.9261904761904761,0,P49721:Q96P16
POLR2H,MED4,0.7525271683318877,0.18782670963122092,0.5871794871794873,0.19326388888888887,-1,P52434:Q9NPJ6
RPSA,MYBL1,0.18951835913880175,0.14574006240672907,0.6000000000000001,0.15857142857142859,0,P08865:P10243
TNFAIP6,MS4A8,-0.11713522910230892,1.0,0.3333333333333333,0.0,0,P98066:Q9BY19
PLCXD2,SF3A3,0.02367524244967415,0.12432745825602967,0.25495169082125596,0.13612836438923395,0,Q0VAA5:Q12874
ADRB2,ACP1,-0.08184020357354886,0.14285714285714285,0.35873015873015873,0.38632478632478623,0,P07550:P24666
IFNG,DSE,0.30075191876713675,0.09882154882154882,0.21000000000000002,0.15714285714285714,0,P01579:Q9UL01
ATP5PF,ATP5MJ,0.4034708713835135,1.0,0.6633522727272727,1.0,-1,P18859:P56378
GLRB,TDG,-0.3665517266693729,0.0957349468713105,0.42745098039215684,0.48108465608465606,0,P48167:Q13569
NOC3L,RSL24D1,0.7145392435832373,0.14285714285714285,0.675,0.4583333333333333,-1,Q8WTT2:Q9UHA3
TBL3,HEATR1,0.7175145457903128,0.2050022893772894,0.48461538461538467,0.7,-1,Q12788:Q9H583
LGALS9,LAMTOR5,0.27018942034236965,0.2013259227544942,0.17165005537098563,0.9278499278499278,0,O00182:O43504
RPA1,P2RY11,0.6266102691955795,0.14778138528138526,0.3333333333333333,0.17444444444444446,0,P27694:Q96G91
H2AZ1,VPS72,0.5300574042042491,0.2733134920634921,0.38055555555555554,0.8708333333333332,1,P0C0S5:Q15906
UBE2D2,NEDD8,0.6702896494984468,0.2712962962962963,0.8604761904761904,0.9574829931972788,1,P62837:Q15843
NAE1,TMPRSS4,-0.013230494978099193,0.16003401360544217,0.611111111111111,0.9060846560846562,0,Q13564:Q9NRS4
CDC5L,LSM5,0.6087911966239946,0.7202380952380952,0.3973809523809525,0.9568965517241379,-1,Q99459:Q9Y4Y9
SCMH1,VPS39,0.6439470885665133,0.07817460317460319,0.2191468253968254,1.0,0,Q96GD3:Q96JC1
MRPL2,MRPS7,0.8150561648075624,0.7727272727272727,0.5856643356643356,0.7222222222222222,-1,Q5T653:Q9Y2R9
SNRPF,SNRPF,1.0,0.7349816849816849,0.48805418719211824,0.9776119402985075,1,P62306:P62306
PSMB10,GEMIN5,0.2777923605709065,0.1,0.5791666666666667,0.6416666666666667,0,P40306:Q8TEQ6
RPS23,RPL32,0.9639350904004941,1.0,0.7049689440993788,0.7916666666666667,-1,P62266:P62910
MED7,CCNY,0.7214956874399406,0.10092712842712843,0.39673202614379083,0.8299319727891156,0,O43513:Q8ND76
EIF2S2,MOAP1,-0.15907011437509397,0.13853535353535354,0.4666666666666667,0.9583333333333333,0,P20042:Q96BY2
MSC,GJA4,0.2679648565402345,0.19852607709750564,0.2333333333333333,0.875,0,O60682:P35212
IFNAR1,VSX2,-0.10239226243599368,0.09601139601139601,0.25,0.8734848484848484,0,P17181:P58304
ISG15,NKAIN4,-0.05430899305253528,0.1111111111111111,0.3333333333333333,1.0,0,P05161:Q8IVV8
ATP5MG,ATP5IF1,0.5275728887195771,0.08296425109118608,0.7566666666666667,0.8213675213675213,-1,O75964:Q9UII2
MRPS21,MRPL52,0.6393609688352135,1.0,0.43397727272727293,0.5,-1,P82921:Q86TS9
HMGCS1,LIN52,0.0785926433674371,0.07692307692307693,0.4702380952380953,1.0,0,Q01581:Q52LA3
RARB,BCAS4,-0.06519653969046187,0.0,0.5833333333333334,1.0,0,P10826:Q8TDM0
MED21,MED11,0.3111388313452438,0.5256578947368421,0.4763888888888889,0.8944444444444444,1,Q13503:Q9P086
GPR75,NDUFA8,0.258113278505539,0.0929040404040404,0.19642857142857142,0.15555555555555553,0,O95800:P51970
MRPL23,MRPS23,0.38231973736871716,1.0,0.6499368686868686,0.6785714285714286,-1,Q16540:Q9Y3D9
PRPS2,EIF5A2,0.44339575066448245,0.1111111111111111,0.6166666666666667,0.8333333333333333,0,P11908:Q9GZV4
ARPC1B,ACTR3,0.7817217950061401,0.3106027519489058,0.6409523809523809,0.7886904761904762,1,O15143:P61158
HTR1A,CMTM6,-0.37923941093861263,0.13333333333333333,0.6642857142857144,1.0,0,P08908:Q9NX76
HLA-DMB,ARMC9,-0.1373422058803849,0.14285714285714285,0.2583333333333333,1.0,0,P28068:Q7Z3E5
NDUFS3,MT-ND3,0.3600715071050424,0.36006273138626077,0.6796536796536795,0.5625,1,O75489:P03897
PCBP2,TAAR2,0.06108296133305296,0.14285714285714285,1.0,0.15277777777777776,0,Q15366:Q9P1P5
MARCHF11,KAT2B,-0.21172869778910902,0.07917829338547745,0.1763971071663379,0.11720414598321574,0,A6NNE9:Q92831
GTPBP6,MRPL33,0.25793072665178934,0.0,0.31905594405594406,0.16666666666666666,-1,O43824:O75394
IFNB1,GPR108,0.0259699995330442,0.27777777777777773,0.25833333333333336,1.0,0,P01574:Q9NPR9
HLA-DRA,ANP32A,0.6812017400016225,0.13214285714285715,0.375,0.8928571428571429,0,P01903:P39687
CRH,CAV2,-0.16143472349434876,0.15655570483156694,0.2450793650793651,0.7982456140350878,0,P06850:P51636
NPS,GPR52,-0.0398596921528453,0.27592592592592596,0.3333333333333333,0.0,0,P0C0P6:Q9Y2T5
RPLP2,RPL6,0.902747497988761,0.8452380952380952,0.6094387755102042,0.5166666666666667,-1,P05387:Q02878
EEF1A1,LYAR,0.2387760159260419,0.08984487734487734,0.6454545454545455,0.7782608695652173,-1,P68104:Q9NX58
PSME1,MAP3K14,0.6183278152262836,0.13229166666666667,0.9270833333333334,0.9084754797441366,0,Q06323:Q99558
NBDY,POC1A,0.026290691752449434,0.07692307692307693,0.1763392857142857,1.0,0,A0A0U1RRE5:Q8NBT0
BCAM,RAP1GDS1,-0.15365779732121987,0.1463203463203463,0.32222222222222224,0.8991596638655461,0,P50895:P52306
RPS6,ZNF394,0.7355964356965964,0.1111111111111111,1.0,0.7511111111111111,0,P62753:Q53GI3
HGS,TRAF4,0.11598512957559619,0.24413419913419915,0.4690476190476191,0.9633968253968255,1,O14964:Q9BUZ4
APOD,SLC10A6,0.15040749202241738,0.3416666666666666,0.3333333333333333,0.9818594104308389,-1,P05090:Q3KNW5
TERT,RPL24,-0.11027007272700443,0.1777777777777778,0.6696649029982362,0.4250000000000001,0,O14746:P83731
CD80,TMEM68,0.4685501362540605,0.1,0.6666666666666666,0.1111111111111111,0,P33681:Q96MH6
MRPS5,GFM1,0.8533168625540103,0.3333333333333333,0.7083333333333334,0.2883522727272727,-1,P82675:Q96RP9
CRH,CRHR1,-0.003221986982075881,0.25383032000679057,0.3008658008658009,0.5495670995670996,1,P06850:P34998
BCL2A1,BAK1,0.4268054705213634,0.15795784361358128,0.489766081871345,0.9443415637860083,1,Q16548:Q16611
IFNG,MAP2K2,0.20461850704499707,0.15804517704517704,0.4468774395003904,0.7711226851851851,0,P01579:P36507
GTF2E2,GTF2B,0.7636466765221998,0.38023271371485656,0.6748015873015872,0.7200486096712511,1,P29084:Q00403
SEC24D,FAM204A,0.40063232056456943,0.0,0.0,1.0,0,O94855:Q9H8W3
RPL7A,RPL36A,0.9417274191769168,1.0,0.7161490683229814,0.6666666666666667,-1,P62424:P83881
TCERG1,SRRM1,0.8659068823593805,0.5791666666666667,0.7492063492063492,0.8333333333333334,-1,O14776:Q8IYB3
GADD45B,SLAMF1,0.018059073390197296,0.13983871683871685,0.23958333333333331,0.8386363636363636,0,O75293:Q13291
CD8A,RAB42,0.35687714507083607,0.0,1.0,0.3402777777777778,0,P01732:Q8N4Z0
RPLP0,PA2G4,0.7680343558258496,0.09437229437229437,0.41595238095238096,0.7083333333333333,-1,P05388:Q9UQ80
CCNA2,ANAPC2,0.18833115010212484,0.1682860349527016,0.7125,0.925925925925926,0,P20248:Q9UJX6
ZNF512,MED4,0.8225366816115852,0.44491129785247435,0.2978632478632479,0.9388690476190475,0,Q96ME7:Q9NPJ6
GTF2F2,POLR2F,0.519276106209277,0.7083333333333334,0.9268292682926828,0.31249999999999994,-1,P13984:P61218
NPY2R,RRAS2,-0.12190522576080184,0.13194444444444442,0.532312925170068,0.6587024087024087,0,P49146:P62070
H2AC11,SHC3,-0.15444286936370807,0.08759296259296259,0.19166666666666668,0.9564625850340136,0,P0C0S8:Q92529
MRPL57,COMMD3,0.5600315453773488,0.07692307692307693,0.27499999999999997,1.0,0,Q9BQC6:Q9UBI1
CABYR,TCF3,0.350106110722574,0.08367577934885628,0.4885057471264367,0.6514770723104056,0,O75952:P15923
SRSF1,LSM5,0.7320091923849229,0.7350427350427351,0.3973809523809525,0.9568965517241379,-1,Q07955:Q9Y4Y9
MED18,MED11,0.7010140834953478,0.39940476190476193,0.4763888888888889,0.8944444444444444,1,Q9BUE0:Q9P086
ZNF718,APPBP2,0.7850181494616881,0.06121794871794872,0.24509830447330447,0.1991836734693877,0,Q3SXZ3:Q92624
EIF2B1,DPP10,-0.41396678710056123,0.13311688311688313,0.6444444444444445,0.319047619047619,0,Q14232:Q8N608
EED,EZH2,0.7657976478743744,0.20724441966702026,0.6404040404040403,0.7660828717280329,1,O75530:Q15910
PSMD4,RPL31,0.40521035106322467,0.14761904761904762,0.6769841269841269,0.7916666666666666,0,P55036:P62899
PIK3R1,ATP12A,-0.12755642839394069,0.12625231910946194,0.5803571428571429,0.11813973063973066,0,P27986:P54707
MED21,MED4,0.8395649915657754,0.7289473684210527,0.5871794871794873,0.9388690476190475,1,Q13503:Q9NPJ6
PCCA,FAM151B,0.05309770725948532,0.1,0.5,1.0,0,P05165:Q6UXP7
LRRD1,MED21,0.1732956657593578,0.1118596681096681,0.2388888888888889,0.0,0,A4D1F6:Q13503
RARB,ALDH3A1,-0.09448820579038493,0.2375,0.5047619047619049,0.3447420634920635,0,P10826:P30838
ARHGAP6,HSPA7,0.26613668898290926,0.14583333333333331,0.4142857142857143,0.17818181818181816,0,O43182:P48741
CASC3,SNRNP200,0.7304010652397803,0.4974419519874065,0.6286630036630036,0.7064880952380953,-1,O15234:O75643
TCERG1,LSM6,0.7708688833214205,0.569047619047619,0.3613095238095238,0.9574468085106383,-1,O14776:P62312
MXI1,TMEM177,-0.15913943270602182,0.058823529411764705,0.26,1.0,0,P50539:Q53S58
ARL1,ARL1,1.0,0.35575396825396827,0.44345238095238093,0.3997222222222222,1,P40616:P40616
CBR3,CLEC12A,-0.1183141490037097,0.108384324009324,0.29523809523809524,0.31500000000000006,0,O75828:Q5QGZ9
DSC1,MRPL18,-0.04344560782435584,0.1365079365079365,0.25944940476190476,0.6547619047619049,0,Q08554:Q9H0U6
RBM48,CRIPT,0.8419923652945955,0.2212194055944056,0.27666666666666667,0.7666666666666666,-1,Q5RL73:Q9P021
KLHL2,BCAM,-0.11890528506292813,0.09406565656565656,0.3194444444444444,0.7846153846153847,1,O95198:P50895
MRPS5,MRPL1,0.7109612508873484,1.0,0.8017676767676768,0.4861111111111111,-1,P82675:Q9BYD6
RPS27A,UBA52,0.7767326199664326,0.7023809523809524,0.8296723460026213,0.8333333333333333,-1,P62979:P62987
AURKAIP1,MRPL11,0.2474249514933647,1.0,0.4563131313131314,0.9108527131782945,-1,Q9NWT8:Q9Y3B7
ATP5F1E,BCL2A1,0.34320923025979866,0.1182983682983683,0.23333333333333334,0.9358974358974359,0,P56381:Q16548
CDH1,COX6B2,-0.026572362028701512,0.125,0.3208333333333333,1.0,0,P12830:Q6YFQ2
LYPLA1,CACNG1,0.0042974666965031,0.09755291005291004,0.41991341991341985,0.8688311688311687,0,O75608:Q06432
AATF,NOL7,0.8493065477050596,0.5416666666666666,0.5763888888888888,0.625,-1,Q9NY61:Q9UMY1
PFKM,UBE2B,0.46620887935423316,0.10431978152566389,0.4487394957983193,0.6059941520467835,0,P08237:P63146
ERVV-1,LMBRD1,0.3093340081024206,0.0,0.3450854700854701,0.0,0,B6SEH8:Q9NUN5
GTF2F2,INF2,0.4851678612314944,0.08888888888888888,0.3333333333333333,0.611111111111111,0,P13984:Q27J81
DAPL1,RNLS,0.01165075403479016,0.14939458689458687,0.0,0.2954081632653061,0,A0PJW8:Q5VYX0
NCBP2,MFAP1,0.8078396029489278,1.0,0.5603174603174604,0.9869565217391304,-1,P52298:P55081
RRP9,WDR43,0.9319122914479758,0.23074379324379324,0.6151515151515152,0.7954545454545454,-1,O43818:Q15061
POLR2D,MED25,0.6450110761258133,0.05694444444444445,0.6462962962962963,0.939455782312925,-1,O15514:Q71SY5
TAF7L,SPART,0.05333928990654298,0.1651082251082251,0.38703703703703707,0.9035087719298245,0,Q5H9L4:Q8N0X7
RPS2,RPS12,0.9229105451352202,0.6474358974358974,0.735070785070785,0.53125,-1,P15880:P25398
RPS3,RPS3A,0.9745898343409386,0.6632575757575757,0.6850793650793651,0.6944444444444444,-1,P23396:P61247
MRPL23,MRPS31,0.6243258263946172,1.0,0.6787190082644629,0.55,-1,Q16540:Q92665
SERPINB3,MANBAL,0.09699053240959984,0.0,1.0,1.0,0,P29508:Q9NQG1
COBL,GTF2H1,-0.31731772372012246,0.08862156362156362,0.47962962962962963,0.9434782608695652,0,O75128:P32780
SNRPA,SNRPB,0.8798984736608774,0.7103174603174602,0.4851279317697229,0.9495370370370372,1,P09012:P14678
RACK1,SLC25A26,0.5971675173923532,0.14563492063492062,0.625,0.18095238095238095,0,P63244:Q70HW3
RPL37A,FAU,0.8961821712376024,0.4858974358974359,0.7694677871148459,0.54421768707483,-1,P61513:P62861
SNRPB,SYMPK,0.6909974356564934,0.3941798941798942,0.7115942028985508,1.0,-1,P14678:Q92797
CLNS1A,SNRPF,0.8125940179955813,0.728617216117216,0.48805418719211824,0.9776119402985075,1,P54105:P62306
SRSF1,SF3B6,0.7800834197888848,0.7374768089053803,0.6099773242630384,0.7444444444444445,-1,Q07955:Q9Y3B4
RBM22,LSM5,0.6045743751644203,0.7202380952380952,0.3973809523809525,0.9568965517241379,-1,Q9NW64:Q9Y4Y9
RPS12,KCNIP1,-0.5010606592382194,0.11764705882352941,0.30185185185185187,0.7770876466528641,0,P25398:Q9NZI2
NPM3,XKR4,-0.20171049930044846,0.1294642857142857,0.3333333333333333,0.5833333333333334,0,O75607:Q5GH76
FAM219A,SNF8,-0.013031430069506345,0.0,0.0,0.9589285714285715,0,Q8IW50:Q96H20
RPL14,STAC3,-0.034956390556634784,0.08307109557109557,0.599537037037037,0.9857142857142858,0,P50914:Q96MF2
ELK1,C2orf68,0.2198033128132933,0.0,0.0,1.0,0,P19419:Q2NKX9
CD247,DHRS11,0.03958569678870327,0.10101010101010101,0.5,0.29464285714285715,0,P20963:Q6UWP2
RPL24,SLC14A2,-0.03775955599861848,0.11349206349206348,0.875,0.7807017543859649,0,P83731:Q15849
MTRF1,TCN1,0.004001303595021922,0.08173076923076922,0.18055555555555555,0.13214285714285712,0,O75570:P20061
LSM3,WBP11,0.8211946146938848,0.48333333333333334,0.8136363636363636,0.9338709677419355,-1,P62310:Q9Y2W2
FOXH1,GPD1,-0.10509177714011028,0.18565574766555157,0.38888888888888884,0.3857142857142857,0,O75593:P21695
PSMA2,PSMB5,0.506355543885415,0.5833333333333333,0.792102206736353,0.9308201058201058,1,P25787:P28074
CNR1,GNAI1,0.1895299281096712,0.5062752525252525,0.6295681063122923,0.521326164874552,1,P21554:P63096
EXOSC9,C10orf55,0.35056412015529054,0.0,0.0,1.0,0,Q06265:Q5SWW7
GNB3,MRPL17,0.22040696139694288,0.1111111111111111,0.19444444444444445,0.8125,0,P16520:Q9NRX2
NDUFB6,CYC1,0.2689978523461061,0.43636363636363634,0.5615079365079365,0.67,-1,O95139:P08574
RPS13,ETF1,0.6755042714147562,0.1220238095238095,0.6129629629629629,0.6124574829931974,-1,P62277:P62495
PSMC3,PSMD4,0.8635274487971154,1.0,0.8696673189823874,0.9819182389937107,1,P17980:P55036
USP46,USP46,0.9999999999999999,0.2808500527250527,0.5666666666666667,0.6886363636363636,1,P62068:P62068
KRIT1,RAP1B,0.7241356082628888,0.21870785464535464,0.8155067155067154,0.7096618357487923,1,O00522:P61224
LTA,VSIG10L,-0.035930209845358926,0.0,0.5555555555555555,0.0,0,P01374:Q86VR7
PEX12,GJB2,-0.06064982039327108,0.19028894386037246,0.3121212121212121,0.8989018087855299,-1,O00623:P29033
GTPBP6,MRPL40,0.3860802670020652,0.0,0.3077094474153298,0.23958333333333331,-1,O43824:Q9NQ50
MTNR1A,MTNR1A,1.0,0.5507936507936508,0.8857142857142858,0.8078231292517006,-1,P48039:P48039
MED6,POLR2G,0.882616565043935,0.11152882205513784,0.9664355062413313,0.9428571428571428,-1,O75586:P62487
HMGA1,RPL26L1,0.6242394024005541,0.15476190476190477,0.1625,0.5,0,P17096:Q9UNX3
RPL10A,PELP1,0.3686486765257566,0.11011904761904762,0.4131313131313131,0.9270833333333334,0,P62906:Q8IZL8
CDKN2C,H2BW1,-0.06344241430739642,0.125,0.48690476190476184,0.5,0,P42773:Q7Z2G1
RPS4X,FAU,0.8731616129042095,0.4858974358974359,0.7694677871148459,0.54421768707483,-1,P62701:P62861
H2AC4,TBC1D3C,-0.039257906612954904,0.0,0.16666666666666666,0.14285714285714285,0,P04908:Q6IPX1
CCL16,UBQLN2,-0.2734060350426919,0.11417027417027417,0.35833333333333334,0.9950381679389313,-1,O15467:Q9UHD9
MRPL58,MRPL55,0.35289563252207684,1.0,0.5856643356643356,0.14285714285714285,-1,Q14197:Q7Z7F7
GRWD1,CAB39,0.5659171470518534,0.09821729196729197,0.38277777777777783,0.8754578754578756,0,Q9BQ67:Q9Y376
BRK1,SIRT5,0.24600671381621694,0.1431818181818182,0.2979166666666667,0.13839285714285715,0,Q8WUW1:Q9NXA8
NOL10,NOL7,0.7668362423171717,0.5384615384615384,0.5763888888888888,0.625,-1,Q9BSC4:Q9UMY1
RRS1,YEATS2,0.4911220757530162,0.12595959595959597,0.3175084175084175,0.6666666666666666,0,Q15050:Q9ULM3
TBP,TAF6,0.7048319973859689,0.2520481601731602,0.6922222222222223,0.7579365079365079,1,P20226:P49848
SEC24D,ZNF800,0.5349475555094337,0.10416666666666667,1.0,0.24074074074074073,0,O94855:Q2TB10
RPL21,SEC61B,0.41947703800266056,0.11249999999999999,0.5242424242424243,0.8214285714285714,-1,P46778:P60468
HSBP1,GPKOW,0.4762042478072856,0.09090909090909091,0.5428571428571429,0.9779411764705882,0,O75506:Q92917
GABRG2,NIPAL3,0.7471112359741647,0.18333333333333335,1.0,0.9270833333333334,0,P18507:Q6P499
NUP43,NUP58,0.594021183564113,0.35000000000000003,0.9274509803921569,0.9854014598540146,-1,Q8NFH3:Q9BVL2
GEMIN2,ARRDC3,0.251932462062312,0.09939429257611075,0.2457482993197279,0.9879032258064516,0,O14893:Q96B67
GSTP1,KDM5A,0.5227513831188152,0.18203463203463202,0.4275510204081633,0.3867195767195767,0,P09211:P29375
RPS12,RPS29,0.8509269379964371,1.0,0.7327891156462585,0.5555555555555556,-1,P25398:P62273
ERAL1,MRPS17,0.6350801609236716,0.09393939393939395,0.583041958041958,0.54,-1,O75616:Q9Y2R5
SSX9P,STXBP6,-0.08285249086316095,0.08800505050505049,0.17500000000000002,0.0,0,Q7RTT3:Q8NFX7
SNRPA,SNRPG,0.7494939993210333,0.6875850340136054,0.45905483405483405,0.903125,-1,P09012:P62308
PSMD7,CCNI2,0.16704615125790034,0.08333333333333333,0.42777777777777776,0.14285714285714285,0,P51665:Q6ZMN8
MRE11,GPRASP2,0.07926380017171325,0.16666666666666666,0.6000000000000001,0.9673202614379084,0,P49959:Q96D09
SRRM1,SCNM1,0.7770431372979136,0.625,0.4444444444444445,0.9960199004975124,-1,Q8IYB3:Q9BWG6
MT1B,SCGB3A2,-0.027328436408215157,0.0,0.39999999999999997,0.0,0,P07438:Q96PL1
ADSS2,VBP1,0.21184317712693948,0.2341269841269841,0.45416666666666666,0.9766666666666666,0,P30520:P61758
FGB,CLCC1,-0.24246479933741213,0.10101010101010101,0.7739682539682539,0.6444444444444445,0,P02675:Q96S66
NAT10,PNO1,0.7719550963590726,1.0,0.46666666666666673,0.875,-1,Q9H0A0:Q9NRX1
PPIAL4F,ITCH,0.0,0.11210178710178709,0.43892195767195763,0.27910974827641494,0,P0DN26:Q96J02
IGKC,CD79B,0.46566670680413796,0.4819047619047619,0.6790674603174602,0.39444444444444443,0,P01834:P40259
GJB1,MVB12B,0.2894624072885855,0.14535615899252263,0.19839285714285715,0.8333333333333334,0,P08034:Q9H7P6
RPS19,TRMT112,0.6289676532473334,0.34516488413547236,0.5175925925925926,0.9244047619047618,-1,P39019:Q9UI30
SNRPF,STEEP1,0.6044178921608886,0.1114996114996115,0.5990196078431372,0.75,0,P62306:Q9H5V9
SNRPC,LSM3,0.8381123632921791,0.8839285714285714,0.3202380952380952,0.9441649899396377,-1,P09234:P62310
RPS20,RPS29,0.8694325788145201,1.0,0.7327891156462585,0.5555555555555556,1,P60866:P62273
H4C1,SPSB3,0.31506183324324716,0.08684648684648687,0.3416666666666667,0.7916666666666667,0,P62805:Q6PJ21
MST1,PRPF31,-0.14809310301133388,0.11755050505050506,0.25073015873015875,0.9703525641025641,0,P26927:Q8WWY3
RPS7,LRRC47,0.46350733493715784,0.16666666666666666,0.0,0.4583333333333333,-1,P62081:Q8N1G4
MTIF2,MRPS10,0.6619253802632559,0.16666666666666666,0.2543706293706294,0.0,-1,P46199:P82664
EIF2S2,RPS21,0.5772614046332913,0.1965277777777778,0.7340136054421768,0.7272727272727273,-1,P20042:P63220
MCEE,AJAP1,-0.5988223226707868,0.08244047619047618,0.14380952380952378,0.9,0,Q96PE7:Q9UKB5
SNU13,RPS4X,0.22244152359106878,0.22222222222222224,0.39470238095238097,0.7369565217391304,-1,P55769:P62701
IL17A,COX8C,-0.028786166088763047,0.125,0.19583333333333336,0.0,0,Q16552:Q7Z4L0
RPS16,ETF1,0.6699677993565931,0.1220238095238095,0.6129629629629629,0.6124574829931974,-1,P62249:P62495
SSX5,CCT6A,0.04143480051278819,0.09185906685906686,0.17460317460317462,0.7876157407407408,0,O60225:P40227
LCE2A,KRTAP3-2,0.5589477729503222,0.0,0.0,0.9923371647509578,-1,Q5TA79:Q9BYR7
RBP4,CDH8,-0.10947913106466543,0.13664668664668667,0.35555555555555557,0.6666666666666667,0,P02753:P55286
UBE2D1,IKBIP,0.34591400744672973,0.07692307692307693,0.3107142857142857,1.0,0,P51668:Q70UQ0
FANCC,EML3,0.13891573522597164,0.1392857142857143,0.31264880952380947,0.9487179487179488,0,Q00597:Q32P44
NCBP2,SF3B4,0.611838311966184,0.7863636363636363,0.5064761904761904,0.9683098591549296,-1,P52298:Q15427
RRAGC,LAMTOR3,0.6377081406496106,0.482997557997558,0.6840747904577691,0.9057142857142857,1,Q9HB90:Q9UHA4
PRSS38,NDUFS1,-0.02478582509606828,0.11150793650793653,0.19069264069264075,0.13323996265172733,0,A1L453:P28331
MRPL41,MTRFR,-0.027399336606515244,0.18055555555555555,1.0,0.6489795918367348,-1,Q8IXM3:Q9H3J6
MRPL51,GFM1,0.4318405541627408,0.3333333333333333,0.7083333333333334,0.3663194444444444,-1,Q4U2R6:Q96RP9
H4C1,CENPK,0.425706778573032,0.2698412698412698,0.569047619047619,1.0,-1,P62805:Q9BS16
RPS24,RPS28,0.8357625658664624,0.522077922077922,0.7066924066924067,0.6307692307692307,-1,P62847:P62857
GNAO1,INPP5E,0.015138007296033856,0.09960768398268398,0.3255555555555556,0.424793388429752,0,P09471:Q9NRR6
TP53,POLR2B,0.7883014034341506,0.47916666666666663,0.9637820512820513,0.2113237639553429,1,P04637:P30876
GEMIN2,GEMIN2,1.0,0.539018389018389,0.5063492063492061,1.0,-1,O14893:O14893
POLR2C,MED25,0.47785165942976204,0.05694444444444445,0.6462962962962963,0.939455782312925,-1,P19387:Q71SY5
MRPL30,MRM3,0.5017571566505132,0.10795454545454546,0.5625,0.22101449275362314,-1,Q8TCC3:Q9HC36
EPRS1,BMT2,0.676367774185899,0.13273809523809524,1.0,0.3133333333333333,0,P07814:Q1RMZ1
CD2,CD2,1.0,0.27478070175438596,0.5055555555555555,0.9088235294117647,1,P06729:P06729
SH2B2,TERF2,0.3819812270652406,0.13850345256595256,0.40121212121212113,0.88640873015873,0,O14492:Q15554
GALE,MRPL48,0.18413168187575332,0.125,0.17879464285714286,1.0,0,Q14376:Q96GC5
TUFM,MRPL27,0.7412042880737731,0.41666666666666663,0.2398809523809524,0.5,-1,P49411:Q9P0M9
HAUS1,HAUS8,0.7588427096353525,0.5121252204585539,0.7914362519201227,0.9722222222222223,1,Q96CS2:Q9BT25
PSMD7,KCNG2,-0.15007442936036328,0.06937957875457876,0.6555555555555556,0.12554112554112554,0,P51665:Q9UJ96
RPS21,RIOK2,0.7457455177329924,0.13366458103300208,0.5047619047619047,0.1463809523809524,-1,P63220:Q9BVS4
GJA1,ATP5PO,-0.06498779090187429,0.1526190476190476,0.49411764705882344,0.9280000000000002,0,P17302:P48047
HLA-DMA,OR14J1,-0.0749662190159074,0.14583333333333331,1.0,0.27777777777777773,0,P28067:Q9UGF5
NDUFA8,ECT2L,0.2344690454719478,0.0,0.0,0.14285714285714285,0,P51970:Q008S8
DDX39A,NDUFS8,0.06250315625023918,0.11853764921946741,0.19153439153439156,0.25277777777777777,0,O00148:O00217
SNRPD1,WBP11,0.7094674939720584,0.48333333333333334,0.8136363636363636,0.9338709677419355,-1,P62314:Q9Y2W2
GTF2B,FNBP4,0.8391142580579638,0.0,1.0,1.0,0,Q00403:Q8N3X1
BCAS2,STEEP1,0.7322387700608488,0.109006734006734,0.5990196078431372,0.75,0,O75934:Q9H5V9
IFNG,ENTR1,0.31042709152245673,0.16773809523809521,0.2646825396825397,1.0,0,P01579:Q96C92
TRIM27,ZMYND19,0.3639386174124644,0.0,0.5416666666666666,0.9866666666666667,-1,P14373:Q96E35
MED21,C2CD2,0.39081760617571243,0.0,0.4666666666666666,0.0,0,Q13503:Q9Y426
GFI1,APOL4,-0.07028898246613302,0.14484126984126983,0.8,0.5,0,Q99684:Q9BPW4
MAD2L1BP,REV1,0.3706201036185746,0.06096866096866097,1.0,0.47633928571428574,0,Q15013:Q9UBZ9
PDLIM7,POLR3B,0.03299031576345942,0.09657615112160567,0.4888888888888888,0.1363155363155363,0,Q9NR12:Q9NW08
GABRA3,RFC4,-0.18955893128334955,0.09116161616161617,0.47676056338028183,0.8177437641723355,0,P34903:P35249
RPS24,RACK1,0.9437815455441527,0.12326580690551278,0.5023809523809524,0.7893087855297158,-1,P62847:P63244
TIMM10,TIMM10,1.0,0.8,0.3700396825396825,0.7603174603174603,1,P62072:P62072
RPS25,EIF3I,0.8094419347457112,0.21000000000000002,0.5712962962962963,0.8055555555555556,-1,P62851:Q13347
OXA1L,MRPS24,0.5367824653646942,1.0,0.6766233766233765,0.25,-1,Q15070:Q96EL2
RPS7,RPL36A,0.9738701649995675,1.0,0.7161490683229814,0.6666666666666667,-1,P62081:P83881
POLR2L,MED17,0.3616496817479071,0.2390176830966305,0.41354166666666664,0.7611791383219955,-1,P62875:Q9NVC6
WBP4,LYRM7,0.6270734825526464,0.12787878787878787,0.20833333333333334,0.8518518518518517,0,O75554:Q5U5X0
IFNGR2,NUB1,0.5572068420436784,0.09987373737373738,0.2878787878787879,1.0,0,P38484:Q9Y5A7
MRPL41,AURKAIP1,0.11340582572036988,0.30769230769230765,0.5114853896103897,1.0,-1,Q8IXM3:Q9NWT8
RPS12,RPS15,0.9438579502556137,0.4670970695970695,0.7455026455026454,0.5428571428571428,-1,P25398:P62841
LYPLA1,TIMM50,0.5731141968000788,0.13246753246753246,0.4388888888888889,0.5992063492063492,0,O75608:Q3ZCQ8
MRPL33,MRPS31,0.22092411126392014,1.0,0.6787190082644629,0.35666666666666663,-1,O75394:Q92665
GPHB5,DBF4,0.5618329745938642,0.13125,0.4646464646464646,0.8222883597883598,0,Q86YW7:Q9UBU7
STAT4,H2AC18,0.2921473836299116,0.16666666666666666,0.5472222222222223,0.6666666666666666,0,Q14765:Q6FI13
LSM8,ZMAT2,0.6073991865880627,1.0,0.4935714285714286,0.9722906403940887,-1,O95777:Q96NC0
PCNA,CD164,0.5299888302940681,0.20436507936507936,0.22943722943722938,1.0,0,P12004:Q04900
ESS2,CWC22,0.6626538558050652,0.7631578947368421,0.44146825396825395,0.875,0,Q96DF8:Q9HCG8
ATP6AP1,SIGLEC15,0.2745766412314076,0.09393939393939395,0.7777777777777777,0.0,0,Q15904:Q6ZMC9
TARDBP,NSFL1C,0.6634989738488398,0.17793379460046127,0.31666666666666665,0.9375,-1,Q13148:Q9UNZ2
TIMM10,EXOC6B,-0.015540636973906086,0.16706349206349208,0.25,1.0,0,P62072:Q9Y2D4
CNR2,GNAI1,-0.24874410964306762,0.33373376623376616,0.6295681063122923,0.521326164874552,1,P34972:P63096
PES1,EMD,0.6155826415631785,0.15300925925925926,0.35454545454545455,0.9785353535353535,0,O00541:P50402
UBB,PSMB3,0.4515124619445296,0.5,0.8173558897243108,1.0,-1,P0CG47:P49720
ELOC,NKD2,0.10809509479321587,0.0879040404040404,0.3392857142857143,0.7435897435897438,0,Q15369:Q969F2
SLAMF1,SLAMF1,1.0,0.1895073815073815,0.3759920634920635,0.8386363636363636,1,Q13291:Q13291
MRPS15,MRPL51,0.8528459517378197,1.0,0.4955965909090909,0.8125,-1,P82914:Q4U2R6
EIF2S1,RPS6,0.6273892268999719,0.1599206349206349,0.6630952380952381,0.6885964912280702,-1,P05198:P62753
LSM8,NCBP2,0.7598150651313402,0.28946822939702194,0.8261261261261261,0.8148936170212768,-1,O95777:P52298
U2AF1,U2AF1,1.0,0.875,0.6763888888888889,0.9413978494623656,0,Q01081:Q01081
GFM1,MRPL1,0.6283463912354555,0.25,0.21843434343434343,0.625,-1,Q96RP9:Q9BYD6
GTF2H1,ADA2,0.18199497293691247,0.30769230769230765,0.42857142857142855,0.332010582010582,0,P32780:Q9NZK5
RPL35,CCDC124,0.3329682505832247,0.14444444444444446,0.5066666666666666,0.40625,-1,P42766:Q96CT7
HTR1A,TMEM203,-0.1393159318644088,0.11574074074074074,0.19999999999999998,1.0,0,P08908:Q969S6
H2AC11,CDKN2AIPNL,0.3073483880525527,0.0,0.0,1.0,0,P0C0S8:Q96HQ2
TCF4,EPN3,-0.26418620864357667,0.16666666666666666,0.3712454212454213,0.7083333333333334,0,P15884:Q9H201
RPS9,RPS20,0.9375089122027583,0.8461538461538461,0.7799422799422799,0.7023809523809523,-1,P46781:P60866
H2BC11,ARSH,0.09435692932372731,0.0,0.5833333333333334,0.1619047619047619,0,P06899:Q5FYA8
CCDC88B,UPF3B,0.4352428982269943,0.1707821590174531,0.6092592592592593,0.9093023255813953,0,A6NC98:Q9BZI7
SLC35B1,BRF2,0.2182170808963375,0.07251359751359751,0.35357142857142854,0.4805555555555556,0,P78383:Q9HAW0
MRPS25,MRPS10,0.38758481375059917,1.0,0.5909090909090909,0.0,-1,P82663:P82664
RPL3,SEC61G,0.5073512939681848,0.08712121212121213,0.5555555555555556,0.798611111111111,-1,P39023:P60059
POLR2F,SNAPC1,0.361552383022476,0.6666666666666666,0.8933333333333332,0.2864583333333333,-1,P61218:Q16533
ATAD3B,GIGYF2,0.6486395136970007,0.10089347381014047,0.3324929971988796,0.12261904761904763,0,Q5T9A4:Q6Y7W6
ACD,LRP2BP,0.7553794661904686,0.0,0.5,1.0,0,Q96AP0:Q9P2M1
RPAP3,PDRG1,0.6060468066194811,0.7222222222222223,0.5208333333333333,1.0,1,Q9H6T3:Q9NUG6
EIF2S2,RPS15A,0.6023869978556744,0.18796296296296297,0.739021164021164,0.6911764705882353,-1,P20042:P62244
FCER2,COMMD7,-0.07731702551228205,0.1386904761904762,0.25,0.9117647058823529,0,P06734:Q86VX2
DENR,RPS10,0.6867881761837145,0.15476190476190474,0.4382312925170067,0.7,-1,O43583:P46783
TTC7B,TRHDE,0.5883968018171735,0.11805555555555555,0.5619047619047619,0.21071428571428572,0,Q86TV6:Q9UKU6
MRRF,MRPS17,0.42856388225256115,1.0,0.17919580419580416,0.54,-1,Q96E11:Q9Y2R5
SHMT2,SPR,0.2653869968523099,0.17777777777777778,0.37916666666666665,0.13839285714285715,0,P34897:P35270
PDLIM4,YWHAZ,0.3078304980201,0.13496919746919747,0.4335416666666667,0.9900379506641366,0,P50479:P63104
PPP5C,CDC37,0.7935879453039452,0.13115218115218114,0.9531531531531533,0.9915254237288136,1,P53041:Q16543
AHSG,CDC42,-0.24360574890263817,0.12374917851108327,0.32906976744186045,0.8911324125609841,-1,P02765:P60953
VMO1,RTF1,0.007582707947248355,0.0,0.4547619047619048,0.0,0,Q7Z5L0:Q92541
CD2,SIK3,0.01702107997272422,0.18287037037037038,0.5,0.293218954248366,0,P06729:Q9Y2K2
PENK,C1orf74,-0.11562491731609999,0.0,0.0,1.0,0,P01210:Q96LT6
CREB3,IGFBP5,0.4242692377477362,0.20261904761904762,0.36296296296296293,0.9683544303797467,-1,O43889:P24593
OXA1L,MRPL17,0.5897069921778293,1.0,0.5912087912087911,0.8125,-1,Q15070:Q9NRX2
NOA1,MRPS2,0.7242081569834391,0.3888888888888889,0.23257575757575755,0.25,-1,Q8NC60:Q9Y399
EIF1AX,RPS15,0.6215343668604809,0.17254329004329003,0.7455026455026454,0.5428571428571428,-1,P47813:P62841
UTP20,NAT10,0.8736542383924925,0.2041110311023061,0.4751984126984127,0.5065277777777777,-1,O75691:Q9H0A0
ETF1,RPL32,0.668895330689042,0.21250000000000002,0.7049689440993788,0.37500000000000006,-1,P62495:P62910
CHRM2,GNAO1,0.07659427745349959,0.3461199294532628,0.4538461538461539,0.6581004853732125,1,P08172:P09471
RPS26,RACK1,0.7417364207671339,0.13223017586988176,0.5023809523809524,0.8351882613510518,-1,P62854:P63244
C1orf131,PNO1,0.6396558223564738,1.0,0.423015873015873,0.875,-1,Q8NDD1:Q9NRX1
GOT2,CSF2RA,-0.2980207611411049,0.08726035868893012,0.8815104166666666,0.18555555555555553,0,P00505:P15509
VSTM2L,FANCF,-0.058868991182664566,0.0787878787878788,0.44375,1.0,0,Q96N03:Q9NPI8
SNRPE,YTHDC1,0.6319247199159972,0.1623129829979675,0.6148148148148148,0.8170454545454544,0,P62304:Q96MU7
KLHL26,NUDC,0.6350635185285985,0.0,0.0,0.98,-1,Q53HC5:Q9Y266
LRPPRC,GADD45GIP1,0.567416770804751,0.16666666666666666,0.5659090909090909,1.0,-1,P42704:Q8TAE8
PRAMEF10,CXCL14,-0.10484953486916379,0.12964743589743588,0.35,0.925,0,O60809:O95715
CDC37,RALY,0.7804615242382886,0.11191553544494721,0.18888888888888888,0.7821428571428571,0,Q16543:Q9UKM9
FLACC1,TRPC4,-0.025241384053805306,0.0,0.277014652014652,0.4196581196581196,0,Q96Q35:Q9UBN4
KRT31,TTC9C,0.22852752669828977,0.0,0.0,1.0,-1,Q15323:Q8N5M4
CHRM2,GNB1,-0.050169205384753356,0.4726220538720538,0.494059405940594,0.8712301587301589,1,P08172:P62873
FANCC,SUSD1,-0.048935516440942,0.0,0.5,0.16666666666666666,0,Q00597:Q6UWL2
ESR2,PRPF19,0.2892701595301844,0.11257804695304696,0.6279922779922781,0.9065058479532165,0,Q92731:Q9UMS4
SNRPD2,SMU1,0.8339766926845797,0.4375,0.5428571428571429,1.0,-1,P62316:Q2TAY7
RPL7A,RPS28,0.8970360529992754,0.522077922077922,0.7066924066924067,0.6538461538461539,-1,P62424:P62857
ORM2,HBB,-0.027544170417529473,0.13747165532879815,0.5447916666666667,0.7903508771929825,0,P19652:P68871
RPSA,EIF3A,0.6591607710535536,0.22952380952380952,0.5493827160493827,0.7533333333333333,1,P08865:Q14152
HK1,PEX19,0.27631571090037566,0.2060207336523126,0.5181318681318681,0.9697222222222223,0,P19367:P40855
TRAC,CDYL,0.18227256663282015,0.09538461538461537,0.22916666666666663,0.0,0,P01848:Q9Y232
UBE2C,UBE2S,0.5516490785133601,0.5221450047537003,0.7518292682926829,0.5961399711399712,-1,O00762:Q16763
INTS8,NELFA,0.8546939502106765,0.5902777777777778,0.8107142857142858,0.8833333333333332,-1,Q75QN2:Q9H3P2
KRTAP10-8,LCE5A,0.0,0.0,0.0,1.0,-1,P60410:Q5TCM9
ADM,CRHR2,-0.12268210686847457,0.5583333333333333,0.3212121212121212,0.6296296296296297,0,P35318:Q13324
BCAS2,CWC25,0.3058233730937156,1.0,0.4537414965986395,1.0,-1,O75934:Q9NXE8
SNRNP200,NOSIP,0.5164277627479248,0.1053030303030303,0.4428571428571429,0.6157407407407408,0,O75643:Q9Y314
SUZ12,ITCH,0.7039533144697823,0.1130487567987568,0.4620701058201058,0.7929761904761904,0,Q15022:Q96J02
PSMC3,PSMA5,0.43236208668235815,1.0,0.7919965576592082,1.0,1,P17980:P28066
PLS1,SEPTIN7,-0.2674598557784183,0.10943520764949335,0.358390022675737,0.3035497835497835,0,Q14651:Q16181
MSRB3,HECA,0.37003633319581264,0.12169312169312169,0.475,0.0,0,Q8IXL7:Q9UBI9
RPS16,RPL7A,0.9530469115336135,0.78125,0.6275510204081632,0.7058823529411765,-1,P62249:P62424
NDUFB4,CYC1,0.6120101118281722,0.43636363636363634,0.5354938271604938,0.1940909090909091,-1,O95168:P08574
SRP19,TRAPPC4,0.768724507587375,0.16473214285714285,0.4418128654970759,1.0,0,P09132:Q9Y296
CGA,MRPL1,-0.017191978319619796,0.125,0.19166666666666668,0.625,0,P01215:Q9BYD6
RPS19,OTULINL,0.07380152022676666,0.16666666666666666,0.5277777777777778,0.8974358974358974,0,P39019:Q9NUU6
IGKV1-39,MAP4K3,-0.1466144585998026,0.15051020408163263,0.5,0.19361359126984126,0,P01597:Q8IVH8
PSMA2,LRRC15,0.21100346278013823,0.09370629370629371,0.29437229437229434,0.6759259259259259,0,P25787:Q8TF66
CLPSL2,PLPPR2,-0.21498531219977812,0.3253968253968254,0.3333333333333333,0.9595959595959596,0,Q6UWE3:Q96GM1
RPS20,PA2G4,0.6000522189836658,0.11234848484848485,0.41595238095238096,0.7083333333333333,-1,P60866:Q9UQ80
UTP20,WDR3,0.8960864566004852,0.5454545454545454,0.5983333333333334,1.0,-1,O75691:Q9UNX4
GLOD4,MRPL17,0.46792381681733436,0.0,0.2491258741258741,0.375,0,Q9HC38:Q9NRX2
MRPS33,MRPS17,0.6212645210829161,1.0,0.583041958041958,0.5285714285714286,-1,Q9Y291:Q9Y2R5
PAGR1,MAGEC2,-0.00012602167598024653,0.2178030303030303,0.5666666666666667,0.9523809523809524,0,Q9BTK6:Q9UBF1
REV1,POLI,0.6699585588496243,0.6333333333333333,0.8333333333333334,0.8404761904761904,1,Q9UBZ9:Q9UNA4
RPL18,CCDC124,0.36263968979188793,0.14444444444444446,0.5066666666666666,0.6041666666666666,-1,Q07020:Q96CT7
WBP11,SF3B6,0.7397011849827847,0.7374768089053803,0.6099773242630384,0.7444444444444445,-1,Q9Y2W2:Q9Y3B4
H2BC10,CENPU,0.48188484904854745,0.10096153846153846,0.7557692307692307,1.0,-1,P62807:Q71F23
GOSR2,EXD2,0.504415099308004,0.08912198912198913,0.295940170940171,0.31739718614718615,0,O14653:Q9NVH0
RRAS2,RRAS2,0.9999999999999998,0.33154761904761904,0.5571428571428572,0.6587024087024087,1,P62070:P62070
TRGV5,CD3E,0.44683249194079416,0.1598792233407618,0.2826516076516076,0.0,0,A0A0B4J1U4:P07766
ARPC1B,ARPC3,0.8887210033867784,0.3951118326118326,0.6849462365591398,0.9228395061728394,1,O15143:O15145
RASGRP1,HSCB,-0.12607199731591476,0.18880952380952382,0.38749999999999996,0.9114583333333333,0,O95267:Q8IWL3
MRPS30,POLK,0.6648038728070405,0.1296672077922078,0.22400000000000003,0.19206349206349205,0,Q9NP92:Q9UBT6
ETNPPL,MRPL17,-0.3172792964901026,0.0,0.11451048951048949,0.8125,0,Q8TBG4:Q9NRX2
CDH1,RPL7A,0.1667522578807645,0.13809523809523808,0.41326530612244883,0.7176470588235294,-1,P12830:P62424
ETF1,PRCC,0.7127980448923545,0.125,0.4148148148148148,1.0,0,P62495:Q92733
MRPS6,TFB1M,0.3342058712086118,0.1284722222222222,0.325,0.2611111111111111,-1,P82932:Q8WVM0
TP53,H3C1,0.1054685253393161,0.3667989417989418,0.8444444444444446,0.9709302325581395,1,P04637:P68431
HLA-DQA2,STIP1,0.3257653153158171,0.16666666666666666,0.2708333333333333,0.9476744186046512,0,P01906:P31948
PEX12,C5orf46,0.06416647482047866,0.0,0.16666666666666666,1.0,-1,O00623:Q6UWT4
DPM2,TNFAIP8L3,0.2042099570422006,0.14417989417989419,0.2638888888888889,0.5071428571428571,0,O94777:Q5GJ75
RBP5,DAZAP2,0.013562987116824554,0.07792207792207792,0.38333333333333336,0.9737947658402204,0,P82980:Q15038
MRPS10,MRPL2,0.7227301463674479,1.0,0.5292424242424242,0.0,-1,P82664:Q5T653
SEMA4D,HSPB8,-0.1187969925353917,0.16363636363636364,0.38,0.9756944444444444,0,Q92854:Q9UJY1
RPA1,HSD17B8,-0.0713748382736924,0.11091269841269841,0.23809523809523808,0.32162698412698415,0,P27694:Q92506
RP2,MTNR1A,-0.15376429114289855,0.18523809523809526,0.8857142857142858,0.8078231292517006,0,O75695:P48039
SPECC1L,GADD45GIP1,0.545590888127353,0.16666666666666666,0.21875000000000003,1.0,0,Q69YQ0:Q8TAE8
RPS16,RPS25,0.9726648273240601,0.7834821428571428,0.6813186813186813,0.6785714285714286,1,P62249:P62851
FAM53B,NDUFA11,0.35712208130754514,0.08324420677361855,0.17692307692307693,1.0,0,Q14153:Q86Y39
PHOSPHO2,HSPB8,0.03413396872291133,0.0,0.0,0.9623015873015872,0,Q8TCD6:Q9UJY1
TAF3,ZDHHC9,0.13084903607977388,0.08027639027639027,0.33026455026455026,0.21216931216931217,0,Q5VWG9:Q9Y397
MYBL2,APH1A,0.3046939696880448,0.13910828754578752,0.2730034722222222,0.9131274131274133,0,P10244:Q96BI3
RBL1,RAP1GDS1,0.26786330655745394,0.10827430145611962,0.29444444444444445,0.8991596638655461,0,P28749:P52306
TBL3,DNTTIP2,0.7834684713498643,0.5714285714285714,0.5622222222222222,0.75,-1,Q12788:Q5QJE6
PSMD8,PSMB2,0.6202514788879866,0.6944444444444443,0.8010849909584088,1.0,-1,P48556:P49721
UBB,PSMC6,0.14896435443261313,0.2280004309416074,0.8288253968253969,0.94182769726248,1,P0CG47:P62333
IK,SF3B5,0.611951346100603,0.6864121087031303,0.47571428571428565,0.925,-1,Q13123:Q9BWJ5
RAD1,ST14,-0.023195208147129092,0.12868480725623582,0.38095238095238093,0.15476190476190477,0,O60671:Q9Y5Y6
NDUFS1,NDUFA6,0.772013350945994,0.3099326599326599,0.6416666666666665,1.0,1,P28331:P56556
RPS9,PA2G4,0.5845704455573048,0.29898692810457517,0.41595238095238096,0.7083333333333333,-1,P46781:Q9UQ80
TEAD2,RRAGA,0.5188401179271935,0.16756132756132755,0.7590367965367965,0.7608688930117501,0,Q15562:Q7L523
CFP,RPL23A,-0.022509290387696203,0.13392857142857142,0.37790476190476185,0.6391666666666667,0,P27918:P62750
OTOS,RBM22,0.006254396746720441,0.07013888888888888,0.3414021164021164,0.6520833333333333,0,Q8NHW6:Q9NW64
SUGP2,PFDN4,0.44670497896647343,0.1687179487179487,0.3222222222222222,0.9333333333333332,0,Q8IX01:Q9NQP4
HTR2C,PAK5,0.1285410865298222,0.23348021026592453,0.37121212121212116,0.697671568627451,0,P28335:Q9P286
CDKN2C,INPP5A,0.5536006257487613,0.12261072261072263,0.3733333333333333,0.38016528925619836,0,P42773:Q14642
MRPL17,MRPS28,0.5081276360390768,1.0,0.6268939393939393,0.25,-1,Q9NRX2:Q9Y2Q9
ZNF428,SNF8,0.24001810902641327,0.0,0.0,0.9589285714285715,0,Q96B54:Q96H20
H3-3A,GLYR1,0.3282398929964723,0.2698412698412698,0.6545454545454545,0.7964285714285715,1,P84243:Q49A26
IFNAR2,MRPL34,0.02405200850501129,0.11805555555555555,0.18948412698412698,0.25,0,P48551:Q9BQ48
EDIL3,UBE2D1,0.04006852199026914,0.09659275909275909,0.2474654377880184,0.44564198687910034,0,O43854:P51668
DES,CRHR2,-0.10171423036173152,0.11880952380952381,0.8493506493506492,0.6465608465608466,0,P17661:Q13324
CUL2,LRR1,0.6844249661617599,0.5416666666666666,0.8666666666666667,1.0,1,Q13617:Q96L50
SNX20,MRPL16,0.34222033488805853,0.1,0.19444444444444445,0.225,0,Q7Z614:Q9NX20
VAPB,CEP63,0.3962505413734848,0.1458818958818959,0.4620689655172413,0.9927536231884058,0,O95292:Q96MT8
POLR3H,PCDHGA9,0.7648089983972288,0.1726190476190476,0.3333333333333333,0.6041666666666666,0,Q9Y535:Q9Y5G4
NCBP2,LSM2,0.8250017070003236,0.7194444444444444,0.3603896103896104,0.9464285714285714,-1,P52298:Q9Y333
STT3B,RBMXL1,0.6994606508351788,0.12794117647058825,0.5,0.25,0,Q8TCJ2:Q96E39
UBA52,CCDC124,0.32668570449554196,0.14444444444444446,0.47333333333333333,0.6041666666666666,-1,P62987:Q96CT7
TRGV5,CD3D,0.42377349682624976,0.2691094619666048,0.2309431524547803,0.0,0,A0A0B4J1U4:P04234
NDUFS3,MT-ND6,0.4191117940717706,0.32860276977924036,0.7633477633477632,1.0,1,O75489:P03923
DPY30,GPATCH2,0.5765194150965688,0.0,0.35,0.9047619047619048,-1,Q9C005:Q9NW75
PITX3,H2AC1,0.21965625025846694,0.2,0.49861111111111106,0.25,0,O75364:Q96QV6
CLN5,YWHAG,-0.14632986600426776,0.12653272653272654,0.8475000000000001,0.9800032020493116,0,O75503:P61981
LSM7,LSM4,0.5132920245575443,0.4321428571428572,0.39733893557422967,0.8988095238095238,1,Q9UK45:Q9Y4Z0
TRAV12-3,INS,-0.044147972959666805,0.10009570108254318,0.1152056277056277,0.2692307692307692,0,A0A0B4J271:P01308
RBM48,RBMX2,0.6171462736650586,0.7678571428571429,0.3727106227106229,0.8928571428571429,-1,Q5RL73:Q9Y388
RPS18,RPS28,0.9524904814987531,0.522077922077922,0.7066924066924067,0.6538461538461539,-1,P62269:P62857
ASCL1,ADCY7,-0.19085804255026936,0.13085618085618086,0.3444444444444444,0.16574074074074074,0,P50553:P51828
MRPL33,MRPS33,0.2058156694257203,1.0,0.6756198347107438,1.0,-1,O75394:Q9Y291
MRPS14,GFM1,0.47938785319845767,0.3333333333333333,0.7083333333333334,0.3663194444444444,-1,O60783:Q96RP9
PSMD4,OR4C15,0.0,0.07738095238095238,0.3333333333333333,0.2,0,P55036:Q8NGM1
RPS26,CEACAM20,0.20819139347038562,0.13785714285714284,0.5833333333333333,0.25,0,P62854:Q6UY09
RPS3,RPS13,0.9539817273271779,0.6994047619047619,0.6767857142857142,0.6355555555555554,-1,P23396:P62277
LCP1,AKAP1,-0.16604345487198985,0.14545454545454545,0.374074074074074,0.7555555555555556,0,P13796:Q92667
PRCD,TTC32,0.5157582726407282,0.0,0.0,1.0,0,Q00LT1:Q5I0X7
SNRPA1,PPIL3,0.8643212610590795,0.38791423001949316,0.761904761904762,0.712962962962963,0,P09661:Q9H2H8
TRAF2,TRAF1,0.5708093396407503,0.25713268213268214,0.7333333333333333,0.9852931648850016,1,Q12933:Q13077
BCAS2,TRAC,-0.003635192655292821,0.11992521367521368,0.31349206349206343,0.0,0,O75934:P01848
ACTR3,P2RY12,-0.20252482787090337,0.14564821143768508,0.8928571428571429,0.12658730158730158,0,P61158:Q9H244
CUL2,ELOC,0.7895615850961927,0.38562378167641326,0.6265723270440251,0.9732704402515723,1,Q13617:Q15369
RAP1B,NSDHL,0.38874537936366566,0.14880952380952378,0.5044642857142857,0.46502976190476186,0,P61224:Q15738
ERICH2,BIRC5,0.43649968707994424,0.0,0.0,0.8904373706004141,0,A1L162:O15392
H2AZ2,H2AZ2,0.9999999999999998,0.5833333333333334,0.6357142857142858,0.4333333333333333,1,Q71UI9:Q71UI9
PSMB8,SEZ6L2,-0.35190784788143753,0.11805555555555555,0.2791666666666666,0.0,0,P28062:Q6UXD5
SNRNP200,ZMAT2,0.700526142546362,1.0,0.4935714285714286,0.9722906403940887,1,O75643:Q96NC0
SNRPD2,PPM1J,0.06720090956826952,0.11220043572984749,0.5,0.3532467532467532,0,P62316:Q5JR12
GABRB2,GABRB2,1.0,0.32559523809523805,0.4153174603174603,0.4831168831168831,1,P47870:P47870
POLR2F,MED30,0.4483212999832019,0.06204185677869886,0.3666666666666667,0.198850752422181,-1,P61218:Q96HR3
PENK,GNG2,0.027661316139907372,0.33999999999999997,0.9186746987951806,1.0,0,P01210:P59768
RPS18,RPS24,0.9038118369598531,0.48839285714285713,0.7233766233766233,0.6476190476190476,-1,P62269:P62847
ADAMTS4,HLA-DRB5,0.186272871170349,0.11371794871794871,0.23425229741019213,0.5833333333333334,0,O75173:Q30154
THOC7,ALYREF,0.6509107686308181,0.6058441558441559,0.6842105263157895,0.8575757575757575,1,Q6I9Y2:Q86V81
MAL2,SUCLA2,0.015385726751629214,0.125974025974026,0.24563820018365473,0.8078703703703705,-1,Q969L2:Q9P2R7
PGRMC1,SKP1,0.4831731280792762,0.08456470430154639,0.41714015151515144,0.9854413702239789,0,O00264:P63208
ZNF626,SMO,0.6934902757030897,0.10849331228236378,0.2807971014492754,0.15075396825396822,0,Q68DY1:Q99835
FAU,EEF1A1,0.8518945281350323,0.426025641025641,0.4544047619047619,0.7121604938271605,-1,P62861:P68104
MED25,MED10,0.25721163998264884,0.43052631578947376,0.6333333333333333,0.8632478632478632,1,Q71SY5:Q9BTT4
GJA1,CNPPD1,0.11995734820733951,0.0,0.44696969696969696,0.5454545454545454,0,P17302:Q9BV87
ELK4,NDUFB9,-0.2507173355801573,0.11441798941798942,0.18367346938775508,0.890625,0,P28324:Q9Y6M9
H4C1,SSX2,0.10540305320442009,0.08333333333333333,1.0,1.0,0,P62805:Q16385
NUP214,NUP133,0.5236835812975679,0.2796097841552387,0.8369444444444447,0.9423076923076923,-1,P35658:Q8WUM0
SNIP1,PPIL1,0.3463426292009217,0.4907766048116925,0.6676190476190478,0.8549382716049384,-1,Q8TAD8:Q9Y3C6
SNRPD2,ESS2,0.554880160227315,0.6923076923076924,0.7083333333333334,1.0,0,P62316:Q96DF8
ENSA,DNAJB2,0.3441105328389511,0.15999023199023202,0.4042328042328043,0.6347222222222222,0,O43768:P25686
EIF4E,EIF4E,1.0,0.2441849816849817,0.6258017492711371,0.9011666666666668,1,P06730:P06730
DDB1,LEO1,0.5967571946461329,0.20941385003885005,0.7384615384615386,0.9603174603174603,-1,Q16531:Q8WVC0
MRPL41,SLIRP,0.38625480747906965,0.125,0.535515873015873,0.9166666666666666,-1,Q8IXM3:Q9GZT3
ZFAND5,PSMB5,0.35863279124179825,0.11458333333333331,0.4628339140534263,0.9308201058201058,0,O76080:P28074
ABCD3,IZUMO4,-0.00043508012044495773,0.0,0.625,0.0,0,P28288:Q1ZYL8
SPNS2,SUCLG2,-0.17478269486583128,0.14473304473304474,0.3257936507936508,0.17692307692307693,0,Q8IVW8:Q96I99
SOCS2,ELOC,0.021086479618873194,0.38562378167641326,0.6265723270440251,0.9732704402515723,1,O14508:Q15369
RPL36A,NMD3,0.6453435879324693,0.08768823768823768,0.39999999999999997,0.319047619047619,1,P83881:Q96D46
PCNA,VAT1,0.09345987173574422,0.09090909090909091,0.5034632034632035,0.46428571428571425,-1,P12004:Q99536
RPS23,MCTS1,0.579505153830469,0.13975694444444445,1.0,0.6462962962962963,-1,P62266:Q9ULC4
RPL10A,RPL18,0.9470018379418724,1.0,0.6072829131652662,0.625,-1,P62906:Q07020
RPS9,RPS16,0.9425351143461944,0.5594877344877344,0.7003759398496241,0.5625,-1,P46781:P62249
SEPTIN7,CHP1,-0.3767272381567317,0.11604157491254267,0.2633053221288515,0.6368253968253968,0,Q16181:Q99653
RPLP1,RPL21,0.8292848121512183,1.0,0.7244588744588744,0.6547619047619048,-1,P05386:P46778
USP14,PSMA6,0.5737121637274074,0.4895238095238096,0.7455898268398268,0.9190972222222222,-1,P54578:P60900
NSL1,NSL1,1.0,0.5,0.6505952380952381,1.0,1,Q96IY1:Q96IY1
AHCYL1,CSGALNACT2,-0.06644661884308518,0.13265306122448978,0.41666666666666663,0.8016483516483516,0,O43865:Q8N6G5
RNF13,MFAP3,0.26358949033926055,0.0,0.5,1.0,0,O43567:P55082
CASC3,MAGOH,0.5615380839321298,0.3174162257495591,0.6404761904761906,0.9895833333333334,1,O15234:P61326
UBE2G2,BLOC1S2,0.02396676308652516,0.08077037341743223,0.2696078431372549,0.9674796747967479,0,P60604:Q6QNY1
THOC5,NOX4,0.342249609257939,0.12218776593776595,0.33055555555555555,0.22938988095238094,0,Q13769:Q9NPH5
UBXN7,PAX5,0.48953446993595406,0.07232645896613507,0.9444444444444444,0.9227390180878554,-1,O94888:Q02548
CBL,UBE2D2,0.8190792145791926,0.7250000000000001,0.85,0.8641381766381769,1,P22681:P62837
GTF2E2,CLCA2,0.15617471131170593,0.09246031746031744,0.4333333333333333,0.1362193362193362,0,P29084:Q9UQC9
CTC1,SFXN3,0.544922542019198,0.16944444444444443,0.40625,0.903,0,Q2NKJ3:Q9BWM7
MRPL18,MRPS23,0.5840404146545822,1.0,0.6499368686868686,0.6785714285714286,-1,Q9H0U6:Q9Y3D9
RPS21,RPS21,1.0,0.7777777777777778,0.7340136054421768,0.7272727272727273,0,P63220:P63220
MCM7,ELOB,0.39020456543677406,0.11666666666666665,0.6172839506172839,0.9393939393939393,-1,P33993:Q15370
GTF2F1,KCNK18,0.08825970081196022,0.08310170221934929,0.3333333333333333,0.10555555555555557,0,P35269:Q7Z418
GTF2B,ACSM2B,-0.20056649533797846,0.16700336700336701,0.265625,0.22043650793650796,0,Q00403:Q68CK6
IGHG2,IGHG2,1.0,0.3523809523809524,0.8833333333333334,0.6666666666666666,1,P01859:P01859
RPS18,RPS18,1.0,1.0,0.6919501133786847,0.62,0,P62269:P62269
NELFE,INTS2,0.571293144915427,0.28690476190476194,0.4750000000000001,1.0,0,P18615:Q9H0H0
KIN,SNRPF,0.5644150595051357,0.7344885883347421,0.48805418719211824,0.9776119402985075,-1,O60870:P62306
PPARG,NCOA2,0.15833952922661695,0.4019420394420394,0.5078431372549019,0.6064213564213564,1,P37231:Q15596
SNRPF,PPIL3,0.766873373208578,0.38791423001949316,0.761904761904762,0.712962962962963,0,P62306:Q9H2H8
U2AF1,SEC23A,0.36477413251772034,0.11851851851851852,0.3319875776397515,0.9657142857142859,0,Q01081:Q15436
EFR3A,RNF43,0.015709345205792966,0.09247419247419247,0.8583333333333332,0.0,0,Q14156:Q68DV7
LNX1,LNX1,0.9999999999999999,0.39814814814814814,0.5666666666666667,0.9955702647657841,1,Q8TBB1:Q8TBB1
CLP1,TSEN34,0.4868130295948515,0.5833333333333334,0.5857142857142857,0.22777777777777775,-1,Q92989:Q9BSV6
OXT,GNB1,0.0026382787681678093,0.423015873015873,0.4464639321074963,0.8865740740740741,0,P01178:P62873
SCP2,FANCC,0.49223338732254796,0.1258008658008658,0.6999999999999998,1.0,0,P22307:Q00597
RPS18,RPS13,0.9380103911763177,0.6994047619047619,0.6767857142857142,0.6355555555555554,-1,P62269:P62277
CCNA2,ZSCAN26,0.05138580780817782,0.75,0.64,0.8527777777777777,0,P20248:Q16670
RPLP2,RPS7,0.9097264905077674,0.3686705451411334,0.629952380952381,0.6504329004329005,-1,P05387:P62081
CELF2,LAMTOR2,0.05373293393129619,0.11300366300366298,0.15564842958459985,0.24300411522633744,0,O95319:Q9Y2Q5
PSMA3,USP14,0.7351745914242117,0.16663238483413922,0.5623249299719887,0.3829365079365079,-1,P25788:P54578
LOX,IK,0.24196568638805066,0.11881598793363499,0.3523809523809524,1.0,0,P28300:Q13123
CLDN12,TBK1,0.30136708201662654,0.08038372303078187,0.47708333333333336,0.7347137791286726,0,P56749:Q9UHD2
PRICKLE3,SPATA16,-0.080525911819891,0.12698412698412698,0.38888888888888884,0.0,0,O43900:Q9BXB7
COPS5,AGO4,0.35619194016201183,0.14675569528510707,0.8221532091097309,0.6470238095238094,0,Q92905:Q9HCK5
SIRPB1,TAF9,-0.15265132242260987,0.1350829725829726,0.3524154589371981,0.7786922379945636,0,O00241:Q16594
MED26,GLIS3,0.08614951192111985,0.8421052631578947,1.0,0.6019607843137255,0,O95402:Q8NEA6
ACOT8,HSD17B14,0.36716073059064985,0.2,1.0,0.9547413793103449,0,O14734:Q9BPX1
RPS16,RPS11,0.9663756104409867,0.8541666666666666,0.7208494208494208,0.6545454545454545,1,P62249:P62280
NOTCH2NLC,DMRT3,0.2727817605670223,0.15163526949241232,0.35,0.9561465721040191,-1,P0DPK4:Q9NQL9
SLC12A2,PSME2,0.018121894424428943,0.10555555555555556,0.4891012743125419,0.9285714285714285,0,P55011:Q9UL46
UQCRHL,ALKBH3,0.31632396063565255,0.08704146730462518,0.37142857142857144,0.0,0,A0A096LP55:Q96Q83
TPPP,ORC1,-0.17233347698575227,0.12554112554112554,0.4798850574712642,0.8131587301587301,0,O94811:Q13415
MPHOSPH10,NOL6,0.8084477914496432,0.5364583333333333,0.47507002801120446,0.8125,-1,O00566:Q9H6R4
PSMB4,PSME1,0.751843185215387,0.08372183372183373,0.8776742581090408,0.9285714285714285,1,P28070:Q06323
PPCDC,EIF2B3,0.2968073081105554,0.10057900432900432,0.4625,0.2630952380952381,0,Q96CD2:Q9NR50
POLR2F,SCAF11,0.33915680356072503,0.11579365079365078,0.5666666666666667,0.29910714285714285,0,P61218:Q99590
RPS7,CATSPERB,0.019962209089938617,0.3125,0.4916666666666667,0.0,0,P62081:Q9H7T0
AURKAIP1,MRPL22,0.5151305173516204,1.0,0.5527597402597403,0.25,-1,Q9NWT8:Q9NWU5
SLC22A20P,TFF3,0.13577757693536205,0.09545454545454546,0.40625,0.2375,0,A6NK97:Q07654
RSPO1,RNF43,-0.03505467557925997,0.18628038628038632,0.325,0.6392592592592591,1,Q2MKA7:Q68DV7
VPS72,NUP35,0.5187158442356292,0.11245532245532246,0.35609756097560974,0.7685185185185185,0,Q15906:Q8NFH5
LPL,POLR3B,-0.05024992599249704,0.10669191919191917,0.3222222222222222,0.1363155363155363,0,P06858:Q9NW08
NMS,MED11,0.08234276853378315,0.08173076923076922,0.2388888888888889,0.45211038961038963,0,Q5H8A3:Q9P086
SRGAP2B,PRKAR2B,0.0666407281361437,0.13458049886621315,0.46471471471471465,0.0,0,P0DMP2:P31323
LPAL2,PICK1,-0.08325200108129745,0.0,0.301058201058201,0.9839080459770114,0,Q16609:Q9NRD5
TBP,CENPP,0.4748245639427075,0.1111111111111111,0.5625,1.0,0,P20226:Q6IPU0
RPS16,RPS23,0.9652309325078688,0.7725,0.6914053426248548,0.6590909090909091,-1,P62249:P62266
CCDC97,BPESC1,0.4082523114611537,0.0,0.0,0.0,0,Q96F63:Q9GZL8
OR10J1,TRIM17,0.5963214927337592,0.14395604395604394,0.3214285714285714,0.43471277399848823,0,P30954:Q9Y577
MBD3,PCGF6,0.5782175076005767,0.765625,0.585,0.96,0,O95983:Q9BYE7
RPS6,LRRC47,0.4657141339181158,0.16666666666666666,0.0,0.4583333333333333,-1,P62753:Q8N1G4
CRH,ASB5,-0.042766915055952225,0.3371212121212121,0.5,0.0,0,P06850:Q8WWX0
MRPL9,MRPS26,0.537659692665981,1.0,0.5940559440559441,1.0,-1,Q9BYD2:Q9BYN8
AHCYL1,NRBF2,-0.2965335110549016,0.2222222222222222,0.40972222222222215,1.0,0,O43865:Q96F24
H3C1,SETD7,-0.049875765673534495,0.5937295028204118,0.39,0.7249511241446724,1,P68431:Q8WTS6
LOX,CAPN13,-0.09999565633542322,0.5,0.5,0.14285714285714285,0,P28300:Q6MZZ7
SURF6,MRTO4,0.5336496746732641,0.3232080419580419,0.43703703703703706,0.625,0,O75683:Q9UKD2
RPLP1,RPS19,0.8751536541897873,0.24346306471306461,0.6760797342192691,0.7017543859649122,-1,P05386:P39019
ATP5PF,ATP5F1E,0.38646846086182374,0.7647058823529411,0.2952020202020202,0.6357142857142856,-1,P18859:P56381
TPT1,RPL24,0.7795134104940982,0.09376803751803751,0.6696649029982362,0.4250000000000001,0,P13693:P83731
RRP1,DDX54,0.7478097536949212,0.2934343434343435,0.5230769230769231,0.2534576534576535,0,P56182:Q8TDD1
RPAIN,CEP20,0.7161192359356171,0.08333333333333333,0.4307692307692307,1.0,0,Q86UA6:Q96NB1
PRRT3,PDSS1,-0.007008147732170011,0.0,0.18190476190476193,0.0,0,Q5FWE3:Q5T2R2
SNRPD1,CWC25,0.4116773891989822,1.0,0.4537414965986395,1.0,-1,P62314:Q9NXE8
MRPL2,TRAPPC5,0.4070224763953449,0.10318181818181818,0.32564102564102565,0.25,0,Q5T653:Q8IUR0
IST1,SPART,0.5798749778182606,0.27094831094831096,0.387037037037037,0.9035087719298245,1,P53990:Q8N0X7
RNASE9,SNRPD2,0.07419077009269232,0.06619897959183672,0.30307539682539686,0.3492063492063492,0,P60153:P62316
UBE2I,TRIM54,-0.19578069855592958,0.2555555555555556,0.47916666666666663,0.9900301718483537,1,P63279:Q9BYV2
MRPL33,GADD45GIP1,0.471541382065951,1.0,0.3471590909090909,0.25,1,O75394:Q8TAE8
HAVCR2,TAB2,0.1155555977683081,0.2657552764695622,0.4343786295005808,0.8795238095238096,0,Q8TDQ0:Q9NYJ8
CENPH,CENPH,1.0,0.4904761904761904,0.6516666666666666,0.9666666666666667,1,Q9H3R5:Q9H3R5
CMTM3,PSENEN,0.682056210178123,0.13911782661782662,0.6541666666666668,0.8991596638655461,0,Q96MX0:Q9NZ42
RPS19,RPS24,0.8409357425053832,0.48839285714285713,0.7233766233766233,0.6476190476190476,-1,P39019:P62847
LRFN3,RPAP3,0.6082384544144286,0.125,0.36875,0.0,0,Q9BTN0:Q9H6T3
SNRPA1,IK,0.7013538953816737,0.443859649122807,0.5341991341991342,1.0,-1,P09661:Q13123
MT-ND1,NDUFV3,-0.0031985692464110292,0.3392911010558069,0.48646125116713346,0.6041666666666666,-1,P03886:P56181
MRPL49,GFM1,0.41225631005174124,0.25,0.7083333333333334,0.3663194444444444,-1,Q13405:Q96RP9
CDKN1B,PCDHA12,0.47952268921233165,0.21944444444444444,0.3333333333333333,0.16666666666666666,0,P46527:Q9UN75
EDF1,RPS27A,0.6417453064062324,0.10925925925925926,0.8273681515617,0.7761111111111111,-1,O60869:P62979
OR4C15,NCSTN,0.0,0.14595057720057722,0.5607331821617536,0.16041666666666668,0,Q8NGM1:Q92542
KRTAP29-1,LRSAM1,0.245532665564565,0.0,0.75,0.3030952380952381,0,A8MX34:Q6UWE0
RPS6,RPL36A,0.9723306233944942,1.0,0.7161490683229814,0.6666666666666667,-1,P62753:P83881
CSF3R,ATXN7L1,-0.045120406372268336,0.0,0.0,1.0,0,Q99062:Q9ULK2
MRM3,MRPL27,0.4770467386982759,0.13392857142857142,0.2378246753246753,0.5,-1,Q9HC36:Q9P0M9
GEMIN2,SNRPD1,0.8634601930522852,0.6215855572998429,0.41324884792626726,0.8574074074074074,1,O14893:P62314
RPS27A,RPS6KA6,0.13697970669800316,0.10719897386564053,0.5133333333333334,0.14504761904761904,0,P62979:Q9UK32
CCNA2,E2F1,0.8409672462137715,0.4134287647218682,0.7829457364341085,0.8254629629629631,1,P20248:Q01094
CTLA4,WFDC8,-0.019313873429935114,0.0,0.5,0.125,0,P16410:Q8IUA0
LRAT,TRIM17,0.13840871321666373,0.12222222222222223,0.3214285714285714,0.8394746787603931,0,O95237:Q9Y577
PSMA6,PSMD2,0.7368156477259475,0.6875,0.8153822055137846,0.9884615384615385,-1,P60900:Q13200
CCKAR,SPATA16,-0.013264901134345319,0.20833333333333331,0.17037037037037037,0.0,0,P32238:Q9BXB7
HMX2,CRTC1,-0.10093771986397995,0.27726301476301474,0.4266666666666667,0.18125000000000002,0,A2RU54:Q6UUV9
HSP90AA1,DEFB104A,0.0,0.15476190476190474,1.0,0.3333333333333333,0,P07900:Q8WTQ1
IMP3,NOL7,0.49042697838468824,0.5454545454545454,0.5763888888888888,0.625,-1,Q9NV31:Q9UMY1
MRPL34,MRM2,0.23450187101259726,0.12176527176527174,0.5833333333333334,0.1,-1,Q9BQ48:Q9UI43
MCM7,POLA2,0.9135054686599955,0.5553846153846154,0.8035714285714288,0.95,0,P33993:Q14181
SRRM1,SNRNP40,0.789293983824168,0.7,0.6439440993788818,0.9659090909090909,-1,Q8IYB3:Q96DI7
GTPBP6,MRPL44,0.34722076695446275,0.0,0.2947390572390572,0.1607142857142857,-1,O43824:Q9H9J2
POLR2H,BRF2,0.5401231308283939,0.30184837092731825,0.5133333333333334,0.15595238095238095,-1,P52434:Q9HAW0
PCCB,ABHD11,-0.03123599472012446,0.25,0.645,0.9295634920634921,0,P05166:Q8NFV4
LSM6,SRRM1,0.6503066777669125,0.5791666666666667,0.7492063492063492,0.8333333333333334,-1,P62312:Q8IYB3
C1D,CDCA8,0.3952405438739061,0.11237146691692147,0.4395833333333333,1.0,0,Q13901:Q53HL2
DIMT1,FCF1,0.9452938753654528,0.5454545454545454,0.6476190476190478,0.5,-1,Q9UNQ2:Q9Y324
CXCL11,SRP19,-0.0549164204827266,0.1125,0.3592592592592592,0.4833333333333334,0,O14625:P09132
LSM8,SRRM1,0.820760215388912,0.4089912280701754,0.7492063492063492,0.8333333333333334,-1,O95777:Q8IYB3
RPS28,WDR36,0.7800143286620449,0.39393939393939387,0.6476190476190478,1.0,-1,P62857:Q8NI36
CCT4,MTSS2,-0.109634638105083,0.17843915343915343,0.2519047619047619,0.4732142857142857,0,P50991:Q765P7
FGA,SLC8A3,-0.11500663294997532,0.11175180375180377,0.41255411255411256,0.41666666666666674,0,P02671:P57103
CD2,CPN1,-0.006344965419763718,0.17412698412698413,0.75,0.8075396825396824,0,P06729:P15169
RPS29,EIF1AD,0.7631765191410335,0.25,0.4875,0.24537037037037035,-1,P62273:Q8N9N8
GCNA,VPS37B,0.3071993396316842,0.08134794498430863,0.21450216450216456,1.0,0,Q96QF7:Q9H9H4
IFNW1,IFNAR1,-0.23599545738683153,0.3593569393569393,0.3098739495798319,0.5972222222222222,1,P05000:P17181
POLR2J,GTF2H5,0.4752442726189507,0.2755102040816326,0.9455399061032865,1.0,-1,P52435:Q6ZYL4
ENO1,CHRNB2,-0.04866668468475135,0.1119850211516878,0.6148459383753502,0.37341808518279107,0,P06733:P17787
MAK16,NOC2L,0.7278053719831465,0.0632081788944534,0.3958333333333333,0.6862745098039217,-1,Q9BXY0:Q9Y3T9
FBL,DUSP23,0.17147270664490322,0.4716666666666667,0.6666666666666666,0.5003901448345893,0,P22087:Q9BVJ7
TNNT2,FOXC2,-0.01862745387304671,0.12176232769720163,0.3499999999999999,0.5078373015873016,0,P45379:Q99958
TP53,SFN,0.2921125575403048,0.2307248307248307,0.8196969696969698,0.9844294967613353,1,P04637:P31947
GNAO1,SMARCAL1,-0.36424639500356526,0.0958437395937396,0.3,0.5479437229437231,0,P09471:Q9NZC9
TNFRSF10B,RPS3A,0.619982416110403,0.19318181818181818,0.3961904761904762,0.6944444444444444,0,O14763:P61247
EIF2S2,EIF3B,0.8120329904681044,0.6224358974358974,0.5202947845804987,0.8946078431372549,-1,P20042:P55884
CYBA,PDPN,-0.10069142395586726,0.14293049543049544,0.5734234234234233,0.7434920634920634,0,P13498:Q86YL7
ANHX,PIP4P2,-0.031798409650560175,0.0989010989010989,0.13333333333333333,0.16666666666666666,0,E9PGG2:Q8N4L2
MRPL2,GFM1,0.7499124394312754,0.25,0.7083333333333334,0.2883522727272727,-1,Q5T653:Q96RP9
CD53,TRIM63,-0.05537224834416972,0.1969949494949495,0.4095238095238095,0.7760770975056689,0,P19397:Q969Q1
MRPS22,MRPL36,0.6939508813609861,1.0,0.5581168831168831,0.625,-1,P82650:Q9P0J6
MTIF2,MRPS34,0.7618589617142693,0.16666666666666666,0.262310606060606,0.16666666666666666,-1,P46199:P82930
MT-ND6,NDUFV1,-0.011606871768582626,0.6044683257918552,0.4863636363636363,0.19352984977984977,-1,P03923:P49821
WDR74,NOC3L,0.7818571978604562,0.22916666666666666,0.5233333333333333,0.3333333333333333,-1,Q6RFH5:Q8WTT2
GADD45GIP1,CCDC42,-0.0434093384500286,0.10303030303030303,0.4666666666666666,1.0,0,Q8TAE8:Q96M95
LRPPRC,MRPS2,0.7546632102837503,0.14444444444444446,0.2909090909090909,0.25,-1,P42704:Q9Y399
RPS25,EEF1A1,0.891508086751943,0.426025641025641,0.4544047619047619,0.7121604938271605,-1,P62851:P68104
POLE,ELOC,0.3752456655731379,0.10795206971677558,0.5699685534591196,0.9732704402515723,-1,Q07864:Q15369
GFRA3,MYEF2,0.24232333954275082,0.14583333333333331,0.2,0.8357142857142856,0,O60609:Q9P2K5
TOMM40,GAS2L3,0.13475485994718628,0.13227513227513227,0.24999999999999997,0.8333333333333335,0,O96008:Q86XJ1
BUD23,RPS27A,0.337464708033883,0.13247955747955747,0.6033538146441373,0.7761111111111111,-1,O43709:P62979
RPS2,RPS19,0.9407569524109415,0.24346306471306461,0.6760797342192691,0.7017543859649122,-1,P15880:P39019
MRPS24,MRPL22,0.5833735463086668,1.0,0.5527597402597403,0.5833333333333334,-1,Q96EL2:Q9NWU5
NUDT6,TUBA1A,0.0025373079481093275,0.11250946765652647,0.3805860805860805,0.13829365079365077,0,P53370:Q71U36
CCNA2,RBL1,0.8449474804462321,0.15243922743922744,0.9107142857142857,0.935763888888889,1,P20248:P28749
FAU,PA2G4,0.6253513735723166,0.09437229437229437,0.41595238095238096,0.7083333333333333,-1,P62861:Q9UQ80
SLC28A3,MRPS30,0.06916484513207802,0.2,0.24325396825396828,0.25,0,Q9HAS3:Q9NP92
NDUFA11,NDUFA11,1.0,0.38585858585858585,0.6576923076923076,1.0,0,Q86Y39:Q86Y39
H2AZ2,DNAJC11,0.409489995192481,0.17777777777777778,0.25833333333333336,0.5,0,Q71UI9:Q9NVH1
SSC5D,SNRPD1,0.14840145113419506,0.09959802102659246,0.28421658986175113,0.8574074074074074,0,A1L4H1:P62314
RPS3,VAV2,0.4341402851964879,0.1778244631185808,0.9734848484848485,0.464625850340136,0,P23396:P52735
RPS24,EMG1,0.7686649129062926,0.4090007215007216,0.5256410256410257,0.5424242424242425,-1,P62847:Q92979
BCL2L11,H1-8,0.10533441954787907,0.1254040404040404,0.29583333333333334,0.19583333333333333,0,O43521:Q8IZA3
MRPS34,MRPL52,0.7126782268507217,1.0,0.43397727272727293,0.5,-1,P82930:Q86TS9
C9,DNAJB4,-0.18784778081195405,0.15256410256410258,0.47222222222222215,0.9199999999999999,0,P02748:Q9UDY4
SOCS6,PRPS1,0.28066787289795697,0.10289256198347109,0.6607142857142857,0.954203869047619,0,O14544:P60891
SNW1,LSM5,0.6522956946431052,0.7202380952380952,0.3973809523809525,0.9568965517241379,-1,Q13573:Q9Y4Y9
MRPS9,MRPS16,0.8156642810988213,1.0,0.5086647727272727,0.8125,-1,P82933:Q9Y3D3
SMAD2,LMBR1L,0.6290573821218665,0.3134523809523809,0.3166666666666666,0.8857142857142856,0,Q15796:Q6UX01
SNRPA1,C9orf78,0.43651690962498324,0.540625,0.6047619047619047,0.7222222222222222,0,P09661:Q9NZ63
POLB,H1-3,-0.05472478507773189,0.09492521367521367,0.33166666666666667,0.6424242424242425,0,P06746:P16402
TUFM,MRPL49,0.6315049475337591,0.3333333333333333,0.2432359307359307,0.8928571428571429,-1,P49411:Q13405
H2BC11,CENPA,0.4442604325932528,0.38523698523698524,0.66,0.8958333333333334,1,P06899:P49450
RPS14,CCDC124,0.35095961157417516,0.1534188034188034,0.5066666666666666,0.6041666666666666,-1,P62263:Q96CT7
FGA,RASL10B,-0.13443513787156175,0.5416666666666666,1.0,0.55625,0,P02671:Q96S79
LMNA,HUNK,-0.07019177362037357,0.22777777777777777,0.5,0.20929487179487177,0,P02545:P57058
ERCC2,RAD23B,0.6797341110255833,0.47238872238872237,0.792063492063492,0.8866255144032922,-1,P18074:P54727
GLIS3,GAR1,0.263903779879081,0.15625,0.16123188405797104,0.2705128205128205,0,Q8NEA6:Q9NY12
KREMEN1,CHPF2,0.04248092086361465,0.125,0.611111111111111,0.125,0,Q96MU8:Q9P2E5
ACTR3,MARCHF7,0.6831394969328435,0.10449550449550449,0.5888888888888889,0.6835978835978835,0,P61158:Q9H992
RPLP1,RPS28,0.8583843939183254,0.522077922077922,0.7066924066924067,0.6538461538461539,-1,P05386:P62857
ELK4,ERMARD,0.7021645250941884,0.3333333333333333,0.25,0.5,0,P28324:Q5T6L9
ORM1,SERPINI1,-0.10027109654718572,0.1349206349206349,0.48095238095238096,0.125,0,P02763:Q99574
MDH1B,RCOR1,0.13697143472405213,0.097723704866562,0.0,0.14125704045058882,0,Q5I0G3:Q9UKL0
RPL7,WDR55,0.699302777321022,1.0,0.6,0.0,0,P18124:Q9H6Y2
KCTD6,AIFM2,0.0186602762739092,0.12465013618859772,0.34722222222222227,0.38353174603174606,0,Q8NC69:Q9BRQ8
UQCRQ,NDUFB1,0.4548835519936419,0.320952380952381,0.4947368421052631,0.0,-1,O14949:O75438
SEPTIN5,AZI2,-0.06494621170502429,0.1468872397443826,0.3125,1.0,0,Q99719:Q9H6S1
OR13J1,MRPL38,0.05140185345315333,0.1111111111111111,0.20751633986928106,0.16666666666666669,0,Q8NGT2:Q96DV4
ODC1,TAS2R43,0.4774676435097225,0.14375,0.35666666666666663,0.15238095238095237,0,P11926:P59537
GAST,LAMTOR1,-0.09124446679675813,0.16815156169994888,0.16035714285714284,0.8364810330912027,0,P01350:Q6IAA8
GEMIN2,SZRD1,0.5265435593657577,0.0,0.0,1.0,0,O14893:Q7Z422
SMO,TM2D2,0.4858764892069372,0.0,1.0,1.0,0,Q99835:Q9BX73
STX11,STX11,1.0,0.3207936507936508,0.3866666666666666,0.993798449612403,1,O75558:O75558
NDUFB8,MT-CYB,0.3605945094129531,0.22080533845239728,0.5339506172839505,0.3039772727272727,-1,O95169:P00156
MCM4,ELOB,0.3524444028002599,0.11666666666666665,0.5617283950617284,0.9393939393939393,-1,P33991:Q15370
MSRB3,CHRNA10,-0.057044806554080923,0.131018981018981,0.30740740740740746,0.26144781144781143,0,Q8IXL7:Q9GZZ6
TNFSF10,EBNA1BP2,-0.02516153224936216,0.12142857142857143,0.2380952380952381,0.8125,0,P50591:Q99848
FOXH1,CCNO,0.2997548678310235,0.19166666666666668,0.34111111111111114,0.5714285714285714,0,O75593:P22674
RPL10A,RPL8,0.9695921941865152,1.0,0.6457482993197278,0.5166666666666667,-1,P62906:P62917
TNFSF10,TMEM64,0.2478425152883542,0.16434755720470004,0.5833333333333334,0.0,0,P50591:Q6YI46
RGS10,ZNF750,-0.003490962240804311,0.12305194805194807,1.0,0.27,0,O43665:Q32MQ0
GADD45G,GRIN2C,-0.11412962113260605,0.15020495377638235,0.21988304093567249,0.9505948255948256,0,O95257:Q14957
NUP188,NUP210,0.36752693475363224,0.4305555555555556,0.8907407407407406,0.25,-1,Q5SRE5:Q8TEM1
GABRR1,PKD2,0.5510266133431783,0.11119642262499403,0.38163627152988844,0.6869419181107493,0,P24046:Q13563
RPL32,EEF1A1,0.9017333185858096,0.426025641025641,0.4544047619047619,0.2763155363155363,-1,P62910:P68104
H2AC4,BAP1,0.625621362563488,0.1499623136719911,0.342063492063492,0.667037037037037,1,P04908:Q92560
NDUFS5,CRB1,0.1999447160873739,0.11606803690137024,0.16159297052154195,0.9305555555555557,0,O43920:P82279
QDPR,RFC3,-0.1803064805963753,0.1529100529100529,0.47681159420289865,0.26477591036414566,0,P09417:P40938
CSKMT,STK16,0.5985223867214493,0.1326984126984127,0.24523809523809523,0.797175536881419,-1,A8MUP2:O75716
CRIPT,SF3B6,0.331260700002701,0.7374768089053803,0.37857142857142856,0.7444444444444445,-1,Q9P021:Q9Y3B4
RPS7,IMP4,0.6626984419877858,0.7727272727272727,0.42013888888888884,0.7958333333333334,-1,P62081:Q96G21
NBR1,PRELID3B,0.299851075780854,0.1125,0.5625,0.7857142857142857,0,Q14596:Q9Y3B1
TMSB10,BOLA3,0.31071403504654466,0.12897727272727272,0.31363636363636366,1.0,0,P63313:Q53S33
EIF2S2,RPS15,0.5160864342370943,0.17254329004329003,0.7455026455026454,0.5428571428571428,1,P20042:P62841
C9orf78,PPIL1,0.13508918220088972,0.4907766048116925,0.6676190476190478,0.8549382716049384,0,Q9NZ63:Q9Y3C6
STIP1,MTMR1,0.5311596130759393,0.07142857142857142,0.6190476190476192,0.1414141414141414,0,P31948:Q13613
GABBR2,RNF115,0.20598312241413919,0.09071657509157509,0.4555555555555555,0.8449404761904761,0,O75899:Q9Y4L5
RPSA,ZMYND19,0.3460751416116295,0.0,0.7083333333333334,0.9866666666666667,0,P08865:Q96E35
JCHAIN,PPIL2,0.22927125175525,0.14023809523809522,0.37857142857142856,0.3320987654320987,0,P01591:Q13356
NDUFA11,ATG101,0.4501379520370391,0.12023809523809521,0.20925925925925928,0.9551282051282051,0,Q86Y39:Q9BSB4
ZFAND5,PSMC1,0.5286782619548139,0.08119658119658119,0.48007518796992493,0.9270202020202021,0,O76080:P62191
MRPL2,MRPL9,0.7275830315609716,1.0,0.5248484848484848,0.38333333333333336,1,Q5T653:Q9BYD2
UTP20,NOP58,0.8594366331708997,0.4006734006734007,0.5045351473922901,0.7575,-1,O75691:Q9Y2X3
NCBP2,SNW1,0.7255642383434652,0.21110145689977616,0.8085581085581085,0.9504273504273505,-1,P52298:Q13573
EVI2A,MLH1,-0.06881149604517701,0.0,0.43378684807256224,0.9641027623170481,0,P22794:P40692
CD2BP2,TSSC4,0.6340095209613725,1.0,0.38571428571428573,0.9313725490196079,-1,O95400:Q9Y5U2
TBL3,RRP7A,0.6864727901864534,0.2696022727272727,0.5318181818181819,0.8928571428571429,-1,Q12788:Q9Y3A4
IFT43,IFT140,0.8079806503403966,0.2413290413290413,0.4946666666666667,1.0,-1,Q96FT9:Q96RY7
SNAPC5,NKAIN4,0.1309167138006815,0.0625,0.3333333333333333,1.0,0,O75971:Q8IVV8
PLRG1,CWC15,0.705684218797403,1.0,0.5037202380952381,0.7857142857142857,1,O43660:Q9P013
KRTAP19-7,OR51A2,0.0,0.0,0.3333333333333333,0.16666666666666666,0,Q3SYF9:Q8NGJ7
GTF2B,POFUT2,0.6915508984856001,0.12718253968253967,0.3214285714285714,0.14285714285714285,0,Q00403:Q9Y2G5
UBA6,LURAP1L,0.3462662699380027,0.09090909090909091,0.0,1.0,0,A0AVT1:Q8IV03
RPS21,RRP12,0.2565244872954238,0.0,0.4212962962962963,1.0,-1,P63220:Q5JTH9
WDR70,PPIL1,0.23974819596513125,0.0,0.6676190476190478,0.8459729570840681,-1,Q9NW82:Q9Y3C6
COPS9,DCBLD2,0.07557641256978978,0.15555555555555556,0.38888888888888884,0.9166666666666666,0,Q8WXC6:Q96PD2
RPS8,ZNF687,0.6096855273237708,0.07142857142857142,0.75,0.54,0,P62241:Q8N1G0
SNRPA1,ZMAT2,0.5868784370906379,1.0,0.4935714285714286,0.9722906403940887,-1,P09661:Q96NC0
RPSA,RPS12,0.8942108902976227,0.6474358974358974,0.735070785070785,0.53125,-1,P08865:P25398
STT3B,TNFRSF11A,0.08642763821968161,0.11653271880975866,0.7777777777777779,0.7096938775510203,0,Q8TCJ2:Q9Y6Q6
DTYMK,MAD2L2,0.47846526713922194,0.09275667143314203,0.38484848484848483,0.12373737373737373,0,P23919:Q9UI95
EIF2S2,RPS7,0.6706530694106166,0.157876682141388,0.629952380952381,0.6504329004329005,-1,P20042:P62081
CLEC3A,TMEM140,0.055694801987244386,0.0,0.5,0.5,0,O75596:Q9NV12
MRPS15,MRPS9,0.6494356793844613,1.0,0.5527597402597403,0.55,-1,P82914:P82933
CCNA2,CDKN1B,0.06719053321286014,0.17656060543057447,0.6743990929705216,0.9068431568431568,1,P20248:P46527
RPS5,MCTS1,0.49214758549763377,0.2088045634920635,1.0,0.6462962962962963,-1,P46782:Q9ULC4
SNRPA1,NOSIP,0.5721890498841941,0.09511784511784512,0.4428571428571429,0.6157407407407408,0,P09661:Q9Y314
FGG,F2R,-0.07810272372446016,0.15038250756335858,0.7136904761904762,0.7291666666666667,0,P02679:P25116
ELOB,NAPB,0.1830503770066813,0.1518939393939394,0.19444444444444442,0.9690476190476192,0,Q15370:Q9H115
RPS10,RPS21,0.9656374477994487,0.7777777777777778,0.7340136054421768,0.7272727272727273,-1,P46783:P63220
RXRA,APOBR,0.20071563231432454,0.15857142857142859,0.24880952380952376,0.2,0,P19793:Q0VD83
UBC,SNX16,0.6284537865344094,0.09523809523809523,0.3964646464646465,0.5,0,P0CG48:P57768
TP53,POLR2E,0.6109564871998563,0.33205128205128204,0.9247967479674795,0.8393004115226339,1,P04637:P19388
RHOA,BAZ1B,0.6891551289902549,0.22870879120879126,0.31619047619047624,0.7212614870509607,0,P61586:Q9UIG0
REXO5,MBD2,0.018191136415231155,0.07069336261065583,0.4531024531024531,0.2841269841269842,0,Q96IC2:Q9UBB5
STAG3L3,SCRT2,-0.020523867938827167,0.0,0.6,0.0,0,P0CL85:Q9NQ03
WDR5,ELOB,0.6959501141134529,0.09422657952069717,0.5617283950617284,0.9393939393939393,-1,P61964:Q15370
POLD1,POLD4,0.5569537087012187,0.6011904761904762,0.9539473684210527,0.9326923076923077,1,P28340:Q9HCU8
EIF2S2,EIF2S3,0.7538255271234774,0.7083333333333334,0.7628787878787878,0.8378737373737373,1,P20042:P41091
NDUFA7,NDUFB10,0.4984938366964099,0.3496969696969697,0.6803571428571428,0.9375,-1,O95182:O96000
NDUFS1,NDUFV3,0.6814798517794681,0.3392911010558069,0.47794117647058826,0.6041666666666666,1,P28331:P56181
IL4,IL13RA1,-0.04428729070055806,0.5303030303030303,0.31227106227106227,0.880952380952381,1,P05112:P78552
EZH2,TTC9,0.3116169945657322,0.3333333333333333,0.0,0.0,0,Q15910:Q92623
MRPS27,METTL17,0.6757876898477372,0.3194444444444444,0.4000000000000001,0.9209150326797387,-1,Q92552:Q9H7H0
RPP14,POP1,0.27032404713172764,0.6875,0.534090909090909,0.6807692307692306,-1,O95059:Q99575
H2BC10,SUPT16H,0.4188174280031916,0.26643990929705214,0.8701754385964913,0.8194444444444445,1,P62807:Q9Y5B9
TERF2,ACD,0.8585303724469047,0.3775788511899623,0.747619047619048,0.9431913116123644,1,Q15554:Q96AP0
SEC61B,RPL11,0.5276904050821827,0.09972945644690796,0.6087797619047619,0.8271103896103899,-1,P60468:P62913
BCL2A1,BBC3,0.5350289394588951,0.23417532759638018,0.4340659340659341,0.9852941176470589,0,Q16548:Q96PG8
TBCA,HPR,-0.0943073451806923,0.14285714285714285,0.3819444444444444,0.5714285714285714,0,O75347:P00739
RPL31,NIP7,0.5857006325955368,0.1125,0.4708333333333333,0.8636363636363636,-1,P62899:Q9Y221
MRAS,FAM200A,0.17686234990651142,0.0,1.0,1.0,0,O14807:Q8TCP9
RPL9,RPL23A,0.9236335433037004,1.0,0.6579047619047619,0.6391666666666667,-1,P32969:P62750
CCT6A,LARP4,0.7689501541903331,0.1349206349206349,0.7987012987012986,0.7125850340136054,0,P40227:Q71RC2
HLA-DOA,SHKBP1,0.3606609088021914,0.16111111111111112,0.125,1.0,0,P06340:Q8TBC3
LRPPRC,MRPL28,0.5614190795698804,0.18333333333333335,0.28070409982174693,0.9166666666666666,-1,P42704:Q13084
MTA1,MBD2,0.5889475248216143,0.23885109599395313,0.48095238095238085,0.627437641723356,1,Q13330:Q9UBB5
EIF2B5,KIFAP3,0.27278551545740704,0.1514028564028564,0.4224702380952381,0.9142857142857141,0,Q13144:Q92845
MPZ,MGARP,-0.022797273613111894,0.14094844549390004,0.1851851851851852,0.33333333333333326,0,P25189:Q8TDB4
VHL,VHL,1.0,0.32336954233505955,0.7294444444444445,0.9574468085106383,1,P40337:P40337
IK,USP39,0.8782475629414054,0.4484126984126984,0.5145833333333333,0.7113095238095238,0,Q13123:Q53GS9
MAP1LC3A,NKIRAS1,0.8781959643946814,0.15207070707070708,0.625,0.41203703703703703,0,Q9H492:Q9NYS0
GRB2,SKA2,0.4405858553212314,0.15154761904761904,0.6818095238095238,0.8666666666666668,0,P62993:Q8WVK7
H2AX,PSMB1,0.27568623897021244,0.1625,0.5115520282186948,1.0,0,P16104:P20618
GTPBP6,MRPL10,0.8394060023274615,0.0,0.33678107606679036,0.2222222222222222,-1,O43824:Q7Z7H8
GTPBP6,MRPL13,0.3270854527443308,0.0,0.22571301247771838,0.1870748299319728,-1,O43824:Q9BYD1
TCERG1,LSM8,0.9057646706939324,1.0,0.3689484126984128,0.8839506172839506,-1,O14776:O95777
TNNT1,TRIM63,0.9861606494754768,0.12909414115296466,0.4095238095238095,0.7760770975056689,1,P13805:Q969Q1
GTPBP6,MRPL46,0.407995576558287,0.0,0.28991477272727273,0.16666666666666666,-1,O43824:Q9H2W6
RPL13A,WDR12,0.5043055948688662,0.12563732563732563,0.3306878306878307,0.24705882352941178,-1,P40429:Q9GZL7
AHCTF1,SEH1L,0.6046629451076256,0.20999468367889423,0.6484383000512033,0.24444444444444446,-1,Q8WYP5:Q96EE3
NDUFA10,MMRN1,0.07685098292721544,0.09891061319632748,0.27132936507936506,0.11458333333333333,0,O95299:Q13201
POLR2E,SCFD1,0.5788889969894728,0.11043224452315363,0.4862433862433862,0.7,0,P19388:Q8WVM8
PRKN,STAMBP,-0.06606342868000985,0.24532167179226,0.4588935574229692,0.9429047619047619,-1,O60260:O95630
ATP6V0C,CRHR2,0.35773584766936634,0.15062271062271063,0.8666666666666667,0.6465608465608466,0,P27449:Q13324
MAGOH,SNRPD1,0.80100421644835,0.6212585034013605,0.41324884792626726,0.8574074074074074,-1,P61326:P62314
IGHG2,RPGRIP1,0.01210481286854111,0.11717171717171718,0.4333333333333333,1.0,0,P01859:Q96KN7
RRAGC,RBM22,0.6660835214205524,0.1329365079365079,0.5636243386243387,0.6520833333333333,0,Q9HB90:Q9NW64
PHF5A,RAB3GAP2,0.7782418593649091,0.10585463918797251,0.33636363636363636,0.4058201058201058,0,Q7RTV0:Q9H2M9
FXR1,SPANXN3,0.4386000419921386,0.0,0.0,1.0,0,P51114:Q5MJ09
RPS8,RPS16,0.9641304064284464,0.5594877344877344,0.7003759398496241,0.5625,1,P62241:P62249
PSMC3,PSMC2,0.794361806620241,0.6287081339712919,0.7940766550522648,0.8996527777777779,1,P17980:P35998
POLR3D,SNAPC1,0.8056166268432998,0.375,0.8933333333333332,0.45,-1,P05423:Q16533
RPL21,RPS29,0.8882375085304329,1.0,0.7327891156462585,0.5555555555555556,-1,P46778:P62273
SNU13,LSM2,0.41700552179506345,0.7194444444444444,0.3603896103896104,0.9464285714285714,-1,P55769:Q9Y333
KRTAP11-1,FAM222B,0.21455702339346766,0.0,0.35,1.0,-1,Q8IUC1:Q8WU58
BDP1,POLR3H,0.5211747456143218,0.07333333333333333,0.536111111111111,0.4537037037037037,-1,A6H8Y1:Q9Y535
SLIRP,MRPS2,0.37738792512283525,0.14074074074074075,0.23257575757575755,0.25,-1,Q9GZT3:Q9Y399
SNRPD3,NOSIP,0.3095108299189884,0.09511784511784512,0.5142857142857143,0.6157407407407408,0,P62318:Q9Y314
NOP10,DCAF16,0.2973789141440768,0.1111111111111111,0.75,1.0,0,Q9NPE3:Q9NXF7
ETF1,RPL8,0.6770270031432241,0.21000000000000002,0.6457482993197278,0.5166666666666667,-1,P62495:P62917
OR10AG1,NMRK1,-0.05989767185365176,0.07417582417582418,0.3333333333333333,0.4472505668934242,0,Q8NH19:Q9NWW6
TNFSF10,FADD,0.32533498603644334,0.25095128301650044,0.44346622369878186,0.8889438943894388,1,P50591:Q13158
UBB,UBB,1.0,0.1767577949580317,0.8327278521351179,0.9742424242424242,1,P0CG47:P0CG47
GTF2I,LSM4,0.3949357427891182,0.1240079365079365,0.39733893557422967,0.8988095238095238,0,P78347:Q9Y4Z0
TEX12,OBP2B,0.9495925014691564,0.08846153846153847,0.5,0.5,0,Q9BXU0:Q9NPH6
WDR75,AATF,0.8083753081666403,0.24047619047619048,0.3503607503607504,0.84,-1,Q8IWA0:Q9NY61
RACK1,PA2G4,0.7451011589772937,0.2916666666666667,0.41595238095238096,0.7092857142857143,-1,P63244:Q9UQ80
RPA1,KCNJ1,-0.15655532356147409,0.1037037037037037,0.29166666666666663,0.10375966625966626,0,P27694:P48048
RNF168,IL17RA,0.11151301200973007,0.14059566164829324,0.35714285714285715,0.7551020408163264,0,Q8IYW5:Q96F46
NCBP2,LSM7,0.7405502159316265,0.7333333333333334,0.35028011204481796,0.9631782945736433,-1,P52298:Q9UK45
H2BC11,BRCA1,0.6692446682198252,0.11613627720185095,0.6677746346063179,0.8858503401360543,1,P06899:P38398
RPS3A,PA2G4,0.6860174614970513,0.3015079365079365,0.41595238095238096,0.7083333333333333,-1,P61247:Q9UQ80
CCL22,DUX4L6,0.0,0.125,0.35,0.17500000000000002,0,O00626:P0CJ89
SEC61G,RPL37,0.47936999158658494,0.0821969696969697,0.7142857142857141,0.30428571428571427,-1,P60059:P61927
INHBA,FST,0.3804236556235134,0.23286435786435788,0.64,0.8020833333333333,1,P08476:P19883
NDUFS5,NDUFB11,0.4254984802644596,0.38585858585858585,0.6576923076923076,1.0,1,O43920:Q9NX14
MAGOHB,ISY1,0.8703904111105166,0.5345238095238096,0.7703809523809524,0.9791666666666666,-1,Q96A72:Q9ULR0
H2BC11,UBB,0.6132943440067278,0.11093098078392197,0.8327278521351179,0.9742424242424242,1,P06899:P0CG47
CSNK1D,CDK5RAP3,0.6921031133437402,0.1450261544011544,0.427536231884058,0.7222222222222223,0,P48730:Q96JB5
RPL31,CDK5RAP3,0.4875724668331342,0.11759514382676148,0.427536231884058,0.7222222222222223,0,P62899:Q96JB5
AQR,ZNF830,0.8256313316253852,0.1643849206349206,0.8606060606060605,0.8984126984126983,1,O60306:Q96NB3
CHRM3,CHRM3,0.9999999999999998,0.36137566137566135,0.711111111111111,0.475,-1,P20309:P20309
GRB10,GIGYF2,0.20951510105262577,0.1858067858067858,0.5060224089635854,0.9077380952380951,1,Q13322:Q6Y7W6
RNF113A,PRPF19,0.5182898089280285,0.31297550488726955,0.6279922779922781,0.9065058479532165,-1,O15541:Q9UMS4
MRPL3,RAE1,0.45416681314533297,0.1158214801071944,0.174375,0.30036630036630035,0,P09001:P78406
FAM163B,ELOB,0.04218959789476575,0.0,0.404320987654321,0.9393939393939393,0,P0C2L3:Q15370
MLEC,MAGT1,0.5886158728074714,0.0,0.5794871794871796,0.125,-1,Q14165:Q9H0U3
RPS4X,PWP2,0.4558020203419997,0.4006410256410256,0.6476190476190478,0.625,-1,P62701:Q15269
SNU13,RPS24,0.2561237035051723,0.33158670033670035,0.4165584415584416,0.40952380952380946,-1,P55769:P62847
UBE2D3,H4C1,0.12314318184582683,0.11352564102564104,0.8918279569892472,0.9662698412698413,0,P61077:P62805
PPP3R1,CATSPERE,-0.0572046576089846,0.1388888888888889,0.3,0.0,0,P63098:Q5SY80
CLDN6,PRMT7,0.56661445453005,0.13577612863327151,0.3148148148148148,0.436671335200747,0,P56747:Q9NVM4
LAMTOR1,OR8D1,-0.15986964959809308,0.14814814814814814,1.0,0.27777777777777773,0,Q6IAA8:Q8WZ84
MRRF,MRPS18B,0.6217362242875509,1.0,0.28991477272727273,0.94,-1,Q96E11:Q9Y676
ABHD1,HIPK2,-0.066232226129274,0.06815808292453869,0.4047619047619047,0.39231805929919145,0,Q96SE0:Q9H2X6
TNFAIP3,UBE2D1,0.23067358430984158,0.3751808704897949,0.8069892473118281,0.8815864833906071,1,P21580:P51668
NUDT21,CPSF7,0.624223506154738,0.7340136054421768,0.5555555555555556,0.9500000000000001,1,O43809:Q8N684
RBX1,ELOC,0.6866749491288802,0.38562378167641326,0.6265723270440251,0.9732704402515723,1,P62877:Q15369
UQCRH,NDUFA8,0.5827993812170136,0.3496969696969697,0.5553819444444444,0.7708333333333334,-1,P07919:P51970
ADRB2,PLK5,-0.14023068192747706,0.17219696969696968,0.3476190476190476,0.13392857142857142,0,P07550:Q496M5
RPS10,RPS24,0.8828117209562736,0.48839285714285713,0.7233766233766233,0.6476190476190476,-1,P46783:P62847
RPSA,RPS2,0.9593472241028742,0.8431372549019608,0.7024363233665558,0.7480769230769231,1,P08865:P15880
NDUFS6,UQCRFS1,0.7684300175175611,0.31346153846153846,0.3910256410256409,0.26666666666666666,-1,O75380:P47985
TCF4,TRIM60,-0.03830301690050338,0.15849673202614378,0.5,0.3384920634920635,0,P15884:Q495X7
MYD88,NMRK1,0.23220733532040785,0.09545454545454546,0.8333333333333334,0.4472505668934242,0,Q99836:Q9NWW6
PSMB8,CBLN3,-0.15198064078882767,0.125,0.2944444444444444,0.0,0,P28062:Q6UW01
HSP90AA1,FKBP5,-0.24262564166808342,0.5051020408163265,0.6166666666666667,0.9206989247311829,1,P07900:Q13451
RPL27,RPL11,0.931456570110584,0.3308206413469571,0.6087797619047619,0.8271103896103899,1,P61353:P62913
NCBP2,CWC15,0.7252247512632662,1.0,0.5037202380952381,0.7857142857142857,-1,P52298:Q9P013
WDHD1,PRIM2,0.7250283222864125,0.27647058823529413,0.8434782608695655,0.6454545454545455,0,O75717:P49643
FADD,LENG1,0.39754442834849746,0.0,0.5,1.0,0,Q13158:Q96BZ8
SRRM2,NOSIP,0.4129386867776157,0.06869658119658119,0.4428571428571429,0.6157407407407408,0,Q9UQ35:Q9Y314
CANX,BAD,0.30085001505003583,0.14391001951977564,0.3533333333333334,0.9434865900383139,0,P27824:Q92934
MRPL18,MRPS16,0.632096251888575,1.0,0.5086647727272727,0.8125,-1,Q9H0U6:Q9Y3D3
MRPL53,MRPL34,0.0,1.0,0.5509740259740259,0.25,-1,Q96EL3:Q9BQ48
POLR2C,MED27,0.8269555241602472,0.08452862926547138,0.4694444444444444,0.8055555555555557,1,P19387:Q6P2C8
MED28,GAR1,0.7274149416651898,0.08288770053475936,0.5706004140786748,0.2705128205128205,0,Q9H204:Q9NY12
NRARP,ZNF221,-0.17281469601602903,0.75,0.0,0.5851851851851853,0,Q7Z6K4:Q9UK13
EIF3B,PDCD4,0.30766251594531463,0.11228535353535354,0.5375000000000001,0.9605263157894737,0,P55884:Q53EL6
C1QTNF3,GSX1,-0.005676060424638166,0.19575757575757577,0.35,0.2920634920634921,0,Q9BXJ4:Q9H4S2
RPS16,RPL36A,0.9423302335298822,1.0,0.7161490683229814,0.6666666666666667,-1,P62249:P83881
RBX1,APPBP2,0.5100896774949649,0.45760683760683757,0.34707792207792204,0.9827380952380953,1,P62877:Q92624
IGHG4,GCGR,-0.006902001346833014,0.1447465728715729,0.9326923076923077,0.17023809523809524,0,P01861:P47871
RPS17,RPS15A,0.9748508964175817,0.6027777777777777,0.739021164021164,0.4117647058823529,-1,P08708:P62244
TRIM6,LSM7,0.27864720050841857,0.2058823529411765,0.3208683473389356,0.9631782945736433,0,Q9C030:Q9UK45
SNRNP70,SNRPD2,0.4399228916621952,0.6212585034013605,0.43640873015873016,0.9821428571428571,1,P08621:P62316
PPIL3,SRRM2,0.6173066513911467,1.0,0.606265664160401,0.72,-1,Q9H2H8:Q9UQ35
RAP1BL,S100A9,-0.039070912615372065,0.09682376941735231,0.4350340136054422,0.11658692185007975,0,A6NIZ1:P06702
NPHS2,MRPL35,-0.10196278688309753,0.41666666666666663,0.20102813852813853,0.625,0,Q9NP85:Q9NZE8
RBPJ,SLC13A2,-0.03174760387808438,0.11262626262626266,0.31666666666666665,0.3184731934731935,0,Q06330:Q13183
ABCE1,RPL11,0.5822140475072577,0.1395891389312442,0.6087797619047619,0.8271103896103899,-1,P61221:P62913
C9,EDC3,-0.1995862558354026,0.12698412698412698,0.400297619047619,0.9857142857142858,0,P02748:Q96F86
TRBV28,TNFRSF19,-0.11093020202798079,0.20363756613756612,1.0,0.29537037037037034,0,A0A5B6:Q9NS68
MT-CO3,NOP16,-0.3255646520483426,0.125,0.45999999999999996,0.25,0,P00414:Q9Y3C1
SNRPF,LSM11,0.16464136358562412,0.19841269841269837,0.5500000000000002,0.6875,1,P62306:P83369
NUPR2,GALK1,0.039701147143714845,0.09894781144781144,0.19999999999999998,0.0,0,A6NF83:P51570
RPS13,KIAA0825,0.12216566395155662,0.0,0.0,1.0,0,P62277:Q8IV33
MED24,POLR2F,0.49542228317065923,0.065625,0.9268292682926828,0.13749999999999998,-1,O75448:P61218
WDR46,SNU13,0.36113053701058645,0.3010989010989011,0.42594246031746036,0.4666666666666666,-1,O15213:P55769
RPL7A,RPS21,0.8791471332037659,0.7777777777777778,0.7340136054421768,0.7272727272727273,-1,P62424:P63220
WDR75,UTP11,0.4653291386204018,0.3232323232323232,0.5733333333333335,0.7,-1,Q8IWA0:Q9Y3A2
SAFB,YOD1,0.4631911532617094,0.0927170868347339,0.5,0.8029761904761905,0,Q15424:Q5VVQ6
KRTAP13-1,RANBP3,0.2888337917376438,0.0,0.36363636363636365,0.2666666666666667,-1,Q8IUC0:Q9H6Z4
RPS11,RPS15,0.9571262429257625,0.4670970695970695,0.7455026455026454,0.5428571428571428,-1,P62280:P62841
ARHGAP4,CENPH,0.1779638251702055,0.25,0.6516666666666666,0.9666666666666667,0,P98171:Q9H3R5
RPS5,RPS3A,0.9600182433311439,0.6632575757575757,0.6850793650793651,0.6944444444444444,-1,P46782:P61247
RPS28,RPL8,0.9019916100314072,1.0,0.6457482993197278,0.5166666666666667,-1,P62857:P62917
RPL27A,RPS21,0.9626071590939539,0.7777777777777778,0.7340136054421768,0.7272727272727273,-1,P46776:P63220
RPLP2,RPL34,0.9056904378804276,1.0,0.6855238095238094,0.575,-1,P05387:P49207
MRPS14,MRPS25,0.5878549859059897,1.0,0.6325757575757576,1.0,-1,O60783:P82663
BDP1,POLR2F,0.5655914859520824,0.065625,0.9268292682926828,0.13749999999999998,-1,A6H8Y1:P61218
BUD31,SNRPG,0.6816543378139822,0.6875850340136054,0.45905483405483405,0.903125,-1,P41223:P62308
RPS16,GPRC6A,-0.043738924360561995,0.10188492063492063,0.9166666666666666,0.16666666666666666,0,P62249:Q5T6X5
MME,PIK3R3,-0.10482348316229302,0.12565263019808476,0.2666666666666667,0.9761111111111112,0,P08473:Q92569
MRPS34,GFM1,0.513840032364047,0.25,0.7083333333333334,0.1548611111111111,-1,P82930:Q96RP9
NDUFC2,NDUFB11,0.46773876910585416,0.38585858585858585,0.6576923076923076,1.0,1,O95298:Q9NX14
CYFIP1,ABI2,0.011850117693349357,0.18654956154956157,0.3588888888888889,0.9787558685446008,1,Q7L576:Q9NYB9
OR2F2,TM4SF19,0.6563033954434995,0.1111111111111111,0.36904761904761907,0.16550925925925927,0,O95006:Q96DZ7
GTPBP6,MRPS18A,0.4937431704543011,0.0,0.2378246753246753,0.15625,-1,O43824:Q9NVS2
TUFM,MRPL55,0.4207729669746941,0.4444444444444444,0.2491258741258741,0.25,-1,P49411:Q7Z7F7
RPS24,HEATR1,0.7164194242299051,0.24287874578122254,0.48461538461538467,0.7,-1,P62847:Q9H583
MRPL23,MRPS27,0.6869020333750037,0.42083333333333334,0.44772727272727275,0.7818181818181816,-1,Q16540:Q92552
RIPPLY1,CDC6,-0.04408348977728223,0.10323744882568411,0.29074074074074074,0.7580605158730158,0,Q0D2K3:Q99741
RPS4X,RPS24,0.9537887184856729,0.48839285714285713,0.7233766233766233,0.6476190476190476,1,P62701:P62847
FUT11,NDUFA12,0.3862646094320462,0.12525437525437524,0.21453373015873015,0.78125,0,Q495W5:Q9UI09
RPS17,RPS18,0.9736077624791671,1.0,0.6919501133786847,0.45833333333333337,-1,P08708:P62269
ZMAT2,LSM2,0.6832321977215821,0.7194444444444444,0.3603896103896104,0.9464285714285714,-1,Q96NC0:Q9Y333
ZNF830,GPR132,0.5483499668330772,0.24166666666666667,0.3333333333333333,0.16666666666666666,0,Q96NB3:Q9UNW8
NPBWR1,SENP2,-0.004077629683529716,0.12546005581719866,0.4148148148148148,0.8863287250384024,0,P48145:Q9HC62
MT-ND4L,NDUFV2,0.0916090829954828,0.5790508511096746,0.519230769230769,0.16447628458498026,-1,P03901:P19404
GNG2,FZD1,-0.033954445217676446,0.1936988936988937,0.7722222222222223,0.6018518518518519,0,P59768:Q9UP38
PSMC3,NDUFAF7,0.42106521354281734,0.07653061224489795,0.34464285714285714,0.31568627450980397,0,P17980:Q7L592
ADAM20,TMEM273,-0.06703618546377224,0.0,1.0,0.0,0,O43506:Q5T292
WDR5,WDR5,0.9999999999999999,0.38789862098685624,0.7325396825396827,0.9872727272727273,1,P61964:P61964
MAP3K8,ERCC6,0.41499766852548947,0.11347751014417679,0.4277310924369747,0.7384013605442179,0,P41279:Q03468
TNFAIP6,PLK2,0.09066740949860445,0.16372468527640943,0.3777777777777778,0.453125,0,P98066:Q9NYY3
LMNA,MAML3,0.5861165063167824,0.1638888888888889,0.951111111111111,0.4444444444444445,0,P02545:Q96JK9
GFM2,MRPL46,0.730933827889237,1.0,0.28991477272727273,0.25,-1,Q969S9:Q9H2W6
SF3B1,ISY1,0.8476326195761584,0.5345238095238096,0.7703809523809524,0.9791666666666666,-1,O75533:Q9ULR0
C9orf78,FAM32A,0.5707009342542861,0.2,0.6363636363636365,0.625,0,Q9NZ63:Q9Y421
RPS15,SLX9,0.32493013317860453,0.5,0.17777777777777778,1.0,-1,P62841:Q9NSI2
MAK16,NIP7,0.8317943050876674,0.07738095238095238,0.4888888888888889,0.8636363636363636,-1,Q9BXY0:Q9Y221
SNU13,DNTTIP2,0.47482183300972447,0.5714285714285714,0.5622222222222222,0.75,-1,P55769:Q5QJE6
HSF2BP,ZNF835,-0.052125754457255785,0.06666666666666667,0.25,0.9641339869281047,-1,O75031:Q9Y2P0
TUBA4A,RTF1,0.23922373408014597,0.14489795918367349,0.4547619047619048,0.8277777777777778,0,P68366:Q92541
TRAPPC2,RAN,0.24407105371430235,0.1348788206742752,0.5565359477124183,0.9109516214779373,0,P0DI81:P62826
SKP1,ARHGAP11A,-0.05217942427701006,0.1056998556998557,0.6,0.3333333333333333,0,P63208:Q6P4F7
RPS11,SPINK5,0.14923082962163495,0.10926561864061866,0.440625,0.125,0,P62280:Q9NQ38
TLR4,LY96,0.8272815553287194,0.39751563251563243,0.5717948717948718,0.7626488095238095,1,O00206:Q9Y6Y9
PRKAR2A,AKAP5,-0.3335905586482827,0.21676587301587302,0.4496732026143791,0.7892156862745099,1,P13861:P24588
HGS,ODAD1,0.34729002897290057,0.15646258503401358,0.32857142857142857,1.0,1,O14964:Q96M63
H2AB1,NTMT2,0.3451058818362792,0.1,0.6,0.125,0,P0C5Y9:Q5VVY1
BUD31,PPIL3,0.713360780403592,0.38791423001949316,0.761904761904762,0.712962962962963,-1,P41223:Q9H2H8
MRRF,MRPS16,0.688854021161479,1.0,0.28991477272727273,0.4375,-1,Q96E11:Q9Y3D3
SMIM30,MPZL1,0.38481281153619756,0.11805555555555555,0.24206349206349206,0.8666666666666666,0,A4D0T7:O95297
C4BPA,MID2,-0.18998292093075336,0.16621074824441695,0.2333333333333333,0.9852627257799672,0,P04003:Q9UJV3
POLR2C,MED16,0.7539509825560508,0.17092731829573934,0.5466666666666666,0.7666666666666666,-1,P19387:Q9Y2X0
ETF1,RPL10A,0.6814273206229162,0.1866666666666667,0.6422161172161173,0.7,-1,P62495:P62906
NDUFA7,NDUFC2,0.454017818230256,0.17396874833849624,0.480892857142857,0.7083333333333334,-1,O95182:O95298
MED26,YWHAG,-0.06978593829282165,0.11672031672031671,0.45999999999999996,0.9800032020493116,0,O95402:P61981
TUFM,MRPL40,0.6360797107446244,0.23809523809523808,0.3077094474153298,0.90625,-1,P49411:Q9NQ50
STAMBP,LMO4,0.11124856179292085,0.14923984745413318,0.31666666666666665,0.9840796019900498,0,O95630:P61968
RDH16,ANP32E,-0.163431683469615,0.1759259259259259,0.4558641975308642,0.38605442176870747,0,O75452:Q9BTT0
RACK1,MCRIP2,-0.23560853532946785,0.0,0.45555555555555555,1.0,0,P63244:Q9BUT9
KIR3DL2,CSF3R,0.9055670743894155,0.28210227272727273,0.5772727272727273,0.6527777777777778,0,P43630:Q99062
RPL27,ARID3B,0.27319331950827463,0.06458333333333333,0.68,0.75,0,P61353:Q8IVW6
RPLP1,RPS12,0.8975415934135622,0.6474358974358974,0.735070785070785,0.53125,-1,P05386:P25398
RPS19,RPS16,0.8984950522390966,0.5594877344877344,0.7003759398496241,0.5625,1,P39019:P62249
KAT7,CDC14A,0.5729024529986556,0.2093887593887594,0.5724025974025972,0.24882154882154875,0,O95251:Q9UNH5
MED30,MED18,0.42601357513091326,0.5195238095238095,0.455952380952381,0.9555555555555557,1,Q96HR3:Q9BUE0
RPA2,SF3A3,0.7561453113491048,0.1554421768707483,0.4031055900621116,0.8649068322981366,0,P15927:Q12874
STEEP1,CWC15,0.6923997032319925,0.08205128205128205,0.5037202380952381,0.7857142857142857,0,Q9H5V9:Q9P013
H2AC6,POLL,0.09880769676122753,0.07951770451770451,0.7481481481481481,0.840990990990991,0,Q93077:Q9UGP5
PIWIL1,DRG1,0.9120045811782943,0.0989010989010989,0.6333333333333333,0.8359458641716705,0,Q96J94:Q9Y295
PPP1R3G,POU2AF1,-0.15504339503761663,0.09512138188608776,0.16666666666666666,0.235254329004329,0,B7ZBB8:Q16633
TUFM,MRPL58,0.763902365219292,0.25833333333333336,0.29629629629629634,0.17045454545454547,-1,P49411:Q14197
GNB1,DISC1,0.28916487455452294,0.17444877344877344,0.44336419753086415,0.9927219796215428,-1,P62873:Q9NRI5
EMG1,UTP18,0.6712377125013544,0.5454545454545454,0.5621212121212122,0.625,-1,Q92979:Q9Y5J1
PSMD14,ZFAND5,0.0634573052327582,0.10405982905982905,0.5,0.6785714285714286,0,O00487:O76080
ETF1,UBA52,0.5929089198648668,0.2404761904761905,0.8296723460026213,0.8333333333333333,-1,P62495:P62987
RRP9,TBL3,0.7309223390546254,0.3846153846153846,0.6370370370370371,0.6041666666666666,-1,O43818:Q12788
CHGA,RACK1,-0.12526114731314228,0.14819139194139194,0.4023809523809524,0.0,0,P10645:P63244
TRAV4,MBD3L2B,-0.02830717500454307,0.06904761904761905,0.1,0.0,0,A0A0B4J268:A0A1B0GVZ6
CLDN1,MRPL2,0.08134586123281104,0.16666666666666666,0.26222222222222225,0.4,0,O95832:Q5T653
TUFM,MRPL21,0.679190184736999,0.3333333333333333,0.2491258741258741,0.5833333333333334,-1,P49411:Q7Z2W9
MRPL33,GSG1L,-0.1912046831416129,0.06666666666666667,0.16428571428571428,0.25,0,O75394:Q6UXU4
PSMA4,USP14,0.7266494777017776,0.16663238483413922,0.5623249299719887,0.3829365079365079,-1,P25789:P54578
KRT16,ARFIP2,0.06528383871206903,0.23368055555555556,0.3297619047619048,0.9457291666666666,-1,P08779:P53365
H2AZ1,PHACTR4,0.4015942171912029,0.1388200183654729,0.26666666666666666,0.3482142857142857,0,P0C0S5:Q8IZ21
RAD51D,MINDY1,0.2489165563361176,0.16666666666666666,0.8333333333333334,0.5416666666666667,0,O75771:Q8N5J2
SLC16A6,CEACAM5,-0.015377602604984457,0.08932302265635599,0.6960784313725491,0.8142857142857143,0,O15403:P06731
NELFB,FARSB,0.6952624404533563,0.125,0.4333333333333334,0.6969696969696969,0,Q8WX92:Q9NSD9
RNF214,MAD2L2,0.6763239165318714,0.0,0.0,0.19726851851851848,0,Q8ND24:Q9UI95
LRPPRC,MRPL23,0.5909295425072343,0.17777777777777778,0.2959090909090909,0.75,-1,P42704:Q16540
SNRPA1,NCBP2,0.7740102300226487,0.28946822939702194,0.8261261261261261,0.8148936170212768,-1,P09661:P52298
MTREX,ZCCHC8,0.8096133579525429,0.40499999999999997,0.5393939393939395,0.8587662337662337,1,P42285:Q6NZY4
RPL21,UBE2D1,0.1851218382690029,0.11954634417869713,0.8069892473118281,0.8815864833906071,0,P46778:P51668
KRT40,MEX3D,-0.005062138558613002,0.0787878787878788,0.35,0.2107142857142857,0,Q6A162:Q86XN8
IMP4,PNO1,0.7627540134694994,1.0,0.46666666666666673,0.875,-1,Q96G21:Q9NRX1
FAM9B,TM2D1,0.08669862558210446,0.16666666666666666,0.3333333333333333,0.7,0,Q8IZU0:Q9BX74
TTC19,CCDC83,-0.12174257335246341,0.0,0.0,1.0,0,Q6DKK2:Q8IWF9
KIR2DL3,PCDHGC3,-0.15606088173987911,0.1593915343915344,1.0,0.16666666666666666,0,P43628:Q9UN70
GTF2E2,PLIN5,-0.025837949712900196,0.06449975275197797,0.3916666666666666,0.75,0,P29084:Q00G26
TCERG1,LSM3,0.712973644083959,0.8846153846153846,0.3120748299319728,0.9441649899396377,-1,O14776:P62310
TEN1,TUT1,0.6382031376923728,0.13558201058201058,0.42333333333333334,0.4929166666666667,0,Q86WV5:Q9H6E5
SPANXN2,SKA1,0.3242800819594961,0.0,0.0,0.9191919191919191,0,Q5MJ10:Q96BD8
DDRGK1,HOPX,0.12095642788863796,0.20158022857150357,0.475,0.7785714285714286,0,Q96HY6:Q9BPY8
CSNK1A1,SSBP4,0.21854792439842224,0.1111111111111111,1.0,0.9466666666666667,0,P48729:Q9BWG4
H2BC11,RUNX3,0.4406095917909426,0.11294261294261294,0.7274305555555557,0.7196581196581195,0,P06899:Q13761
EIF2S3,CA9,-0.01731538982396699,0.14047619047619048,0.312962962962963,0.3660714285714286,0,P41091:Q16790
GFRA3,SMARCD2,0.33908092749706387,0.1671176046176046,0.307843137254902,0.6476190476190476,0,O60609:Q92925
SASH1,HLA-DRB5,0.14492736285421962,0.12952380952380954,0.23425229741019213,0.5833333333333334,0,O94885:Q30154
SNRPD2,CHMP4C,0.020564459725961232,0.11315854624678155,0.5158730158730158,0.9333333333333333,0,P62316:Q96CF2
RPS10,RPS28,0.9230707128647342,0.522077922077922,0.7066924066924067,0.6538461538461539,-1,P46783:P62857
ASCL1,SYT2,0.1466101533085544,0.24805749805749802,0.228233392122281,0.8936936936936936,0,P50553:Q8N9I0
RBX1,RBX1,1.0,0.38691290967692765,0.6313668992012942,0.6543730158730158,1,P62877:P62877
RPS18,RPS29,0.8540042371512094,1.0,0.7327891156462585,0.5555555555555556,-1,P62269:P62273
WNK4,KLHL3,-0.10129627793252607,0.311583573916997,0.6307692307692307,0.8222222222222224,1,Q96J92:Q9UH77
CSNK1A1,RPS15A,0.5192573045593074,0.20931537598204264,0.739021164021164,0.6911764705882353,-1,P48729:P62244
MRAS,SHOC2,0.09668044686664355,0.1189722858840506,0.39785714285714285,0.7757936507936508,1,O14807:Q9UQ13
RFC5,RAD9A,0.6735511154560512,0.2281565656565657,0.7944444444444444,0.8856837606837608,-1,P40937:Q99638
RPS23,RPL39,0.8322852658943057,0.5392628205128205,0.7324263038548752,0.8333333333333334,-1,P62266:P62891
HLA-DRB5,UBAP2,0.3806876412893185,0.125,0.19791666666666663,0.9702380952380952,0,Q30154:Q5T6F2
CDC7,THAP3,0.2978273821426874,0.125,0.0,0.9403846153846154,0,O00311:Q8WTV1
LRPPRC,MRPS5,0.8109713144528282,0.18333333333333335,0.31905594405594406,0.7222222222222222,-1,P42704:P82675
TEAD1,TVP23B,0.4001979722507625,0.12142857142857143,0.2,1.0,0,P28347:Q9NYZ1
TNNI3,AGXT,-0.037108730893788994,0.08609376734376735,0.2916666666666667,0.7393650793650794,0,P19429:P21549
PCNA,TIFAB,0.2451403706516026,0.16115914000529383,0.0,0.7857142857142857,0,P12004:Q6ZNK6
RPLP1,RPL19,0.9154160349359639,1.0,0.6576719576719576,0.5384615384615384,-1,P05386:P84098
MRE11,C9orf153,0.021824509788897797,0.0,0.0,1.0,0,P49959:Q5TBE3
ADM2,FAM20C,-0.0932494080265735,0.28782536907536904,0.393939393939394,0.262151841868823,0,Q7Z4H4:Q8IXL6
NELFE,INTS9,0.6622322508407341,0.2461904761904762,0.595,1.0,0,P18615:Q9NV88
MRAS,MRAS,1.0,0.38888888888888884,0.5625,0.5974747474747475,-1,O14807:O14807
MRPS35,MRPL18,0.5111112487047572,0.6923076923076924,0.5045454545454545,0.6547619047619049,-1,P82673:Q9H0U6
IYD,TRIM69,-0.006034200904897487,0.10238095238095238,0.4296296296296296,0.9632683215130025,1,Q6PHW0:Q86WT6
LTV1,PNO1,0.8604842056105996,1.0,0.46666666666666673,0.875,-1,Q96GA3:Q9NRX1
STX11,OR4X2,0.0,0.12698412698412698,1.0,0.16666666666666666,0,O75558:Q8NGF9
MFSD2B,MAGED1,-0.05253276156482132,0.1355011150465696,0.37499999999999994,0.19887445887445887,0,A6NFX1:Q9Y5V3
RPS15,RPS15,1.0,0.4670970695970695,0.7455026455026454,0.5428571428571428,0,P62841:P62841
GPR137B,TRIM54,-0.18677561888757968,0.1558008658008658,0.35416666666666663,0.9900301718483537,0,O60478:Q9BYV2
PFN1,DNASE1,0.08146595423865034,0.10332491582491582,0.3466666666666667,0.4625,0,P07737:P24855
SFN,TTC39B,0.37787553488664977,0.13977072310405644,0.0,1.0,0,P31947:Q5VTQ0
NEFL,UBE2K,0.12179768656049103,0.17473544973544974,0.55,0.946741452991453,0,P07196:P61086
RPS8,CCNY,0.042969212843794874,0.09870915032679739,0.43594771241830066,0.8299319727891156,0,P62241:Q8ND76
SNRPA1,PPIL1,0.442772210972753,0.4907766048116925,0.6676190476190478,0.8549382716049384,-1,P09661:Q9Y3C6
CHRM3,HS3ST3A1,-0.07087479020567147,0.17083333333333334,0.625,0.13194444444444445,0,P20309:Q9Y663
DDN,PPP5C,-0.20979985564657355,0.13049389612304252,0.36851851851851847,0.6286014911014912,0,O94850:P53041
AKR1B15,EXOSC4,0.13531524665078984,0.09857711732711733,0.44221230158730157,0.9349587912087913,0,C9JRZ8:Q9NPD3
PP2D1,NTMT2,0.33395299465025524,0.1,0.6,0.1111111111111111,0,A8MPX8:Q5VVY1
NRARP,MRPS18B,0.08187428163504742,0.11574074074074074,0.0,0.94,0,Q7Z6K4:Q9Y676
PSMB8,PSMA6,0.528944880747631,0.4895238095238096,0.7455898268398268,0.9190972222222222,1,P28062:P60900
CASTOR1,GAR1,0.42146833894129376,0.08035714285714285,0.3532091097308489,0.2705128205128205,0,Q8WTX7:Q9NY12
ELOC,COPS6,0.6296894946365268,0.2675438596491228,0.5125,0.9601190476190476,-1,Q15369:Q7L5N1
SASH3,BIK,0.22976301761096887,0.12765151515151515,0.3333333333333333,0.0,0,O75995:Q13323
ZDHHC19,MCEE,-0.1644762484639649,0.08624708624708625,0.3125,0.7642857142857142,0,Q8WVZ1:Q96PE7
POLR2L,SNAPC1,0.7098394344215418,0.6666666666666666,0.8933333333333332,0.85625,-1,P62875:Q16533
WDR36,NOP58,0.9581251630516462,0.4006734006734007,0.5045351473922901,0.3854166666666667,1,Q8NI36:Q9Y2X3
PSMC3,PSMC1,0.8104354727009717,0.6842105263157894,0.8616541353383458,0.9270202020202021,1,P17980:P62191
NCOA1,ESR2,0.37102107240664484,0.3328884078884079,0.6203703703703703,0.642141131815045,1,Q15788:Q92731
FOXA1,PLA2G15,-0.1136220887664611,0.14254535147392286,0.45323129251700683,0.170578231292517,0,P55317:Q8NCC3
KIFC1,POLI,0.03809372960825374,0.1242063492063492,0.4444444444444444,0.2904040404040404,0,Q9BW19:Q9UNA4
SEC22B,TSSK1B,-0.06087255323331339,0.10833333333333332,0.20833333333333331,0.36103603603603607,0,O75396:Q9BXA7
LEFTY1,BBS7,-0.17022603813742626,0.13735107485107487,0.3719298245614035,0.32777777777777783,0,O75610:Q8IWZ6
SPATS1,CHSY3,-0.03333866460697661,0.0,0.0,0.14375,0,Q496A3:Q70JA7
EIF2S2,RPS25,0.5973512070548627,0.2136904761904762,0.6813186813186813,0.6785714285714286,-1,P20042:P62851
TEAD3,CENPH,-0.0690738928341985,0.14722222222222223,0.48499999999999993,0.9666666666666667,0,Q99594:Q9H3R5
IGKV4-1,MIB1,-0.1428319999434698,0.12634865134865134,0.3833333333333333,0.36635487528344673,0,P06312:Q86YT6
RPS14,RIOK2,0.7434568145341747,0.3041666666666667,0.5047619047619047,0.1463809523809524,-1,P62263:Q9BVS4
CHRM3,TMEM168,-0.03104659614973485,0.14285714285714285,0.3055555555555556,0.14285714285714285,0,P20309:Q9H0V1
RPL38,RPL10L,-0.03057109193604805,0.21861471861471862,0.4685714285714286,1.0,-1,P63173:Q96L21
NPIPB4,KRIT1,0.7983550085892502,0.0,0.5041666666666667,0.0,0,C9JG80:O00522
NDUFB8,NDUFC2,0.4440937196845711,0.2043349507635222,0.480892857142857,0.4166666666666667,-1,O95169:O95298
RPS24,MFAP5,0.2283461461821548,0.13863636363636364,0.35454545454545455,0.5,0,P62847:Q13361
XKR3,HSD17B14,-0.09657618362803226,0.0,0.3333333333333333,0.0,0,Q5GH77:Q9BPX1
LSM10,SNX8,0.29459763128624267,0.1,0.28928571428571426,0.8928571428571429,0,Q969L4:Q9Y5X2
CUL1,DALRD3,0.6800674903675625,0.09393939393939395,0.0,0.8138888888888888,0,Q13616:Q5D0E6
H3C13,H2BC15,0.4055713884867247,1.0,0.584848484848485,0.4444444444444445,-1,Q71DI3:Q99877
AMBP,LYNX1,-0.08872269619993982,0.15873015873015872,0.3833333333333333,0.701058201058201,0,P02760:P0DP58
RPL26,SERBP1,0.7768602487295851,0.2855392156862745,0.6305555555555556,0.6018518518518517,-1,P61254:Q8NC51
BUD23,RPS25,0.3844152309809982,0.14017857142857143,0.39926739926739924,0.6785714285714286,-1,O43709:P62851
MRPL16,MRPL27,0.6375627261360448,1.0,0.5503246753246753,0.47222222222222215,1,Q9NX20:Q9P0M9
YWHAE,TBC1D14,0.20130196308906342,0.17407407407407405,0.4055555555555556,0.725,0,P62258:Q9P2M4
MPHOSPH10,WDR46,0.8698225000170375,0.5416666666666666,0.5916666666666667,1.0,-1,O00566:O15213
MRPL23,SLIRP,0.29323135671846073,0.11055555555555556,0.535515873015873,0.9166666666666666,0,Q16540:Q9GZT3
UBL5,PPIE,0.5686291038865823,0.38099415204678366,0.6574646074646076,0.6701058201058201,-1,Q9BZL1:Q9UNP9
CCR1,SLC15A2,0.07771700500534331,0.1444642857142857,0.6751700680272109,0.7502040816326531,0,P32246:Q16348
RPS18,CCDC124,0.31376303296556346,0.14444444444444446,0.5066666666666666,0.6041666666666666,-1,P62269:Q96CT7
MMP15,POLR2L,-0.02477402158600674,0.11055555555555556,0.4713114754098361,0.7838151927437643,0,P51511:P62875
ASF1A,LUC7L2,0.5087928273695838,0.25,0.25,0.9446428571428571,0,Q9Y294:Q9Y383
RPLP1,RPL35,0.8714194469210562,0.7777777777777778,0.7244588744588744,0.7182539682539684,-1,P05386:P42766
PSMA5,PSMD2,0.6178472489853362,0.6875,0.8153822055137846,0.9884615384615385,-1,P28066:Q13200
TP53,POLR2I,-0.12908168167558481,0.3571428571428571,0.9669902912621359,0.6984126984126984,0,P04637:P36954
PEX19,PHETA1,-0.048011486407867565,0.1898148148148148,0.265625,0.98,0,P40855:Q8N4B1
MGRN1,TSG101,0.4457191955340654,0.1194186382073379,0.294890873015873,0.9574074074074074,1,O60291:Q99816
SNRPG,DDX46,0.6826054612524387,0.63,0.5804761904761904,0.40842490842490836,-1,P62308:Q7L014
CCND3,NT5C1A,-0.16909606778539593,0.1251803751803752,0.9166666666666666,0.36055555555555535,0,P30281:Q9BXI3
IDH3G,PIK3R6,0.21093751414607848,0.11295995670995669,0.16666666666666669,0.36111111111111116,0,P51553:Q5UE93
GTPBP6,MRPL35,0.3656937912259712,0.0,0.30817099567099565,0.20833333333333331,-1,O43824:Q9NZE8
MTREX,EXOSC6,0.4314673748492433,0.3958333333333333,0.48958333333333337,0.7000000000000001,1,P42285:Q5RKV6
GPR89A,SIRT2,-0.08379397726620204,0.09059236060200378,0.20737670068027209,0.08296555594942691,0,B7ZAQ6:Q8IXJ6
SART1,SNRPC,0.6348644973356804,0.5345238095238095,0.448888888888889,0.9243125419181757,-1,O43290:P09234
RPS17,ATF5,-0.09874112595747327,0.11493345835451099,0.3533333333333334,0.21831501831501832,0,P08708:Q9Y2D1
CCND3,NECAB2,-0.13590711192236118,0.16289682539682537,0.45555555555555555,0.9756944444444445,0,P30281:Q7Z6G3
UFL1,SEC61G,0.6917724216527938,0.09545454545454546,0.5555555555555556,0.798611111111111,0,O94874:P60059
CLCN7,WASF1,0.00994419120043508,0.08604649318935033,0.29,0.9027777777777777,0,P51798:Q92558
HSP90AA1,ASCL1,0.4583879912425856,0.1659547793476365,0.5819444444444445,0.5799768518518519,0,P07900:P50553
ITGB1,FAHD2B,-0.023853570893102253,0.125,0.2,0.5454545454545454,0,P05556:Q6P2I3
SV2B,PPME1,0.6164577067094974,0.12698412698412698,0.5,0.4077838827838828,0,Q7L1I2:Q9Y570
SKA3,SIGLEC11,-0.037646056912952974,0.5,0.3333333333333333,0.33333333333333337,0,Q8IX90:Q96RL6
NDUFB6,NDUFA8,0.7442371522990101,0.3496969696969697,0.5623759920634921,0.7708333333333334,-1,O95139:P51970
YWHAZ,BAD,0.3800252392890887,0.20835269066976383,0.5644444444444443,0.9434865900383139,1,P63104:Q92934
BIRC5,CDCA8,0.9734536693213771,0.20553196803196805,0.6583333333333334,1.0,1,O15392:Q53HL2
PSMC1,PLPPR2,0.050059299696415226,0.109006734006734,1.0,0.9595959595959596,0,P62191:Q96GM1
CKMT2,DEFB126,-0.024862069431791468,0.1056998556998557,0.2,0.0,0,P17540:Q9BYW3
NUP98,AAAS,0.6474057068304361,0.315260594106748,0.7114010989010987,1.0,-1,P52948:Q9NRG9
C17orf67,SEPTIN10,0.295023516211482,0.0,0.2519047619047619,0.6961805555555556,0,Q0P5P2:Q9P0V9
GNRH1,CSF2RA,0.009464126519202701,0.3095238095238095,0.34925595238095236,0.19857142857142857,0,P01148:P15509
TNNT1,TNNC1,0.8375646667862301,0.3012566137566138,0.625,0.6742424242424243,-1,P13805:P63316
PIGW,EXO1,0.5761792529356743,0.09846560846560849,0.24841269841269842,0.12438566335625158,0,Q7Z7B1:Q9UQ84
INTS11,INTS3,0.846058697686633,0.27155958077010706,0.4070175438596491,1.0,-1,Q5TA45:Q68E01
TRDC,TRGC1,0.1549188383974067,0.4112554112554112,0.4537037037037037,0.0,0,B7Z8K6:P0CF51
APOD,RAB12,0.2217589303200046,0.18134920634920634,0.19422799422799422,0.3402777777777778,0,P05090:Q6IQ22
IGFL3,RBM45,-0.07925236454556225,0.0,0.4083333333333334,0.8150000000000001,0,Q6UXB1:Q8IUH3
RPS12,RPS19,0.9571318022931927,0.24346306471306461,0.6760797342192691,0.7017543859649122,-1,P25398:P39019
ASCL1,ASCL1,1.0,0.22304743867243865,0.5819444444444445,0.5799768518518519,1,P50553:P50553
RPL11,ZNF622,0.6256759998830284,0.3443841872413301,0.4133333333333333,0.6071428571428571,-1,P62913:Q969S3
OR8G1,ZNF830,0.22090121187876458,0.12814447457304598,0.4515151515151514,0.4650793650793651,0,Q15617:Q96NB3
SNRNP200,ESS2,0.7323911843303784,0.6923076923076924,0.7083333333333334,1.0,0,O75643:Q96DF8
PLP1,H3C13,-0.07790684737087752,0.15,0.4642857142857144,0.9166666666666666,0,P60201:Q71DI3
RACK1,OR1A2,-0.11710373077608437,0.3194444444444444,0.3333333333333333,0.2,0,P63244:Q9Y585
IL6R,LRRC39,0.31322412522668736,0.3333333333333333,0.5,1.0,0,P08887:Q96DD0
RPS29,LRRC47,0.3147089237200927,0.1111111111111111,0.0,0.18055555555555555,-1,P62273:Q8N1G4
CRHR2,NIFK,-0.10725911230843908,0.10277777777777779,0.22395833333333331,0.6666666666666666,0,Q13324:Q9BYG3
TNNT2,TMEM255B,-0.10496352196410849,0.0,0.5,1.0,0,P45379:Q8WV15
TCEA1,GADD45GIP1,0.670563158560213,0.14285714285714285,0.26041666666666674,1.0,0,P23193:Q8TAE8
RPLP1,RPL24,0.7915746353286971,0.6277777777777777,0.6696649029982362,0.5892857142857143,-1,P05386:P83731
PIAS2,FAM20C,-0.023891231327523823,0.11233115842490843,0.393939393939394,0.4555480682839175,0,O75928:Q8IXL6
RPL22,SERBP1,0.7088823679872345,0.07395833333333333,0.6305555555555556,0.6018518518518517,-1,P35268:Q8NC51
RNASEH1,GRIK2,0.2238984268411352,0.079374444999445,0.14512471655328799,0.08307692307692308,0,O60930:Q13002
LMNA,RAMAC,0.6129925358186126,0.11805555555555555,0.3375,0.9296296296296297,0,P02545:Q9BTL3
KIAA1191,INCENP,0.11883730192055249,0.0,0.4064625850340136,0.9797297297297297,0,Q96A73:Q9NQS7
NDUFB7,TOMM6,0.28910912207850015,0.16666666666666666,0.5537037037037037,1.0,0,P17568:Q96B49
OR6C75,SPRYD4,-0.030488007383758044,0.0,0.16666666666666666,0.16666666666666666,0,A6NL08:Q8WW59
MYBPHL,CTNNB1,-0.11325479879565908,0.1836470292992032,0.3740922619047619,0.9380747126436783,0,A2RUH7:P35222
MDFI,THAP7,0.23200106992036554,0.8142857142857143,0.4515873015873016,0.9110441767068274,-1,Q99750:Q9BT49
NACAD,MED18,-0.41161531720842753,0.0653846153846154,0.25850340136054417,0.9555555555555557,0,O15069:Q9BUE0
MXI1,TMEM196,-0.10297440036784732,0.10669191919191919,0.5,1.0,0,P50539:Q5HYL7
CDH16,ACD,-0.0716818429558981,0.12340499007165674,0.2893374741200828,0.9210526315789473,0,O75309:Q96AP0
MRPS11,GFM1,0.7708527947801972,0.3333333333333333,0.7083333333333334,0.3663194444444444,-1,P82912:Q96RP9
UBE2I,PIAS4,0.4587327992619668,0.35175711652402525,0.8858156028368795,0.7864922723475357,1,P63279:Q8N2W9
RPLP1,FAU,0.8445457070232513,0.4858974358974359,0.7694677871148459,0.54421768707483,-1,P05386:P62861
BIK,BCL2L2,-0.2788059864487158,0.2580567580567581,0.5035714285714286,0.9607843137254902,1,Q13323:Q92843
CLDN9,ZYX,-0.0917092084512206,0.19270833333333331,0.321031746031746,0.953030303030303,0,O95484:Q15942
LMO4,CEP70,0.03460753294185367,0.14545454545454545,0.4930555555555555,0.997979797979798,0,P61968:Q8NHQ1
PSMG4,PSMG4,1.0,1.0,1.0,1.0,1,Q5JS54:Q5JS54
MRPL18,MRPS33,0.3731646045358507,1.0,0.6756198347107438,1.0,-1,Q9H0U6:Q9Y291
TBP,STOML3,0.15033233297759177,0.1111111111111111,0.2833333333333333,1.0,0,P20226:Q8TAV4
CWC27,XAB2,0.7092107426605536,0.497108843537415,0.7506802721088437,1.0,-1,Q6UX04:Q9HCS7
HSBP1,HSCB,0.2733064544156288,0.15555555555555553,0.38749999999999996,0.934375,0,O75506:Q8IWL3
RAD1,HMGCR,0.2542601502521964,0.09852564102564103,0.2962962962962963,0.43558201058201057,0,O60671:P04035
RPS15A,ETF1,0.597032958299142,0.1220238095238095,0.6129629629629629,0.6124574829931974,-1,P62244:P62495
B4GAT1,NR1H4,-0.2514284080486971,0.08058565247799433,0.21222943722943724,0.4926943426943427,0,O43505:Q96RI1
REM1,REM1,1.0,0.5384615384615384,0.611111111111111,0.3672222222222222,1,O75628:O75628
IGKV1-39,PDLIM7,-0.11913537159257315,0.17777777777777773,0.296875,0.4826797385620915,0,P01597:Q9NR12
RPL18A,RSL24D1,0.7000058108627402,0.5625,0.4583333333333333,0.875,-1,Q02543:Q9UHA3
BUD23,RPS6,0.3714013745003609,0.12812049062049063,0.45309523809523816,0.6885964912280702,-1,O43709:P62753
NRIP1,SRFBP1,0.712301900154058,0.09090909090909091,0.43703703703703706,0.25,0,P48552:Q8NEF9
LSM6,SRSF1,0.7885559386375257,0.37733037659508245,0.7677419354838709,0.8460526315789473,-1,P62312:Q07955
CENPA,KDM4D,0.1040350381603355,0.12877886002886002,0.4979166666666667,0.32597402597402597,0,P49450:Q6B0I6
RAB7A,CREG2,-0.06049218624160282,0.0,0.5666666666666667,0.0,0,P51149:Q8IUH2
CLDN6,FAIM2,0.5748963628410149,0.1565073815073815,0.3611111111111111,0.7037037037037037,0,P56747:Q9BWQ8
KCND1,MAGED1,0.2920202314416986,0.11385054339599794,0.37499999999999994,0.19858585858585856,0,Q9NSA2:Q9Y5V3
RPL13,MDP1,0.3964587390354623,0.125,0.0,0.125,0,P26373:Q86V88
MTA1,HDAC1,0.5008505443205157,0.30509528403435965,0.6526455026455028,0.8818401937046005,1,Q13330:Q13547
SIAH1,OGFOD1,0.5105326727410693,0.17916666666666664,0.5918367346938774,0.330026455026455,0,Q8IUQ4:Q8N543
VPS37D,HOXB13,0.0335661560963413,0.12523199023199022,0.24444444444444446,0.49059829059829063,0,Q86XT2:Q92826
TRAV30,B2M,0.31575835135498576,0.13071842929797473,0.124251443001443,0.0,0,A0A087WSZ9:P61769
RPL4,NMD3,0.7672412401819788,0.08768823768823768,0.5666666666666667,0.319047619047619,-1,P36578:Q96D46
DAP3,MRPL9,0.8751012593681454,1.0,0.5248484848484848,0.7,-1,P51398:Q9BYD2
OR2T5,RHPN1-AS1,-0.06476781556399833,0.0,0.0,0.16666666666666666,0,Q6IEZ7:Q9BWJ2
RBFA,MRPS24,0.4879472480253564,0.16666666666666666,0.1952479338842975,0.25,-1,Q8N0V3:Q96EL2
FAM76A,MRPL24,0.31473676325300054,0.0,0.18269230769230768,0.0,0,Q8TAV0:Q96A35
CCT8,SOX10,-0.11872505323678062,0.15326312576312578,0.7333333333333333,0.7076081007115489,0,P50990:P56693
PCBP2,ZC3HAV1L,0.8034857481559007,0.0,1.0,0.0,0,Q15366:Q96H79
SMAD1,LPCAT4,0.32697164953399405,0.12222222222222223,0.4916666666666667,0.11893090569561157,0,Q15797:Q643R3
SNRPG,SNRPD1,0.8826638624997195,0.6212585034013605,0.41324884792626726,0.8574074074074074,-1,P62308:P62314
PHF5A,WBP11,0.7708261971421616,0.48333333333333334,0.8136363636363636,0.9338709677419355,-1,Q7RTV0:Q9Y2W2
AQR,FAM32A,0.7127559943602041,0.14285714285714285,0.6363636363636365,0.625,-1,O60306:Q9Y421
PSMB6,PSME2,0.34534393161095767,0.05718954248366013,0.8623407109322602,0.9285714285714285,-1,P28072:Q9UL46
EGLN3,TDRD3,0.006897685336928605,0.1164021164021164,0.46176470588235297,0.611111111111111,0,Q9H6Z9:Q9H7E2
DRD1,GNB1,0.1265090806103323,0.33842592592592596,0.3565535124941067,0.8865740740740741,1,P21728:P62873
ELOB,ASB9,0.15499478673394287,0.42512254901960783,0.6194444444444445,0.9702380952380952,1,Q15370:Q96DX5
SNRNP40,WDR70,0.8358001642478959,0.0,0.6333333333333334,1.0,-1,Q96DI7:Q9NW82
GINS1,ELOC,0.609711190962737,0.09415954415954415,0.5699685534591196,0.9732704402515723,-1,Q14691:Q15369
MED8,MED20,0.772607913161762,0.31931018021243585,0.4763888888888889,0.9311111111111111,1,Q96G25:Q9H944
RPL21,PCSK9,-0.21992864368959417,0.14069264069264067,0.34603174603174597,0.625705467372134,0,P46778:Q8NBP7
FNTB,EXOC4,0.19399064682096898,0.12206709956709956,0.46923076923076923,0.9807692307692307,0,P49356:Q96A65
TAB1,TAB2,0.7346933775127427,0.2657552764695622,0.7636469221835076,0.8795238095238096,1,Q15750:Q9NYJ8
SNRPD1,ESS2,0.3708076837933417,0.6923076923076924,0.7083333333333334,1.0,0,P62314:Q96DF8
SOX2,MAT2B,-0.32368588418123045,0.14682539682539683,0.3555555555555555,0.8588235294117647,0,P48431:Q9NZL9
ERAL1,MRPS24,0.4341996023465715,0.09090909090909091,0.6725206611570248,0.7222222222222222,-1,O75616:Q96EL2
RPS3A,RPL23,0.975329252562549,0.264863175019425,0.603379416282642,0.6434837092731829,-1,P61247:P62829
MTHFD1,UPF3B,0.29474552725070213,0.11412337662337663,0.5537037037037037,0.9093023255813953,0,P11586:Q9BZI7
NDUFS8,NDUFS4,0.45680686439029805,0.26934411585146883,0.45192307692307676,0.78125,1,O00217:O43181
RPLP1,RPL18,0.8759777921011357,1.0,0.6072829131652662,0.625,-1,P05386:Q07020
MRM3,MRPL11,0.6789100195431212,0.1369047619047619,0.4114057239057239,0.9108527131782945,-1,Q9HC36:Q9Y3B7
PPIL4,SNRNP40,0.787350730089348,0.06117167919799499,0.6439440993788818,0.9659090909090909,0,Q8WUA2:Q96DI7
SNRPE,PPIL3,0.8279366152659422,0.38791423001949316,0.761904761904762,0.712962962962963,0,P62304:Q9H2H8
TCERG1,SMU1,0.8574298321039315,0.4375,0.5428571428571429,1.0,-1,O14776:Q2TAY7
GABBR2,PDE1B,0.1498426017077353,0.1178623845290512,0.47222222222222227,0.2702479338842975,0,O75899:Q01064
PLK1,BIRC3,0.6464658323485175,0.2336597265168694,0.882170542635659,0.6777777777777778,0,P53350:Q13489
POP4,NDUFB10,0.10259987209115849,0.08282051282051282,0.18367346938775508,0.9375,0,O95707:O96000
TCERG1,SRSF1,0.8784500830947488,0.29716178429413725,0.7677419354838709,0.8460526315789473,-1,O14776:Q07955
TULP3,RB1,0.4048364980112276,0.2199826086020116,0.6018135018135019,0.9647633744855968,0,O75386:P06400
UBB,PSMB1,0.14998310811194077,0.75,0.7831569664902998,1.0,-1,P0CG47:P20618
IL2RB,AUP1,0.28223633285036687,0.12893939393939396,0.3357142857142858,0.6166666666666666,0,P14784:Q9Y679
POLR2F,MED28,0.4625165499569643,0.06026556776556776,0.45850340136054424,0.24829931972789115,-1,P61218:Q9H204
IZUMO1R,FSBP,0.20060437157005387,0.0,0.35,1.0,0,A6ND01:O95073
SMIM2,PLEK2,-0.047007728124915917,0.0,0.5083333333333333,0.16984126984126982,0,Q9BVW6:Q9NYT0
RPS2,RPS28,0.9242043674349548,0.522077922077922,0.7066924066924067,0.6538461538461539,-1,P15880:P62857
IGFALS,YWHAE,-0.2585424116234254,0.22498556998556998,0.4372641509433963,0.4844022594022594,0,P35858:P62258
WBP4,DMKN,-0.033777499826477736,0.1111111111111111,0.5,1.0,0,O75554:Q6E0U4
FBL,CD226,0.4839250517769235,0.10915084915084912,0.7222222222222222,0.8525641025641024,0,P22087:Q15762
TUFM,MRPL54,0.6189708000860469,0.3333333333333333,0.2491258741258741,0.5,-1,P49411:Q6P161
KIAA0319,HSPBP1,0.4915633105267658,0.12777777777777777,0.625,0.8666666666666665,0,Q5VV43:Q9NZL4
NELFE,INTS7,0.6484933463161191,0.21243386243386245,0.5055555555555555,1.0,0,P18615:Q9NVH2
TLR2,OR2K2,-0.05167637907990179,0.5555555555555556,1.0,1.0,0,O60603:Q8NGT1
RPL17,MAMLD1,0.2797586552980783,0.08333333333333334,0.3901960784313725,0.0,0,P18621:Q13495
SEC61G,RPL24,0.5518498617737193,0.08277000777000777,0.6696649029982362,0.34500000000000003,-1,P60059:P83731
SEC22B,SEC24A,0.69433078600368,0.2501456876456877,0.5222222222222221,0.8571428571428571,1,O75396:O95486
EIF2S3,PIGO,0.66729973666537,0.125,0.3333333333333333,0.14285714285714285,0,P41091:Q8TEQ8
GTF2H1,ASH2L,0.890867673681502,0.25396825396825395,0.7413079975579977,0.9685714285714285,0,P32780:Q9UBL3
SOD3,RWDD2A,0.07628341234789496,0.0,0.0,1.0,0,P08294:Q9UIY3
RPLP2,RPS3A,0.9273147815994182,0.6632575757575757,0.6850793650793651,0.6944444444444444,-1,P05387:P61247
HSPD1,COPS7A,0.11688256873711746,0.17908653846153844,0.5615384615384615,1.0,0,P10809:Q9UBW8
NDUFA2,MT-ND3,0.2785557254011516,0.36006273138626077,0.6796536796536795,0.5625,-1,O43678:P03897
WBP4,WBP4,1.0,0.75,0.47380952380952385,0.7321428571428571,0,O75554:O75554
FAHD1,PEMT,0.21171878720966816,0.09013605442176871,0.6158730158730159,0.4166666666666667,0,Q6P587:Q9UBM1
FBL,NOL6,0.7538943512441774,0.5393939393939393,0.47507002801120446,0.8125,-1,P22087:Q9H6R4
PPP4C,GTF2H5,0.04809315460143051,0.13917233560090703,0.9455399061032865,1.0,0,P60510:Q6ZYL4
AKR7A3,CCL8,-0.030509052305693844,0.1284081415660363,0.5,0.33928571428571425,0,O95154:P80075
NDUFS8,SERPINA10,-0.29927272121443405,0.0914141414141414,0.27037037037037037,0.75,0,O00217:Q9UK55
NDUFS8,MT-ND1,0.25299590782878034,0.33287419651056016,0.5877777777777777,0.5694444444444444,1,O00217:P03886
RPL23A,PLEKHM1,0.3622696444455983,0.09700061842918985,0.3095959595959596,0.9619047619047618,0,P62750:Q9Y4G2
WDR36,UTP4,0.7960562772803484,0.4124331550802139,0.47058823529411764,0.2894736842105263,-1,Q8NI36:Q969X6
RPS10,RPS13,0.9591461931568688,0.6994047619047619,0.6767857142857142,0.6355555555555554,-1,P46783:P62277
HLA-DOA,EDNRA,-0.010943005013547117,0.12625060125060122,1.0,0.49642857142857144,0,P06340:P25101
NR3C1,DAP3,0.686689470872243,0.5625,0.34875,0.6527777777777778,-1,P04150:P51398
NDUFA1,UQCRC1,0.7245052883650752,0.5451298701298701,0.45346320346320346,0.13376623376623376,-1,O15239:P31930
RPS21,LRRC47,0.4969561759239334,0.125,0.0,0.4583333333333333,-1,P63220:Q8N1G4
ACTR2,MED11,0.2441870149730949,0.5256578947368421,0.27870370370370373,0.8944444444444444,0,P61160:Q9P086
MRPS5,MRPL22,0.7013744568528621,1.0,0.5527597402597403,0.5833333333333334,-1,P82675:Q9NWU5
MTNR1A,GNB1,0.1107453918764957,0.4726220538720538,0.3565535124941067,0.8865740740740741,-1,P48039:P62873
WDHD1,POLA1,0.7846084607749712,0.4074652777777778,0.6927927927927929,0.5951499118165785,-1,O75717:P09884
VARS1,GTF2H1,0.7614154488063256,0.15321103188750249,0.47962962962962963,0.9434782608695652,0,P26640:P32780
PSEN1,DCAF5,0.31823540551038837,0.13333333333333333,0.71875,1.0,0,P49768:Q96JK2
EIF3J,UBE2F,0.29791722139884796,0.13999999999999999,0.8666666666666667,0.5929487179487178,0,O75822:Q969M7
NR3C1,HSP90AA1,0.3688675549158321,0.16432321066467406,0.8117621527777777,0.9096845922276957,1,P04150:P07900
ITGA2B,CNPPD1,0.29019859912031265,0.0,0.4222222222222223,0.23809523809523808,0,P08514:Q9BV87
CDK5RAP3,DISC1,0.22575727268443962,0.15376190476190477,0.44336419753086415,0.9927219796215428,-1,Q96JB5:Q9NRI5
MTG1,MRPL18,0.1721804898100022,0.6923076923076924,0.5045454545454545,0.6547619047619049,-1,Q9BT17:Q9H0U6
TNFRSF17,TMEM205,-0.17073331633962385,0.0,1.0,1.0,0,Q02223:Q6UW68
RPL36A,ZNF622,0.6262824714787798,0.0943841872413301,0.4133333333333333,0.6071428571428571,-1,P83881:Q969S3
SRSF1,SNW1,0.820657585873985,0.1977288271461204,0.8085581085581085,0.9504273504273505,-1,Q07955:Q13573
DRD1,KLHL3,-0.013882214637520787,0.11812535290796161,0.2521367521367522,0.8222222222222224,0,P21728:Q9UH77
LSM3,SNIP1,0.7699012481637666,0.41121031746031744,0.5077922077922078,0.9364864864864867,-1,P62310:Q8TAD8
SNRPD3,SMU1,0.8936751030975972,0.4375,0.5428571428571429,1.0,-1,P62318:Q2TAY7
MRPL34,MTRES1,0.6700174659513349,0.12777777777777777,0.5625,0.195578231292517,-1,Q9BQ48:Q9P0P8
NOP2,RPL19,0.7291626314835785,0.13214285714285712,0.3798941798941798,0.5384615384615384,-1,P46087:P84098
ATL3,LAX1,-0.048432794071991275,0.11483011937557394,0.6615384615384615,0.8703703703703703,0,Q6DD88:Q8IWV1
ZNF839,UPF3B,0.41111030188978565,0.0,0.0,0.19210963455149502,0,A8K0R7:Q9BZI7
CKB,ELOB,0.22432867161985612,0.11733405483405483,0.6172839506172839,0.9393939393939393,-1,P12277:Q15370
RPS26,PA2G4,0.5353277265284886,0.1553361344537815,0.41595238095238096,0.7083333333333333,-1,P62854:Q9UQ80
PPP1CA,PPP1R18,0.5609016991229291,0.0,0.6,0.9902912621359223,1,P62136:Q6NYC8
IFNAR1,ACAP2,0.612354978036654,0.11958874458874458,0.39999999999999997,0.5857142857142857,0,P17181:Q15057
CCT4,IL17REL,0.049694851428622316,0.16666666666666666,0.5,0.16666666666666666,0,P50991:Q6ZVW7
GJB1,BDH2,-0.16788285885009743,0.13095238095238093,0.37916666666666665,0.28968253968253965,0,P08034:Q9BUT1
DDX28,MRPL42,0.5575546660327781,0.11805555555555555,0.28101325757575757,0.5833333333333334,-1,Q9NUL7:Q9Y6G3
RPL31,NOC2L,0.6358400774820198,0.08673687423687423,0.35833333333333334,0.6862745098039217,-1,P62899:Q9Y3T9
CREG1,CREG1,0.9999999999999998,0.3387301587301587,0.4574829931972789,1.0,1,O75629:O75629
EIF2S1,RPS29,0.4807696275682921,0.21666666666666667,0.7327891156462585,0.1964285714285714,-1,P05198:P62273
UBC,UBE2D2,0.6099962057280726,0.6701388888888888,0.85,0.8641381766381769,1,P0CG48:P62837
RPSA,RPL10A,0.8380974921733008,0.82,0.6422161172161173,0.7,-1,P08865:P62906
F2RL3,MRPL45,0.12047963924158447,0.14285714285714285,0.19074074074074074,0.375,0,Q96RI0:Q9BRJ2
FANCC,FANCE,0.2999962997969894,1.0,0.6766666666666665,1.0,1,Q00597:Q9HB96
SAMD7,NOX4,-0.07991693075360903,0.09119954119954118,0.33055555555555555,0.22938988095238094,0,Q7Z3H4:Q9NPH5
IL4,DDR2,-0.0661701242467749,0.1954767868946973,0.2645833333333333,0.3473036819811013,0,P05112:Q16832
IL13RA1,TREML1,0.009758984989421517,0.3055555555555555,0.4547619047619047,0.7333333333333334,0,P78552:Q86YW5
MRPL4,SLIRP,0.4434554327639828,0.09916666666666667,0.535515873015873,0.9166666666666666,-1,Q9BYD3:Q9GZT3
PRKAR2A,AKAP7,-0.03248490108308931,0.22905122655122656,0.4770833333333333,0.9087301587301588,0,P13861:Q9P0M2
EIF2S2,EIF2B5,0.4090965996353941,0.2432339265672599,0.49090909090909096,0.6279761904761905,1,P20042:Q13144
BCL2A1,MKX,-0.1507890726489364,0.13035714285714287,0.35,0.17037037037037037,0,Q16548:Q8IYA7
ALG10,MTARC1,0.007231891542790892,0.16904761904761903,0.3703703703703704,0.31938775510204087,0,Q5BKT4:Q5VT66
EIF3J,EIF2S1,0.7981745164921306,0.20804159608507433,0.6541050903119869,0.839080459770115,-1,O75822:P05198
SAG,UBE2M,0.30931853800338055,0.12345679012345677,0.8131578947368421,0.8405934343434344,0,P10523:P61081
CDH1,RPS26,0.12867354266967004,0.1445578231292517,0.42910052910052904,0.6222222222222221,-1,P12830:P62854
POLR3A,SNAPC4,0.7387053088819936,0.6666666666666666,0.8,0.6009259259259259,-1,O14802:Q5SXM2
ETF1,RPL23A,0.658795170824789,0.225,0.6579047619047619,0.6391666666666667,-1,P62495:P62750
PDCD4,EIF3M,0.3440903206409595,0.16944444444444443,0.6114583333333333,0.9137931034482759,0,Q53EL6:Q7L2H7
CRABP2,CRABP2,1.0,0.23923933209647494,0.558974358974359,0.6305194805194806,1,P29373:P29373
GBP2,MED31,0.14641437962384748,0.0999594155844156,0.38333333333333336,0.7851851851851851,0,P32456:Q9Y3C7
MRPS10,MRPL18,0.6666017803681885,0.6923076923076924,0.5045454545454545,0.0,-1,P82664:Q9H0U6
RAC1,CEP128,0.35050584529468853,0.17777777777777778,0.33571428571428574,0.0,0,P63000:Q6ZU80
CALM3,PTAFR,-0.16412603769018194,0.1948984923122854,0.8638888888888888,0.2851731601731602,-1,P0DP25:P25105
PPP5C,FMR1NB,-0.04039414001828226,0.0,1.0,0.0,0,P53041:Q8N0W7
ENO1,CBX5,0.6278702712826575,0.7063492063492064,0.3126984126984127,0.9589646464646465,-1,P06733:P45973
POLD1,COLEC10,-0.1305604578904106,0.10098188848188848,0.4023809523809524,0.5277777777777778,0,P28340:Q9Y6Z7
RPS25,CCDC124,0.44770988611206836,0.14444444444444446,0.47333333333333333,0.6041666666666666,-1,P62851:Q96CT7
MAGOHB,ABCD2,0.06821584840992767,0.10052083333333332,0.4610389610389611,0.5016121031746031,0,Q96A72:Q9UBJ2
MGRN1,CNTN1,0.4559549467921491,0.16177248677248676,0.47291666666666665,0.7083333333333334,0,O60291:Q12860
NDUFS5,KCTD20,0.358134858538524,0.09821428571428571,0.2,1.0,0,O43920:Q7Z5Y7
SNRPF,PPIG,0.7473246027252332,0.4222222222222222,0.6138888888888888,0.7766666666666667,-1,P62306:Q13427
DUSP28,AQP3,-0.04991479631442347,0.10555555555555556,0.0,0.13035470535470534,0,Q4G0W2:Q92482
PPP1CA,SHOC2,0.5071853312054204,0.15618411768930798,0.5278571428571428,0.7757936507936508,1,P62136:Q9UQ13
RGS10,GNAI3,0.5706299604997319,0.4329844758416187,0.6948979591836734,0.7502525252525252,1,O43665:P08754
RPS15A,RPS28,0.925223804557935,0.522077922077922,0.7066924066924067,0.6538461538461539,-1,P62244:P62857
FGF2,RBM48,0.18252335090873958,0.1625,0.44000000000000006,0.9722222222222222,0,P09038:Q5RL73
SCNN1G,IST1,0.09178352336371506,0.13596681096681096,0.3560528756957328,0.9418604651162791,0,P51170:P53990
LRPPRC,MRPS18B,0.6729508250099945,0.17777777777777778,0.28991477272727273,0.94,-1,P42704:Q9Y676
RPS16,RPL24,0.9426665734792506,0.6277777777777777,0.6696649029982362,0.5892857142857143,-1,P62249:P83731
CLEC12B,APPBP2,0.3947400122721912,0.11010101010101012,0.3178571428571429,0.9827380952380953,0,Q2HXU8:Q92624
EMC4,SUCLA2,0.7168955094871687,0.125974025974026,0.18874458874458877,0.8078703703703705,0,Q5J8M3:Q9P2R7
SNRPD2,STEEP1,0.7597966799663035,0.1114996114996115,0.5990196078431372,0.75,0,P62316:Q9H5V9
NMD3,ARIH1,0.6186895697822853,0.07884615384615386,0.40992063492063485,0.1765350877192983,0,Q96D46:Q9Y4X5
PSMD9,AHCYL1,-0.25775376198632793,0.09484488822724119,0.4166666666666667,0.9590643274853801,-1,O00233:O43865
ASB9,MPP4,-0.02247881645747291,0.1111111111111111,0.45666666666666667,1.0,0,Q96DX5:Q96JB8
ABHD17C,CYSLTR1,-0.09424146119050977,0.12497187997187999,1.0,0.1263227513227513,0,Q6PCB6:Q9Y271
OASL,API5,0.0675836234937423,0.15007215007215008,0.38148148148148153,0.725,0,Q15646:Q9BZZ5
RGS7BP,IYD,-0.059339258982664345,0.12285714285714286,0.3743589743589743,0.0,0,Q6MZT1:Q6PHW0
TMIE,APH1A,-0.3858463075948752,0.09977453102453102,0.6172743055555556,0.0,0,Q8NEW7:Q96BI3
SYF2,YJU2,0.7270925132541793,0.12566137566137567,0.5714285714285714,0.9733333333333333,-1,O95926:Q9BW85
ADRB2,GPSM2,0.3009773636751948,0.17303230957077115,0.3458333333333333,0.8840388007054673,0,P07550:P81274
APBB3,IGFL1,-0.10507200140821814,0.0,0.5,1.0,0,O95704:Q6UW32
DDOST,MAGT1,0.7276479907693436,0.5437964812964813,0.5794871794871796,0.125,-1,P39656:Q9H0U3
ELOB,CCDC89,0.7008631495656769,0.0,0.35,1.0,0,Q15370:Q8N998
NOP2,WDR55,0.8463924007804244,1.0,0.6,0.0,0,P46087:Q9H6Y2
PRKRIP1,C9orf78,0.6621666840210971,0.41944444444444445,0.6047619047619047,0.7222222222222222,0,Q9H875:Q9NZ63
CCNA2,WDR54,0.6964688815928342,0.13119769119769117,0.4916666666666667,0.75,0,P20248:Q9H977
ICA1,GUSBP1,0.29982227178426296,0.125,0.0,1.0,0,Q05084:Q15486
RPS14,RPS6,0.9671986080040575,0.35282041191132096,0.6630952380952381,0.6885964912280702,-1,P62263:P62753
RPL29,SEC61G,0.5360175871503037,0.09545454545454546,0.5555555555555556,0.40972222222222227,-1,P47914:P60059
KLRK1,STT3B,0.15029213737850394,0.12927350427350426,0.31851851851851853,0.48250000000000004,0,P26718:Q8TCJ2
EPHA10,KMT5A,-0.2111921444940033,0.35325091575091566,0.4366666666666667,0.5067059483726151,0,Q5JZY3:Q9NQR1
C16orf78,MRPL57,0.013408164073589577,0.0,0.2064393939393939,0.0,0,Q8WTQ4:Q9BQC6
RGS10,CDK8,0.6282546496779527,0.21666666666666667,0.6197266785502079,0.6941023535851124,0,O43665:P49336
MRPL33,MRPS11,0.35199327621638166,1.0,0.521969696969697,0.5166666666666666,-1,O75394:P82912
HLA-DQA1,MSANTD3,0.028144224757154446,0.0,0.0,1.0,0,P01909:Q96H12
GLT6D1,DNAAF5,0.07899960288967844,0.12698412698412698,0.3499999999999999,0.16666666666666666,0,Q7Z4J2:Q86Y56
MRPL23,MRPS18B,0.7428996589531723,1.0,0.5086647727272727,0.94,-1,Q16540:Q9Y676
RPS20,RPS24,0.8631858840703455,0.48839285714285713,0.7233766233766233,0.6476190476190476,-1,P60866:P62847
RPS3A,RPS21,0.9483947735718913,0.7777777777777778,0.7340136054421768,0.7272727272727273,-1,P61247:P63220
VHL,EPAS1,0.0374799168024295,0.2163967249005612,0.6944444444444444,0.7778619528619528,1,P40337:Q99814
CD2,KRBA2,-0.05485180514244075,0.12941176470588237,0.0,0.6666666666666666,0,P06729:Q6ZNG9
SNRPB,LSM11,0.28081397249239043,0.19841269841269837,0.5500000000000002,0.6875,-1,P14678:P83369
GNAI1,APLN,0.47683386467262484,0.2751763668430336,0.5,0.7083333333333334,0,P63096:Q9ULZ1
EXOC1,RNF7,0.6577227945319898,0.09078884078884078,0.5086538461538461,0.6897790647790647,0,Q9NV70:Q9UBF6
NDUFB6,NDUFA3,0.7040909155243726,0.3496969696969697,0.6235827664399091,0.9485294117647058,-1,O95139:O95167
CCNH,GTF2H4,0.8187414908538098,0.20238095238095238,0.9127413127413125,0.8041666666666666,1,P51946:Q92759
PPIL2,SRRM1,0.6659650989600246,0.5791666666666667,0.7492063492063492,0.8333333333333334,-1,Q13356:Q8IYB3
RPS2,RPS10,0.8867751557623368,1.0,0.7668027210884354,0.7,-1,P15880:P46783
FBL,UTP18,0.7052129703019362,0.5454545454545454,0.5621212121212122,0.625,-1,P22087:Q9Y5J1
ZNF664,ZNF692,0.35960226876737833,0.7083333333333334,0.225,0.4152777777777777,0,Q8N3J9:Q9BU19
NANOS1,ABI2,0.20293920482849054,0.256993006993007,0.3255555555555556,0.9787558685446008,0,Q8WY41:Q9NYB9
EIF4A3,PPIG,0.8192380244766908,0.13791423001949318,0.6138888888888888,0.7766666666666667,-1,P38919:Q13427
TIPRL,TTLL2,0.16214617561715458,0.10555555555555556,0.3333333333333333,0.4916666666666667,0,O75663:Q9BWV7
MRPS10,MRPL11,0.701808726532157,1.0,0.4563131313131314,0.0,-1,P82664:Q9Y3B7
RPS8,RPS15A,0.9373354184170813,0.6027777777777777,0.739021164021164,0.6911764705882353,-1,P62241:P62244
ITGB3BP,CENPS,0.4706427524636804,0.2571012321012321,0.6448717948717947,0.809375,-1,Q13352:Q8N2Z9
SNRPB,NOSIP,0.4175775766851426,0.09511784511784512,0.5142857142857143,0.6157407407407408,0,P14678:Q9Y314
OR2J1,HSPBP1,0.12569329773759616,0.13333333333333333,0.25,0.16349206349206347,0,Q9GZK6:Q9NZL4
CDC37,HEATR3,0.6520776542195569,0.17,0.0,1.0,0,Q16543:Q7Z4Q2
SIM2,CMTR2,0.03845348065075694,0.15,0.35,0.1111111111111111,0,Q14190:Q8IYT2
PPP5C,MSRA,0.1028572112953245,0.3311111111111111,0.46041666666666664,0.7410714285714286,0,P53041:Q9UJ68
CDC7,MCM2,0.553965948075226,0.17232681534152125,0.6154320987654321,0.8284920634920635,1,O00311:P49736
MRPL38,MRPL40,0.544525839753915,0.5625,0.4763368983957219,0.90625,1,Q96DV4:Q9NQ50
KIN,SNW1,0.8407900177941485,0.1977288271461204,0.8085581085581085,0.9504273504273505,-1,O60870:Q13573
MRPL40,SERTAD1,0.20387446864791417,0.0989010989010989,0.45555555555555555,0.967948717948718,0,Q9NQ50:Q9UHV2
SNU13,NRG4,0.34729776929068146,0.07692307692307693,0.49479166666666663,0.8541666666666666,0,P55769:Q8WWG1
SLC9A1,SHROOM1,-0.03903157936716773,0.15555555555555556,0.30436507936507934,0.3333333333333333,0,P19634:Q2M3G4
RPS15A,RACK1,0.8999172794964171,0.18719273781773782,0.5023809523809524,0.8351882613510518,-1,P62244:P63244
KRAS,HLA-C,0.26545287798078987,0.15227272727272728,0.5197945845004668,0.9393939393939393,1,P01116:P10321
CD2,TMEM154,0.30738305875829974,0.0,1.0,1.0,0,P06729:Q6P9G4
LPXN,POLR3F,0.11238728674823245,0.10861592111592112,0.3333333333333333,0.9078189300411522,0,O60711:Q9H1D9
IL17A,IL17RA,0.12975957002424332,0.22905997511260667,0.42857142857142855,0.7551020408163264,1,Q16552:Q96F46
LRPPRC,MRPL11,0.730068277403908,0.18888888888888888,0.4114057239057239,0.9108527131782945,-1,P42704:Q9Y3B7
RPS24,BMS1,0.7507198066555858,0.5303030303030303,0.6407407407407407,0.41761363636363635,-1,P62847:Q14692
MRPS15,MRPL52,0.4764857246913346,1.0,0.43397727272727293,0.75,-1,P82914:Q86TS9
ACTA2,MRPL15,-0.08647236013352472,0.1111111111111111,0.18000000000000002,0.75,0,P62736:Q9P015
RAC1,NKD1,0.49394009241368736,0.19365319865319863,0.5476190476190476,0.9215686274509804,0,P63000:Q969G9
MRPL2,PSMB7,0.7290519557449668,0.14285714285714285,0.52562358276644,0.24470899470899468,0,Q5T653:Q99436
EIF3J,RNF44,-0.01777427875628953,0.125,0.0,0.8464646464646464,0,O75822:Q7L0R7
TUFM,MRPS30,0.771495934488998,0.23809523809523808,0.262310606060606,0.5833333333333334,-1,P49411:Q9NP92
RXFP3,AP4S1,0.17524811566288717,0.13015873015873014,0.2132275132275132,0.0,0,Q9NSD7:Q9Y587
RPSA,KIAA1143,0.560174158026331,0.0,0.0,1.0,0,P08865:Q96AT1
SNRPD3,DEFB110,0.0,0.10705266955266954,0.5,0.26666666666666666,0,P62318:Q30KQ9
RPS2,RPS2,1.0,0.8431372549019608,0.7024363233665558,0.7480769230769231,0,P15880:P15880
RPS17,CDH1,0.22190077970937566,0.14594457266871055,0.5262390670553936,0.23829787234042554,-1,P08708:P12830
SENP8,H2AC1,0.8481584703513723,0.07692307692307693,0.20714285714285716,0.3333333333333333,0,Q96LD8:Q96QV6
HTATSF1,SNRPG,0.08928989160711642,0.6875850340136054,0.45905483405483405,0.903125,-1,O43719:P62308
NDUFS5,UQCRFS1,0.359697323781872,0.31346153846153846,0.3910256410256409,0.5444444444444445,-1,O43920:P47985
EIF2S2,ABCE1,0.9197982241563643,0.23729395604395603,0.5259259259259259,0.37506613756613755,-1,P20042:P61221
CLIC3,LMNA,0.33973521713266946,0.1614183307731695,0.4518707482993197,0.950574712643678,0,O95833:P02545
RPL9,LYAR,0.1808382455367779,0.08904151404151403,0.3727272727272727,0.7782608695652173,-1,P32969:Q9NX58
NUDT21,NUDT21,1.0,0.6281605975723623,0.4966666666666665,0.851978021978022,1,O43809:O43809
EIF3H,EIF2S2,0.7501442914116023,0.425,0.7992063492063491,0.8447154471544716,-1,O15372:P20042
CD247,CD247,1.0,0.3386104636104636,0.8681623931623932,0.9233333333333333,1,P20963:P20963
EIF2S2,RPS19,0.616691751088808,0.14367604617604618,0.6760797342192691,0.7017543859649122,-1,P20042:P39019
NGF,KLHL3,-0.010523693527550643,0.1037314135140222,0.6307692307692307,0.8222222222222224,0,P01138:Q9UH77
TUFM,MRPL46,0.7669879257420686,0.3333333333333333,0.28991477272727273,0.25,-1,P49411:Q9H2W6
SDC2,PPP1R14C,-0.021131770941897186,0.0,0.6666666666666666,0.125,0,P34741:Q8TAE6
SNRPB2,CRNKL1,0.8164639198812053,0.6285714285714286,0.5430272108843538,0.625,1,P08579:Q9BZJ0
BMI1,H3C1,0.18577794911018372,0.462037037037037,0.8444444444444446,0.9709302325581395,1,P35226:P68431
UTP4,IMP4,0.7103135969761426,0.7708333333333334,0.42013888888888884,0.7958333333333334,-1,Q969X6:Q96G21
RPL13,RPL41,0.9401183564018937,1.0,0.7962406015037593,0.4833333333333334,-1,P26373:P62945
FGG,FGG,1.0,0.1787992007992008,0.7530904280904281,0.6739583333333333,1,P02679:P02679
CDKN1B,SKA1,-0.006309840929200738,0.1823447576567739,0.5681547619047619,0.9191919191919191,0,P46527:Q96BD8
RPS2,EIF1AD,0.7384574401074623,0.25,0.6,0.9648148148148149,-1,P15880:Q8N9N8
RASSF10,POP5,-0.08163517423525139,0.0875,0.18575837742504409,0.8968750000000001,0,A6NK89:Q969H6
RPS12,RPS24,0.9126437608654671,0.48839285714285713,0.7233766233766233,0.6476190476190476,1,P25398:P62847
MCAT,MRPS18B,0.4261883118298285,0.11574074074074074,0.28991477272727273,0.24333333333333332,-1,Q8IVS2:Q9Y676
MRPS25,MRPS21,0.6670838338421641,1.0,0.7306818181818182,0.7222222222222223,-1,P82663:P82921
DMAC1,LSM5,0.5700339057283209,0.07432844932844933,0.19484848484848485,0.0,0,Q96GE9:Q9Y4Y9
EFTUD2,NLRP10,0.21986272204625776,0.1033938283938284,0.5,0.5222222222222223,0,Q15029:Q86W26
MAPK6,UGT1A10,0.15794758463319186,0.13783068783068783,0.3214285714285714,0.5677655677655677,0,Q16659:Q9HAW8
SLIRP,MRPL39,0.5410535598055277,0.1111111111111111,0.4302584670231729,0.625,0,Q9GZT3:Q9NYK5
IL6,RTP2,-0.06665535075631011,0.125,0.4444444444444444,0.9711711711711712,0,P05231:Q5QGT7
TRGV5,CD3G,0.4388412017584209,0.2496873496873497,0.23888888888888885,0.0,0,A0A0B4J1U4:P09693
LRPPRC,NOX4,0.004782714998895399,0.13954348121014787,0.5111111111111111,0.22938988095238094,0,P42704:Q9NPH5
KCNK12,COPS3,0.14257338850368076,0.07114262371615312,0.28571428571428575,1.0,0,Q9HB15:Q9UNS2
ENTPD6,RPL36A,0.019841509464829352,0.10277777777777779,0.3900621118012422,0.12142857142857143,0,O75354:P83881
FCN3,FCN3,1.0,0.4476800976800977,0.623015873015873,0.8666666666666666,1,O75636:O75636
AMBP,APEH,-0.07124400119184543,0.27037037037037037,0.46904761904761905,0.723015873015873,0,P02760:P13798
MPHOSPH10,DCAF13,0.7258488262696668,0.28171991407285524,0.6003333333333333,0.4333333333333333,-1,O00566:Q9NV06
GTPBP6,MRPL49,0.6084296765115241,0.0,0.2432359307359307,0.2380952380952381,-1,O43824:Q13405
RNASEH1,ARAP2,0.0970108162558252,0.09126984126984126,0.2,0.3560606060606061,0,O60930:Q8WZ64
SMN1,RTN1,-0.04375653068343051,0.15023310023310024,0.3125541125541125,1.0,0,Q16637:Q16799
VPS72,DISP1,0.43956654804918144,0.13060966810966812,0.5,0.7333333333333334,0,Q15906:Q96F81
RAN,RAX,0.06994634201217706,0.17761286332714904,0.6,0.15925925925925924,0,P62826:Q9Y2V3
RPS16,UTP3,0.6506644995974091,0.347008547008547,0.5481481481481482,0.875,-1,P62249:Q9NQZ2
SQSTM1,TMEM87A,0.5519620556955807,0.5539772727272727,0.3326839826839827,0.1111111111111111,0,Q13501:Q8NBN3
PIWIL1,TDRKH,0.7023945724201127,0.3675324675324675,0.6666666666666666,0.8928571428571429,1,Q96J94:Q9Y2W6
FOSL1,HSPA2,-0.07431021081989071,0.2198431685273791,0.33163265306122447,0.9370490620490621,-1,P15407:P54652
MSS51,TRIM42,-0.011911219435884107,0.0,0.0,0.9882816661340151,0,Q4VC12:Q8IWZ5
MEOX2,TTLL10,-0.02409715583161444,0.09090909090909091,0.5,0.8874223602484471,-1,P50222:Q6ZVT0
CRBN,IKZF2,0.0254028712775231,0.1,1.0,0.7290123456790123,1,Q96SW2:Q9UKS7
EXOC4,WDR13,0.4912813279647314,0.125,0.6666666666666666,0.0,0,Q96A65:Q9H1Z4
YWHAQ,BAIAP2,0.20248289712699996,0.14523809523809525,0.541693722943723,0.9739795918367348,1,P27348:Q9UQB8
RPS29,RACK1,0.7221713268841751,0.12326580690551278,0.5023809523809524,0.2289497969730528,-1,P62273:P63244
SART1,SNRPE,0.6107476425168402,0.6498168498168497,0.4571986607142857,0.9791666666666666,-1,O43290:P62304
SNU13,NOL10,0.35608877415281326,1.0,0.8222222222222222,1.0,-1,P55769:Q9BSC4
RPS12,EIF1AD,0.7957352001709679,0.25,0.625,0.9648148148148149,-1,P25398:Q8N9N8
PSMA5,ZNF569,0.225677875423213,0.05263157894736842,1.0,0.6444444444444445,0,P28066:Q5MCW4
DPYSL4,MID2,-0.2899460102688717,0.08364841177341176,0.2333333333333333,0.9852627257799672,0,O14531:Q9UJV3
TMC7,ASF1B,0.24252159003059234,0.12055555555555555,0.2857142857142857,0.13903061224489793,0,Q7Z402:Q9NVP2
MRPL30,MRPL42,0.7822718496059858,1.0,0.5049715909090908,0.5833333333333334,1,Q8TCC3:Q9Y6G3
NUP62,NUP37,0.8614847680749336,0.32023809523809527,0.4660818713450292,1.0,-1,P37198:Q8NFH4
CUTA,AKR7L,-0.2231462720870808,0.0,0.4444444444444445,0.125,0,O60888:Q8NHP1
ISG15,SGPP2,0.33301372753882963,0.1134004884004884,0.26190476190476186,0.11388888888888889,0,P05161:Q8IWX5
SLC15A2,TNFRSF25,0.1352922796235587,0.11966248037676609,0.8,0.19642857142857142,0,Q16348:Q93038
ATXN7,SF3B5,0.5984831931051514,0.1624795751633987,0.47571428571428565,0.925,-1,O15265:Q9BWJ5
RPS3,RAD54L2,0.6240101700818488,0.195,1.0,0.699295634920635,0,P23396:Q9Y4B4
GABBR2,REEP1,0.13662997847822964,0.1074074074074074,0.3553571428571428,0.8222222222222224,0,O75899:Q9H902
UBE2I,GFI1,0.13363602374051042,0.3984463793287323,0.4416666666666667,0.7265542328042329,1,P63279:Q99684
MRPS7,MRPL11,0.6878067401075011,1.0,0.4563131313131314,0.28682170542635654,-1,Q9Y2R9:Q9Y3B7
GLE1,GLE1,1.0,0.6190476190476191,0.40964912280701754,0.9759562841530055,1,Q53GS7:Q53GS7
LTBR,TRAF2,0.11138316889768173,0.22660355517498376,0.31423992673992673,0.9568615824362952,1,P36941:Q12933
FST,ZNF519,-0.12401972001728892,0.75,1.0,0.17037037037037037,0,P19883:Q8TB69
GFM1,MRPL4,0.6857326454600687,0.25,0.262310606060606,0.6785714285714286,-1,Q96RP9:Q9BYD3
PRCP,PDZK1,-0.027286761284677316,0.1231737012987013,0.43452380952380953,0.8782608695652173,0,P42785:Q5T2W1
TRAF1,SNED1,0.22125795112255442,0.16666666666666666,0.41666666666666663,0.3333333333333333,0,Q13077:Q8TER0
STAM,TONSL,0.2621711211129656,0.10730158730158733,0.35490196078431374,0.7500000000000001,0,Q92783:Q96HA7
H2BC11,TRIL,-0.19169375794220395,0.23159614723082214,0.43333333333333335,0.7777777777777777,0,P06899:Q7L0X0
ARTN,PHYHIPL,-0.10198396537194589,0.0,0.5,1.0,0,Q5T4W7:Q96FC7
HLA-B,MRPS23,-0.1175698568849147,0.125,0.2965277777777778,0.6785714285714286,0,P01889:Q9Y3D9
VHL,COPS3,0.3957971234914444,0.19231491279188648,0.557142857142857,1.0,1,P40337:Q9UNS2
UBA6,UBD,0.0,0.2853575119506492,0.51875,0.9333333333333332,1,A0AVT1:O15205
IGHV3-23,ANKDD1A,0.25126147095014306,0.16666666666666666,0.0,0.5,0,P01764:Q495B1
RPS3,EEF1A1,0.8884236964235802,0.426025641025641,0.4544047619047619,0.7121604938271605,-1,P23396:P68104
KCTD6,SETDB2,0.16628366831840805,0.12607833343127461,0.56,0.5268070313524859,0,Q8NC69:Q96T68
CD28,ADAMTS8,-0.004263281543528817,0.14722222222222223,0.3611111111111111,0.22123015873015872,0,P10747:Q9UP79
GTF2H3,TAF12,0.6920720240823874,0.33104689829148026,0.6101010101010101,0.7660256410256411,-1,Q13889:Q16514
FEN1,LURAP1,-0.0751225712138602,0.11805555555555555,0.4666666666666666,1.0,0,P39748:Q96LR2
PDHA1,PDHB,0.5805095051317134,0.7769886363636364,0.4346153846153846,0.7186507936507937,1,P08559:P11177
RPLP0,RPL22,0.7504137439958344,0.7181818181818181,0.6882936507936508,0.7931034482758621,-1,P05388:P35268
RSU1,RSU1,0.9999999999999999,0.5416666666666666,0.45555555555555555,1.0,0,Q15404:Q15404
SLC22A6,CMTM5,-0.012816402957295059,0.1402116402116402,0.6666666666666666,0.9961240310077518,0,Q4U2R8:Q96DZ9
PSMA2,COTL1,0.23596346760055192,0.19999999999999998,0.3646825396825397,0.8333333333333333,0,P25787:Q14019
PIAS4,XXYLT1,0.2628539958807749,0.14285714285714285,0.25,0.1874236874236874,0,Q8N2W9:Q8NBI6
DRD3,TDRKH,0.14510242529739295,0.12687590187590186,0.13611111111111113,0.8928571428571429,0,P35462:Q9Y2W6
RPS4X,WDR3,0.5416627932102573,0.5416666666666666,0.5983333333333334,1.0,-1,P62701:Q9UNX4
NDUFB10,UQCRC2,0.7752143480468207,0.7285714285714285,0.5324786324786325,0.8158730158730159,-1,O96000:P22695
RPL31,BOP1,0.2668247903634424,0.11975308641975307,0.27051282051282055,0.9055555555555556,-1,P62899:Q14137
GBE1,OR51F2,-0.058500830193435376,0.14583333333333331,0.3333333333333333,0.16666666666666666,0,Q04446:Q8NH61
HTRA3,XIAP,0.284340067364869,0.14152285336495865,0.4647058823529412,0.8661976911976912,1,P83110:P98170
H4C1,ASXL1,0.12166382763506241,0.16825396825396824,0.4999999999999999,0.7535087719298246,-1,P62805:Q8IXJ9
SLIRP,MRPS16,0.5596613711557513,0.11574074074074074,0.28991477272727273,0.4375,-1,Q9GZT3:Q9Y3D3
ZMAT3,TIMM10B,0.3341909542809859,0.2638888888888889,0.18888888888888888,0.911111111111111,0,Q9HA38:Q9Y5J6
PDHA1,PDK1,0.1828864132476193,0.2174938157081014,0.66875,0.6334325396825397,1,P08559:Q15118
MT-ND1,NDUFA5,0.5765743256323225,0.3410005027652086,0.6605616605616604,0.9270833333333334,-1,P03886:Q16718
EIF2S1,EIF2S2,0.920315205971228,0.425,0.7992063492063491,0.8447154471544716,1,P05198:P20042
TAPT1,TMEM25,0.4010633552108846,0.15079365079365079,0.4419642857142857,0.14285714285714285,0,Q6NXT6:Q86YD3
KRTAP6-2,HEY2,0.0,0.12984984499069005,0.3714285714285715,0.7440586419753087,-1,Q3LI66:Q9UBP5
NCK2,ATL3,0.5542121210500973,0.2136904761904762,0.39897959183673476,0.6210317460317459,0,O43639:Q6DD88
LSM10,MNT,0.502970360650171,0.10873015873015875,0.75,0.6074652777777778,0,Q969L4:Q99583
SNRPD3,RBM48,0.5286017983807086,0.625,0.8400000000000001,0.9722222222222222,-1,P62318:Q5RL73
MRPS25,RBFA,0.5950050641353137,0.14583333333333331,1.0,0.25,-1,P82663:Q8N0V3
H2AC11,H2BC10,0.6806383710756193,0.08520074696545286,0.3224747474747475,0.6944444444444444,1,P0C0S8:P62807
RPS9,NOL10,0.5921047155095267,0.1111111111111111,0.8222222222222222,1.0,-1,P46781:Q9BSC4
SLC15A4,POLH,0.7111899666673566,0.09008658008658008,0.47543859649122805,0.5775,0,Q8N697:Q9Y253
TUFM,MRPL17,0.6786765151127644,0.3333333333333333,0.2491258741258741,0.8125,-1,P49411:Q9NRX2
TVP23A,VASP,-0.176296750386849,0.09832621082621083,0.16222718253968255,0.9558823529411765,0,A6NH52:P50552
GFRA3,ARTN,0.1935621221781861,0.2503472222222222,0.5,0.625,1,O60609:Q5T4W7
ADRA2B,NDUFA11,0.36248874869024467,0.1130952380952381,0.2673992673992674,1.0,0,P18089:Q86Y39
RRP9,RPS14,0.7845518177001239,0.17003968253968255,0.4670068027210884,0.7375,-1,O43818:P62263
NDUFS3,NDUFC2,0.44723629900691575,0.2043349507635222,0.4954365079365079,0.7083333333333334,-1,O75489:O95298
UBOX5,SLC47A1,-0.030642838878012765,0.07007783882783881,0.3194444444444444,0.22418154761904763,0,O94941:Q96FL8
ITGA2B,CIB1,0.03621877871768049,0.1452131832813651,0.4051684088269454,0.8719498910675381,1,P08514:Q99828
UBE2I,SIAH1,0.7187089861487344,0.38534104784104783,0.8384615384615384,0.9328231292517005,1,P63279:Q8IUQ4
HGS,VPS37B,0.4745350986113739,0.2508612599521691,0.4098878394332939,1.0,1,O14964:Q9H9H4
TRIM26,SUCLA2,0.21800694429856116,0.10901003758146617,0.3669191919191919,0.8078703703703705,0,Q12899:Q9P2R7
PZP,LAMTOR4,-0.1562186676987667,0.10289256198347108,0.14994331065759636,0.43660130718954243,0,P20742:Q0VGL1
CD28,CD80,0.22807801643434314,0.21644189144189144,0.8944444444444444,0.8357142857142856,1,P10747:P33681
RPS3A,COA8,0.1154569565217537,0.11681547619047619,0.4107142857142857,1.0,0,P61247:Q96IL0
PTP4A3,UBE2D2,0.20128479660234863,0.09314851814851816,0.4636363636363636,0.8641381766381769,0,O75365:P62837
NUP62,NDC1,0.8522248379065047,0.22367424242424241,0.798892580287929,0.625,-1,P37198:Q9BTX1
MRPS15,MRPL1,0.40087675986361554,1.0,0.8017676767676768,0.625,-1,P82914:Q9BYD6
NDUFS4,UQCRH,0.48784149785426245,0.6818181818181818,0.5629960317460317,0.890625,-1,O43181:P07919
DAP3,MRPS31,0.7792134445744757,1.0,0.6787190082644629,0.55,-1,P51398:Q92665
CACTIN,PPIL3,0.7937448748032601,0.38791423001949316,0.761904761904762,0.712962962962963,0,Q8WUQ7:Q9H2H8
RPL10,NIFK,0.6661205231545138,0.15277777777777776,0.3053571428571429,0.6666666666666666,-1,P27635:Q9BYG3
RNASEH2A,MYRFL,0.2422370472196641,0.09191176470588236,0.225,0.25,0,O75792:Q96LU7
MED7,SPACA1,0.5778756436132757,0.14285714285714285,0.15476190476190477,1.0,0,O43513:Q9HBV2
OXA1L,MRPL15,0.4750612617085058,0.5416666666666666,0.5314285714285714,0.75,-1,Q15070:Q9P015
NDUFAF8,BABAM2,0.031478439448532396,0.09221630445678888,0.22258064516129034,0.875,0,A1L188:Q9NXR7
IL1B,APOA1,-0.00665472758581495,0.15344865707768932,0.5807738095238096,0.777088948787062,0,P01584:P02647
RAC1,PRDM10,0.4192702817895463,0.17994505494505492,0.505,0.37333333333333335,0,P63000:Q9NQV6
RPS9,RPS21,0.9079434630485974,0.7777777777777778,0.7340136054421768,0.7272727272727273,1,P46781:P63220
FSHR,MEOX2,-0.03936372175073555,0.15566849816849815,0.3466666666666666,0.9590657822001106,0,P23945:P50222
MRPS14,PKD2,0.5051088094474443,0.09807171003599573,0.2490121580547112,0.717157337611883,0,O60783:Q13563
PRPF6,TXNL4A,0.32372426211278044,0.5031746031746032,0.5533730158730158,1.0,1,O94906:P83876
NOL3,SDC4,0.2606592531547201,0.12867183321728773,0.4714285714285715,0.9138888888888889,0,O60936:P31431
ZCCHC18,MRPL35,0.2205260832137741,0.0,0.20102813852813853,0.17142857142857143,0,P0CG32:Q9NZE8
GIPC1,FANCF,-0.07127669992806317,0.13333333333333333,0.475,1.0,0,O14908:Q9NPI8
TRBV9,GOLGA8R,0.03069442820586218,0.125,0.2222222222222222,0.0,0,A0A0B4J1U6:I6L899
PDK1,TERB1,0.032328670359144156,0.15661375661375662,0.13055555555555556,1.0,0,Q15118:Q8NA31
RPS3,RPS19,0.9440207520218297,0.24346306471306461,0.6760797342192691,0.7017543859649122,-1,P23396:P39019
RPL10A,RPL7L1,0.612713619717076,0.11805555555555555,0.39999999999999997,0.5714285714285714,-1,P62906:Q6DKI1
ADA2,MID2,-0.09267142982565311,0.12788299663299665,0.2333333333333333,0.9769006568144499,0,Q9NZK5:Q9UJV3
CALCR,PPME1,0.1472346364022261,0.12698412698412698,0.3333333333333333,0.4077838827838828,0,P30988:Q9Y570
MPDU1,EIF3G,-0.06282236750133376,0.2785714285714286,0.38333333333333336,0.8080808080808081,0,O75352:O75821
NCBP2,PRPF8,0.7058211463226522,0.4618343195266271,0.5383503401360543,0.8459935897435896,-1,P52298:Q6P2Q9
PRKN,NDUFB9,0.7344345736158765,0.15923821548821548,0.24285714285714288,0.890625,0,O60260:Q9Y6M9
RPS5,RPS15A,0.9549348277293556,0.6027777777777777,0.739021164021164,0.6911764705882353,-1,P46782:P62244
XAF1,MSRB2,0.17424583047873946,0.1349206349206349,0.6000000000000001,0.6904761904761904,0,Q6GPH4:Q9Y3D2
AIMP2,GPRC5C,-0.11602861000904899,0.25,0.31481481481481477,0.18333333333333335,0,Q13155:Q9NQ84
AKAP5,ACBD7,0.7558274616760978,0.1,0.0,0.7222222222222222,0,P24588:Q8N6N7
GHRH,MCEE,-0.12323332366332489,0.09444444444444444,0.2,0.27083333333333337,0,P01286:Q96PE7
RPS28,UTP14A,0.7802404612949158,1.0,0.5388888888888889,0.9347826086956522,-1,P62857:Q9BVJ6
UQCRQ,NDUFB9,0.3239356966771249,0.28261183261183265,0.6178571428571428,0.0,-1,O14949:Q9Y6M9
TCF3,TTBK2,0.355762145921659,0.12851821381233144,0.45686274509803915,0.3155575905575906,0,P15923:Q6IQ55
IL17A,MMP28,0.0018701126282981162,0.18333333333333335,0.5208333333333333,0.5102040816326531,0,Q16552:Q9H239
POLR2K,MED10,0.8400662352828416,0.13216374269005848,0.6333333333333333,0.8632478632478632,-1,P53803:Q9BTT4
MSRB3,CISD1,0.09116994561915484,0.13068181818181818,0.8518518518518517,0.34897959183673477,0,Q8IXL7:Q9NZ45
NCBP2,LSM6,0.8107324865243751,0.5523809523809524,0.3613095238095238,0.9574468085106383,-1,P52298:P62312
RPS28,RPS27A,0.8957178438873699,0.5902777777777778,0.8273681515617,0.7761111111111111,-1,P62857:P62979
CSNK1A1,RPS27A,0.550907947484752,0.22407407407407406,0.8273681515617,0.7761111111111111,-1,P48729:P62979
PRPF6,IK,0.8666760922605489,0.443859649122807,0.5341991341991342,1.0,-1,O94906:Q13123
RPSA,RPS19,0.9467565327312283,0.24346306471306461,0.6760797342192691,0.7017543859649122,-1,P08865:P39019
SGCG,ESR2,-0.0904470294077352,0.09411616161616161,0.37962962962962965,0.642141131815045,0,Q13326:Q92731
RHOBTB3,WASF1,0.19861352023083284,0.10069440363558012,0.33166666666666667,0.9027777777777777,0,O94955:Q92558
GTPBP1,BCL10,0.46589608359661494,0.18460679532108099,0.7554945054945056,0.8514084507042253,0,O00178:O95999
MRPL52,MRM2,0.8336908017916119,0.12176527176527174,0.5833333333333334,0.1,-1,Q86TS9:Q9UI43
L1CAM,RPL28,-0.23248519431847856,0.17777777777777778,0.38864468864468854,0.7692307692307693,0,P32004:P46779
RPL7A,LYAR,0.2699287492728462,0.24607466063348413,0.6454545454545455,0.7782608695652173,-1,P62424:Q9NX58
EPRS1,RPUSD4,0.4495098091149737,0.14186507936507936,0.29000000000000004,0.4835497835497837,0,P07814:Q96CM3
TIPRL,TIPRL,1.0,0.5833333333333334,1.0,0.9142857142857143,1,O75663:O75663
UBE2V1,FAM151B,0.3717974028920772,0.25,0.5,1.0,0,Q13404:Q6UXP7
MRPL3,OR2A7,0.17914146423956664,0.1125,0.29166666666666663,0.19444444444444442,0,P09001:Q96R45
PLRG1,PLRG1,1.0,0.6887464387464387,0.5317765567765568,1.0,1,O43660:O43660
H3C1,H2BC1,0.9528622772190861,0.3980623543123543,0.5084656084656085,0.5,-1,P68431:Q96A08
RPS24,RPL8,0.9521756489808729,1.0,0.6457482993197278,0.5166666666666667,-1,P62847:P62917
KRIT1,TMEM141,0.04419483960122265,0.0,0.5833333333333334,1.0,0,O00522:Q96I45
RPS25,EIF4G1,0.5687067284166127,0.19437310574853828,0.7770186335403725,0.8386986301369863,-1,P62851:Q04637
RPS15A,MAN2C1,0.5322584302796657,0.18333333333333335,0.9166666666666666,0.27499999999999997,0,P62244:Q9NTJ4
RPS8,LRRC47,0.4894982829974816,0.125,0.0,0.4583333333333333,-1,P62241:Q8N1G4
SMG9,MEAF6,0.6539236670965081,0.2026830808080808,0.2506198347107437,0.8153846153846154,0,Q9H0W8:Q9HAF1
H3C1,H3C1,1.0,0.6417989417989418,0.8444444444444446,0.9709302325581395,1,P68431:P68431
UTP15,RRP7A,0.7427948631313419,0.3129370629370629,0.5318181818181819,0.8928571428571429,-1,Q8TED0:Q9Y3A4
RPL21,RPL15,0.8893696640300005,0.82,0.6668571428571428,0.5892857142857143,-1,P46778:P61313
TFAM,TFAM,0.9999999999999999,0.3985497932866353,0.5456140350877192,0.678628117913832,1,Q00059:Q00059
BCL2A1,BCL2A1,1.0,0.2922815279958137,0.6666666666666666,0.9358974358974359,1,Q16548:Q16548
STING1,YIPF2,0.28271733115316316,0.2,0.19074074074074074,0.9770114942528735,-1,Q86WV6:Q9BWQ6
EIF2S2,RPS9,0.49914245063612767,0.18796296296296297,0.669426406926407,0.5533333333333333,-1,P20042:P46781
POLR2D,POLR2M,0.2188440992834342,0.16666666666666666,0.3988215488215488,0.25,-1,O15514:P0CAP2
TAF9,GTF2H4,0.5818616215510072,0.5669642857142857,0.9127413127413125,0.8041666666666666,-1,Q16594:Q92759
MRPS5,MRPS15,0.36866497128044434,1.0,0.5039772727272727,0.5333333333333334,-1,P82675:P82914
RPS15A,MALSU1,0.5101787120490722,0.1800189393939394,0.31428571428571433,0.8911111111111111,0,P62244:Q96EH3
CYB5A,RBX1,-0.26984683904674606,0.0741592236389278,0.6313668992012942,0.6543730158730158,0,P00167:P62877
MT-ND6,NDUFV3,0.014433658343628315,0.3392911010558069,0.47794117647058826,0.2625,-1,P03923:P56181
RPS19,AP1AR,0.44792696592727216,0.12366973304473305,0.2669642857142857,0.5333333333333333,0,P39019:Q63HQ0
TCF4,PTPRO,0.015024952239587655,0.13740275927775927,0.2855555555555555,0.4715167548500882,0,P15884:Q16827
SNRPD3,ESS2,0.5786563853032896,0.6923076923076924,0.7083333333333334,1.0,0,P62318:Q96DF8
NDUFAB1,DDX28,0.1337888525561038,0.18333333333333335,0.54,0.15995670995670996,-1,O14561:Q9NUL7
RFC5,SRSF9,0.8223064969675683,0.11964285714285712,0.9185185185185184,0.8125,0,P40937:Q13242
AQR,KIN,0.8928387696647967,0.26406926406926406,0.5592592592592592,0.44285714285714295,-1,O60306:O60870
ELOB,TPSD1,0.00920933273649612,0.16666666666666666,0.5,0.15476190476190477,0,Q15370:Q9BZJ3
CEP63,KLF6,0.4007402076714698,0.09636363636363636,0.4772727272727273,0.512962962962963,0,Q96MT8:Q99612
DAP3,MRPL1,0.7371513776919006,1.0,0.8017676767676768,0.625,-1,P51398:Q9BYD6
KBTBD2,COPS4,0.5623367076763204,0.15773809523809523,0.40888888888888897,0.16414141414141412,0,Q8IY47:Q9BT78
ARL13B,TSPO2,-0.13108134747164144,0.11641414141414141,0.29074074074074074,0.9706140350877194,-1,Q3SXY8:Q5TGU0
CBFB,ELOC,0.298014116661927,0.38157051282051285,0.5699685534591196,0.9732704402515723,1,Q13951:Q15369
MED4,CCDC198,-0.18164360977951827,0.09090909090909091,0.5833333333333334,1.0,0,Q9NPJ6:Q9NVL8
MRPS22,MTIF3,0.45302813850165063,0.12222222222222223,1.0,0.9606995884773663,-1,P82650:Q9H2K0
GMFB,CLEC11A,0.23233148227260897,0.5,0.14285714285714285,0.4666666666666667,0,P60983:Q9Y240
MRPL2,MRPS2,0.7529985568810889,0.6944444444444445,0.5242424242424242,1.0,-1,Q5T653:Q9Y399
DYRK1A,LIN52,0.6324673020190046,1.0,0.9285714285714285,1.0,1,Q13627:Q52LA3
AHRR,ODC1,0.7827506231217582,0.16124338624338624,0.6428571428571429,0.7265625,0,A9YTQ3:P11926
NPPA,ESR1,-0.036175500143610415,0.14966959270237956,0.4609965635738832,0.8539427892369069,-1,P01160:P03372
TRAF2,EXD2,0.44046439714095303,0.16547619047619047,0.27179487179487183,0.34302849927849927,0,Q12933:Q9NVH0
STMN1,KRTAP1-5,0.030443544821189047,0.0,0.5714285714285714,1.0,0,P16949:Q9BYS1
BMF,SLC39A2,-0.05271650757259207,0.08689458689458689,0.7142857142857143,0.9212018140589568,0,Q96LC9:Q9NP94
MRPS24,SLIRP,0.46386652693177033,0.09916666666666667,0.535515873015873,0.3333333333333333,-1,Q96EL2:Q9GZT3
TEX101,BAG5,0.8648493341949126,0.12041968448218447,0.3756410256410257,0.9151515151515153,0,Q9BY14:Q9UL15
VBP1,PRR7,0.47998326775581024,0.12884615384615386,0.42179487179487185,0.625,0,P61758:Q8TB68
CACTIN,C9orf78,0.6972363902311809,0.540625,0.6047619047619047,0.7222222222222222,1,Q8WUQ7:Q9NZ63
RRAGC,FNIP2,0.5820747088656829,0.22397087039944183,0.6309523809523809,0.9272727272727272,1,Q9HB90:Q9P278
DENR,RPS12,0.694795602429241,0.14214489214489215,0.4242599742599742,0.53125,-1,O43583:P25398
GPR50,MED4,0.05990865880977643,0.09559884559884561,0.5871794871794873,0.9388690476190475,0,Q13585:Q9NPJ6
ZWINT,MIS12,0.44178678709609553,0.3348214285714286,0.6574074074074074,1.0,1,O95229:Q9H081
MRPL41,MRPL24,-0.1631798529564048,1.0,0.5882867132867132,0.5833333333333334,1,Q8IXM3:Q96A35
C4B,RPS3,-0.1197551720675439,0.10418227771168947,0.3558661145617667,0.6262049941927991,0,P0C0L5:P23396
RPL36A,LYAR,0.2234665215876895,0.08904151404151403,0.3727272727272727,0.7782608695652173,-1,P83881:Q9NX58
HAUS1,JMJD4,0.5852630481623582,0.10683760683760683,0.55,0.4108843537414966,0,Q96CS2:Q9H9V9
RPL35,EIF5A,0.5982275990324429,0.1711940836940837,0.5166666666666667,0.31410256410256415,-1,P42766:P63241
RPS17,RPS16,0.9174427945016257,0.5594877344877344,0.7003759398496241,0.47916666666666674,-1,P08708:P62249
ME1,GAS2L2,0.09581475853679425,0.09402056277056277,0.4444444444444444,0.9306666666666668,0,P48163:Q8NHY3
UBE2D2,RPS27A,0.6003680786335068,0.2986111111111111,0.8273681515617,0.7761111111111111,1,P62837:P62979
RPS2,RPS15A,0.9247997539793316,0.6027777777777777,0.739021164021164,0.6911764705882353,1,P15880:P62244
EIF2S2,RACK1,0.6563629695300321,0.11846223221223222,0.5023809523809524,0.8351882613510518,-1,P20042:P63244
PRMT3,SPATA2,0.16772884789235368,0.11364638447971782,0.8571428571428571,0.9114583333333333,0,O60678:Q9UM82
LRPPRC,MRPS16,0.8164002239604726,0.17777777777777778,0.28991477272727273,0.4375,-1,P42704:Q9Y3D3
RPS2,PA2G4,0.7734112167209455,0.09437229437229437,0.41595238095238096,0.7092857142857143,-1,P15880:Q9UQ80
HNRNPA3,KREMEN1,0.22418636978592688,0.07690656961812793,0.38888888888888884,0.8666666666666667,0,P51991:Q96MU8
ASTN2,ENO1,-0.046898943438391565,0.0929071415913521,0.4583333333333333,0.1669563601381783,0,O75129:P06733
HMOX1,TLCD4,-0.1649746341800058,0.25,0.6,1.0,-1,P09601:Q96MV1
RARB,RXRA,0.12428389527814328,0.384263653013653,0.7292857142857145,0.7294763840495547,1,P10826:P19793
MRPS9,AURKAIP1,0.4724301502318903,0.30357142857142855,0.5114853896103897,1.0,-1,P82933:Q9NWT8
RAP1B,RASSF5,0.3152641010903913,0.1892094017094017,0.2888888888888889,0.9859649122807018,-1,P61224:Q8WWW0
LAT,MFF,0.1669345012675019,0.14139194139194142,0.34656084656084657,0.9953271028037384,-1,O43561:Q9GZY8
MBLAC1,RBM26,0.525323325063062,0.0,1.0,0.4916666666666667,0,A4D2B0:Q5T8P6
MRPL58,MRPL20,0.6524188123555338,1.0,0.49829545454545454,0.13363095238095238,-1,Q14197:Q9BYC9
MT-ND1,NDUFV2,-0.06438386296548422,0.5790508511096746,0.526251526251526,0.9282608695652175,-1,P03886:P19404
HSBP1,ADAMTS15,0.10501334969378681,0.1392857142857143,0.3958333333333333,0.24047619047619045,0,O75506:Q8TE58
MT-ATP6,ATP5PO,0.19008721697002137,0.8117647058823529,0.48863636363636365,0.9280000000000002,-1,P00846:P48047
GOLIM4,MPHOSPH6,0.30301974232712264,0.0,0.27989417989417986,0.0,0,O00461:Q99547
NUP160,NUP35,0.8038182096132617,0.3287179487179487,0.8146341463414634,0.7685185185185185,-1,Q12769:Q8NFH5
SNAPIN,DTNBP1,0.5016903858700834,0.17864720749336133,0.263843537414966,1.0,1,O95295:Q96EV8
H4C1,BARD1,0.1071151159202739,0.13636063936063936,0.7177990708478514,0.8425287356321839,1,P62805:Q99728
NDUFB6,UQCRC2,0.35176750817385793,0.7285714285714285,0.543956043956044,0.8158730158730159,-1,O95139:P22695
H2AC4,MCRIP2,0.489080177890199,0.0,0.45555555555555555,1.0,0,P04908:Q9BUT9
MAP4K4,GABARAPL1,0.017845822586829426,0.13722222222222222,0.30512820512820515,0.9638694638694637,0,O95819:Q9H0R8
GNAO1,IMPDH1,-0.3004854922455519,0.07142857142857142,0.4757936507936509,0.648168498168498,0,P09471:P20839
NDUFB7,UQCRC1,0.6206873762056546,0.5451298701298701,0.44227994227994233,0.9188095238095237,-1,P17568:P31930
PTH2R,USP46,0.14763802565302261,0.121875,0.27777777777777773,0.6886363636363636,0,P49190:P62068
TRBV9,CST6,-0.06277659079828041,0.17142857142857143,0.5714285714285714,0.0,0,A0A0B4J1U6:Q15828
PRAMEF4,IFNA2,0.0,0.1408459595959596,0.4722222222222222,0.13888888888888887,0,O60810:P01563
PSMB2,BAALC,-0.21945383564038,0.0,0.575,1.0,0,P49721:Q8WXS3
KPNB1,ANKMY1,0.42384164347657904,0.0,0.0,0.5,0,Q14974:Q9P2S6
UCP3,TMEM175,-0.09592366682771172,0.36925747863247865,0.1911111111111111,0.3494949494949495,0,P55916:Q9BSA9
HDGFL1,RNF168,0.6130475704522178,0.2396329644695658,0.26630824372759854,0.0,0,Q5TGJ6:Q8IYW5
FEN1,HPS6,0.5385759248336768,0.13393157768157768,0.281060606060606,0.8333333333333333,0,P39748:Q86YV9
PHLDB1,PSENEN,0.1728606522023561,0.09714452214452216,0.6270408163265306,0.8991596638655461,0,Q86UU1:Q9NZ42
DENR,RPL41,0.656871953521279,0.15079365079365079,0.45413533834586456,0.36666666666666664,-1,O43583:P62945
C20orf202,CRBN,0.45408115711704533,0.0,0.0,0.9529411764705882,0,A1L168:Q96SW2
CCDC121,OR4K3,0.0,0.0,0.0,0.16666666666666666,0,Q6ZUS5:Q96R72
SFN,RAG2,-0.0544356017456742,0.13222904546433958,0.35,0.23095238095238096,0,P31947:P55895
MAGOHB,KCNE3,0.09210022363310742,0.07805246224363872,0.3111111111111111,0.4076617826617827,0,Q96A72:Q9Y6H6
POLR2G,POLR2G,1.0,0.3142857142857142,0.9664355062413313,0.9428571428571428,1,P62487:P62487
SLITRK4,PSENEN,-0.17677647706691998,0.09714452214452216,0.6270408163265306,0.8991596638655461,0,Q8IW52:Q9NZ42
TBCC,NR1H4,0.013652697654061057,0.12086618831901849,0.4075757575757576,0.4926943426943427,0,Q15814:Q96RI1
METTL17,MRPS18C,0.5546487144021579,1.0,0.18655303030303028,0.2222222222222222,-1,Q9H7H0:Q9Y3D5
CRNKL1,XAB2,0.8480415120312097,0.497108843537415,0.7506802721088437,1.0,1,Q9BZJ0:Q9HCS7
RPS19,RPS15,0.9087486320905068,0.4670970695970695,0.7455026455026454,0.5428571428571428,-1,P39019:P62841
HSD17B14,CPNE5,0.09702940890040802,0.1102971102971103,0.2833333333333333,0.225,0,Q9BPX1:Q9HCH3
TNNT1,ACTR3C,-0.11339348214292136,0.0,0.16666666666666666,0.22916666666666666,0,P13805:Q9C0K3
BRI3,EXO1,-0.05682805751118116,0.0,0.4688888888888889,0.6246413717001954,0,O95415:Q9UQ84
ATP6AP1,TNXA,0.06350659257519033,0.0,1.0,0.0,0,Q15904:Q16473
LSM8,LSM2,0.7679985618763492,0.7194444444444444,0.3603896103896104,0.9464285714285714,1,O95777:Q9Y333
NBN,ESCO1,0.661472000265607,0.1638888888888889,0.5666666666666668,0.2325892857142857,0,O60934:Q5FWF5
PSME1,TUBB2A,-0.4950165357127745,0.14682539682539683,0.3314814814814815,0.7632936507936507,-1,Q06323:Q13885
NDUFA8,RNF7,0.10594382096321367,0.09423724423724424,0.19685314685314687,0.6897790647790647,0,P51970:Q9UBF6
SNRPE,TXNL4A,0.39154925062949963,0.5031746031746032,0.5533730158730158,1.0,-1,P62304:P83876
NUP54,NUP88,0.6381301393072294,0.5,0.33333333333333326,0.9166666666666666,-1,Q7Z3B4:Q99567
RPS28,RPL30,0.8952509159787736,0.6628891941391941,0.5863492063492063,0.5347222222222222,-1,P62857:P62888
WRAP53,C1orf21,0.11133155834439733,0.0,0.0,1.0,0,Q9BUR4:Q9H246
HSPD1,DBNDD1,-0.14675686822011866,0.2,1.0,0.0,0,P10809:Q9H9R9
ABRAXAS2,SSC4D,-0.2646568318836501,0.0,0.5,0.0,0,Q15018:Q8WTU2
RPS5,RPL31,0.9211636879679871,1.0,0.6769841269841269,0.7916666666666666,-1,P46782:P62899
RPS23,RPL30,0.966019203867624,0.6628891941391941,0.5863492063492063,0.5347222222222222,-1,P62266:P62888
GABRB3,BRK1,-0.25787806461180357,0.17940443394988848,0.2648351648351649,0.9803240740740742,0,P28472:Q8WUW1
PCNA,MED27,0.34646711727436574,0.32621832358674463,0.4694444444444444,0.8055555555555557,0,P12004:Q6P2C8
EXOSC9,NUP88,0.8257209351023171,0.09954545454545456,0.8787037037037037,0.9166666666666666,0,Q06265:Q99567
EXOSC2,ZNF768,0.4473914224343391,0.15476190476190477,0.625,0.774537037037037,0,Q13868:Q9H5H4
AMY1A,WDR5,-0.14482775274713483,0.10256240672907341,0.38576548899129554,0.19795726495726493,0,P0DUB6:P61964
GPX5,SLC30A6,0.02177779305444745,0.08939393939393939,0.20625000000000002,0.12717490842490842,0,O75715:Q6NXT4
RPS27A,SLX9,0.3575938213841383,0.1111111111111111,0.40740740740740744,1.0,-1,P62979:Q9NSI2
RPL15,RPS13,0.8927194204597692,0.6994047619047619,0.6767857142857142,0.6355555555555554,-1,P61313:P62277
SLC25A38,ZSCAN16,0.615738757575193,0.06666666666666667,0.5,0.11513468013468013,-1,Q96DW6:Q9H4T2
PSMC6,COQ8B,0.6027448051739093,0.10984848484848486,0.3761904761904762,0.3194444444444444,0,P62333:Q96D53
WDR91,RPS21,0.6351687735470584,0.15833333333333333,0.7340136054421768,0.7272727272727273,0,A4D1P6:P63220
SEC61G,RPL7A,0.6228761244772193,0.08106060606060606,0.6275510204081632,0.7058823529411765,-1,P60059:P62424
DLL1,MRPL27,0.06718063244555968,0.15476190476190477,0.1884920634920635,0.5,0,O00548:Q9P0M9
MCM2,MCM6,0.8511049050943363,0.28442975630798123,0.6586666666666667,0.7879456154046318,1,P49736:Q14566
MRM3,MRPL39,0.7999441722931877,0.125,0.4302584670231729,0.625,-1,Q9HC36:Q9NYK5
C1QA,C1QC,0.9965409629186267,0.36553446553446556,0.586,1.0,1,P02745:P02747
INSL3,SOX21,-0.06445905917572281,0.13526785714285713,0.35,0.1962962962962963,0,P51460:Q9Y651
IGLC1,IGLC1,1.0,0.6060606060606061,0.7964912280701756,1.0,0,P0CG04:P0CG04
SQLE,SLC38A9,0.4314726865971415,0.11793650793650794,0.190668202764977,0.6842261904761905,0,Q14534:Q8NBW4
PPIG,PPIE,0.8920248084555189,0.37865497076023397,0.6574646074646076,0.6701058201058201,-1,Q13427:Q9UNP9
HTATSF1,SNRPF,0.17115983156171416,0.7349816849816849,0.48805418719211824,0.9776119402985075,1,O43719:P62306
NDUFS5,UQCRB,0.8160969477166349,0.8,0.6255668934240362,1.0,-1,O43920:P14927
MRPL52,MRPS33,0.5569963999347488,1.0,0.6756198347107438,1.0,-1,Q86TS9:Q9Y291
SNRNP40,NOSIP,0.47716383334960094,0.1053030303030303,0.5142857142857143,0.6157407407407408,-1,Q96DI7:Q9Y314
SAMD9,NAA80,0.025209914984085622,0.09060939060939059,0.8333333333333334,0.38583333333333336,0,Q5K651:Q93015
HTRA3,EHD3,-0.22170560308275394,0.11148382867132867,0.2784798534798535,0.8452380952380952,0,P83110:Q9NZN3
CD79A,CLN6,0.5164061198326666,0.11331692998359665,0.3181286549707602,0.9519607843137255,-1,P11912:Q9NWW5
RRP9,RPS5,0.7529862353137382,0.21388888888888888,0.41459899749373424,0.5769230769230769,-1,O43818:P46782
ALYREF,THOC3,0.7107526543532142,0.5405844155844155,0.5818181818181819,1.0,-1,Q86V81:Q96J01
RPP14,PRSS42P,0.009904118492337721,0.08956228956228957,0.4583333333333333,0.14285714285714285,0,O95059:Q7Z5A4
EIF2S1,RPS14,0.6235101896701226,0.18087301587301585,0.6812925170068027,0.7375,1,P05198:P62263
COPS6,COPS5,0.6421927884268871,0.21787568802229157,0.45781893004115226,0.8775827280064568,1,Q7L5N1:Q92905
RPL10,EEF1A1,0.881776875305945,0.426025641025641,0.41690476190476194,0.7121604938271605,-1,P27635:P68104
RPL5,FTSJ3,0.8360279681307276,0.41666666666666663,0.487037037037037,0.6686728395061727,-1,P46777:Q8IY81
SNRPC,USP39,0.7285740307634254,0.4484126984126984,0.5145833333333333,0.7113095238095238,-1,P09234:Q53GS9
MRPS35,TIGD5,0.22360580223311965,0.0,0.5,0.75,0,P82673:Q53EQ6
SEC13,NDC1,0.5866042400469638,0.22435966810966812,0.798892580287929,0.6666666666666666,-1,P55735:Q9BTX1
RTP1,PABIR1,-0.1726674662896008,0.068218954248366,0.425,0.1670686456400742,0,P59025:Q96E09
RPL10A,LAS1L,0.23700031397590476,0.13095238095238096,0.37658730158730164,0.5285714285714286,0,P62906:Q9Y4W2
SNRPD1,PPIG,0.6810365121609212,0.4222222222222222,0.6138888888888888,0.7766666666666667,-1,P62314:Q13427
ERCC8,ZNF679,0.25724134375073876,0.15476190476190477,1.0,0.6888888888888889,0,Q13216:Q8IYX0
COX17,LEO1,0.2629632135321022,0.11939935064935064,0.4307692307692307,0.9603174603174603,0,Q14061:Q8WVC0
PSKH1,PFDN5,0.6580730350832849,0.13836080586080585,0.4121212121212121,0.9879032258064516,0,P11801:Q99471
PCSK9,DDX28,-0.07386586319526786,0.12142857142857141,0.33999999999999997,0.35080348943985307,0,Q8NBP7:Q9NUL7
NDUFS1,NDUFA12,0.83671318780389,0.26051587301587303,0.40625,0.78125,1,P28331:Q9UI09
IGHA2,RTL8A,-0.17595954186062127,0.0,0.0,0.5,0,P01877:Q9BWD3
RPS7,YIPF6,0.36175697229972703,0.12698412698412698,0.2950892857142857,1.0,0,P62081:Q96EC8
CCND3,ASPHD2,-0.0002713430771093242,0.0,0.5,0.6000000000000001,0,P30281:Q6ICH7
NDUFAB1,UQCRFS1,0.7970704773544808,0.24542124542124544,0.4024725274725275,0.5444444444444445,-1,O14561:P47985
ITCH,TP63,0.2403566670599539,0.14197722775308985,0.8072916666666667,0.8242374727668846,1,Q96J02:Q9H3D4
MT-ND3,NDUFV2,-0.016174415985229913,0.5790508511096746,0.519230769230769,0.9282608695652175,-1,P03897:P19404
CASC3,UPF3B,0.6744712491209902,0.42488176363774444,0.6092592592592593,0.9093023255813953,1,O15234:Q9BZI7
RPL30,EBNA1BP2,0.35333461993315757,0.13392857142857142,0.2761904761904762,0.8125,-1,P62888:Q99848
HLA-DMA,TENT4B,0.2478196647030314,0.09882448900306041,0.4272727272727273,0.26865079365079364,0,P28067:Q8NDF8
CMTR2,POLR3B,0.618078197561943,0.12548701298701298,0.37777777777777777,0.10142797017797017,0,Q8IYT2:Q9NW08
RPS5,RPS23,0.893591666851621,0.7725,0.6914053426248548,0.6590909090909091,-1,P46782:P62266
TP53,S100A4,0.3127243002949373,0.29006410256410253,0.42976190476190484,0.8854166666666667,1,P04637:P26447
BUD23,NOB1,0.3710963151711255,0.1685185185185185,0.5555555555555556,0.5107142857142858,-1,O43709:Q9ULX3
ARTN,HTRA1,-0.027568510713369434,0.17008928571428572,0.37499999999999994,0.7966269841269842,0,Q5T4W7:Q92743
CACNG3,NSUN4,-0.1396941119626827,0.09,0.17,0.210897940443395,0,O60359:Q96CB9
ATP5F1B,ATP5F1E,0.3059960396769577,0.7647058823529411,0.4702020202020202,0.6357142857142856,-1,P06576:P56381
AATF,UTP18,0.6713604157530833,0.5454545454545454,0.5621212121212122,0.625,-1,Q9NY61:Q9Y5J1
RPL13,SEC61B,0.3960287742867358,0.11249999999999999,0.5242424242424243,0.8214285714285714,-1,P26373:P60468
UBE2G2,NETO2,-0.1107136693899158,0.08881578947368421,0.22916666666666666,0.8888888888888888,0,P60604:Q8NC67
NCBP2,SRRM1,0.6347559607437404,0.5791666666666667,0.7492063492063492,0.8333333333333334,-1,P52298:Q8IYB3
H4C1,H2AC1,0.11568616809930121,0.16666666666666666,0.49861111111111106,0.4444444444444445,1,P62805:Q96QV6
NGDN,WDR36,0.7283451521169326,0.39393939393939387,0.6476190476190478,1.0,-1,Q8NEJ9:Q8NI36
MTA1,EYA3,0.763548995666953,0.26499193616840677,0.6377777777777779,0.6541062801932366,0,Q13330:Q99504
H2BC10,H2BC10,1.0,0.3785714285714286,0.5393939393939395,0.6944444444444444,1,P62807:P62807
NCOA1,RORB,0.20955485315372363,0.33144637678951405,0.65,0.7070294784580499,1,Q15788:Q92753
GINS4,ANKEF1,0.13474280609391098,0.0,0.0,0.9074074074074076,0,Q9BRT9:Q9NU02
CCDC134,USE1,0.3060203748591814,0.11706349206349206,0.376984126984127,0.9703703703703703,0,Q9H6E4:Q9NZ43
SLC25A4,ERCC8,-0.24013100098038193,0.12681713711125475,0.420734126984127,0.9602272727272727,0,P12235:Q13216
EIF2S1,EIF2B5,0.4869294996600512,0.2792644855144855,0.49090909090909096,0.6279761904761905,1,P05198:Q13144
CSN1S1,UBQLN2,-0.02038353056405842,0.09119880119880121,0.35833333333333334,0.9950381679389313,-1,P47710:Q9UHD9
LOX,TMPRSS13,-0.005463301734336966,0.5,0.4583333333333333,0.16666666666666666,0,P28300:Q9BYE2
FABP9,ZYX,0.06129582880684658,0.06967787114845939,0.3416666666666667,0.12478354978354979,0,Q0Z7S8:Q15942
RPS14,RPS26,0.8683737443582282,0.8673469387755102,0.7300264550264549,0.6099999999999999,1,P62263:P62854
MRPL43,MAP1LC3B,0.24558770284311357,0.13568121693121693,0.26415343915343914,0.9673202614379085,0,Q8N983:Q9GZQ8
RAD51C,RAD51C,1.0,0.2995773166227712,0.6684782608695652,0.8392213642213643,0,O43502:O43502
CPSF7,FBLIM1,0.268184029087444,0.10096153846153846,0.4045454545454545,0.8941176470588235,0,Q8N684:Q8WUP2
EIF2S2,EIF3A,0.8910066277356289,0.4,0.5493827160493827,0.7533333333333333,-1,P20042:Q14152
NUP214,SEH1L,0.3558544040456682,0.15797506586980273,0.6484383000512033,0.9259259259259258,-1,P35658:Q96EE3
RPS9,RPS25,0.92680562399605,0.7834821428571428,0.6813186813186813,0.6785714285714286,-1,P46781:P62851
CNR2,GNB1,0.020233633324476086,0.3175925925925926,0.45141442715700125,0.8865740740740741,1,P34972:P62873
WDR70,PPIE,0.8994702233159186,0.0,0.6574646074646076,0.6568636096413875,-1,Q9NW82:Q9UNP9
PHYH,CD2,-0.17618216843897438,0.1138784461152882,0.35000000000000003,0.9088235294117647,0,O14832:P06729
SEC61G,RPL18,0.4166234366052093,0.08522727272727273,0.6072829131652662,0.625,-1,P60059:Q07020
GNG7,DRICH1,-0.041794071529046795,0.0,0.0,1.0,0,O60262:Q6PGQ1
SEC61B,RPL26,0.5435863428558154,0.0989121989121989,0.6619963369963369,0.446969696969697,-1,P60468:P61254
RPS29,RPS13,0.8563179952062396,0.6994047619047619,0.6767857142857142,0.3706349206349206,-1,P62273:P62277
DHX37,EMG1,0.9202291443463808,0.4090007215007216,0.5256410256410257,0.5424242424242425,-1,Q8IY37:Q92979
DSN1,SLC23A1,0.025448947102742096,0.1463045634920635,0.28846153846153844,0.6558629776021081,0,Q9H410:Q9UHI7
UBB,PSMA2,0.21078705401393813,0.39583333333333337,0.7824404761904762,1.0,-1,P0CG47:P25787
SUMO2,NFKBIB,0.3381727197232642,0.22876103657837402,0.4625,0.976851851851852,0,P61956:Q15653
PSMC5,ZNF583,0.733643233221281,1.0,1.0,0.17037037037037037,0,P62195:Q96ND8
MED29,ZNF777,0.527785993004146,0.41748366013071897,1.0,0.715079365079365,0,Q9NX70:Q9ULD5
TXNDC15,PRRX2,0.5429815134248595,0.09545454545454546,0.29166666666666663,0.18555555555555556,0,Q96J42:Q99811
TTC21B,WDR19,0.8029957860145689,0.22687312687312688,0.5736111111111111,1.0,-1,Q7Z4L5:Q8NEZ3
CCNH,DIPK2B,0.4614713637343448,0.0,0.5,0.0,0,P51946:Q9H7Y0
EIF1AX,ADIPOR2,0.27233615817262175,0.13151927437641725,0.3333333333333333,0.6027777777777777,0,P47813:Q86V24
NOP56,WDR36,0.89662303137088,0.39393939393939387,0.6476190476190478,1.0,-1,O00567:Q8NI36
MAT2A,MAT1A,-0.2714662772190146,0.6738636363636363,0.7222222222222222,0.6962121212121213,1,P31153:Q00266
HAUS5,CLEC1B,-0.14677445651021281,0.22000000000000003,0.3611111111111111,0.7375,0,O94927:Q9P126
REV1,MAD2L2,0.34512265430190947,0.10714868680513968,0.5893939393939395,0.976388888888889,1,Q9UBZ9:Q9UI95
UBE2I,PKN2,0.8037899322188007,0.26825396825396824,0.5525252525252524,0.6219772126022126,0,P63279:Q16513
SQSTM1,KDM3A,0.4753561346341713,0.29310322030910263,0.6042857142857143,0.4345899470899471,0,Q13501:Q9Y4C1
RPLP1,RPS20,0.8525386394623133,0.8461538461538461,0.7799422799422799,0.7023809523809523,-1,P05386:P60866
EZHIP,ADAM22,0.19863705012805258,0.1572420634920635,0.33703703703703697,0.8766233766233765,0,Q86X51:Q9P0K1
SNRNP70,SNRPD1,0.20550292825961736,0.6212585034013605,0.41324884792626726,0.8574074074074074,1,P08621:P62314
RPLP0,SERBP1,0.8251812106166457,0.08020833333333333,0.6305555555555556,0.6018518518518517,-1,P05388:Q8NC51
RPA1,UCN3,-0.1246225459140262,0.1839285714285714,0.4444444444444444,0.4066666666666666,0,P27694:Q969E3
HLA-DOA,HLA-DMB,0.9350876997676851,0.4455128205128205,0.4343434343434344,0.5925925925925926,1,P06340:P28068
UFM1,RPL36,0.6545428867863063,0.14761904761904762,0.4301587301587301,0.5833333333333334,0,P61960:Q9Y3U8
CBFB,CBFB,0.9999999999999999,0.2975903299916458,0.9769503546099292,0.8648148148148147,1,Q13951:Q13951
SULT1A1,AQP12A,-0.14139947506506892,0.1625,0.75,0.15476190476190477,0,P50225:Q8IXF9
RPS8,RPS19BP1,0.3880436604652464,1.0,0.5301587301587302,0.9117647058823529,-1,P62241:Q86WX3
RPS8,RPL10A,0.9691076163499937,0.82,0.6422161172161173,0.7,-1,P62241:P62906
FCER2,DUSP18,0.011818672458996924,0.1207482993197279,0.2833333333333333,0.19587605377079065,0,P06734:Q8NEJ0
ST13,MRPL27,0.275324672139437,0.18333333333333335,0.1732142857142857,0.5,0,P50502:Q9P0M9
ITGA6,FDX2,-0.15348261813764522,0.17722222222222223,0.20500000000000002,0.580952380952381,0,P23229:Q6P4F2
NDUFA3,NDUFA3,0.9999999999999999,0.3496969696969697,0.6178571428571428,0.9485294117647058,0,O95167:O95167
TMEM8B,RNASEH2A,-0.2012748530713269,0.1037037037037037,0.31999999999999995,0.39897959183673476,0,A6NDV4:O75792
RPS28,RPS21,0.9267276549861625,0.7777777777777778,0.7340136054421768,0.7272727272727273,-1,P62857:P63220
SDC2,POMGNT2,0.2951511173535309,0.2662037037037037,0.21000000000000002,0.27678571428571425,0,P34741:Q8NAT1
S100A4,ATP6V0A4,-0.03967343103565938,0.10313174479841147,0.21674933862433862,0.7333333333333333,0,P26447:Q9HBG4
MLLT1,TMEM30B,-0.08044563896739687,0.06874999999999999,0.2533333333333333,0.9204545454545454,0,Q03111:Q3MIR4
IGHG1,DIMT1,0.05515511323005442,0.10454545454545454,0.3238095238095238,0.15818181818181817,0,P01857:Q9UNQ2
RAB28,ANKRD20A1,0.4365433480194397,0.0,1.0,0.0,0,P51157:Q5TYW2
MC2R,MC2R,0.9999999999999998,0.7222222222222223,0.9047619047619048,0.7638888888888888,0,Q01718:Q01718
KLK3,DTNBP1,0.00535738032679441,0.10101746544054237,0.24955782312925173,1.0,0,P07288:Q96EV8
RPS16,FCF1,0.7826288616572205,0.5454545454545454,0.6476190476190478,0.75,-1,P62249:Q9Y324
POLE2,LRR1,0.6869895187390679,0.1,0.45,1.0,-1,P56282:Q96L50
CD80,CD300C,-0.004600234254237804,0.3854166666666667,1.0,0.8666666666666666,0,P33681:Q08708
NDUFB4,NDUFA11,0.6512742619961135,0.38585858585858585,0.6576923076923076,0.125,-1,O95168:Q86Y39
S100B,PLAC8,-0.12639756681369818,0.24162658329324996,0.5714285714285714,0.5,0,P04271:Q9NZF1
RPS17,RPS24,0.903258431480456,0.48839285714285713,0.7233766233766233,0.6476190476190476,-1,P08708:P62847
FCER2,B3GALT1,-0.1074019516120502,0.11574074074074074,0.5,0.11111111111111112,0,P06734:Q9Y5Z6
VAX1,UCN3,-0.053387544031872264,0.12725579975579976,0.4444444444444444,0.4066666666666666,0,Q5SQQ9:Q969E3
NDUFS4,NDUFA5,0.27005258391562104,0.3410005027652086,0.6557692307692307,0.9270833333333334,1,O43181:Q16718
ABITRAM,MED16,0.6759911538159159,0.07320115546218486,0.3466666666666666,0.7666666666666666,0,Q9NX38:Q9Y2X0
SNX16,PLCXD3,0.11402319805902873,0.15476190476190477,0.225,0.7083333333333334,0,P57768:Q63HM9
GJE1,ANXA8L1,0.0,0.22916666666666666,0.13888888888888887,0.09444444444444444,0,A6NN92:Q5VT79
PLRG1,CDC5L,0.8538926966056795,0.5410152218782249,0.5196428571428571,0.9252314814814816,1,O43660:Q99459
BET1,AQP6,-0.07931020551990378,0.17513227513227514,0.611111111111111,0.9801562299087052,-1,O15155:Q13520
PPIAL4H,NFE2L2,-0.2021077660568151,0.21360262020255721,0.404609929078014,0.3063767090994815,0,A0A075B767:Q16236
CEP76,KLHL3,0.3509402554442518,0.06605927724180517,0.6307692307692307,0.8222222222222224,0,Q8TAP6:Q9UH77
RPS10,RPL36A,0.9480432991170712,1.0,0.7161490683229814,0.6666666666666667,-1,P46783:P83881
PYGB,EIF3C,0.23495649140750705,0.11076225361939647,0.3645833333333333,0.7532051282051283,0,P11216:Q99613
CACNA2D1,CACNB1,0.6809490314195257,0.38065476190476194,0.48730158730158735,0.3478664192949906,-1,P54289:Q02641
TCAP,RAB1C,-0.0689844762069194,0.175,0.5,0.11574074074074074,0,O15273:Q92928
DCDC2B,TIMM10,0.15657010885445455,0.08522727272727273,0.18809523809523812,0.7603174603174603,0,A2VCK2:P62072
NDUFB3,UQCRC2,0.7096075483067168,0.7285714285714285,0.5324786324786325,0.119668911335578,-1,O43676:P22695
SCAF4,ENO1,0.45735275091113536,0.15629168670835336,0.3676470588235294,0.22697210197210196,0,O95104:P06733
ADRB2,RAD51AP1,-0.0710617003240168,0.15001962323390897,0.4412698412698413,0.7431372549019608,0,P07550:Q96B01
NCF1B,EIF3G,0.10284654858047829,0.365,0.4096491228070176,0.22474747474747472,0,A6NI72:O75821
ZNF165,ZNF446,0.3904935797438767,1.0,0.4666666666666666,0.9674367436743676,-1,P49910:Q9NWS9
RPS3,RPL27A,0.9561581409231041,1.0,0.7108571428571429,0.6145833333333334,-1,P23396:P46776
TIMM22,TIMM10B,0.6981938561440933,0.6969696969696969,0.3148148148148148,0.911111111111111,-1,Q9Y584:Q9Y5J6
MAT2A,RIC1,0.5436064414138922,0.1111729540300969,0.4897435897435898,0.6952380952380952,0,P31153:Q4ADV7
CTC1,ILKAP,0.8172456836830977,0.14786324786324787,0.5,0.2537878787878788,0,Q2NKJ3:Q9H0C8
MBLAC1,MBLAC1,1.0,0.4640522875816993,0.5666666666666667,0.58125,1,A4D2B0:A4D2B0
RFC5,TOMM40L,0.09757707049955598,0.10173160173160173,0.431547619047619,0.4083333333333333,0,P40937:Q969M1
ANTXR2,CDC5L,0.48421040003432614,0.0,0.34464285714285714,0.9252314814814816,0,P58335:Q99459
PCBP4,GNB2,0.005943342279263242,0.09722222222222221,0.5599773242630384,0.9366925064599484,0,P57723:P62879
ZNF579,HSPB8,0.14469782400118453,0.07474747474747474,0.34500000000000003,0.9623015873015872,0,Q8NAF0:Q9UJY1
TMEM8B,GRB10,0.406394881965606,0.1425865800865801,0.4666666666666666,0.9523809523809524,0,A6NDV4:Q13322
SRGN,TVP23C,-0.06858544605432047,0.1388888888888889,0.2,0.0,0,P10124:Q96ET8
POLA2,TIMELESS,0.8567623794743152,0.11543064001047194,0.6151515151515151,0.925,0,Q14181:Q9UNS1
EFTUD2,PPIL3,0.7386275316891757,0.38791423001949316,0.761904761904762,0.712962962962963,0,Q15029:Q9H2H8
RNF113A,XAB2,0.5438049209531147,0.497108843537415,0.7506802721088437,1.0,-1,O15541:Q9HCS7
RAMP1,VSX2,-0.1444154155164771,0.10067340067340068,0.35,0.8734848484848484,0,O60894:P58304
MED26,MYOZ3,0.14740818367016556,0.0,0.3333333333333333,0.9772727272727273,0,O95402:Q8TDC0
CSF2RB,SESN1,0.20135548532432682,0.15432900432900432,0.31166666666666665,0.38333333333333336,0,P32927:Q9Y6P5
CUTA,RILPL2,0.3867998630413587,0.14537037037037037,0.4861111111111111,0.9259259259259258,0,O60888:Q969X0
CMTM5,IGSF21,0.11060693255293828,0.15267857142857144,0.2733333333333333,0.0,0,Q96DZ9:Q96ID5
PDCD4,EIF3C,0.15873253444407953,0.1546485260770975,0.6145833333333334,0.7532051282051283,0,Q53EL6:Q99613
RPS9,RPS29,0.8235451423986988,1.0,0.7327891156462585,0.5555555555555556,-1,P46781:P62273
TLR4,TIRAP,0.18057339526769364,0.22882487147193029,0.7712365591397848,0.7993894993894992,1,O00206:P58753
SF3B4,PHF13,0.765400030461607,0.13615907901622185,0.8,0.43809523809523815,0,Q15427:Q86YI8
RPS10,AMZ1,-0.30561746921689514,0.5,0.5,0.18333333333333335,0,P46783:Q400G9
CRYZ,NCSTN,0.15748886240902768,0.1501713564213564,0.25968442932728647,0.8074074074074075,0,Q08257:Q92542
POP5,RPP21,0.42148426718163884,0.6442307692307693,0.65,0.5285714285714287,1,Q969H6:Q9H633
ARPC1B,MRPL11,0.5443257540035291,0.1074074074074074,0.24473905723905723,0.9108527131782945,0,O15143:Q9Y3B7
NXPH2,CD164L2,-0.1355411750841882,0.0,0.3333333333333333,1.0,0,O95156:Q6UWJ8
RPS24,MCTS1,0.5049490649530706,0.12723214285714285,1.0,0.6306878306878307,-1,P62847:Q9ULC4
RPS10,RPS10,1.0,1.0,0.7668027210884354,0.7,0,P46783:P46783
RPS29,RPL30,0.8341460753502575,0.6628891941391941,0.5863492063492063,0.5347222222222222,-1,P62273:P62888
CREB3,GJA1,0.20725295440840702,0.16078780054189892,0.4197674418604652,0.6514264264264266,1,O43889:P17302
MTARC2,EXOSC1,-0.06129534486376351,0.1522222222222222,0.18377896613190733,0.3290598290598289,0,Q969Z3:Q9Y3B2
EIF5B,RPS29,0.25536285751274423,0.21666666666666667,0.7327891156462585,0.3214285714285714,-1,O60841:P62273
POLR2F,MED20,0.26017036391194454,0.32934934739446015,0.4611111111111112,0.23863636363636365,-1,P61218:Q9H944
NGDN,NOL10,0.6918691941172488,1.0,0.8222222222222222,1.0,-1,Q8NEJ9:Q9BSC4
PCCA,HS3ST6,-0.047656360638950124,0.10101010101010101,0.2,0.125,0,P05165:Q96QI5
RPEL1,IAH1,0.028957656976996034,0.3333333333333333,0.0,0.14583333333333331,0,Q2QD12:Q2TAA2
WEE2,CMTM5,0.03770025352171963,0.1865079365079365,0.6666666666666666,0.166343669250646,0,P0C1S8:Q96DZ9
MSRB3,MSRB3,1.0,0.7083333333333334,0.475,0.8803986710963457,1,Q8IXL7:Q8IXL7
ESS2,RBM22,0.6318085839327555,0.37528796739323056,0.3529982363315696,0.6520833333333333,-1,Q96DF8:Q9NW64
GUCY2D,HIF1A,0.012392911863143405,0.10099656718509177,0.4156862745098039,0.8152679275019701,0,Q02846:Q16665
RPLP1,RPL11,0.8489884860696169,0.3308206413469571,0.6087797619047619,0.8271103896103899,-1,P05386:P62913
H3C13,OR13C4,0.0,0.12698412698412698,0.3333333333333333,0.16666666666666666,0,Q71DI3:Q8NGS5
H3C1,ZNF589,0.20195893463408499,0.2,0.7333333333333334,0.1527777777777778,0,P68431:Q86UQ0
HNRNPK,ZNF511,0.6252857507855863,1.0,1.0,0.885,0,P61978:Q8NB15
HSPA1B,RPAP3,0.14426621589727773,1.0,0.61875,1.0,1,P0DMV9:Q9H6T3
LAMTOR1,MLST8,0.07491585482148672,0.29698973865640527,0.24972314507198223,0.8984375,-1,Q6IAA8:Q9BVC4
H3-4,RCOR1,0.315875586009453,0.21677132391418102,0.525,0.956989247311828,1,Q16695:Q9UKL0
DNAJC21,UFSP1,0.3701277149273039,0.16444444444444448,1.0,0.905820105820106,0,Q5F1R6:Q6NVU6
ETF1,RPS27A,0.5612414894858373,0.18055555555555555,0.8273681515617,0.7761111111111111,1,P62495:P62979
CAST,AIMP2,0.4820820406960405,0.1460935889507318,0.8066666666666665,0.9919678714859437,0,P20810:Q13155
LAMTOR2,LAMTOR2,1.0,0.4243182743182743,0.7029261518623224,0.9435626102292768,1,Q9Y2Q5:Q9Y2Q5
ELOC,APPBP2,0.6154206159955355,0.45760683760683757,0.33522727272727276,0.9827380952380953,1,Q15369:Q92624
RPS17,EIF2S2,0.6571703126508156,0.425,0.7992063492063491,0.30511033681765387,-1,P08708:P20042
NBN,SNX6,0.6149105612104485,0.1324915824915825,0.2878835978835979,0.926829268292683,0,O60934:Q9UNH7
EEF1A1,PA2G4,0.7638493403656506,0.13107142857142856,0.41595238095238096,0.7083333333333333,-1,P68104:Q9UQ80
LAMTOR4,ZNF717,0.554912183805118,0.08712121212121213,1.0,0.15925925925925927,0,Q0VGL1:Q9BY31
ORM2,SF3B3,-0.22493609252250343,0.10104392135642135,0.29307359307359304,0.925925925925926,0,P19652:Q15393
TPST2,ANPEP,0.325760535026335,0.11801087801087802,0.19673202614379087,0.15912698412698414,0,O60704:P15144
RPS17,SLX9,0.334498824926818,0.5,0.40740740740740744,0.25,-1,P08708:Q9NSI2
PCDH19,GADD45GIP1,0.09715317172678,0.16666666666666666,0.18287037037037035,0.16666666666666663,0,Q8TAB3:Q8TAE8
LRPPRC,MRPL14,0.5806277551176467,0.16666666666666666,0.3676948051948052,0.5833333333333334,-1,P42704:Q6P1L8
PPP2CA,INIP,0.757401199425961,0.1323747680890538,0.3659722222222222,1.0,-1,P67775:Q9NRY2
MAGOH,ZBTB47,-0.016714065209116398,0.2,1.0,0.8321428571428571,0,P61326:Q9UFB7
MT-ND4L,NDUFV1,0.10694079610211021,0.6044683257918552,0.4863636363636363,0.19352984977984977,-1,P03901:P49821
NUP205,AAAS,0.6186796970306407,0.315260594106748,0.7114010989010987,1.0,-1,Q92621:Q9NRG9
IL2,MYLIP,0.2919548980815229,0.133495670995671,0.44166666666666665,0.92524154589372,0,P60568:Q8WY64
RPS20,PNO1,0.6147685494039876,0.125,0.46666666666666673,0.875,-1,P60866:Q9NRX1
RPS8,PWP2,0.5058378471171971,0.4006410256410256,0.6476190476190478,0.625,-1,P62241:Q15269
RPS3A,RPS18,0.9423060263724803,1.0,0.6919501133786847,0.62,-1,P61247:P62269
SERPINE1,TMEM249,-0.06153079883390432,0.0,0.3,0.0,0,P05121:Q2WGJ8
MRGPRX1,MRGPRX1,1.0,0.645,0.6666666666666666,1.0,0,Q96LB2:Q96LB2
POLR2H,SNAPC3,0.5198308493382041,0.6666666666666667,0.8294117647058823,0.23663003663003668,-1,P52434:Q92966
EDF1,RPS16,0.6196608936837877,0.11059634809634808,0.7003759398496241,0.5625,-1,O60869:P62249
MS4A1,BZW2,-0.0748171971018648,0.1111111111111111,0.5,0.9,0,P11836:Q9Y6E2
PTX3,THOC3,0.19358028545753483,0.09564393939393939,0.3545454545454545,0.25,0,P26022:Q96J01
SYNJ2,MBD3,-0.017980379545743993,0.15215934858792002,0.34635416666666663,0.9583333333333335,0,O15056:O95983
KRTAP19-5,CCDC17,0.0,0.0,0.0,1.0,-1,Q3LI72:Q96LX7
SEC61B,RPL18A,0.44448115164352753,0.175,0.7218614718614718,0.5833333333333334,-1,P60468:Q02543
RPLP1,RPS13,0.8964075203753842,0.6994047619047619,0.6767857142857142,0.6355555555555554,-1,P05386:P62277
H2AC11,BRINP2,-0.0940039954044448,0.09471153846153847,0.17291666666666666,0.0,0,P0C0S8:Q9C0B6
SOCS2,SOCS2,0.9999999999999999,0.33314354727398204,0.609375,0.688888888888889,1,O14508:O14508
SNRPE,SRSF1,0.7757684288920959,0.37733037659508245,0.7677419354838709,0.8460526315789473,-1,P62304:Q07955
SEC61G,RPL26,0.5686984102776427,0.07227095891063504,0.6619963369963369,0.446969696969697,-1,P60059:P61254
HSPD1,SRRT,0.12784581952138094,0.13991445062873636,0.503968253968254,0.6944444444444445,0,P10809:Q9BXP5
IFNAR1,L3MBTL1,-0.009875070188617111,0.11630892255892256,0.20779220779220778,0.7491496598639455,0,P17181:Q9Y468
RPS7,MCTS1,0.5879767517765769,0.12723214285714285,1.0,0.6462962962962963,-1,P62081:Q9ULC4
RNF148,TOMM40L,-0.19578649030278814,0.09166666666666666,0.22569444444444442,0.1423088023088023,0,Q8N7C7:Q969M1
IGHG1,IGHG1,0.9999999999999999,0.3837353123067408,0.8461538461538465,0.6904761904761906,1,P01857:P01857
RPL37,PPAN,0.7661200780462405,0.1111111111111111,0.2111111111111111,1.0,0,P61927:Q9NQ55
SLITRK3,ISG15,-0.05272981355685947,0.0946597549276121,0.48928571428571427,0.925925925925926,0,O94933:P05161
SNRNP200,LSM8,0.8923196125585607,1.0,0.3689484126984128,0.8839506172839506,-1,O75643:O95777
GTPBP4,WDR55,0.6189277794169972,0.5,0.6,0.0,0,Q9BZE4:Q9H6Y2
DNAAF1,VPS39,0.11903335567232867,0.11706349206349205,0.2608134920634921,0.3333333333333333,0,Q8NEP3:Q96JC1
EFTUD2,IFT20,0.21644595364682906,0.11968134745912523,0.3266975308641975,0.992063492063492,0,Q15029:Q8IY31
SNUPN,RGS1,0.2763508416239571,0.11195526695526696,0.8166666666666667,0.4793650793650793,0,O95149:Q08116
DRD1,GNG2,-0.05049568905443653,0.36857142857142855,0.9186746987951806,1.0,-1,P21728:P59768
ELK4,GPR156,0.06022585284282514,0.17777777777777778,0.2777777777777778,0.14285714285714285,0,P28324:Q8NFN8
CHRND,KYAT1,-0.08549371957474389,0.1236111111111111,0.27777777777777773,0.1485786435786436,0,Q07001:Q16773
TSPY10,ODAD1,0.9748761424454138,0.19047619047619047,0.32857142857142857,1.0,0,P0CW01:Q96M63
COTL1,ENPP7,-0.07572054296263271,0.07828953453953454,0.31333333333333335,0.4867724867724868,0,Q14019:Q6UWV6
POLA1,GINS2,0.6249412818072909,0.15873015873015872,0.37777777777777777,1.0,0,P09884:Q9Y248
CYSRT1,KRTAP5-9,0.011227731722582766,0.5,0.1875,1.0,-1,A8MQ03:P26371
USP14,SGO1,0.4277117522504568,0.11711145996860282,0.6304166666666667,0.9821428571428571,0,P54578:Q5FBB7
SNRPE,WBP11,0.7424547122608561,0.48333333333333334,0.8136363636363636,0.9338709677419355,-1,P62304:Q9Y2W2
UBE2L3,FNDC11,-0.00754306419988597,0.0,0.0,1.0,0,P68036:Q9BVV2
MRPS22,MRPL52,0.6933397557696844,1.0,0.43397727272727293,0.75,-1,P82650:Q86TS9
NDUFB6,NDUFA7,0.5795190441566117,0.5271493212669683,0.6235827664399091,0.78125,-1,O95139:O95182
RPS16,RPS15,0.9334822084020226,0.4670970695970695,0.7455026455026454,0.5428571428571428,1,P62249:P62841
FST,SMCO4,0.14517765367668317,0.0,0.5,1.0,0,P19883:Q9NRQ5
VWA5A,IST1,0.5098449708827943,0.0,0.34260204081632645,0.9418604651162791,0,O00534:P53990
CCL3,SPACA1,-0.022936763257138264,0.25,0.15476190476190477,1.0,0,P10147:Q9HBV2
MLANA,NKX1-2,0.378620238670253,0.0,0.35,0.17037037037037037,0,Q16655:Q9UD57
CUL4A,CDC73,0.6801544211474192,0.1798629148629149,0.7590909090909093,0.9805194805194806,-1,Q13619:Q6P1J9
CDRT15P3,OR4N2,0.142903582220983,0.0,0.0,0.16666666666666666,0,P0DPF6:Q8NGD1
SOX15,CCKAR,-0.12105127561447222,0.16418650793650794,0.3888888888888889,0.19444444444444442,0,O60248:P32238
FAU,ANKRD2,-0.15387215686331598,0.08482744107744107,0.6370370370370371,0.4333333333333333,0,P62861:Q9GZV1
MRPL15,MRM2,0.4530344153412168,0.10820707070707071,0.5833333333333334,0.1,-1,Q9P015:Q9UI43
NDUFA3,NDUFB4,0.39584558361976,0.3496969696969697,0.4812499999999999,1.0,-1,O95167:O95168
HNRNPL,HNRNPK,0.9515221569358949,0.21176107518212783,0.651860119047619,0.9802777777777777,1,P14866:P61978
RPS15A,TBL3,0.4929028438546322,0.3846153846153846,0.6370370370370371,0.6041666666666666,-1,P62244:Q12788
BIRC3,ZNF398,0.15156954955933588,0.13095238095238096,1.0,0.9312500000000001,0,Q13489:Q8TD17
AKR7A3,CLK1,-0.2441744575920975,0.11616161616161617,0.5,0.6824444444444444,0,O95154:P49759
SNN,KREMEN1,-0.02381504433391032,0.12583496750163417,0.7777777777777777,0.1875,0,O75324:Q96MU8
RPS18,ETF1,0.6399852083110509,0.11833333333333333,0.6129629629629629,0.6124574829931974,1,P62269:P62495
KRTAP12-2,SPRED2,0.0,0.0,0.5,0.9504310344827587,-1,P59991:Q7Z698
LMNA,PHF24,-0.36941522515977193,0.15341991341991343,0.35844155844155845,0.7666666666666667,0,P02545:Q9UPV7
BDKRB2,GNG2,-0.11108156598243535,0.34444444444444444,0.9186746987951806,1.0,-1,P30411:P59768
RPS3,RPS28,0.9331329960347488,0.522077922077922,0.7066924066924067,0.6538461538461539,-1,P23396:P62857
CTNNB1,DEFB118,-0.08008612397122318,0.1757187257187257,0.5,0.5555555555555555,0,P35222:Q96PH6
MRPS34,MRRF,0.633521967075857,0.39999999999999997,0.5625,0.24107142857142858,-1,P82930:Q96E11
UTP15,AATF,0.7984874092308565,0.24047619047619048,0.3742424242424242,0.84,-1,Q8TED0:Q9NY61
APOD,SHCBP1L,-0.03450025491944588,0.15888888888888886,0.4444444444444445,1.0,0,P05090:Q9BZQ2
MKNK2,MED17,0.2058428077431134,0.12480428068663361,0.41354166666666664,0.7611791383219955,0,Q9HBH9:Q9NVC6
MS4A6A,LAMTOR2,0.2562909738919285,0.15476190476190474,0.1983113812901046,0.9435626102292768,0,Q9H2W1:Q9Y2Q5
TMBIM6,FGFBP2,0.13760922321561972,0.16666666666666666,0.5,1.0,-1,P55061:Q9BYJ0
NTMT2,PHF13,0.06566007362467632,0.0947954822954823,0.8,0.10840548340548341,0,Q5VVY1:Q86YI8
UFM1,RPL18A,0.599561676498414,0.1488095238095238,0.4264069264069263,0.5833333333333334,0,P61960:Q02543
RPL39,DSCR8,-0.1385327324393683,0.0,0.0,0.25,0,P62891:Q96T75
H4C1,H3C1,0.23366197304727693,0.6417989417989418,0.8444444444444446,0.9709302325581395,1,P62805:P68431
TUBA1A,TUBA1A,1.0,0.22471988795518205,0.64981684981685,0.7982638888888888,1,Q71U36:Q71U36
HSPD1,HSPE1,0.8546452535070284,0.39714285714285713,0.5875,0.7423611111111112,1,P10809:P61604
EDF1,RPS12,0.6012501951223551,0.11657169990503324,0.735070785070785,0.53125,-1,O60869:P25398
NIFK,WDR12,0.8888115198274911,0.2276094276094276,0.3703703703703704,0.9607843137254901,-1,Q9BYG3:Q9GZL7
RNF113A,ISY1,0.6482886967625059,0.5345238095238096,0.7703809523809524,0.9791666666666666,-1,O15541:Q9ULR0
NPIPB2,MPG,-0.0049778724977111895,0.0,0.22058823529411764,0.0,0,A6NJ64:P29372
RPS4Y1,RPL13,0.31353861085992424,0.6472222222222223,0.6506493506493507,0.4291666666666666,-1,P22090:P26373
IGF1,COL22A1,-0.08576528397242991,0.2,0.34375,0.2,0,P05019:Q8NFW1
CBL,CEP44,0.5993547229388919,0.14857142857142855,0.39999999999999997,0.9907407407407409,0,P22681:Q9C0F1
SNRPD1,TXNL4A,0.6073311185850807,0.5031746031746032,0.5533730158730158,1.0,-1,P62314:P83876
LRPPRC,MRPL19,0.6793901615846871,0.16666666666666666,0.31590909090909086,0.75,-1,P42704:P49406
SNRPB2,SNRPF,0.8708598606343498,0.7349816849816849,0.48805418719211824,0.9776119402985075,1,P08579:P62306
NOP2,RPF1,0.8038863866179474,1.0,0.7777777777777778,0.6,-1,P46087:Q9H9Y2
MRPL21,SLIRP,0.624607080062161,0.09916666666666667,0.535515873015873,0.3333333333333333,-1,Q7Z2W9:Q9GZT3
S100A4,ZNF697,0.36373391057435156,0.08333333333333333,1.0,0.6888888888888889,0,P26447:Q5TEC3
RPL23A,DLX4,0.25831951538097087,0.09345238095238095,0.425,0.40050505050505053,0,P62750:Q92988
ARHGEF19,LSM5,0.1498497350422312,0.08898046398046398,0.3640476190476191,0.9568965517241379,0,Q8IW93:Q9Y4Y9
VHL,COPS5,0.30010839176556975,0.20639083139083136,0.4393004115226337,0.8775827280064568,1,P40337:Q92905
IFNA2,IFNA2,1.0,0.25596937784437784,0.8611111111111112,0.6666666666666666,1,P01563:P01563
NRARP,IRF2BP1,-0.10733804534718597,0.7619047619047619,0.0,0.30185185185185187,0,Q7Z6K4:Q8IU81
MRPS25,MRPL1,0.4602114753789908,1.0,0.8017676767676768,0.34722222222222215,-1,P82663:Q9BYD6
UBE2N,TIGD5,0.21859433046048807,0.0,1.0,0.75,0,P61088:Q53EQ6
BUD23,RPS23,0.3863403650736052,0.1489285714285714,0.4231126596980255,0.6590909090909091,1,O43709:P62266
GOSR2,SEC24D,0.6501037059439784,0.4681318681318682,0.5046992481203008,0.9142857142857143,1,O14653:O94855
CDHR4,SIAH1,0.4238058399946317,0.1500417710944027,0.3076923076923077,0.16502703645560785,0,A6H8M9:Q8IUQ4
RPS2,RPS24,0.8663004464416579,0.48839285714285713,0.7233766233766233,0.6476190476190476,-1,P15880:P62847
RPS19,LRRC47,0.3802832029018349,0.16666666666666666,0.0,0.4583333333333333,-1,P39019:Q8N1G4
CRH,GNB1,0.040554671368169516,0.423015873015873,0.4464639321074963,0.8865740740740741,-1,P06850:P62873
NCR1,TRIM63,-0.040576665129671445,0.1969949494949495,0.28231292517006795,0.7760770975056689,0,O76036:Q969Q1
NKX1-1,MED8,0.11170830320308232,0.4216374269005848,0.2625,0.1923611111111111,0,Q15270:Q96G25
UBC,VHL,0.1715868195019267,0.1726025516540089,0.7294444444444445,0.9574468085106383,-1,P0CG48:P40337
RNF13,RNF13,1.0,0.31856060606060604,0.35761904761904767,0.44768518518518524,1,O43567:O43567
NDUFA11,FBH1,0.7067653468490729,0.09826770451770452,0.24545454545454545,0.3583049886621314,0,Q86Y39:Q8NFZ0
UBB,ANAPC4,0.01301836230066834,0.25685425685425683,0.6710227272727273,0.9093137254901961,-1,P0CG47:Q9UJX5
ZP1,DPH5,0.09111388310339358,0.10606060606060605,0.5,0.125,0,P60852:Q9H2P9
SEC61B,RPL39,0.5106546236579288,0.13428030303030303,0.7324263038548752,0.33333333333333337,-1,P60468:P62891
ABHD1,POLD4,-0.07621514079047988,0.07720588235294117,0.48026315789473684,0.9326923076923077,0,Q96SE0:Q9HCU8
GLYR1,IL17RD,0.33437730628053053,0.09444444444444444,0.4476190476190477,0.14285714285714285,0,Q49A26:Q8NFM7
RPL34,RPL41,0.9457316682762811,1.0,0.7962406015037593,0.4833333333333334,-1,P49207:P62945
RPS24,RPS27A,0.8935840070604877,0.5902777777777778,0.8273681515617,0.7605555555555555,1,P62847:P62979
RPS9,PCSK9,-0.24305958181890666,0.14069264069264067,0.34603174603174597,0.625705467372134,0,P46781:Q8NBP7
RFC4,RFC2,0.8413648527835539,0.4914786967418546,0.9433823529411766,0.7164902998236331,1,P35249:P35250
SFN,GNB2,0.3488658807023453,0.5833333333333334,0.5599773242630384,0.9366925064599484,0,P31947:P62879
MRPS31,MRPL1,0.7217693322185457,1.0,0.8017676767676768,0.625,-1,Q92665:Q9BYD6
GABRB1,TRAF2,-0.1157984324740359,0.22660355517498376,0.31423992673992673,0.47877226009409923,0,P18505:Q12933
CHUK,NR1H4,-0.04889179639217209,0.19561371039991282,0.6348484848484849,0.4926943426943427,0,O15111:Q96RI1
H4C1,H2BC10,0.43292240769952217,0.3785714285714286,0.5393939393939395,0.6944444444444444,1,P62805:P62807
SUB1,FRMD5,0.03271955830613274,0.1380952380952381,0.3,0.8055555555555555,0,P53999:Q7Z6J6
PSMB6,PSMG2,0.7062177783008389,0.07001349527665317,0.665,0.9444444444444445,-1,P28072:Q969U7
CALB2,STH,0.7278870113164995,0.07692307692307693,0.48333333333333334,0.16666666666666666,0,P22676:Q8IWL8
LY6G6D,RPS11,0.10855590827840579,0.1074074074074074,0.41003861003861,0.6545454545454545,0,O95868:P62280
SIN3A,POLR3H,0.33767361474812074,0.16190476190476188,0.536111111111111,0.4537037037037037,0,Q96ST3:Q9Y535
RPL3,ETF1,0.6119797993345353,0.11833333333333333,0.6129629629629629,0.6124574829931974,-1,P39023:P62495
IZUMO1R,ZNF34,0.34416070994179826,0.08333333333333333,0.39999999999999997,0.5851851851851853,0,A6ND01:Q8IZ26
RPL7,RPL37A,0.9590322849252084,1.0,0.6724206349206349,0.6545454545454545,-1,P18124:P61513
GDF9,ANXA7,-0.14662690686972554,0.13888888888888887,0.2917582417582418,0.2456349206349206,-1,O60383:P20073
IGHG4,FCGRT,0.4238343525530049,0.55,0.5,0.5104166666666666,1,P01861:P55899
SRSF1,LSM7,0.7591472848165682,0.75,0.35028011204481796,0.9631782945736433,-1,Q07955:Q9UK45
NDUFV2,EIF2B1,0.06080334991235123,0.12756132756132754,0.19547619047619044,0.8180272108843537,0,P19404:Q14232
ITGA2B,PGM5,-0.10135227999491225,0.3590277777777778,0.323469387755102,0.34166666666666673,0,P08514:Q15124
RPL12,LLPH,0.702643498025235,0.11666666666666665,0.75,0.5833333333333334,-1,P30050:Q9BRT6
AGR2,GPR108,0.10566551428939455,0.15079365079365079,0.2654761904761905,1.0,0,O95994:Q9NPR9
NALF1,ZNHIT1,-0.33577898854603083,0.06536129505169755,0.19444444444444442,0.09894208355746818,0,B1AL88:O43257
RARB,DDX47,0.23292463880890552,0.15170068027210884,0.5181818181818182,0.43730158730158725,0,P10826:Q9H0S4
ALDH1A2,PRPF6,0.3035452379124244,0.1290140415140415,0.30882034632034633,0.19373433583959906,0,O94788:O94906
CREB3,CFC1B,-0.014332944244718256,0.15436507936507934,0.5,0.625,0,O43889:P0CG36
SNRPB,SNRPE,0.8534973364303009,0.6498168498168497,0.4571986607142857,0.9791666666666666,1,P14678:P62304
NCBP2,WBP11,0.7760257834364682,0.5,0.8136363636363636,0.9338709677419355,-1,P52298:Q9Y2W2
LRPPRC,MRPL58,0.7175463969248627,0.13293650793650794,0.29629629629629634,0.1388888888888889,1,P42704:Q14197
EIF2S2,EIF3C,0.7504942178418268,0.6161477411477412,0.6145833333333334,0.7532051282051283,-1,P20042:Q99613
HAND2,SMG9,0.012913354042127203,0.3156462585034014,0.5,1.0,0,P61296:Q9H0W8
RRAGB,KAT2B,0.5567783032834955,0.10649319115228205,0.4243589743589745,0.529658810182066,0,Q5VZM2:Q92831
RPLP2,RPL15,0.8293454330854033,0.82,0.6668571428571428,0.5892857142857143,-1,P05387:P61313
CRYGS,ANP32E,0.3190111921131908,0.15595238095238095,0.0,0.5523809523809524,0,P22914:Q9BTT0
RPL28,SLC7A9,-4.975468567954078e-05,0.10396825396825396,0.8333333333333333,0.47371031746031744,0,P46779:P82251
RAD52,HSD17B14,0.5695241277605697,0.14285714285714285,0.5,0.9547413793103449,0,P43351:Q9BPX1
RPS17,RPS21,0.9430375985306063,0.7777777777777778,0.7340136054421768,0.446969696969697,1,P08708:P63220
IFNG,SKOR2,-0.06817178043065777,0.2552050222504768,0.32999999999999996,0.5597222222222222,0,P01579:Q2VWA4
MXI1,CNIH3,0.03383951112469668,0.07380952380952381,0.2167548500881834,1.0,0,P50539:Q8TBE1
H4C1,PRMT6,0.3200764165534249,0.18362887112887114,0.8736842105263157,0.5952932098765431,1,P62805:Q96LA8
FXR2,RABAC1,0.3738032164591195,0.0,0.5122222222222222,0.9947916666666666,-1,P51116:Q9UI14
MT-ND3,NDUFS1,0.17749569411530755,0.3521212121212121,0.43914141414141405,0.729656862745098,-1,P03897:P28331
CASC3,DHX38,0.8078378785804786,0.6944444444444445,0.7333333333333333,0.45308123249299725,-1,O15234:Q92620
FOXP3,BRF2,-0.03433651442921933,0.30184837092731825,0.5133333333333334,0.4805555555555556,0,Q9BZS1:Q9HAW0
RPS3,RPS16,0.9684162956981214,0.5594877344877344,0.7003759398496241,0.5625,1,P23396:P62249
PAGE4,POLI,0.20661812392590456,0.12569444444444444,0.4444444444444444,0.8404761904761904,0,O60829:Q9UNA4
ABCE1,RPL15,0.6022104008631756,0.195,0.6668571428571428,0.5892857142857143,-1,P61221:P61313
RRP1,NOC2L,0.8705198478190443,0.06772782600955976,0.36701388888888886,0.6862745098039217,-1,P56182:Q9Y3T9
IGKV1-39,RPS6KB1,0.0426126959557793,0.16104084804084803,0.4317460317460317,0.23513957307060757,0,P01597:P23443
H2AC4,BARD1,0.2999686644754505,0.143496558996559,0.25038494703128844,0.8425287356321839,1,P04908:Q99728
BLVRA,BLVRA,1.0,1.0,0.7222222222222223,0.651058201058201,1,P53004:P53004
OST4,MLEC,0.4578185744696464,0.0,0.5334656084656085,0.9,-1,P0C6T2:Q14165
NEDD8,P2RY8,0.19742630716449333,0.14583333333333331,0.3333333333333333,0.14583333333333331,0,Q15843:Q86VZ1
LY86,USP46,-0.11761514010255399,0.14647505272505273,0.39999999999999997,0.6886363636363636,0,O95711:P62068
BDP1,POLR2H,0.6420306725944466,0.06666666666666667,0.9241803278688523,0.125,-1,A6H8Y1:P52434
EIF3F,EIF2S2,0.683168713555394,0.425,0.7992063492063491,0.8447154471544716,-1,O00303:P20042
RPL12,RPL14,0.9565604988420556,0.5654761904761905,0.683531746031746,0.6176470588235294,-1,P30050:P50914
MRPL2,MRPS26,0.49848652261321524,1.0,0.5940559440559441,1.0,-1,Q5T653:Q9BYN8
PPIL3,PRKRIP1,0.7649467514916,0.2889576883384933,0.5380952380952382,0.41904761904761906,0,Q9H2H8:Q9H875
CRNKL1,CRIPT,0.47041914582691563,0.20756302521008402,0.27666666666666667,0.7666666666666666,-1,Q9BZJ0:Q9P021
NOP2,RPL31,0.6748097033007381,0.12857142857142856,0.3853174603174603,0.7916666666666666,-1,P46087:P62899
RPS9,RPS10,0.9505025077314132,1.0,0.7668027210884354,0.7,-1,P46781:P46783
AK6,TAF6L,0.47719699677526123,0.18587708587708585,0.23703703703703705,0.7555555555555554,-1,Q9Y3D8:Q9Y6J9
PROK1,MTERF1,0.20591961621511798,0.10715728715728716,0.19999999999999998,0.25255102040816324,0,P58294:Q99551
PTBP1,ABHD17C,0.13212881760861567,0.16636363636363635,0.5145833333333334,0.8928571428571428,0,P26599:Q6PCB6
RPS6,CCDC124,0.3823308715556295,0.14444444444444446,0.5066666666666666,0.6041666666666666,-1,P62753:Q96CT7
RPL4,RPL41,0.8562512327227729,1.0,0.7962406015037593,0.4833333333333334,-1,P36578:P62945
UBD,GNRH1,0.0,0.1503517316017316,0.5,0.27777777777777773,0,O15205:P01148
LSM8,CDC5L,0.6833734721096855,0.5410152218782249,0.5196428571428571,0.9252314814814816,-1,O95777:Q99459
LSM7,LSM2,0.7644599585241957,0.7194444444444444,0.3603896103896104,0.9464285714285714,1,Q9UK45:Q9Y333
PSENEN,CCL27,0.002321123334053145,0.14354256854256853,0.5,0.54,0,Q9NZ42:Q9Y4X3
POP5,IER3IP1,0.5642469980623348,0.07623731310706101,0.24166666666666664,1.0,0,Q969H6:Q9Y5U9
CD1A,SPINK7,0.08195037583513974,0.16666666666666666,1.0,0.9416666666666667,0,P06126:P58062
SRSF1,SRRM1,0.8758454126123105,0.4089912280701754,0.7492063492063492,0.8333333333333334,-1,Q07955:Q8IYB3
BUD31,NOSIP,0.44999531727504627,0.10555555555555556,0.4428571428571429,0.6157407407407408,0,P41223:Q9Y314
RBX1,CUL1,0.4343698426514674,0.5435550070844188,0.6835775335775336,0.9518648018648019,1,P62877:Q13616
H2AZ1,HACE1,0.2979306801116571,0.19122766122766122,0.3325396825396825,0.5034722222222222,0,P0C0S5:Q8IYU2
MRPS5,NOA1,0.5151190772348124,0.11958874458874458,0.7142857142857143,0.3392857142857143,-1,P82675:Q8NC60
RPS18,IRAG1,0.056264282543288247,0.1,0.375,1.0,0,P62269:Q9Y6F6
MRPS25,MRPS34,0.47457745961664055,1.0,0.6268939393939393,1.0,-1,P82663:P82930
PSMB9,HSD11B2,0.034258601361271894,0.18690476190476188,0.5714285714285714,0.1746031746031746,0,P28065:P80365
MRPS9,MRPL11,0.7222072433345886,1.0,0.4563131313131314,0.9108527131782945,-1,P82933:Q9Y3B7
RPL23A,SPANXD,-0.1121797446364088,0.0,0.6,1.0,0,P62750:Q9BXN6
RBX1,CUL3,0.32729619079972805,0.2703380325918225,0.5446115288220552,0.9400830737279335,1,P62877:Q13618
CNR2,TMOD2,-0.09761029318912362,0.12346681096681097,0.25833333333333336,0.6666666666666666,0,P34972:Q9NZR1
CCNB1,ANAPC16,5.267781966517787e-05,0.19806637806637806,0.7022727272727273,1.0,-1,P14635:Q96DE5
TRDV1,CD3E,0.8154256234412918,0.17559968521506983,0.25801883301883305,0.0,0,A0A1B0GX56:P07766
RPS8,EEF1A1,0.8742899427368808,0.426025641025641,0.4544047619047619,0.7121604938271605,-1,P62241:P68104
YWHAZ,EXO1,0.28551841063793215,0.12394420394420397,0.8688888888888889,0.6246413717001954,1,P63104:Q9UQ84
ALDH1L1,CCDC124,-0.20195126486087311,0.1923076923076923,0.47333333333333333,0.6041666666666666,0,O75891:Q96CT7
RPS27,RPS21,0.9153439185993295,0.7777777777777778,0.7340136054421768,0.7272727272727273,1,P42677:P63220
ACOT8,RPS10,0.1461632772319727,0.15476190476190474,0.7668027210884354,0.7,0,O14734:P46783
RPS16,RPL8,0.9667513274245357,1.0,0.6457482993197278,0.5166666666666667,-1,P62249:P62917
TBXAS1,H3-4,-0.0511163873308144,0.10227272727272728,0.4593333333333333,0.8888888888888888,0,P24557:Q16695
AFF2,RPL23A,-0.1446148504019624,0.225,0.26309523809523805,0.2761904761904762,0,P51816:P62750
UBE2B,MED31,0.30851459859978453,0.29476576055523424,0.38333333333333336,0.7851851851851851,-1,P63146:Q9Y3C7
HPGDS,LSM5,0.147944439339909,0.14377289377289376,0.3973809523809525,0.9568965517241379,0,O60760:Q9Y4Y9
KRT37,IFNA14,-0.0531491363950082,0.11627344877344876,0.5,0.5416666666666666,0,O76014:P01570
UBB,UBE2N,0.5601713443062922,0.265753167000157,0.6549523809523811,0.8576892109500807,1,P0CG47:P61088
LZTS2,CPQ,0.6929766393215877,0.15646258503401358,0.32,0.21857142857142856,0,Q9BRK4:Q9Y646
EIF5B,RPS8,0.3811333910685954,0.20396825396825397,0.6941071428571429,0.5833333333333334,-1,O60841:P62241
MRPL38,MTRFR,0.7982736696719126,0.15000000000000002,1.0,0.6489795918367348,-1,Q96DV4:Q9H3J6
MTA1,CGGBP1,0.8199876478835759,0.5666666666666667,0.75,0.9434782608695652,0,Q13330:Q9UFW8
NCSTN,PSENEN,0.4109825121881126,0.5437500000000001,0.6541666666666668,0.8991596638655461,1,Q92542:Q9NZ42
TGDS,MDM2,0.7603276743877827,0.08794247661409911,0.0,0.9303997769906861,0,O95455:Q00987
EIF2S2,EIF3K,0.5308160240121658,0.6403846153846154,0.6444444444444444,0.8111111111111112,-1,P20042:Q9UBQ5
ERICH4,RRAS2,0.1380915868500142,0.0,0.0,0.6587024087024087,0,A6NGS2:P62070
CCK,FLT3,-0.055445874404547894,0.21054974835462642,0.32377450980392153,0.41655672369958086,0,P06307:P36888
SF3B6,SF3B6,0.9999999999999999,0.7357142857142857,0.6099773242630384,0.7444444444444445,1,Q9Y3B4:Q9Y3B4
SLC39A7,S100A13,0.22610711098174402,0.11217532467532469,0.46923076923076923,0.5515873015873016,0,Q92504:Q99584
VBP1,GULP1,-0.02657067890809533,0.1865079365079365,1.0,0.0,0,P61758:Q9UBP9
ZNF35,TNNI3,-0.1405283655097123,0.10397787397787397,0.35329670329670326,0.83203125,0,P13682:P19429
NDUFS1,IL11RA,0.002728408119399816,0.12055555555555555,0.20992063492063492,0.39714285714285713,0,P28331:Q14626
PPIL2,KLF6,0.31932780642462116,0.09395604395604394,0.4772727272727273,0.512962962962963,0,Q13356:Q99612
SNRPC,PRPF31,0.6953603760929832,0.5376923076923077,0.3707301587301587,0.9703525641025641,-1,P09234:Q8WWY3
CCNB1,AGPAT3,0.48214000308159427,0.13888888888888887,0.5074074074074075,0.7979797979797979,0,P14635:Q9NRZ7
NOA1,METTL17,0.6120436125348869,0.14434523809523808,0.32083333333333336,0.9209150326797387,-1,Q8NC60:Q9H7H0
NDUFB8,CYC1,0.12041656563448017,0.43636363636363634,0.5354938271604938,0.1940909090909091,-1,O95169:P08574
GSN,RBM33,0.3758177034520478,0.125,0.6,0.23095238095238096,0,P06396:Q96EV2
CTF1,VPS39,0.5571137344764812,0.12245370370370373,0.2191468253968254,1.0,0,Q16619:Q96JC1
TRBV28,HLA-B,0.8306533226478702,0.3973778746506019,0.40826190476190477,0.4166666666666667,0,A0A5B6:P01889
SNRNP70,TSPYL1,0.3391744638338709,0.1,0.475,0.8333333333333334,0,P08621:Q9H0U9
MPG,MPG,0.9999999999999998,0.5833333333333334,0.7882352941176469,0.5810606060606059,1,P29372:P29372
KRTAP10-3,KRTAP10-11,0.0,0.0,0.5714285714285714,0.0,0,P60369:P60412
POLB,PLEKHA1,0.16457238798982068,0.13900173900173898,0.5133333333333333,0.49259259259259264,0,P06746:Q9HB21
CDC20,OXLD1,0.4692385648955697,0.0,0.25,0.0,0,Q12834:Q5BKU9
RPS7,PARPBP,0.5311461845703316,0.10175438596491228,0.75,0.75,0,P62081:Q9NWS1
NDUFC2,UQCRB,0.3081353921932548,0.8,0.6255668934240362,1.0,-1,O95298:P14927
PSMA7,PSMA6,0.6084872462114703,0.4895238095238096,0.7455898268398268,0.9190972222222222,1,O14818:P60900
HSPA5,MED20,0.5708988225523264,0.4602756892230576,0.3611111111111111,0.9311111111111111,0,P11021:Q9H944
GTPBP10,MRM3,0.5535937181052801,0.08116883116883117,0.5625,0.8173913043478263,-1,A4D1E9:Q9HC36
AQR,CWC25,0.7968235481249486,1.0,0.4537414965986395,1.0,-1,O60306:Q9NXE8
NUP107,NUP93,0.7102737037464579,0.3525474525474527,0.8321138211382114,0.8636363636363636,1,P57740:Q8N1F7
UQCRQ,MT-ND5,0.2081417033350127,0.26517857142857143,0.6027777777777777,0.0,-1,O14949:P03915
UBE2D1,DOK7,0.22568172453461996,0.11274509803921567,0.5111111111111112,0.5416666666666666,0,P51668:Q18PE1
IGF1,EPHA1,0.08763256351894483,0.29369038369038375,0.3277777777777777,0.15871963684463683,0,P05019:P21709
TCF23,RBM22,0.36474437933252124,0.23295206971677562,0.3529982363315696,0.6520833333333333,0,Q7RTU1:Q9NW64
MRPL10,GFM1,0.5047422995710518,0.3333333333333333,0.7083333333333334,0.3663194444444444,-1,Q7Z7H8:Q96RP9
NR3C1,YWHAZ,0.4968630242772691,0.23215811965811964,0.6460416666666667,0.9900379506641366,1,P04150:P63104
SMIM17,GOLGA7B,0.5646540108225249,0.0,0.5,0.0,0,P0DL12:Q2TAP0
H2AC4,POU5F1,-0.004353769306181128,0.12813852813852813,0.319548872180451,0.5585243974132863,-1,P04908:Q01860
RPS3A,RPS15A,0.9664498223552029,0.6027777777777777,0.739021164021164,0.6911764705882353,-1,P61247:P62244
GXYLT2,POLR2G,0.370032230198153,0.07408293460925039,0.4858529819694869,0.12206890331890331,0,A0PJZ3:P62487
ELOC,SMPD3,-0.07613284477288126,0.08561237548632507,0.34285714285714286,0.3226190476190477,0,Q15369:Q9NY59
RPL29,RPS28,0.9124136777189077,0.522077922077922,0.7066924066924067,0.467948717948718,-1,P47914:P62857
SNX16,NGLY1,0.3160446990263891,0.16923076923076924,0.4375,0.9039351851851851,0,P57768:Q96IV0
EFTUD2,SPATA46,0.2004096470986065,0.14722222222222223,0.5,1.0,0,Q15029:Q5T0L3
H2BC11,H4C1,0.23607919347871703,0.6615613553113553,0.8918279569892472,0.9662698412698413,1,P06899:P62805
WNT10B,NGLY1,-0.018964026627596886,0.20833333333333334,0.425,0.9063492063492065,0,O00744:Q96IV0
CD247,MCM2,0.021804835252622033,0.1482732545232545,0.3932098765432098,0.8284920634920635,0,P20963:P49736
TOMT,COPS5,0.4885273604196123,0.16167198814257636,0.25802469135802464,0.12173857216230097,0,Q8WZ04:Q92905
RPS27,IMP4,0.5233440203009615,0.7727272727272727,0.42013888888888884,0.7958333333333334,-1,P42677:Q96G21
OAZ2,TAS2R5,0.39565559606931294,0.14821428571428572,0.38095238095238093,0.661904761904762,0,O95190:Q9NYW4
MPHOSPH10,NOL7,0.8174788238009375,0.5416666666666666,0.5763888888888888,0.625,-1,O00566:Q9UMY1
CDH1,RPS13,0.12703656393565546,0.15064102564102563,0.40178571428571425,0.6355555555555554,-1,P12830:P62277
SLC16A5,CD3E,0.22803000408551316,0.10815075238152162,0.7072954822954822,0.7999999999999999,0,O15375:P07766
RPL4,UFM1,0.7107244418394445,0.13655597874347875,0.5857142857142857,1.0,0,P36578:P61960
HTR2C,SMARCAL1,-0.21250564123230997,0.10011724386724385,0.2261904761904762,0.5479437229437231,0,P28335:Q9NZC9
RBM39,DDB1,0.46681730160189533,0.13545572483072482,0.6528186274509805,0.9434426229508197,-1,Q14498:Q16531
DSN1,PYCARD,0.3113986587765943,0.11281372576553299,0.4263558201058202,0.8919191919191919,0,Q9H410:Q9ULZ3
RPS27,RPS28,0.8468919664913573,0.522077922077922,0.7066924066924067,0.6538461538461539,-1,P42677:P62857
VBP1,RRAS2,0.2664459419028203,0.16874999999999998,0.3122448979591837,0.6587024087024087,0,P61758:P62070
GTPBP6,MRPL14,0.23341659336772366,0.0,0.3676948051948052,0.16666666666666666,-1,O43824:Q6P1L8
PSMA1,PSMB10,0.4376570727276003,0.3108974358974359,0.8666836734693878,0.8873015873015873,1,P25786:P40306
ZG16,HSPB7,-0.0715671606860413,0.10356310356310357,0.3458333333333334,0.9833333333333333,0,O60844:Q9UBY9
PSMA1,JAML,-0.008823189143771977,0.16359126984126984,0.5416666666666666,0.8333333333333334,0,P25786:Q86YT9
MME,GPX7,0.44375424850467826,0.22916666666666666,0.3,0.7880952380952381,0,P08473:Q96SL4
VPS72,GPR135,0.3238801593225179,0.3333333333333333,0.21428571428571427,0.7222222222222222,0,Q15906:Q8IZ08
TATDN1,DCUN1D4,0.5795841466453231,0.07625272331154684,0.3703703703703704,0.9047619047619048,0,Q6P1N9:Q92564
NOSIP,FAM32A,0.2201813834988367,0.125,0.6363636363636365,0.625,0,Q9Y314:Q9Y421
ATP5MG,ATP5PF,0.5734716744150798,0.5303308823529411,0.5026830808080808,0.9571428571428572,-1,O75964:P18859
TP53,CSNK1D,0.4423579969321949,0.16109584859584858,0.7329472329472329,0.6804525335775333,1,P04637:P48730
KLRC1,POLR2J,0.13617807739224247,0.08333333333333333,0.32688268826882705,0.8311728395061728,0,P26715:P52435
RPL12,CCDC124,0.48400977617450164,0.14444444444444446,0.5066666666666666,0.6041666666666666,-1,P30050:Q96CT7
SFTPB,RPS29,0.00885586714419326,0.17777777777777778,0.40421768707482986,0.1964285714285714,0,P07988:P62273
CDKN1B,ATF7IP,0.7365400339545212,0.725,0.6604166666666668,0.7231481481481481,0,P46527:Q6VMQ6
PPARG,ZNF283,0.05483738498027773,1.0,1.0,0.4112554112554112,0,P37231:Q8N7M2
MRPL22,MRPS7,0.7193491450583316,0.775,0.5856643356643356,0.7222222222222222,-1,Q9NWU5:Q9Y2R9
AP3B1,TGFBR2,0.6141175310680699,0.16419040493114564,0.8292181069958849,0.8005157205861432,0,O00203:P37173
IZUMO1R,HPDL,-0.14826416465169462,0.14285714285714285,0.2,0.1619047619047619,0,A6ND01:Q96IR7
GUCA1A,PHF5A,-0.10598925763003599,0.10172176308539944,0.307312925170068,0.7589285714285714,0,P43080:Q7RTV0
NDUFS4,MT-ND4L,-0.10539945195843266,0.41439393939393937,0.6142857142857142,1.0,-1,O43181:P03901
PSMB9,GMPPB,0.38291716857216335,0.10511234796949084,0.5357142857142857,0.7133333333333333,0,P28065:Q9Y5P6
MRPS6,MRPL18,0.41904481711522584,0.6944444444444445,0.5045454545454545,0.6547619047619049,-1,P82932:Q9H0U6
BIRC5,BIRC5,1.0,0.3654496088706615,0.5428571428571429,0.8904373706004141,1,O15392:O15392
EFCAB9,PDK1,0.028886818129374315,0.10702947845804989,0.19285714285714287,0.13615319865319866,0,A8MZ26:Q15118
SERPING1,MTA1,0.321925277256034,0.0966264128028834,0.33653846153846156,0.89004329004329,0,P05155:Q13330
POLR2F,GTF2B,0.29079508191257997,0.38023271371485656,0.6748015873015872,0.2053159628631327,1,P61218:Q00403
RBBP9,MTNR1A,-0.13719942736558288,0.11246031746031745,0.32142857142857145,0.8078231292517006,0,O75884:P48039
HLA-DRB1,C1QL3,-0.1463793981010625,0.17592592592592593,0.2583333333333333,1.0,0,P01911:Q5VWW1
PSME3IP1,FAM32A,0.4703698544162398,0.1111111111111111,0.6363636363636365,0.625,-1,Q9GZU8:Q9Y421
S100A6,MCHR2,-0.21041427534208015,0.5,1.0,0.14285714285714285,0,P06703:Q969V1
HSP90AA1,ADGRE3,-0.19734129831539007,0.2222222222222222,0.7071428571428572,0.16666666666666666,0,P07900:Q9BY15
ABRAXAS2,BABAM2,0.19703151134648095,0.20289661319073082,0.43179723502304124,0.875,1,Q15018:Q9NXR7
RPS20,EEF1A1,0.8232809934017659,0.426025641025641,0.4544047619047619,0.7121604938271605,-1,P60866:P68104
RPL10,RPS25,0.9314648865348083,0.7834821428571428,0.6813186813186813,0.6785714285714286,-1,P27635:P62851
RPLP1,RPL36,0.8639328845297958,1.0,0.6708994708994709,0.5833333333333334,-1,P05386:Q9Y3U8
MCM4,MCM2,0.9227821627743573,0.23158707262809428,0.6154320987654321,0.8284920634920635,1,P33991:P49736
PSMC5,PSMC6,0.6931910739195004,0.36639325586694005,0.8288253968253969,0.94182769726248,1,P62195:P62333
DHRS4L2,ALG3,0.6800496156506844,0.10277777777777779,0.24,0.0955840455840456,0,Q6PKH6:Q92685
UTP14A,NOL6,0.6770744190823182,0.5393939393939393,0.47507002801120446,0.8125,-1,Q9BVJ6:Q9H6R4
MRPL10,SLIRP,0.3459913131214289,0.11055555555555556,0.535515873015873,0.9166666666666666,-1,Q7Z7H8:Q9GZT3
CTSK,TGM7,-0.032992304270513945,0.0,0.0,0.9246753246753247,0,P43235:Q96PF1
NKAP,SLC30A2,-0.364527000349162,0.08569694194694194,0.3026041666666667,0.9444444444444443,0,Q8N5F7:Q9BRI3
SNX29,HSPB8,0.0006664875940331156,0.0,0.0,0.24243827160493822,0,Q8TEQ0:Q9UJY1
ATP6V1B1,MAML1,-0.03405105121070578,0.1399884066550733,0.4601010101010101,0.85,0,P15313:Q92585
RPL29,ZNF622,0.6351510759129292,0.11480622552051124,0.4133333333333333,0.33796296296296297,-1,P47914:Q969S3
CUL2,CUL2,0.9999999999999999,0.4774392274392274,0.7192307692307692,0.9313172043010753,1,Q13617:Q13617
FGF2,API5,0.48481902579283226,0.28055555555555556,0.38148148148148153,0.725,1,P09038:Q9BZZ5
RPS12,RPS9,0.9726638564386396,0.6023809523809525,0.669426406926407,0.5533333333333333,-1,P25398:P46781
SNRPB,C9orf78,0.4289939911824658,0.540625,0.6047619047619047,0.7222222222222222,0,P14678:Q9NZ63
RPS3,RPS9,0.9600667424285395,0.6023809523809525,0.669426406926407,0.5533333333333333,-1,P23396:P46781
ORM1,PRMT1,-0.23959868762069142,0.13537044552669553,0.44945054945054935,0.604561403508772,0,P02763:Q99873
HLA-DQA1,HSCB,0.3052769705392866,0.17636363636363636,0.3125,0.934375,0,P01909:Q8IWL3
MAX,H4C1,0.29368360690317025,0.36956709956709954,0.8918279569892472,0.9682539682539683,-1,P61244:P62805
H3C1,SUPT16H,0.2767387290914313,0.26643990929705214,0.8701754385964913,0.8194444444444445,1,P68431:Q9Y5B9
SNRNP40,ARMC7,0.4552461620650144,0.625,1.0,1.0,-1,Q96DI7:Q9H6L4
SNRPD2,SNRPD2,0.9999999999999999,0.6212585034013605,0.43640873015873016,0.9821428571428571,1,P62316:P62316
UBC,UBE2G2,0.46301011821412924,0.3762820512820513,0.6000000000000001,0.7924836601307189,1,P0CG48:P60604
MARCHF8,GABARAPL1,-0.011606573229759389,0.13040404040404038,0.30512820512820515,0.9638694638694637,0,Q5T0T0:Q9H0R8
POLA1,MCM5,0.7210615602393161,0.2900360144057624,0.6962121212121212,0.627766439909297,-1,P09884:P33992
RNF40,LSM7,0.4579167102265592,0.09393939393939395,0.35028011204481796,0.9631782945736433,0,O75150:Q9UK45
RPLP1,SERBP1,0.746549760416782,0.07395833333333333,0.6305555555555556,0.6018518518518517,-1,P05386:Q8NC51
CYB5A,SNRPB,-0.1003105906403452,0.07528693528693527,0.3582622601279318,0.9495370370370372,0,P00167:P14678
MRPL38,MTRES1,0.4994401493140749,0.10833333333333334,0.5625,0.5571428571428572,-1,Q96DV4:Q9P0P8
CDKN1B,BATF3,0.22836318496252306,0.3473624108734403,0.4854497354497354,0.8926954732510288,0,P46527:Q9NR55
RPS11,RPL10A,0.9709005582875627,0.82,0.6422161172161173,0.7,-1,P62280:P62906
PDGFA,AVEN,0.68697168862697,0.1553030303030303,0.5,1.0,0,P04085:Q9NQS1
BHLHE40,DAZAP2,0.3595993295489034,0.1416666666666667,0.5574404761904762,0.9737947658402204,-1,O14503:Q15038
B4GAT1,SEC23A,-0.11350254829135127,0.10589225589225588,0.26340579710144923,0.9657142857142859,0,O43505:Q15436
PRSS56,H2BC18,-0.09898590980790521,0.0,0.3666666666666667,0.12169312169312169,0,P0CW18:Q5QNW6
NDUFA7,MT-ND6,0.2473681517359015,0.32860276977924036,0.759090909090909,1.0,-1,O95182:P03923
MRPS34,MRPL23,0.7597496024684578,1.0,0.5292424242424242,0.3611111111111111,-1,P82930:Q16540
RAD23B,NGLY1,0.36396406818563015,0.14248366013071895,0.675,0.9063492063492065,1,P54727:Q96IV0
CDH1,RPL22,0.01900654504753892,0.1376984126984127,0.4174603174603175,0.7931034482758621,-1,P12830:P35268
MRPL57,MRM2,0.616139195255927,0.10820707070707071,0.5833333333333334,0.1,-1,Q9BQC6:Q9UI43
LRPPRC,MRPS35,0.7352598323889943,0.16666666666666666,0.3323863636363636,0.625,-1,P42704:P82673
RPL39,RPL36A,0.9381421955404826,1.0,0.7161490683229814,0.6666666666666667,-1,P62891:P83881
CYFIP1,BRK1,0.7876392070772664,0.26744883903974814,0.6435897435897436,0.9837962962962963,1,Q7L576:Q8WUW1
EYA4,PRMT7,0.03685769520556592,0.24728921871779014,0.4666666666666667,0.436671335200747,0,O95677:Q9NVM4
H2AC4,SH3GL1,-0.03656051337260566,0.17195767195767195,0.18829365079365082,0.9791666666666666,0,P04908:Q99961
KCTD6,SEC14L1,0.3690003748308412,0.1386904761904762,0.6571428571428571,0.7083333333333334,0,Q8NC69:Q92503
TBC1D7,RNF112,0.09366164575436267,0.13336691086691085,0.35945165945165947,0.8242063492063492,0,Q9P0N9:Q9ULX5
SNRPC,EFTUD2,0.8661415975394805,0.6324675324675325,0.5955920205920205,0.867831541218638,-1,P09234:Q15029
RAN,RAVER2,-0.08609098903309581,0.0,0.6,1.0,0,P62826:Q9HCJ3
TPI1,DSEL,0.3624871944037049,0.1369047619047619,0.2,0.15873015873015872,0,P60174:Q8IZU8
CLDN15,EZH2,0.20343580071977985,0.14463406963406963,0.36767676767676766,0.7491791959533893,0,P56746:Q15910
RPL39,NMD3,0.5706598887074699,0.08768823768823768,0.39999999999999997,0.319047619047619,-1,P62891:Q96D46
EXOSC9,CIAO2A,0.2313183276979725,0.205,0.6714285714285715,0.9733333333333333,0,Q06265:Q9H5X1
NDUFS1,APBA2,0.021720302539448573,0.10164141414141414,0.18079365079365078,0.9487179487179488,0,P28331:Q99767
NAA40,NBPF15,0.6284567117371214,0.0,0.5,0.0,0,Q86UY6:Q8N660
CUL2,TIMELESS,0.5560723873263667,0.1286836179693323,0.6151515151515151,0.925,-1,Q13617:Q9UNS1
PNPLA3,FBLN5,-0.07460205767493279,0.13747165532879818,0.3535714285714286,0.18374384236453206,0,Q9NST1:Q9UBX5
ENDOG,ABI2,-0.08181800040956863,0.11956184840800226,0.29222222222222227,0.9787558685446008,0,Q14249:Q9NYB9
RPS11,RPL7A,0.9200328501387123,0.78125,0.6275510204081632,0.7058823529411765,-1,P62280:P62424
RPS7,RPS27A,0.9443750053942884,0.5902777777777778,0.8273681515617,0.7761111111111111,-1,P62081:P62979
H2BC10,NPHP3,0.09030185212677273,0.09565083065083066,0.475,1.0,0,P62807:Q7Z494
CHAC2,NDRG1,-0.19161330690098732,0.10284992784992786,0.44369747899159667,0.1362342638204707,0,Q8WUX2:Q92597
BUD13,UBL5,0.48621974668381934,0.39351851851851855,0.5888888888888889,0.9825581395348837,-1,Q9BRD0:Q9BZL1
CCL7,TAX1BP1,0.14020417079665687,0.14811958874458875,0.3375,0.9722772277227723,0,P80098:Q86VP1
TNNC1,NREP,-0.06773565397319804,0.1275252525252525,0.5,1.0,0,P63316:Q16612
NUDT21,CPSF6,0.8099311796961871,0.7196918767507002,0.5263440860215054,0.8957516339869284,1,O43809:Q16630
TLR2,CDC37,0.11503328014128623,0.1638888888888889,0.5004504504504504,0.9915254237288136,0,O60603:Q16543
RPS16,RPS21,0.9016445185892387,0.7777777777777778,0.7340136054421768,0.7272727272727273,-1,P62249:P63220
HLA-DRB5,LGI4,0.10880784834671293,0.13412698412698415,0.3333333333333333,0.0,0,Q30154:Q8N135
METTL21C,CHST13,0.04771049284955446,0.1388888888888889,0.35,0.3119047619047619,0,Q5VZV1:Q8NET6
WDR74,PPAN,0.7871053506640537,0.5,0.4537037037037037,0.2333333333333333,-1,Q6RFH5:Q9NQ55
WDR74,RRP15,0.8410817155498248,1.0,1.0,0.0,-1,Q6RFH5:Q9Y3B9
TCF19,ASF1A,0.5273454295012109,0.07787837162837163,0.4090909090909091,0.9416666666666669,0,Q9Y242:Q9Y294
CNR2,THBS3,-0.04685887993154905,0.16458333333333333,0.375,0.611111111111111,0,P34972:P49746
IGF1,RSL24D1,0.35822173909877514,0.2,0.27499999999999997,0.875,0,P05019:Q9UHA3
USP17L12,TBK1,0.0,0.10577606745426814,0.9020833333333333,0.12210210002763196,0,C9JPN9:Q9UHD2
PRAMEF25,LSM6,0.0,0.09274891774891776,0.3057539682539682,0.16400709219858156,0,A6NGN4:P62312
USP51,CDH7,0.34201464345899496,0.1556547619047619,0.1423611111111111,0.32539682539682535,0,Q70EK9:Q9ULB5
ECI2,EVI2B,-0.2652927024017531,0.06389370863055073,1.0,1.0,0,O75521:P34910
RPL37A,DDRGK1,0.3815929336386431,0.11196149112325582,0.29545454545454547,0.7500000000000001,-1,P61513:Q96HY6
MRPS6,MRPL52,0.42255535077130274,1.0,0.43397727272727293,0.75,-1,P82932:Q86TS9
ALOX15,TRAF4,-0.07457830756052655,0.16064213564213564,0.4690476190476191,0.9633968253968255,0,P16050:Q9BUZ4
ZBED6,WASF1,-0.08307790257967934,0.0932900432900433,0.2816666666666666,0.861111111111111,0,P86452:Q92558
SNRPC,PRPF8,0.7156005331454816,0.4618343195266271,0.5383503401360543,0.8459935897435896,-1,P09234:Q6P2Q9
CCNA1,BAP1,0.748083324792842,0.16336638272122142,0.5714285714285714,0.667037037037037,0,P78396:Q92560
CENPL,H2AC6,-0.0275233992018501,0.10795454545454546,0.5166666666666668,0.6,-1,Q8N0S6:Q93077
BPIFB6,EIF2B3,0.03890533864272003,0.0,0.3375,0.2005952380952381,0,Q8NFQ5:Q9NR50
MED24,POLR2G,0.5841092831443437,0.12295739348370927,0.9664355062413313,0.9428571428571428,-1,O75448:P62487
ESS2,PRPF19,0.5483046897876636,0.31297550488726955,0.2414199914199914,0.9065058479532165,-1,Q96DF8:Q9UMS4
PDHA2,ARL1,-0.040019636824799615,0.15343915343915343,0.27678571428571425,0.3997222222222222,0,P29803:P40616
MRPS15,MRPL11,0.5119620526254854,1.0,0.4563131313131314,0.9108527131782945,-1,P82914:Q9Y3B7
MRPL43,MRPL36,0.5633360591860788,1.0,0.5581168831168831,0.625,-1,Q8N983:Q9P0J6
POLR2K,UTS2R,-0.007219189696681264,0.09175324675324674,0.3611111111111111,0.14583333333333331,0,P53803:Q9UKP6
H4C1,CENPQ,0.2262709886266331,0.13400673400673402,0.5548611111111111,1.0,-1,P62805:Q7L2Z9
CD3D,RAB11FIP5,-0.07273347591533967,0.11652421652421652,0.1777529761904762,0.888888888888889,0,P04234:Q9BXF6
MAGOH,C9orf78,0.4605758980647629,0.540625,0.6047619047619047,0.7222222222222222,0,P61326:Q9NZ63
PCNA,RFC3,0.9597649987452328,0.2853893994244871,0.9333333333333335,0.6518440709617179,1,P12004:P40938
HLA-DQB1,SNAPC3,0.17871247627970013,0.08787878787878786,0.4470588235294118,0.8090811965811966,0,P01920:Q92966
RPS27,RPL38,0.8383013787452238,0.4032106782106781,0.6499047619047619,0.7361111111111112,-1,P42677:P63173
RAB11FIP2,MED16,0.6187289460426139,0.08183210784313726,0.5466666666666666,0.7666666666666666,0,Q7L804:Q9Y2X0
VHLL,WRAP73,0.3754065040302936,0.0,0.0,1.0,0,Q6RSH7:Q9P2S5
NOP2,RRP1,0.8008489516652202,1.0,0.5722222222222222,0.625,-1,P46087:P56182
MTREX,SOX13,0.6129252269324792,0.10172933127478583,0.5666666666666668,0.6533635676492818,0,P42285:Q9UN79
KCTD6,ELP4,0.7735675618518737,0.07590488215488216,0.35000000000000003,0.6785714285714286,0,Q8NC69:Q96EB1
RAC1,RAC1,1.0,0.21036247702914365,0.7630407124681935,0.912616792929293,1,P63000:P63000
MRPL44,MRM3,0.6735242721748083,0.19642857142857142,0.5625,0.8173913043478263,-1,Q9H9J2:Q9HC36
HSCB,HSCB,1.0,0.49000000000000005,0.7,0.934375,1,Q8IWL3:Q8IWL3
ZMAT2,RBMX2,0.7233763073364059,0.7666666666666667,0.3727106227106229,0.8928571428571429,-1,Q96NC0:Q9Y388
CRHR1,KIF9,-0.01648965443982939,0.14246031746031745,0.23231292517006802,0.9451628352490421,0,P34998:Q9HAQ2
VEGFD,LTBR,0.27421693434250516,0.16484126984126984,0.7,0.875,0,O43915:P36941
CD28,PIK3R1,-0.02582855755169534,0.18055626290920407,0.8759037378392217,0.948304178814383,1,P10747:P27986
RPS8,TRMT112,0.7589332118436874,0.22295321637426901,0.5175925925925926,0.9244047619047618,-1,P62241:Q9UI30
BMP3,SMURF2,0.12153150473957636,0.15485209235209235,0.45804597701149424,0.779861111111111,0,P12645:Q9HAU4
CDC16,UBE2S,0.2697387549643746,0.4225883243740387,0.7518292682926829,0.37878787878787873,-1,Q13042:Q16763
NXN,CRTC1,-0.1564298750650788,0.12273809523809523,0.5266666666666666,0.10164141414141414,0,Q6DKJ4:Q6UUV9
TFAM,DDX27,0.7404300192646488,0.16111111111111112,0.5,0.29662698412698413,0,Q00059:Q96GQ7
IL7,HSPE1,0.2762164118399918,0.20055555555555554,0.24444444444444444,0.7423611111111112,0,P13232:P61604
LTA,CRYAA,-0.027398730125133823,0.18495670995670996,0.4361111111111111,0.9843896713615023,0,P01374:P02489
CCN2,RPS4X,0.2850236323229524,0.19607371794871795,0.38220238095238096,0.7369565217391304,0,P29279:P62701
RPS2,RPS20,0.8248125549562647,0.8461538461538461,0.7799422799422799,0.7023809523809523,-1,P15880:P60866
NOP56,NGDN,0.7803834074795629,0.2599358974358974,0.3508771929824562,0.85,-1,O00567:Q8NEJ9
MRPL37,MRM2,0.8033503199803749,0.12176527176527174,0.5833333333333334,0.1,-1,Q9BZE1:Q9UI43
AMER1,MAP1LC3A,0.06809399385023569,0.11412812333864963,0.49022633744855965,0.9188888888888888,0,Q5JTC6:Q9H492
TRBC2,TRBC2,1.0,0.4112554112554112,0.7037037037037037,0.0,1,A0A5B9:A0A5B9
RB1,TBC1D25,0.5331225753452343,0.16363636363636364,0.3333333333333333,0.9285714285714285,0,P06400:Q3MII6
NEK3,VPS72,0.41723007944458435,0.1856746031746032,0.2804713804713805,0.8708333333333332,0,P51956:Q15906
KIR2DL3,C2orf15,-0.11123745807842535,0.0,0.0,0.875,0,P43628:Q8WU43
GOSR2,SOX2,-0.3687445049954586,0.09055441752053003,0.7730392156862745,0.5594920634920634,0,O14653:P48431
RPL19,NMD3,0.7034159619719156,0.08768823768823768,0.5666666666666667,0.319047619047619,-1,P84098:Q96D46
PRSS16,BAIAP2,0.014821353494504681,0.09806735661998821,0.1366891315754952,0.16319241982507288,0,Q9NQE7:Q9UQB8
MRPS12,METTL17,0.38110639351492365,0.3267045454545454,0.32083333333333336,0.9209150326797387,-1,O15235:Q9H7H0
SF3B5,WBP11,0.6955960666310759,0.48333333333333334,0.8136363636363636,0.9338709677419355,-1,Q9BWJ5:Q9Y2W2
ARHGEF15,SASS6,0.00020241542629389803,0.125,0.3114583333333333,1.0,0,O94989:Q6UVJ0
XRCC2,XRCC2,1.0,0.24327371974430795,0.8006410256410257,0.845508658008658,0,O43543:O43543
RPS23,EMG1,0.8085380154736752,0.4090007215007216,0.5256410256410257,0.5424242424242425,-1,P62266:Q92979
HLA-B,CABLES2,-0.034545248263460726,0.20833333333333331,0.0,0.0,0,P01889:Q9BTV7
MBD3,NOP14,0.37959231310729014,0.09529993815708102,0.5185185185185185,0.425,0,O95983:P78316
RBM48,CRNKL1,0.5399406721485247,0.6307692307692307,0.5430272108843538,0.625,-1,Q5RL73:Q9BZJ0
RPS20,RPS16,0.931195978956651,0.5594877344877344,0.7003759398496241,0.5625,1,P60866:P62249
TFEC,STX11,0.4616731578656702,0.11246031746031745,0.2866666666666667,0.993798449612403,0,O14948:O75558
RHCE,AQP1,-0.2985173993951169,0.14449500921019906,0.6002164502164503,0.19169719169719165,-1,P18577:P29972
SNIP1,LSM7,0.7208182718142246,0.7333333333333334,0.35028011204481796,0.9631782945736433,-1,Q8TAD8:Q9UK45
MMP2,TBX5,0.12559491335377837,0.22372575014084445,0.475170068027211,0.6027777777777777,0,P08253:Q99593
HTR2A,RAD54L,-0.04519064156450284,0.20912799321890232,0.3444444444444444,0.3612990810359231,0,P28223:Q92698
RPL27A,CCDC124,0.36387650692110407,0.14444444444444446,0.5066666666666666,0.6041666666666666,-1,P46776:Q96CT7
POLD2,UCN,-0.07255707403060134,0.07849607500342796,0.4222222222222223,0.36333333333333334,0,P49005:P55089
MED21,AQP10,-0.1510437612491728,0.11854256854256853,0.31582633053221293,0.7680860805860805,0,Q13503:Q96PS8
GPS1,ZNF664,0.43524700272571615,0.10555555555555556,1.0,0.6444444444444445,0,Q13098:Q8N3J9
TRBC1,KANSL2,0.3558338889228184,0.125,0.41845238095238096,0.0,0,P01850:Q9H9L4
DNASE1,EMC4,0.11618693782063233,0.24242424242424235,0.2571428571428571,0.7714285714285715,0,P24855:Q5J8M3
POLR2H,MED18,0.5845072354421172,0.058571428571428566,0.3,0.19495614035087722,-1,P52434:Q9BUE0
DMPK,ZCCHC8,0.2790982196190716,0.14801587301587302,0.35757575757575755,0.8587662337662337,0,Q09013:Q6NZY4
ANXA6,TACR1,0.32962602070999625,0.14478021978021977,0.6554421768707483,0.7759259259259258,0,P08133:P25103
NDUFC2,CLEC10A,-0.07230410437755605,0.11279761904761905,0.625,0.9125,0,O95298:Q8IUN9
RPS17,RIOK2,0.7644929127980025,0.30867498514557334,0.5047619047619047,0.11309523809523808,-1,P08708:Q9BVS4
RPL15,NOP16,0.47508738424499636,0.125,0.45999999999999996,1.0,0,P61313:Q9Y3C1
RPS16,EEF1A1,0.9245794956811455,0.426025641025641,0.4544047619047619,0.7121604938271605,-1,P62249:P68104
SNAI1,MCEE,0.28667477161715443,0.09444444444444444,0.5714285714285714,0.7642857142857142,0,O95863:Q96PE7
FANCC,KCNH6,0.011904441620430674,0.09583333333333333,0.27777777777777773,0.08333333333333333,0,Q00597:Q9H252
RPS9,RPS28,0.9234100681312105,0.522077922077922,0.7066924066924067,0.6538461538461539,-1,P46781:P62857
RPS29,RPS24,0.7038140894520708,0.48839285714285713,0.7233766233766233,0.6476190476190476,-1,P62273:P62847
IL2RB,IL15,0.4323388571060787,0.2130583574131961,0.5142857142857142,0.738095238095238,1,P14784:P40933
ARPC4,IL25,-0.06408084167189088,0.0912433155080214,0.5,0.3333333333333333,0,P59998:Q9H293
LSM8,IK,0.7126947729153886,0.443859649122807,0.5341991341991342,1.0,-1,O95777:Q13123
SRARP,SERP1,-0.4667125413660571,0.08574096843327614,0.25857142857142856,1.0,0,Q8NEQ6:Q9Y6X1
GNAI3,GIPR,-0.010748767790402,0.24278961778961783,1.0,0.3878571428571428,0,P08754:P48546
SLIRP,MRPL11,0.42260657891128933,0.12037037037037036,0.4114057239057239,0.9108527131782945,-1,Q9GZT3:Q9Y3B7
DIMT1,WDR3,0.7598779455109953,0.5416666666666666,0.5983333333333334,1.0,-1,Q9UNQ2:Q9UNX4
KAT2A,MRPL39,0.14979230597450752,0.2,0.2537878787878788,0.25,0,Q92830:Q9NYK5
NALF1,UNC79,0.7989912014545014,0.0,1.0,0.0,-1,B1AL88:Q9P2D8
BMP2,RPL14,0.2615798178129385,0.19675925925925927,0.39186507936507936,0.6176470588235294,0,P12643:P50914
LOX,NPLOC4,0.22658362275791877,0.13240740740740742,0.32948717948717954,0.8346153846153845,0,P28300:Q8TAT6
GTF2H5,CTAGE4,-0.1721224742443492,0.08838383838383838,0.375,0.0,0,Q6ZYL4:Q8IX94
POLR2F,MED9,0.4681381650751483,0.053968253968253964,0.39166666666666666,0.2423469387755102,-1,P61218:Q9NWA0
GNAI3,MC2R,-0.043607992338716185,0.7083333333333334,0.9285714285714286,0.7638888888888888,0,P08754:Q01718
STEEP1,CWC22,0.9005893353368593,0.07916666666666666,0.46845238095238095,0.875,0,Q9H5V9:Q9HCG8
CUTA,CUTA,0.9999999999999999,0.5714285714285714,0.5200000000000001,0.9047619047619047,1,O60888:O60888
RRAGB,NDUFA12,0.25081670032356795,0.14305555555555552,0.33571428571428574,0.78125,0,Q5VZM2:Q9UI09
FGD2,EGLN3,-0.10907955048660105,0.11045775212441879,0.7000000000000001,0.8680555555555557,0,Q7Z6J4:Q9H6Z9
DHX16,SCNM1,0.7430107215500399,0.625,0.4305555555555556,0.9960199004975124,-1,O60231:Q9BWG6
KRTAP6-1,F2RL3,0.0,0.17849927849927846,0.34615384615384615,0.22222222222222224,0,Q3LI64:Q96RI0
PPIL4,PRPF19,0.5051964302106953,0.06318141460362822,0.6279922779922781,0.9065058479532165,-1,Q8WUA2:Q9UMS4
UFM1,GPNMB,0.4143009508903251,0.15386904761904763,0.31190476190476185,0.6354166666666666,0,P61960:Q14956
GTPBP6,MRPL32,0.7796899692048319,0.0,0.21696127946127947,0.18749999999999997,-1,O43824:Q9BYC8
NR4A1,MED11,0.12627280567065757,0.5256578947368421,0.32222222222222224,0.8944444444444444,0,P22736:Q9P086
MSRB3,STX8,0.614689510483802,0.11428571428571428,0.26815476190476195,0.9653455284552847,0,Q8IXL7:Q9UNK0
GCGR,RPS6,-0.23627076810516592,0.1599206349206349,0.4130952380952382,0.2754385964912281,0,P47871:P62753
RPS24,RPL39,0.8156780590395734,0.5392628205128205,0.7324263038548752,0.8333333333333334,-1,P62847:P62891
CCT2,TUBB2A,-0.06546676140346437,0.2375,0.3314814814814815,0.7632936507936507,-1,P78371:Q13885
PRKAG1,CD163,0.28782546022523614,0.17142857142857143,0.685897435897436,0.8125,0,P54619:Q86VB7
PITX3,SEPTIN5,-0.0914239823767532,0.21696428571428572,0.23313492063492064,0.19393939393939394,0,O75364:Q99719
TDG,PIPOX,-0.21051973049539965,0.08888888888888889,0.2777777777777778,0.2571428571428571,0,Q13569:Q9P0Z9
CHRM3,GNB1,0.07224750754508519,0.4726220538720538,0.3565535124941067,0.8865740740740741,1,P20309:P62873
PROC,CSNK2B,-0.24978154753758805,0.1487296433725005,0.3915708812260536,0.9299166666666666,-1,P04070:P67870
ERVV-1,CDC37,0.20303370048687597,0.0,0.4869369369369369,0.0,0,B6SEH8:Q16543
HS6ST1,BRF2,0.16727555267475563,0.10407647907647907,0.22857142857142856,0.4805555555555556,0,O60243:Q9HAW0
PPIH,SNRPD2,0.7555083311542858,0.6212585034013605,0.43640873015873016,0.9821428571428571,-1,O43447:P62316
EIF5B,RPS16,0.513552680180479,0.18484126984126986,0.7003759398496241,0.5625,-1,O60841:P62249
WBP4,SNRPD1,0.5296451513993974,0.6212585034013605,0.41324884792626726,0.8574074074074074,-1,O75554:P62314
RPS24,RPS24,0.9999999999999999,0.48839285714285713,0.7233766233766233,0.6476190476190476,0,P62847:P62847
DR1,IPMK,0.7487456683139114,0.09676767676767677,0.8142857142857143,0.18858024691358025,0,Q01658:Q8NFU5
RAB28,FKBP9P1,0.08549469392321148,0.0,0.2,0.16666666666666666,0,P51157:Q75LS8
HTR2A,SPARCL1,0.4409071496773346,0.4583333333333333,0.3666666666666667,0.5416666666666666,0,P28223:Q14515
CPSF6,CYFIP2,0.13966471493607682,0.10300141035435152,0.39537037037037037,0.7,0,Q16630:Q96F07
SNRPE,CRNKL1,0.750539875685898,0.6285714285714286,0.5430272108843538,0.625,-1,P62304:Q9BZJ0
SDC2,SDC2,0.9999999999999999,0.39814814814814814,0.6301904761904762,0.9814814814814815,1,P34741:P34741
RPS11,RPL36A,0.9389700845282247,1.0,0.7161490683229814,0.6666666666666667,-1,P62280:P83881
KRAS,APOA1,-0.2246602545642609,0.12062346255894642,0.43702380952380954,0.777088948787062,1,P01116:P02647
REM1,PMVK,0.14226167968382533,0.06683673469387755,0.375,0.3420138888888889,0,O75628:Q15126
WDR3,RRP7A,0.700071709835246,0.3080357142857143,0.5318181818181819,0.35714285714285715,-1,Q9UNX4:Q9Y3A4
PAX7,OXA1L,-0.30810311117199995,0.11398046398046399,0.2166666666666667,0.6153846153846154,0,P23759:Q15070
MRPS25,MRPL51,0.34931013241641984,1.0,0.4955965909090909,0.8125,-1,P82663:Q4U2R6
RNF170,PDRG1,0.40670637259582393,0.19444444444444442,0.18154761904761904,1.0,0,Q96K19:Q9NUG6
CBL,MC4R,-0.13975194927375667,0.21402316818983486,0.9047619047619048,0.5381944444444443,0,P22681:P32245
SFN,AHSP,-0.03738256505739041,0.2019047619047619,0.625,1.0,0,P31947:Q9NZD4
METTL21C,STUB1,0.39554858152673544,0.11063172938172938,0.47388888888888886,0.8448388203017833,0,Q5VZV1:Q9UNE7
PSMA2,PSMB9,0.6893694481720355,0.3842105263157895,0.8607469015003263,0.9110275689223059,1,P25787:P28065
RPS27,ANKRD23,0.2552361401722589,0.09697420634920634,0.43666666666666665,0.9457142857142857,0,P42677:Q86SG2
IFITM5,CD160,-0.0508168938297416,0.10156626998732263,0.8333333333333333,0.0,0,A6NNB3:O95971
PTX3,PLK3,0.0539423395328756,0.1271034521034521,0.34019607843137256,0.6330645161290323,0,P26022:Q9H4B4
RPS18,RPL11,0.931243614456706,0.3308206413469571,0.6087797619047619,0.8271103896103899,1,P62269:P62913
HAUS6,HAUS4,0.5104595251143561,0.5121252204585538,0.8306547619047617,0.90625,-1,Q7Z4H7:Q9H6D7
PRSS8,PSMG4,0.027864342180223167,0.1111111111111111,0.3333333333333333,0.5,0,Q16651:Q5JS54
ACTN1,MYOZ2,-0.05519238041037781,0.1695028011204482,0.7333333333333333,0.9083333333333333,1,P12814:Q9NPC6
CBL,GPC5,-0.08423738560393548,0.20555555555555557,0.42522796352583575,1.0,0,P22681:P78333
TCERG1,SNRPE,0.6994839434211302,0.6540152155536769,0.4571986607142857,0.9791666666666666,-1,O14776:P62304
TAF11L3,UBOX5,0.0,0.0625,0.1358024691358025,0.37210884353741497,0,A0A1W2PRV1:O94941
HCK,VPS11,-0.059353705683052885,0.16057721518247836,0.271701982228298,0.931687242798354,0,P08631:Q9H270
SAMD10,PRMT7,0.6701210014208916,0.0913142413142413,0.23809523809523808,0.0,0,Q9BYL1:Q9NVM4
MRPL47,ANKRD50,0.47030863870303663,0.1,0.25,0.25,0,Q9HD33:Q9ULJ7
KRT7,MRPL20,0.11970231870876216,0.125,0.21756628787878787,0.425,0,P08729:Q9BYC9
SNRPF,SNRPG,0.9455767083771818,0.6875850340136054,0.45905483405483405,0.903125,1,P62306:P62308
CCNB1,ANAPC1,0.8149390590774908,0.1792809042809043,0.7125,0.3333333333333333,1,P14635:Q9H1A4
NXPH3,TAB1,0.559457914291639,0.145735051985052,0.4373188405797101,0.8878086419753086,-1,O95157:Q15750
CCT8,KIF7,0.31629327169090243,0.1851851851851852,0.4083333333333334,0.6724537037037037,0,P50990:Q2M1P5
SRP19,CLTA,0.6208397776843334,0.1878787878787879,0.5546368775820831,0.824074074074074,0,P09132:P09496
NDUFA3,NDUFA11,0.06939268388495654,0.38585858585858585,0.6576923076923076,1.0,-1,O95167:Q86Y39
KRT79,MAD2L2,-0.03700278250980474,0.10527965624119472,0.36212121212121207,0.976388888888889,0,Q5XKE5:Q9UI95
KRR1,IYD,0.10606078610303507,0.09615384615384616,0.7948717948717949,0.3611111111111111,0,Q13601:Q6PHW0
RPS18,RPS27A,0.8964546551243646,0.5902777777777778,0.8273681515617,0.7761111111111111,-1,P62269:P62979
LYAR,PA2G4,0.4835467417460318,0.28608187134502927,0.41595238095238096,0.7083333333333333,-1,Q9NX58:Q9UQ80
FAU,UTP14A,0.7851733400607621,0.14285714285714285,0.5388888888888889,0.9347826086956522,-1,P62861:Q9BVJ6
RPS29,RPS28,0.8727132897897262,0.522077922077922,0.7066924066924067,0.467948717948718,-1,P62273:P62857
TRIR,GAR1,0.6774097058996305,0.15714285714285714,0.0,0.7884615384615384,0,Q9BQ61:Q9NY12
KRTAP1-3,KRTAP4-2,0.706060628306856,0.0,0.5714285714285714,1.0,-1,Q8IUG1:Q9BYR5
RPL17,RPS3,0.9525598312433746,0.19542344248226598,0.5660110420979988,0.6262049941927991,-1,P18621:P23396
SEC61B,RPL23A,0.5159451645484316,0.18333333333333335,0.6579047619047619,0.6391666666666667,-1,P60468:P62750
MRPS25,MRPL23,0.27901256465256535,1.0,0.5292424242424242,0.3611111111111111,-1,P82663:Q16540
RPS4X,RPL31,0.9332406578533983,1.0,0.6769841269841269,0.7916666666666666,-1,P62701:P62899
SUMO2,SENP2,0.6603160857121514,0.19384537031595853,0.5537037037037037,0.8863287250384024,1,P61956:Q9HC62
OSCP1,NDUFB9,0.20861130036370226,0.10273321449792039,0.20238095238095236,0.25,0,Q8WVF1:Q9Y6M9
MRPL33,MRPS16,0.4195428046470647,1.0,0.5086647727272727,0.8125,-1,O75394:Q9Y3D3
POLR2A,MED10,0.529414870734923,0.16732026143790849,0.6333333333333333,0.8632478632478632,1,P24928:Q9BTT4
RPS24,RPL19,0.9313873119196361,1.0,0.6576719576719576,0.5192307692307693,1,P62847:P84098
RPS3,RPL27,0.9245874929463863,0.6452380952380953,0.5996031746031746,0.6083333333333334,-1,P23396:P61353
ACKR2,ZYX,0.11431657874086867,0.1896374458874459,0.3416666666666667,0.953030303030303,0,O00590:Q15942
RPS23,ETF1,0.6755852917074255,0.1220238095238095,0.6129629629629629,0.6124574829931974,-1,P62266:P62495
CDC20,MOK,0.36853673847785706,0.4185606060606061,0.32999999999999996,0.13816137566137565,0,Q12834:Q9UQ07
PPP2R1A,PLCZ1,-0.07936505479209628,0.23743386243386244,0.50625,0.13469387755102039,0,P30153:Q86YW0
LEFTY2,MRPL9,0.33376849415102117,0.13392857142857142,0.1811904761904762,0.2571428571428571,0,O00292:Q9BYD2
CCT4,TMEM138,0.5928885710181685,0.14285714285714285,0.39999999999999997,0.0,0,P50991:Q9NPI0
BCL2A1,EPN1,-0.147811577384711,0.149003774003774,0.6180451127819547,0.8666666666666668,0,Q16548:Q9Y6I3
PSMA4,PSMD2,0.6708358549676827,0.6875,0.8153822055137846,0.9884615384615385,-1,P25789:Q13200
CEP120,CCDC43,0.5224974118864604,0.0,0.5,1.0,0,Q8N960:Q96MW1
RPS10,RPL38,0.9003127482045953,0.4032106782106781,0.6499047619047619,0.7361111111111112,-1,P46783:P63173
RPL17,RPS29,0.8128045052685193,1.0,0.7327891156462585,0.5555555555555556,-1,P18621:P62273
SQSTM1,MAP1LC3B,0.3317098096548918,0.48607804232804225,0.6361111111111113,0.9676470588235295,1,Q13501:Q9GZQ8
RPL17,RPS3A,0.9696555926153041,0.6632575757575757,0.6850793650793651,0.6944444444444444,-1,P18621:P61247
RGS10,RBM4B,0.13816033507083994,0.1392857142857143,0.5066666666666666,0.7780612244897959,0,O43665:Q9BQ04
PRKAR2A,RGP1,0.649445156672424,0.11904761904761904,0.5,0.7460317460317459,0,P13861:Q92546
KRTAP19-4,EGLN3,0.0,0.0,0.7000000000000001,0.8680555555555557,0,Q3LI73:Q9H6Z9
KCNA3,NHP2,0.17929094836746207,0.08163749830416497,0.3043083900226758,0.5047619047619046,0,P22001:Q9NX24
PFDN5,NKX2-4,-0.024302697130125343,0.5416666666666666,0.6,0.37777777777777777,0,Q99471:Q9H2Z4
NPM1,TPT1,0.5980549559606174,0.43074980574980576,0.5109668109668111,0.8522727272727274,0,P06748:P13693
ARL1,WFIKKN2,0.21233695213291012,0.11661255411255413,0.5,0.5178571428571429,0,P40616:Q8TEU8
NAA40,DNAJA3,0.42477774375684646,0.11989468864468865,0.46195949644225504,0.8011044176706826,0,Q86UY6:Q96EY1
SDC2,FXYD2,-0.03804989813329577,0.11258463758463759,0.473015873015873,0.5185714285714286,0,P34741:P54710
TUFM,GADD45GIP1,0.5018433546016912,0.3333333333333333,0.3471590909090909,1.0,-1,P49411:Q8TAE8
RPS3,NOB1,0.7966632857028455,0.14786324786324787,0.5555555555555556,0.5107142857142858,-1,P23396:Q9ULX3
SSX6P,RHPN1-AS1,0.5779359361908211,0.0,0.0,0.0,0,Q7RTT6:Q9BWJ2
EEFSEC,NDRG4,-0.1644967480286065,0.07726078101465099,0.47348484848484856,0.33333333333333337,0,P57772:Q9ULP0
PES1,RPL10A,0.7497235274249126,0.16857142857142854,0.6422161172161173,0.7,-1,O00541:P62906
STEEP1,XAB2,0.8168732576270273,0.10227272727272727,0.7506802721088437,1.0,0,Q9H5V9:Q9HCS7
HSBP1,HSBP1,1.0,0.3206439393939394,0.5733333333333334,0.9739583333333334,1,O75506:O75506
FADD,FNBP1,0.4020904761102042,0.5625,0.6770476190476191,0.9583333333333334,0,Q13158:Q96RU3
IGHG4,SLC51A,0.1265143875730781,0.11071428571428571,0.65625,0.3392857142857143,0,P01861:Q86UW1
GTF2F2,USP22,0.3565640219731648,0.2930130385487528,0.275,0.6722056878306878,0,P13984:Q9UPT9
PPP1R16A,PFDN5,0.06420614998983525,0.0,0.4121212121212121,0.9879032258064516,0,Q96I34:Q99471
OR5H8,SMN1,0.31388254418783756,0.1002886002886003,0.2680839002267573,0.4855769230769231,0,P0DN80:Q16637
NBN,ZNF300,0.4187830460251693,0.15476190476190477,0.5142857142857143,0.41111111111111126,0,O60934:Q96RE9
CRNKL1,UBL5,0.5427014743191195,0.39351851851851855,0.5888888888888889,0.9825581395348837,-1,Q9BZJ0:Q9BZL1
NDUFC1,UQCRC1,0.5777042876633708,0.5451298701298701,0.44227994227994233,0.13376623376623376,-1,O43677:P31930
PHF12,HSPB8,0.05089380560858356,0.07474747474747474,0.48,0.9623015873015872,0,Q96QT6:Q9UJY1
RPL21,ABCE1,0.5358694284383377,0.13531746031746034,0.5259259259259259,0.37506613756613755,-1,P46778:P61221
FAU,PCSK9,-0.26128359840165083,0.14069264069264067,0.3821789321789321,0.625705467372134,0,P62861:Q8NBP7
TRDC,CD3E,0.8190054962149173,0.17043672139825986,0.6864977614977614,0.0,1,B7Z8K6:P07766
SQSTM1,NBR1,0.7134270323114124,0.45666666666666667,0.40340909090909083,0.9364111498257839,1,Q13501:Q14596
RPS13,UTP4,0.6007209576938203,0.3079212454212454,0.47058823529411764,0.9605263157894737,-1,P62277:Q969X6
NUP93,NUP88,0.7349125607868034,0.5,0.8787037037037037,0.9166666666666666,-1,Q8N1F7:Q99567
WDR43,NOL10,0.8979014035269212,1.0,0.8222222222222222,1.0,-1,Q15061:Q9BSC4
NUP62,SEH1L,0.742465005658434,0.16104524130839923,0.5283154121863799,0.9259259259259258,-1,P37198:Q96EE3
RFC5,SIM2,-0.0005436137579378008,0.08686621113091703,0.7,0.47750000000000004,0,P40937:Q14190
CCL7,TRABD2A,0.12415465084508438,0.22976190476190472,0.38888888888888884,0.2992063492063492,0,P80098:Q86V40
SUPT7L,HSPB2,0.3786466644356313,0.10523809523809524,0.52,0.9446428571428571,0,O94864:Q16082
RPA3,BPIFB3,0.19728346785484285,0.1,0.5,0.8333333333333334,0,P35244:P59826
COPS9,COPS3,0.0416842877788877,0.18217418546365916,0.557142857142857,1.0,1,Q8WXC6:Q9UNS2
EVA1C,CDC73,0.6650777539150101,0.0,0.41818181818181804,0.4913419913419913,0,P58658:Q6P1J9
EIF5B,RPS27,0.26847663631593943,0.1908730158730159,0.8172380952380952,0.5811688311688312,-1,O60841:P42677
WDR12,DDX18,0.7908929575955054,0.3846153846153846,0.7000000000000001,0.23268398268398266,-1,Q9GZL7:Q9NVP1
MCPH1,APH1A,0.568237711682302,0.13910828754578752,0.2730034722222222,0.9131274131274133,0,Q8NEM0:Q96BI3
MUCL3,CCDC124,-0.19223616463051704,0.23703703703703702,0.41666666666666663,0.375,0,Q3MIW9:Q96CT7
ARID4A,TLCD5,0.366775262284224,0.0,1.0,0.0,0,P29374:Q6ZRR5
ZMAT2,CRNKL1,0.685107006470182,0.6285714285714286,0.5430272108843538,0.625,-1,Q96NC0:Q9BZJ0
SFTPC,RAB15,-0.0014362995189246214,0.10636363636363637,0.2976190476190476,0.41203703703703703,0,P11686:P59190
CHRM2,CHRM2,1.0,0.41028439153439145,0.6468468468468468,0.7037037037037037,1,P08172:P08172
POTEF,RPS6,-0.038734550193553915,0.16412337662337662,0.4130952380952382,0.6885964912280702,0,A5A3E0:P62753
RPS4Y1,RPL9,0.23969088092723148,1.0,0.6807539682539683,0.3073372206025267,-1,P22090:P32969
ETF1,RPL23,0.6713856277391428,0.1145660698413214,0.603379416282642,0.6434837092731829,-1,P62495:P62829
PPIF,PDZK1,0.09334786896993287,0.15572916666666667,0.5,0.8782608695652173,0,P30405:Q5T2W1
RPS17,RPS10,0.9604001402285991,1.0,0.7668027210884354,0.3833333333333334,-1,P08708:P46783
IFNAR2,CCDC18,0.6089384325743379,0.0,0.5,0.0,0,P48551:Q5T9S5
MRPS6,MCAT,0.3397024948806218,0.1154040404040404,0.875,0.1615384615384615,-1,P82932:Q8IVS2
GDF10,POU2AF1,-0.15559814999339172,0.10069444444444443,0.20000000000000004,0.3060876623376623,0,P55107:Q16633
RPS10,RIOK2,0.7323484123479514,0.12053571428571427,0.5047619047619047,0.1463809523809524,-1,P46783:Q9BVS4
UBA6,SULT1E1,0.13441693668945817,0.13400793650793652,0.875,0.33571428571428574,0,A0AVT1:P49888
MRPS14,MRPS35,0.3208475487714203,1.0,0.6240530303030303,0.625,1,O60783:P82673
SF3B3,RBM48,0.5107240060148508,0.625,0.8400000000000001,0.9722222222222222,-1,Q15393:Q5RL73
NDUFS3,CLCA2,-0.07840441404156952,0.24857142857142858,0.38333333333333336,0.1395833333333333,0,O75489:Q9UQC9
FGA,FAM20C,0.21173274991700988,0.11624729437229438,0.393939393939394,0.4555480682839175,1,P02671:Q8IXL6
MSN,PIWIL1,-0.11212869636717833,0.1479341171648864,0.3547619047619048,0.5233333333333333,0,P26038:Q96J94
FHL2,EIF3K,0.38941663783776936,0.15650793650793648,0.3825396825396826,0.8111111111111112,0,Q14192:Q9UBQ5
CKMT2,UNC119,-0.26110519564141904,0.09296953046953046,0.1878787878787879,0.9666666666666667,-1,P17540:Q13432
OCM,PARD6A,0.6194366104448031,0.0,0.3707070707070707,0.982905982905983,0,P0CE72:Q9NPB6
IGHG3,MEOX2,-0.06736160915266842,0.11582722832722832,0.3466666666666666,0.48394140409065783,0,P01860:P50222
MSR1,RPS19,0.06157238837350215,0.11599567099567101,0.40863787375415284,0.7017543859649122,0,P21757:P39019
NDUFB10,MT-ND2,0.1318852503184272,0.49324499030381386,0.6270833333333332,0.5063131313131313,-1,O96000:P03891
MTREX,ZNF560,0.21281874606154455,0.07142857142857142,1.0,0.17500000000000002,0,P42285:Q96MR9
CDC45,LRR1,0.9047147594029061,0.12941176470588237,0.45,1.0,-1,O75419:Q96L50
HGS,TRIM17,0.3206151849146723,0.2715151515151515,0.5714285714285714,0.8394746787603931,1,O14964:Q9Y577
GPKOW,PPIE,0.6439702970368223,0.38099415204678366,0.6574646074646076,0.6701058201058201,0,Q92917:Q9UNP9
TCERG1,NCBP2,0.7769331471665437,0.30398036758563074,0.8261261261261261,0.8148936170212768,-1,O14776:P52298
HEATR9,COMMD5,0.04043747430813456,0.0,0.0,1.0,0,A2RTY3:Q9GZQ3
RPS5,RPS14,0.9663335413366941,0.580595238095238,0.6812925170068027,0.7375,1,P46782:P62263
DNAJB6,ATP5IF1,-0.06659767387430984,0.15630110630110627,0.4066666666666666,0.8213675213675213,0,O75190:Q9UII2
PENK,GNB1,0.05497293037462552,0.423015873015873,0.4464639321074963,0.8865740740740741,0,P01210:P62873
TRIM69,UNC93B1,0.10219535691846013,0.14922900532762126,0.23809523809523808,0.967741935483871,0,Q86WT6:Q9H1C4
SUPT20HL1,EXOSC1,0.31767627473843574,0.06321195144724556,0.10230015082956259,0.1971916971916971,0,Q3ZLR7:Q9Y3B2
RPS13,RACK1,0.9288187861231388,0.13223017586988176,0.5023809523809524,0.8351882613510518,-1,P62277:P63244
GINS1,ZNF625,0.48510948632666057,0.07692307692307693,1.0,0.7749999999999999,0,Q14691:Q96I27
PDE6G,LSM11,-0.06640377784732586,0.10232843137254902,0.24404761904761899,0.6875,0,P18545:P83369
PSMB10,LY6G6F,0.24624176271790904,0.0,0.23809523809523808,1.0,0,P40306:Q5SQ64
CREB3,APOD,0.14755692345372506,0.14775668775668774,0.40952380952380957,0.9580357142857142,1,O43889:P05090
CDH1,RPL18A,0.2313560815834525,0.1488095238095238,0.4264069264069263,0.5833333333333334,-1,P12830:Q02543
LRPPRC,MRPS34,0.6782096426062855,0.16666666666666666,0.3352272727272727,0.25,-1,P42704:P82930
NOL3,ABLIM3,0.0006914184497683354,0.15030165912518856,0.36111111111111116,0.9083333333333333,0,O60936:O94929
RPS27A,RIOK1,0.74094642764765,0.28095238095238095,0.625,0.2868279569892473,1,P62979:Q9BRS2
NDUFC2,KLHL12,0.32025503948547984,0.12894529712711533,0.3571428571428571,0.9914089347079038,0,O95298:Q53G59
SHB,TRAF4,0.1268563475245846,0.24413419913419915,0.4690476190476191,0.9633968253968255,0,Q15464:Q9BUZ4
TMEM196,ARTN,-0.046106607805155485,0.13511141636141635,0.5,0.5333333333333334,0,Q5HYL7:Q5T4W7
SMAD1,PORCN,0.3089032125310985,0.18883219954648525,0.3768518518518518,0.6571428571428571,0,Q15797:Q9H237
DTNBP1,DNAJC16,0.15543884574097203,0.2,1.0,0.0,0,Q96EV8:Q9Y2G8
EIF6,RPL30,0.572005193061018,0.18636363636363637,0.5863492063492063,0.4375,-1,P56537:P62888
WDR46,NAT10,0.8128337338592445,0.16036047286047286,0.4751984126984127,0.29731060606060605,-1,O15213:Q9H0A0
GYPA,MT1B,-0.029807022254098745,0.10386002886002886,0.35,0.763265306122449,0,P02724:P07438
CEP76,MYOZ1,-0.053607535997952364,0.07678259240759241,0.2791666666666667,0.8841836734693879,-1,Q8TAP6:Q9NP98
H4C1,VRK1,0.4255242096502894,0.2277236652236652,0.47121212121212125,0.5059175717070454,-1,P62805:Q99986
LY6G5C,DIS3,0.265373882416137,0.0,0.37165532879818597,0.6582070707070709,0,Q5SRR4:Q9Y2L1
ID3,SDR9C7,-0.06663061080117616,0.11688311688311688,0.625,0.1111111111111111,0,Q02535:Q8NEX9
TRAV4,B2M,0.5226566044315398,0.13071842929797473,0.124251443001443,0.0,0,A0A0B4J268:P61769
RPSA,RPS29,0.8980966044672565,1.0,0.7327891156462585,0.5555555555555556,-1,P08865:P62273
LYPLA1,LYPLA1,0.9999999999999999,0.33857709750566894,0.5657407407407407,0.533531746031746,1,O75608:O75608
NOS1AP,MAML1,0.013499083317474748,0.11489621489621488,0.4601010101010101,0.85,0,O75052:Q92585
RPS14,RPL30,0.9526406201072792,0.6628891941391941,0.5863492063492063,0.5347222222222222,-1,P62263:P62888
TEX13C,KRTAP5-5,0.009402353464838815,0.0,0.0,0.0,0,A0A0J9YWL9:Q701N2
TBC1D19,DBF4,0.230678616006609,0.08637820512820513,0.0,0.8222883597883598,0,Q8N5T2:Q9UBU7
RPS11,RPS11,0.9999999999999998,0.8541666666666666,0.7208494208494208,0.6545454545454545,0,P62280:P62280
ACOT7,CCL7,0.013776159629184383,0.0864715531382198,0.5,0.55,0,O00154:P80098
RPL31,PTGES3,0.8179866386791862,0.1255390773247916,0.7146341463414634,0.8273273273273273,0,P62899:Q15185
SNRNP70,DSCR4,-0.039767078118098695,0.3333333333333333,0.5,0.5,0,P08621:P56555
POLA1,MCM4,0.7032500937601565,0.237223778400249,0.6706666666666666,0.5815055315055315,-1,P09884:P33991
ARF3,CENPN,0.0460502022366756,0.15555555555555556,0.4803571428571428,1.0,0,P61204:Q96H22
SLC15A2,PDZK1,-0.04853201377223907,0.20157967032967034,0.5,0.8782608695652173,1,Q16348:Q5T2W1
SCARB2,MRPL42,0.4557179408967815,0.10555555555555556,0.28489583333333335,0.26666666666666666,0,Q14108:Q9Y6G3
RPS5,RPS21,0.9298474116537947,0.7777777777777778,0.7340136054421768,0.7272727272727273,1,P46782:P63220
CDC45,PRIM1,0.813612697841728,0.39999999999999997,0.8291666666666666,0.3996336996336997,-1,O75419:P49642
OR10H3,MRPL18,0.0,0.10648148148148147,0.20052083333333331,0.1476190476190476,0,O60404:Q9H0U6
WBP4,TXNL4A,0.3102391344345045,0.5031746031746032,0.5533730158730158,1.0,1,O75554:P83876
KIN,SNRPD1,0.4983264432291458,0.6215855572998429,0.41324884792626726,0.8574074074074074,-1,O60870:P62314
PRPS2,CLEC2D,0.21969605975266876,0.14285714285714285,0.3733333333333333,0.9617647058823531,0,P11908:Q9UHP7
PLAAT1,MID2,-0.1427890860778928,0.08385252410987705,0.33333333333333337,0.9852627257799672,0,Q9HDD0:Q9UJV3
MED7,MED26,0.7715077005282517,0.4797410192147034,0.455952380952381,0.8648148148148148,1,O43513:O95402
WBP4,IK,0.7896905496808732,0.443859649122807,0.5341991341991342,1.0,-1,O75554:Q13123
RPS5,RPL36A,0.9502777704879835,1.0,0.7161490683229814,0.6666666666666667,-1,P46782:P83881
TTR,SLC2A9,-0.07003090140340144,0.11438191438191439,0.3333333333333333,0.30505050505050507,0,P02766:Q9NRM0
ACTB,IL1RAP,-0.006912952895092913,0.15402011183261183,0.9125,0.15918367346938772,0,P60709:Q9NPH3
H4C1,H4C1,1.0,0.6615613553113553,0.8918279569892472,0.9662698412698413,1,P62805:P62805
USP14,PSMC1,0.7967234422764714,0.6842105263157894,0.8616541353383458,0.9270202020202021,1,P54578:P62191
MSRB3,C17orf50,-0.07118158261255286,0.0,0.0,1.0,0,Q8IXL7:Q8WW18
NPR1,FAAP100,0.13229859137903205,0.09090909090909091,0.32407407407407407,0.475,0,P16066:Q0VG06
CYSRT1,ZNF764,-0.02955274496363871,0.08846153846153847,0.2,0.9138157894736845,-1,A8MQ03:Q96H86
RPS15A,RPS15A,0.9999999999999999,0.6027777777777777,0.739021164021164,0.6911764705882353,-1,P62244:P62244
SURF6,RPL21,0.7387458394306977,0.11574074074074074,0.4062770562770561,0.4166666666666666,0,O75683:P46778
H4C1,UBE2D2,0.2599855565435026,0.09314851814851816,0.509090909090909,0.8641381766381769,0,P62805:P62837
CYC1,NDUFS1,0.7856722297090527,0.3238095238095238,0.43914141414141405,0.729656862745098,-1,P08574:P28331
NDUFA1,SLC8A3,0.27366600424505866,0.13508447108447108,0.24258658008658013,0.13783670033670034,0,O15239:P57103
RPS12,RPS18,0.9692985343472535,1.0,0.6919501133786847,0.62,-1,P25398:P62269
DBP,MED22,0.10150225421502092,0.6842105263157894,0.42083333333333334,0.9771428571428572,0,Q10586:Q15528
KIR2DL3,ROM1,-0.13856920717552157,0.13718253968253968,0.625,1.0,0,P43628:Q03395
RPS16,LRRC47,0.523628592071669,0.16666666666666666,0.0,0.4583333333333333,-1,P62249:Q8N1G4
SNIP1,LSM5,0.663617184371329,0.7202380952380952,0.3973809523809525,0.9568965517241379,-1,Q8TAD8:Q9Y4Y9
RFTN1,MRPL47,0.41394949132209413,0.1111111111111111,0.18790849673202614,0.14285714285714285,0,Q14699:Q9HD33
EFNB1,HBS1L,-0.038489639892731665,0.14688852813852815,0.3638095238095238,0.41898148148148145,0,P98172:Q9Y450
SSMEM1,UNC93B1,-0.09434945326084501,0.0,0.26092796092796094,0.967741935483871,-1,Q8WWF3:Q9H1C4
LSM8,MAPK8IP2,0.03211046551731586,0.0669369590785032,0.3833333333333333,0.7155612244897959,-1,O95777:Q13387
PFDN6,CCT3,0.7384165048210753,0.4180194805194805,0.37632275132275134,0.8231837606837608,-1,O15212:P49368
KRR1,DCAF13,0.596404411551149,0.23122895622895623,0.6003333333333333,0.4333333333333333,-1,Q13601:Q9NV06
UBE2E3,SNX11,0.22280918082055626,0.06845238095238095,0.2797619047619047,0.8933333333333332,0,Q969T4:Q9Y5W9
ATP6V0E1,ATP6V1H,-0.24031320204364096,0.5287316849816849,0.19733766233766234,0.8307407407407407,-1,O15342:Q9UI12
KRTAP5-4,KRTAP9-2,0.13867784277751008,0.0,0.5833333333333334,1.0,-1,Q6L8H1:Q9BYQ4
NDUFB5,H2AZ2,0.4471910849691263,0.14545454545454545,0.35000000000000003,0.3333333333333333,0,O43674:Q71UI9
RBX1,TIPIN,0.6078894891793611,0.14234126984126982,0.5142857142857143,0.925,-1,P62877:Q9BVW5
DNAJB13,RPS6,0.036605058618640836,0.11308539944903581,0.6630952380952381,0.6885964912280702,0,P59910:P62753
CDH1,RPL32,0.08044029583325366,0.1488095238095238,0.42960662525879906,0.25,-1,P12830:P62910
RPS20,RPS15,0.9037213665501151,0.4670970695970695,0.7455026455026454,0.5428571428571428,-1,P60866:P62841
CACTIN,ISY1,0.838439844354699,0.5345238095238096,0.7703809523809524,0.9791666666666666,0,Q8WUQ7:Q9ULR0
RPL13A,EEF1A1,0.8790091446942488,0.426025641025641,0.4544047619047619,0.2763155363155363,-1,P40429:P68104
FBXO31,DBF4,0.1262330505278954,0.10515873015873015,0.4646464646464646,0.8222883597883598,0,Q5XUX0:Q9UBU7
PSMA3,BPIFA3,-0.02440125312775203,0.0,0.5,0.5,0,P25788:Q9BQP9
TEX13C,ARL9,0.9532072724873903,0.0,0.0,0.11309523809523808,0,A0A0J9YWL9:Q6T311
XRCC2,POLR3C,0.47937917599950547,0.09763460939931527,0.5444444444444444,0.9675213675213675,0,O43543:Q9BUI4
RPLP2,RPS15,0.9220945429121626,0.4670970695970695,0.7455026455026454,0.5428571428571428,-1,P05387:P62841
HDAC3,C8G,-0.14156688623556812,0.16964285714285715,0.4074074074074074,0.5666666666666667,0,O15379:P07360
IL17A,CYP2U1,0.10764947895099057,0.19303030303030302,0.2785714285714286,0.17445887445887448,0,Q16552:Q7Z449
CD53,TMEM229B,-0.038011617305252106,0.12698412698412698,1.0,1.0,-1,P19397:Q8NBD8
EXOSC2,SGO2,0.3039432355179364,0.19027777777777777,0.8060606060606059,1.0,0,Q13868:Q562F6
PANX3,CSF3R,-0.04703648818583792,0.16904761904761906,0.5772727272727273,0.27499999999999997,0,Q96QZ0:Q99062
CD3E,TRGC1,0.1570993283551992,0.41452991452991456,0.4537037037037037,0.5,0,P07766:P0CF51
RPL23,RPL41,0.943229657573886,1.0,0.7962406015037593,0.4833333333333334,-1,P62829:P62945
CCK,FUT2,-0.09955763997665881,0.16828282828282826,0.20238095238095238,0.4338151927437642,0,P06307:Q10981
KRT6B,EXOSC3,0.06522871214263917,0.10039535627770921,0.41453373015873013,0.9495,0,P04259:Q9NQT5
TMEM198,TP63,-0.2186962210183678,0.12124111520663246,0.3046875,0.0,0,Q66K66:Q9H3D4
MMP12,NMD3,-0.09617740837405736,0.18304110105580693,0.5666666666666667,0.22999999999999998,0,P39900:Q96D46
CPLX1,CSNK1E,0.027586229249904667,0.13095735283235285,0.8380208333333334,0.6778851540616246,0,O14810:P49674
RPSA,MCTS1,0.5800935710975008,0.2088045634920635,1.0,0.6462962962962963,-1,P08865:Q9ULC4
KRR1,WDR75,0.8844259230886592,0.22646103896103895,0.6523809523809525,0.7,-1,Q13601:Q8IWA0
S100A13,FAM53C,-0.04092365833130089,0.5,1.0,1.0,0,Q99584:Q9NYF3
ERCC2,TAF3,0.532574324513399,0.38211805555555556,0.699761904761905,0.7964285714285714,-1,P18074:Q5VWG9
YWHAZ,ADAM22,0.12750081854744544,0.212797619047619,0.33703703703703697,0.8766233766233765,1,P63104:Q9P0K1
MPZL1,PSMD13,0.6586170342728178,0.09696969696969697,0.46450501253132837,0.8333333333333334,0,O95297:Q9UNM6
TUBB4B,HIPK2,-0.1311892099928698,0.1265185297793993,0.46997929606625255,0.39231805929919145,0,P68371:Q9H2X6
GPR89B,GLE1,0.6977375370809636,0.3586309523809524,0.2582706766917293,0.9759562841530055,0,P0CG08:Q53GS7
GADD45GIP1,SLC17A7,0.008538902875725413,0.08954351204351203,0.22718253968253965,0.11944444444444445,0,Q8TAE8:Q9P2U7
RPS15A,VWDE,-0.03632755328270606,0.0,0.5,1.0,0,P62244:Q8N2E2
NDUFS8,NDUFA1,0.5119596349616602,0.3496969696969697,0.609375,1.0,1,O00217:O15239
PDZK1,PDXDC1,0.05410736955724766,0.1,0.22692307692307695,0.2888888888888889,0,Q5T2W1:Q6P996
RPF1,NIP7,0.6991305443985945,0.07738095238095238,0.4888888888888889,0.8636363636363636,-1,Q9H9Y2:Q9Y221
RPS27,EIF1AD,0.743458040569917,0.25,0.6,0.9648148148148149,-1,P42677:Q8N9N8
WDR75,PNO1,0.7182545367851948,1.0,0.46666666666666673,0.875,-1,Q8IWA0:Q9NRX1
RPS21,EIF1AD,0.8271047165081363,0.25,0.4875,0.9648148148148149,-1,P63220:Q8N9N8
RPS19,RPS10,0.9619846182161206,1.0,0.7668027210884354,0.7,-1,P39019:P46783
RRP12,RIOK2,0.3680207197941571,0.0,0.5047619047619047,0.09764357864357864,-1,Q5JTH9:Q9BVS4
VDAC1,EMC6,0.5081979962351402,0.10606060606060605,0.4037037037037037,0.904,0,P21796:Q9BV81
DUSP28,HIF1AN,0.5850387686542673,0.16363636363636364,0.0,0.13373879553654833,0,Q4G0W2:Q9NWT6
RPS26,MCTS1,0.5920147177417738,0.11825396825396825,1.0,0.6462962962962963,-1,P62854:Q9ULC4
RAD51D,RAD51D,1.0,0.5037190082644628,0.7629629629629628,0.9055680868838766,-1,O75771:O75771
SNRPG,ESS2,0.3342808891231726,0.6923076923076924,0.7083333333333334,1.0,-1,P62308:Q96DF8
BTN3A3,SF3B3,0.5499185438482328,0.113974796649429,0.29307359307359304,0.925925925925926,0,O00478:Q15393
GSTM5,GSTM5,1.0,1.0,0.8333333333333334,0.9074074074074076,-1,P46439:P46439
RHEB,POTEKP,-0.058217619830828966,0.1898148148148148,0.3624242424242424,0.4006734006734007,0,Q15382:Q9BYX7
HOXA10,NAA80,0.09297095417281849,0.08888888888888889,0.8333333333333334,0.38583333333333336,0,P31260:Q93015
GADD45GIP1,MRM3,0.3736779056319727,0.10795454545454546,0.5625,0.8173913043478263,-1,Q8TAE8:Q9HC36
PEX19,PCOLCE,0.4668405582902649,0.18333333333333335,0.3166666666666667,0.7352941176470588,0,P40855:Q15113
ASPDH,ANP32E,0.11207372261100546,0.07677738927738928,0.0,0.14931972789115644,0,A6ND91:Q9BTT0
AP1G2,TAF12,0.16969946094050287,0.08427322677322678,0.3373737373737374,0.7660256410256411,0,O75843:Q16514
GATM,MFSD14B,-0.38707993550108455,0.1111111111111111,0.3333333333333333,0.9898648648648649,0,P50440:Q5SR56
POLR2J,CFHR1,-0.1524465651287222,0.06686507936507936,0.4583333333333333,0.9705882352941176,0,P52435:Q03591
MRPS12,MRPL21,0.4689228782360135,1.0,0.5856643356643356,0.5833333333333334,-1,O15235:Q7Z2W9
MRPL9,MRM3,0.6206666387409029,0.12142857142857143,0.5625,0.8173913043478263,-1,Q9BYD2:Q9HC36
EED,SERPINB2,0.06291666278616857,0.10897435897435898,0.4305555555555556,0.2,0,O75530:P05120
RPL23A,RPL32,0.9626608291672649,1.0,0.7049689440993788,0.7916666666666667,-1,P62750:P62910
XAB2,CWC25,0.8489140691264522,1.0,0.4537414965986395,1.0,-1,Q9HCS7:Q9NXE8
CCT6A,TUBB2A,-0.12006744977980921,0.2375,0.3314814814814815,0.7632936507936507,1,P40227:Q13885
OR2F2,POP5,-0.10046902479567911,0.08041958041958042,0.15000000000000002,0.15885416666666666,0,O95006:Q969H6
ADPRM,REV1,0.5933062647547254,0.0,0.5,0.1590201465201465,0,Q3LIE5:Q9UBZ9
MRPS30,DDX28,0.7209317723596242,0.12142857142857141,0.54,0.35080348943985307,-1,Q9NP92:Q9NUL7
PSEN1,PSENEN,0.37151537572071214,0.5437500000000001,0.6541666666666668,0.8991596638655461,1,P49768:Q9NZ42
SRSF3,PREPL,-0.11853338467877461,0.13086219336219335,0.2583333333333333,0.18095238095238098,0,P84103:Q4J6C6
RPL13A,ABCE1,0.567321572000509,0.1888433257918552,0.5259259259259259,0.1572310405643739,-1,P40429:P61221
RPS23,RRP7A,0.719250784506624,0.2696022727272727,0.5318181818181819,0.8928571428571429,-1,P62266:Q9Y3A4
SYT16,POLR3C,-0.16097354085001114,0.0,0.0,0.9675213675213675,0,Q17RD7:Q9BUI4
SNRPF,TXNL4A,0.4771898034726685,0.5031746031746032,0.5533730158730158,1.0,1,P62306:P83876
MED7,MED14,0.5855314096813306,0.5765625,0.48611111111111116,0.7538095238095237,1,O43513:O60244
OXA1L,GFM1,0.44577176419499126,0.25,0.7083333333333334,0.3663194444444444,-1,Q15070:Q96RP9
WDR27,CRNKL1,0.7827287808304415,0.0,0.5430272108843538,0.625,0,A2RRH5:Q9BZJ0
RPL35A,RPL23,0.9747745312528852,0.264863175019425,0.603379416282642,0.6434837092731829,-1,P18077:P62829
ESM1,RCOR1,0.06249732539166531,0.12199546485260772,0.325,0.956989247311828,0,Q9NQ30:Q9UKL0
GUCY1A1,TXNIP,0.3820244576930535,0.17134882661198453,0.6666666666666666,0.8358974358974359,0,Q02108:Q9H3M7
MRRF,MRPL18,0.5208912148207758,0.6944444444444445,0.3446496212121212,0.6547619047619049,-1,Q96E11:Q9H0U6
H2BC11,IST1,0.2811644054296031,0.20037202380952382,0.46760204081632645,0.9418604651162791,0,P06899:P53990
DAP3,CHCHD1,0.7328790197977422,1.0,0.551060606060606,0.8125,-1,P51398:Q96BP2
CHCHD2P9,AADACL2,-0.05653488250564397,0.0,0.2,0.1111111111111111,0,Q5T1J5:Q6P093
RPS27,LRRC47,0.404672007139432,0.16666666666666666,0.0,0.4583333333333333,-1,P42677:Q8N1G4
BAD,SUN2,0.3673287569452869,0.131998556998557,0.24706959706959705,0.9477272727272726,0,Q92934:Q9UH99
LAMTOR5,LAMTOR2,0.4424653739169867,0.4243182743182743,0.7029261518623224,0.9435626102292768,1,O43504:Q9Y2Q5
NOTCH2NLA,POLR3F,0.16388342096126055,0.09382215007215006,0.2777777777777778,0.9078189300411522,0,Q7Z3S9:Q9H1D9
HLA-DPB1,YEATS2,0.28368239914072874,0.13693121693121696,0.20639730639730638,0.6666666666666666,0,P04440:Q9ULM3
ACSM2B,NMD3,-0.031255863270401606,0.10701659451659451,0.23750000000000002,0.21999999999999997,0,Q68CK6:Q96D46
NOP10,UQCR10,-0.0933025177252078,0.0876068376068376,0.19444444444444445,0.5625,0,Q9NPE3:Q9UDW1
SNU13,CITED4,-0.1429146548772152,0.08888888888888888,0.5666666666666667,0.16666666666666666,0,P55769:Q96RK1
ARL17A,AKAP1,0.24115877377769926,0.125,0.374074074074074,0.12083333333333335,0,Q8IVW1:Q92667
ARFIP2,RELCH,0.5455389243692759,0.16666666666666666,0.1875,0.0,0,P53365:Q9P260
MRPL12,SLIRP,0.4810691907928781,0.11055555555555556,0.535515873015873,0.9166666666666666,-1,P52815:Q9GZT3
ZNF484,COMMD7,0.6560194383926797,0.23295454545454547,0.3333333333333333,0.1895424836601307,0,Q5JVG2:Q86VX2
TCERG1,LSM4,0.4900878058567407,0.43397435897435904,0.39733893557422967,0.8988095238095238,-1,O14776:Q9Y4Z0
IGKV4-1,IGKV4-1,1.0,1.0,0.8835784313725491,1.0,1,P06312:P06312
STPG1,MRPL15,-0.1677896166820781,0.08333333333333333,0.34924242424242424,0.0,0,Q5TH74:Q9P015
NDUFB4,NDUFA7,0.6419268773754069,0.5271493212669683,0.6178571428571428,0.34375,-1,O95168:O95182
TIMP2,TBCC,-0.0422923564106139,0.16944444444444445,0.3666666666666667,0.7685185185185185,0,P16035:Q15814
CDC5L,LSM2,0.7670121051900805,0.7194444444444444,0.3603896103896104,0.9464285714285714,-1,Q99459:Q9Y333
FXR1,FXR2,0.6254067666963931,0.33718711843711846,0.4150793650793651,0.9694656488549618,1,P51114:P51116
RBBP9,E2F1,0.20978153940627828,0.2043154642292573,0.7829457364341085,0.8254629629629631,0,O75884:Q01094
CFAP221,MRPL9,-0.06301982201393232,0.11805555555555555,0.1850793650793651,0.6799999999999999,0,Q4G0U5:Q9BYD2
EIF2S2,RPS10,0.5465118184103896,0.225,0.7668027210884354,0.7,-1,P20042:P46783
APOA1,APOA1,1.0,0.24149299598777776,0.5807738095238096,0.777088948787062,1,P02647:P02647
CDRT15P3,EIF2S2,-0.20136849879715527,0.0,0.0,0.8447154471544716,0,P0DPF6:P20042
IZUMO1R,ANO5,-0.0540724967685313,0.16309523809523807,0.7066666666666667,0.2808080808080808,0,A6ND01:Q75V66
GOLGA8N,EZH2,-0.08530945534075825,0.10510752863694038,0.2003968253968254,0.0,0,F8WBI6:Q15910
KASH5,DNAJC30,0.5495102245829127,0.11130952380952382,0.2,1.0,-1,Q8N6L0:Q96LL9
EIF2S3,WIF1,-0.365109901304653,0.1384920634920635,0.5,1.0,0,P41091:Q9Y5W5
ARFIP2,ARFIP2,1.0,0.2444286616161616,0.41309523809523807,0.9457291666666666,1,P53365:P53365
PLA2G6,CUL5,0.41825691714320107,0.09287729814045603,0.5305555555555556,0.8603120243531203,0,O60733:Q93034
RPL15,LYAR,0.21590818598875827,0.08904151404151403,0.3727272727272727,0.7782608695652173,-1,P61313:Q9NX58
PHF5A,ISY1,0.8826423114458998,0.5345238095238096,0.7703809523809524,0.9791666666666666,-1,Q7RTV0:Q9ULR0
CYP2A7,CEP41,-0.10738955095689673,0.13392857142857142,0.4580459770114943,0.3333333333333333,0,P20853:Q9BYV8
VHL,CDK12,0.6560943261464232,0.2549586421490446,0.5282828282828281,0.29191468253968256,0,P40337:Q9NYV4
IFNAR2,MOCOS,0.00443168362238059,0.11527777777777778,0.5,0.5851190476190476,0,P48551:Q96EN8
SNAI1,OR8J1,0.0,0.125,0.3333333333333333,0.16666666666666666,0,O95863:Q8NGP2
VHL,AIF1L,0.0047372257357135685,0.20833333333333331,0.22380952380952385,0.5666666666666667,0,P40337:Q9BQI0
RPS7,RPS24,0.9339746119989549,0.48839285714285713,0.7233766233766233,0.6476190476190476,-1,P62081:P62847
CD28,GDAP1L1,-0.16981215178530115,0.0,0.2,0.0,0,P10747:Q96MZ0
FANCB,TOR4A,0.3525793592126408,0.0,0.3352380952380952,0.11805555555555555,0,Q8NB91:Q9NXH8
ELAVL3,FAHD1,-0.18778674247252902,0.1111111111111111,0.16964285714285715,0.5142857142857145,0,Q14576:Q6P587
MRPS14,SLIRP,0.5046316167300885,0.11055555555555556,0.535515873015873,0.9166666666666666,-1,O60783:Q9GZT3
MRPS25,MRPL24,0.2888230860860383,1.0,0.5882867132867132,0.5833333333333334,-1,P82663:Q96A35
POLR3C,POLR3H,0.36530102998919356,0.3433333333333333,0.536111111111111,0.4537037037037037,1,Q9BUI4:Q9Y535
CUTA,IGFBP1,-0.25558830460653675,0.16996495567924136,0.39999999999999997,0.7564102564102566,0,O60888:P08833
GNG2,MC2R,-0.0721242646258369,0.7222222222222223,0.9285714285714286,0.7638888888888888,-1,P59768:Q01718
MRPS21,SLIRP,0.545120504786029,0.11055555555555556,0.535515873015873,0.3333333333333333,-1,P82921:Q9GZT3
POLR2A,INTS11,0.6561334275110923,0.2006578947368421,0.616,0.9527027027027027,-1,P24928:Q5TA45
MRPS21,MRPL9,0.7330050867681879,1.0,0.5248484848484848,0.38333333333333336,-1,P82921:Q9BYD2
TNFAIP6,TNFAIP6,1.0,0.2333285541618875,0.65,0.7869674185463659,1,P98066:P98066
POLR3D,TBP,0.8244294101536381,0.29015151515151516,0.7681421864520454,0.41565162907268177,-1,P05423:P20226
SLIRP,MRPL42,0.46081239505845556,0.11805555555555555,0.28101325757575757,0.5833333333333334,-1,Q9GZT3:Q9Y6G3
AKAP5,SLC30A8,-0.06469411597202276,0.11205106621773288,0.45804232804232814,0.9413832199546486,0,P24588:Q8IWU4
RPS16,RPS28,0.8736524947973714,0.522077922077922,0.7066924066924067,0.6538461538461539,-1,P62249:P62857
STK25,ZBTB8OS,0.4574145742828914,0.1111111111111111,0.38333333333333336,0.9333333333333332,0,O00506:Q8IWT0
BRF1,PCBD2,0.060856008374071936,0.36536994660564454,0.75,0.8991596638655461,-1,Q92994:Q9H0N5
EPRS1,SMIM12,0.30667923763200405,0.0,0.6,1.0,0,P07814:Q96EX1
ALDH3B2,FAM32A,0.14162329104840726,0.2,0.36363636363636365,0.625,0,P48448:Q9Y421
RNASE4,MED18,0.17805460287927483,0.05741228070175438,0.2285714285714286,0.32280701754385965,0,P34096:Q9BUE0
RPS2,RPS27,0.765380670449751,0.5964285714285713,0.8172380952380952,0.5811688311688312,-1,P15880:P42677
SNW1,PPIL3,0.7652683064205558,0.38791423001949316,0.761904761904762,0.712962962962963,-1,Q13573:Q9H2H8
HTR1A,ZNF575,0.21842257534382556,0.14285714285714285,0.16666666666666666,0.9111111111111111,0,P08908:Q86XF7
MFAP1,LSM4,0.6289436594621524,0.4321428571428572,0.39733893557422967,0.8988095238095238,-1,P55081:Q9Y4Z0
MRPS12,MRPL43,0.25250858557727196,1.0,0.5509740259740259,0.75,-1,O15235:Q8N983
TRMT61B,LAMTOR2,0.4415577285573003,0.0766190182366653,0.10732860520094555,0.9435626102292768,0,Q9BVS5:Q9Y2Q5
MRPS11,MRPL18,0.6204988570247877,0.6944444444444445,0.5045454545454545,0.6547619047619049,-1,P82912:Q9H0U6
STX11,NME9,-0.22179818912525973,0.07692307692307693,0.3,0.125,0,O75558:Q86XW9
PPWD1,MED31,0.6423174539257763,0.291530910609858,0.38333333333333336,0.1607142857142857,0,Q96BP3:Q9Y3C7
NXPH2,RPS13,-0.13785382262030232,0.1074074074074074,0.3892857142857143,0.6168253968253966,0,O95156:P62277
SPR,ZBTB8OS,0.0037143566297838555,0.10000000000000002,0.38333333333333336,0.1413690476190476,0,P35270:Q8IWT0
C4A,BIK,-0.1449195627010445,0.11381257631257631,0.3333333333333333,1.0,0,P0C0L4:Q13323
MRPS26,MRPS33,0.3071937711299004,1.0,0.6756198347107438,0.16666666666666666,-1,Q9BYN8:Q9Y291
MRPS33,MRPL11,0.4889674115411887,1.0,0.4563131313131314,0.27810077519379844,-1,Q9Y291:Q9Y3B7
GABRG2,RRS1,-0.19653310754837608,0.12425595238095238,0.22993197278911562,0.7666666666666667,0,P18507:Q15050
SULT1A1,SULT1A1,1.0,0.4661172161172161,0.9444444444444444,0.576388888888889,1,P50225:P50225
BCKDK,EXOSC1,0.6047340512018187,0.22857142857142856,0.18377896613190733,0.96875,0,O14874:Q9Y3B2
EFTUD2,WDR70,0.7847456003863776,0.0,0.6333333333333334,1.0,-1,Q15029:Q9NW82
GNAO1,GNAO1,1.0,0.2988977072310406,0.398901098901099,0.673611111111111,0,P09471:P09471
MRPS27,SLIRP,0.43470524967044677,0.16999999999999998,0.535515873015873,0.9166666666666666,-1,Q92552:Q9GZT3
EDF1,RPS7,0.641361045005846,0.11239561092502269,0.629952380952381,0.6504329004329005,-1,O60869:P62081
CENPQ,H2AC6,-0.07078007624886151,0.12878787878787878,0.5166666666666668,0.6,-1,Q7L2Z9:Q93077
CIC,GNG12,0.2608999321500683,0.13392857142857142,0.20833333333333331,0.9285714285714286,0,Q96RK0:Q9UBI6
LRPPRC,MRPL47,0.6568077659768757,0.16666666666666666,0.42580213903743314,0.25,-1,P42704:Q9HD33
PSMA3,PLEKHO1,0.20783488566768146,0.08147546897546896,0.39999999999999997,1.0,0,P25788:Q53GL0
DCTN3,RCAN3,0.43835585256542453,0.19642857142857142,0.5666666666666667,0.762987012987013,0,O75935:Q9UKA8
POLR2E,GSTO1,0.4564778855825229,0.09865513274604186,0.5185185185185186,0.2648809523809524,0,P19388:P78417
XK,HIPK2,-0.22144144275710448,0.11105331866201427,0.4047619047619047,0.39231805929919145,0,P51811:Q9H2X6
TMEM258,DAD1,0.8310463415266253,0.5485042735042736,0.6157407407407408,0.2,-1,P61165:P61803
NGDN,NOL6,0.8091993090931716,0.31628787878787873,0.47507002801120446,0.8125,-1,Q8NEJ9:Q9H6R4
NDUFA6,UQCR10,0.6853884412031125,0.5181818181818182,0.7113095238095237,0.3125,-1,P56556:Q9UDW1
NDUFB5,NDUFS5,0.6819585766984299,0.4229555167055167,0.4742424242424243,0.75,1,O43674:O43920
IST1,APOBEC3B,0.18950156942795368,0.10555555555555556,0.525,0.49107142857142855,0,P53990:Q9UH17
RCL1,NOP58,0.494283569799616,0.4006734006734007,0.5045351473922901,0.7575,-1,Q9Y2P8:Q9Y2X3
MRPS10,MRRF,0.6112900064396409,0.39999999999999997,0.5625,0.0,-1,P82664:Q96E11
CPSF7,CCDC87,0.10816948260299299,0.095,0.0,1.0,0,Q8N684:Q9NVE4
RPLP1,RPL27A,0.8731541399554378,1.0,0.7108571428571429,0.6145833333333334,-1,P05386:P46776
EED,CROCCP2,0.35830295555888103,0.0,0.0,1.0,0,O75530:Q86T23
GTPBP6,MRPL3,0.44288074170665087,0.0,0.2378246753246753,0.16666666666666666,-1,O43824:P09001
HTR1A,HTR1A,1.0,0.3293677002010335,0.7738095238095238,0.510064935064935,1,P08908:P08908
MAP1LC3B2,NFAM1,0.07578856690909495,0.10248168498168497,0.3020833333333333,0.2738095238095238,0,A6NCE7:Q8NET5
VBP1,ACTRT1,-0.13301690588149884,0.14484126984126983,0.5666666666666667,0.5,0,P61758:Q8TDG2
TNNC1,MC1R,-0.13026602829376047,0.13405907817672524,0.35416666666666663,0.6018009768009768,0,P63316:Q01726
BIRC3,SLITRK1,-0.22500535740826028,0.14528419111752447,0.2833333333333333,1.0,0,Q13489:Q96PX8
IL1B,TCTN2,-0.15776832630385296,0.2666666666666667,0.2571428571428571,0.0,0,P01584:Q96GX1
RPS4Y1,RPL37A,0.26620895681019907,1.0,0.6724206349206349,0.4372294372294373,-1,P22090:P61513
VIPR2,MED22,0.4944408940997146,0.10000000000000002,0.21825396825396826,0.3285714285714286,0,P41587:Q15528
RPS8,TSR1,0.553052778391146,0.6666666666666666,0.5666666666666667,0.4421296296296296,1,P62241:Q2NL82
RPS14,NGDN,0.7230955796240415,0.2599358974358974,0.3508771929824562,0.85,-1,P62263:Q8NEJ9
FKBP5,CNOT2,0.402566132166475,0.3431166056166057,0.5073015873015874,0.9420546932742054,0,Q13451:Q9NZN8
HLA-DOA,HP1BP3,0.2617582527975256,0.14204545454545453,0.19444444444444445,0.6458333333333333,0,P06340:Q5SSJ5
SLCO2B1,HSPB7,-0.16120763927534928,0.13227513227513227,0.2494047619047619,0.24722222222222223,0,O94956:Q9UBY9
ZNRD2,TNFSF10,0.09536594079065756,0.14582417582417584,0.4666666666666667,0.8529761904761903,0,O60232:P50591
UBC,P2RX2,0.006807871282928031,0.08110772669596197,0.5097796143250689,0.2327097505668934,0,P0CG48:Q9UBL9
PLPP1,RSPO3,0.38545543903542084,0.1752645502645503,0.5,0.5277777777777778,0,O14494:Q9BXY4
STPG4,OR5L2,0.0,0.07377450980392157,0.3333333333333333,0.27777777777777773,0,Q8N801:Q8NGL0
RPL17,RPS11,0.9280793100467964,0.8541666666666666,0.7208494208494208,0.6545454545454545,-1,P18621:P62280
RPL13A,RPL5,0.9397346386144609,0.2850438252223967,0.5802248677248677,0.3275418275418275,1,P40429:P46777
BUD31,LSM7,0.47554856404303314,0.7333333333333334,0.35028011204481796,0.9631782945736433,-1,P41223:Q9UK45
CDH12,RNLS,0.07982326539006007,0.1431277056277056,0.3333333333333333,0.27182539682539686,0,P55289:Q5VYX0
SOWAHB,GNAO1,-0.09499005533925085,0.0,0.0,0.673611111111111,0,A6NEL2:P09471
PYY,SFN,-0.01692545983814754,0.15958763458763459,0.4787878787878787,0.9844294967613353,0,P10082:P31947
MBD3,KLF2,0.25544900455085046,0.2595262957253907,0.7333333333333334,0.41616161616161623,0,O95983:Q9Y5W3
ALDH3B2,RSPO1,0.10061976545488231,0.09898268398268399,0.45,0.859375,0,P48448:Q2MKA7
HSPA1B,SMIM15,0.12618793174320267,0.0,1.0,0.0,0,P0DMV9:Q7Z3B0
EED,SLC16A11,0.15545898864673335,0.11688311688311688,0.3055555555555555,0.4821428571428571,0,O75530:Q8NCK7
MED6,IFT22,0.1911311162402676,0.09706959706959706,0.35256410256410253,0.11805555555555555,0,O75586:Q9H7X7
MT-ND4L,NDUFA5,0.5597275188857224,0.3410005027652086,0.6557692307692307,0.19791666666666666,-1,P03901:Q16718
PPARG,ZNF592,0.1687253933796773,0.5555555555555556,1.0,0.5333333333333333,0,P37231:Q92610
BMP6,FANCB,-0.037603822759571644,0.09471153846153847,0.44000000000000006,1.0,0,P22004:Q8NB91
FANCC,MEMO1,0.4389504274110123,0.125,0.8,1.0,0,Q00597:Q9Y316
PRPF38A,LSM4,0.4593039731690419,0.4321428571428572,0.39733893557422967,0.8988095238095238,-1,Q8NAV1:Q9Y4Z0
PIGO,DDX19B,0.7780060126271013,0.07199754901960784,0.38035714285714284,0.12945249195249195,0,Q8TEQ8:Q9UMR2
CDC40,NOSIP,0.4848809961233722,0.09511784511784512,0.4428571428571429,0.6157407407407408,0,O60508:Q9Y314
PFKP,SUPT16H,0.6457105227617008,0.10178571428571427,0.44912280701754376,0.8194444444444445,0,Q01813:Q9Y5B9
TP53,CCNA2,0.7232098840297041,0.1998091998091998,0.37258297258297257,0.9209726443769,1,P04637:P20248
MRPS22,MRPL23,0.6732133464001712,1.0,0.5292424242424242,0.75,-1,P82650:Q16540
CR2,IL15,0.5013383105263859,0.15676268176268174,0.4934523809523809,0.738095238095238,0,P20023:P40933
NMB,GNG2,0.27439849748628425,0.33999999999999997,0.321285140562249,1.0,0,P08949:P59768
H2BC10,CENPM,0.6376736706736627,0.125,0.8309523809523809,0.0,-1,P62807:Q9NSP4
MRPS22,MRPS15,0.5534603972306188,1.0,0.5039772727272727,0.55,-1,P82650:P82914
CUL1,NOD1,0.42503718426272785,0.15950710046454725,0.7663043478260868,0.6880952380952381,0,Q13616:Q9Y239
GBGT1,INSL5,-0.14690068798167225,0.13333333333333333,0.25,0.15595238095238095,0,Q8N5D6:Q9Y5Q6
EIF3G,CHRNA5,0.17876254125903063,0.138723544973545,0.28736263736263734,0.4355921855921856,0,O75821:P30532
PIGG,NDUFA12,0.14634564676771752,0.08062770562770562,0.2836309523809524,0.22916666666666666,0,Q5H8A4:Q9UI09
VSIG10L2,MCM4,0.1497639433669275,0.11424285590952257,0.3000952380952381,0.5732683982683983,0,P0DP72:P33991
MRPS9,OXA1L,0.6781806388365639,0.1664085914085914,0.4404761904761905,0.6153846153846154,-1,P82933:Q15070
RNASEH2B,HSCB,0.6340465014469269,0.1392857142857143,0.375,0.934375,0,Q5TBB1:Q8IWL3
POLR2B,RABAC1,0.48961864740026095,0.0,0.5122222222222222,0.9947916666666666,0,P30876:Q9UI14
MRPL22,MRPS18B,0.7033350682054625,1.0,0.5086647727272727,0.31,-1,Q9NWU5:Q9Y676
TPI1,TPI1,1.0,0.3471153846153846,0.5592592592592592,0.5456349206349207,1,P60174:P60174
MRPL37,DDX28,0.6119616373167458,0.10795454545454547,0.54,0.35080348943985307,-1,Q9BZE1:Q9NUL7
ACTR3,RPS29,0.5567486330311399,0.17777777777777778,0.7327891156462585,0.3055555555555556,0,P61158:P62273
UTP6,RCL1,0.48782814562550575,0.30929487179487175,0.7277777777777779,0.78125,-1,Q9NYH9:Q9Y2P8
GLS,GSDMD,0.14287637364259106,0.14988569179358652,0.5988095238095238,0.3712070874861572,0,O94925:P57764
MRPL32,MRM3,0.5444894576527403,0.12142857142857143,0.5625,0.8173913043478263,-1,Q9BYC8:Q9HC36
RPS4X,EIF1AD,0.6981633971154467,0.25,0.4875,0.9648148148148149,-1,P62701:Q8N9N8
NUDT21,DPEP3,0.10365274657824022,0.16666666666666666,0.3611111111111111,0.14285714285714285,0,O43809:Q9H4B8
MDM2,PRSS54,-0.05990260369738697,1.0,0.5,0.2,0,Q00987:Q6PEW0
FGB,INPP5E,-0.2313397834672812,0.10584693084693085,0.3255555555555556,0.424793388429752,0,P02675:Q9NRR6
RPLP1,RPL14,0.8702498159696153,0.5654761904761905,0.683531746031746,0.6176470588235294,-1,P05386:P50914
EIF4A3,ESS2,0.5901725784265872,0.6923076923076924,0.7037037037037037,1.0,0,P38919:Q96DF8
ACOT7,CPLX1,0.7678745235765256,0.07532883782883784,0.7224999999999999,0.875,0,O00154:O14810
SSB,AKNAD1,0.01854448780450379,0.0,0.0,1.0,0,P05455:Q5T1N1
NSA2,RRP15,0.826252262412068,0.75,1.0,0.0,-1,O95478:Q9Y3B9
WBP11,LSM2,0.834376580995169,0.7341269841269842,0.3603896103896104,0.9464285714285714,-1,Q9Y2W2:Q9Y333
BUD23,RPS16,0.3695639308220791,0.1361904761904762,0.41090225563909766,0.5625,1,O43709:P62249
MBP,CDK9,-0.13740704903574558,0.12051126651126653,0.3914248871695679,0.8185134310134311,1,P02686:P50750
D2HGDH,IL17F,-0.04673215985727737,0.0944526307026307,0.20000000000000004,0.14395943562610228,0,Q8N465:Q96PD4
MXI1,KRT40,-0.12009902898888272,0.06512605042016806,0.903921568627451,0.998501872659176,1,P50539:Q6A162
LSM3,ZMAT2,0.6369374580327665,1.0,0.4935714285714286,0.9722906403940887,-1,P62310:Q96NC0
SKA3,SKA2,0.23106308888633467,0.3163492063492063,0.6818095238095238,0.8666666666666668,1,Q8IX90:Q8WVK7
LSM8,TXNL4A,0.2231025257783565,0.5031746031746032,0.5533730158730158,1.0,-1,O95777:P83876
SPRYD7,CPA5,0.3297290955891312,0.0,0.0,0.13392857142857142,0,Q5W111:Q8WXQ8
MRAS,TRIM74,-0.1335460545608907,0.09090909090909091,0.3333333333333333,0.9353321575543797,0,O14807:Q86UV6
MARCKSL1,H2BC21,0.03649758089446041,0.1107936507936508,0.3458333333333333,0.9411764705882353,0,P49006:Q16778
NDUFS3,PITX2,0.12959252557830309,0.12861804861804862,0.3954545454545455,0.7796072101156847,0,O75489:Q99697
FOXH1,OR2T12,0.4380157956970426,0.125,0.3333333333333333,0.16666666666666666,0,O75593:Q8NG77
RPL4,RPL14,0.9690769140371804,0.5654761904761905,0.683531746031746,0.6176470588235294,1,P36578:P50914
ELK4,ROM1,-0.22180612540932076,0.16222222222222224,0.25,0.875,0,P28324:Q03395
ETV2,PSMB9,-0.061504877365967214,0.14230769230769233,0.20550169009073116,0.1930451127819549,0,O00321:P28065
RTN4IP1,SUPT16H,0.413400876755993,0.08888888888888889,0.20643274853801172,0.8194444444444445,0,Q8WWV3:Q9Y5B9
NCS1,LGMN,-0.2975435271147065,0.12639690556357222,0.3100198412698412,0.24421768707482996,0,P62166:Q99538
GTPBP6,MRPL48,0.45817208077798577,0.0,0.3425662878787879,0.25,-1,O43824:Q96GC5
UBA52,ACOX2,-0.04626895164757393,0.11000000000000001,0.36538461538461536,0.4028769841269842,0,P62987:Q99424
IGHG4,ASCL5,-0.11090576942569566,0.07692307692307693,0.35,0.21458333333333335,0,P01861:Q7RTU5
ELK1,PDK2,0.5522210591306514,0.11817151102865388,0.43163265306122456,0.3916170634920635,0,P19419:Q15119
MTRFR,MRPS18A,0.3081162520061382,0.225,0.2378246753246753,0.22916666666666666,-1,Q9H3J6:Q9NVS2
RGS14,HNRNPA1,-0.191207756869311,0.2558377394350245,0.4125,0.7868518518518519,0,O43566:P09651
CD3E,CD247,0.9882534586250671,0.3386104636104636,0.8681623931623932,0.9233333333333333,1,P07766:P20963
RPLP1,RPS11,0.8916035907385124,0.8541666666666666,0.7208494208494208,0.6545454545454545,-1,P05386:P62280
LYNX1,MKX,0.11394064063359902,0.11071428571428571,0.35,0.17037037037037037,0,P0DP58:Q8IYA7
PSMD12,UBC,0.429275789166677,0.3,0.836025641025641,0.9823848238482384,1,O00232:P0CG48
DHX16,ISY1,0.8002518337093838,0.5345238095238096,0.7703809523809524,0.9791666666666666,-1,O60231:Q9ULR0
XAF1,OR2T10,0.29547194913604635,0.12698412698412698,0.3333333333333333,0.2,0,Q6GPH4:Q8NGZ9
COX6A1,COX4I1,0.5392968172067303,0.5220512820512819,0.531015037593985,0.9125,-1,P12074:P13073
RPS12,RPS27,0.8682030443589828,0.5964285714285713,0.8172380952380952,0.5811688311688312,-1,P25398:P42677
SMN1,MSANTD1,0.08731826299268015,0.07142857142857142,1.0,0.0,0,Q16637:Q6ZTZ1
NDUFB6,NDUFB4,0.6214382339107948,0.3496969696969697,0.49543650793650784,1.0,-1,O95139:O95168
TMEM101,CIB1,0.4882297736406579,0.1245174333242515,0.466260162601626,0.8719498910675381,0,Q96IK0:Q99828
LLPH,NLE1,0.583341125149921,0.1218975468975469,0.6799999999999999,1.0,-1,Q9BRT6:Q9NVX2
KIR2DL3,TTYH1,-0.11257528226411302,0.13360088985088986,0.626984126984127,0.45400155400155395,0,P43628:Q9H313
INHBA,STXBP5,0.29322466863698154,0.1366780045351474,0.33520923520923523,0.3273809523809524,0,P08476:Q5T5C0
CRCP,RAD23A,0.18335545425713118,0.11445221445221446,0.4989648033126294,0.9412698412698413,0,O75575:P54725
GNB1,SMO,0.12876128417920069,0.19535287944378854,0.3061594202898551,0.4477777777777778,1,P62873:Q99835
AKR7A3,TSHZ2,-0.19323594652942128,0.07692307692307693,0.35,0.86875,0,O95154:Q9NRE2
TNNI3,FBF1,-0.11890235538680796,0.12222222222222223,0.5750700280112045,1.0,0,P19429:Q8TES7
RPS3A,RPS13,0.9743341245752563,0.6994047619047619,0.6767857142857142,0.6355555555555554,-1,P61247:P62277
TLR4,NRIP3,-0.15918951412908836,0.25,0.0,0.8928571428571428,0,O00206:Q9NQ35
GADD45G,SH3BP4,-0.005766287057703488,0.17409090909090907,0.4708333333333334,0.8784893267651886,0,O95257:Q9P0V3
MSC,TCF4,0.24550782269040464,0.47975427350427347,0.46772486772486777,0.9586299892125136,1,O60682:P15884
RPS19,RACK1,0.8929946141928682,0.12326580690551278,0.5023809523809524,0.8351882613510518,1,P39019:P63244
MRPS33,MRPS7,0.6392029983394949,0.775,0.5856643356643356,0.43650793650793646,-1,Q9Y291:Q9Y2R9
RPS7,ETF1,0.6471803571417091,0.1220238095238095,0.6129629629629629,0.6124574829931974,-1,P62081:P62495
EIF3J,MFSD3,-0.21297575399644558,0.2,0.5,0.875,0,O75822:Q96ES6
PTCD3,METTL17,0.7960886088628616,0.3194444444444444,0.7333333333333334,0.9209150326797387,-1,Q96EY7:Q9H7H0
RPS18,CPA4,0.42148542403724026,0.27777777777777773,0.5,0.30357142857142855,0,P62269:Q9UI42
RAB3IP,ANP32E,0.4849835054272327,0.1759259259259259,0.42990219656886325,0.5523809523809524,0,Q96QF0:Q9BTT0
TCF4,MAIP1,0.010193186123858165,0.09545454545454546,0.19999999999999998,0.875,0,P15884:Q8WWC4
RPS17,FXYD2,-0.059142288199461206,0.11258463758463759,0.4833333333333333,0.21857142857142856,0,P08708:P54710
TLR4,KCNH5,-0.06871384694823232,0.1255668934240363,0.4388888888888889,0.335016835016835,0,O00206:Q8NCM2
RPL30,NMD3,0.6652764712112947,0.09636428386428386,0.5666666666666667,0.319047619047619,-1,P62888:Q96D46
MGRN1,FYTTD1,0.46288465007733515,0.125,0.3611111111111111,0.8041666666666666,0,O60291:Q96QD9
PSEN1,PINK1,-0.006119434170940837,0.14755350013970703,0.4284256559766765,0.5157917383820998,0,P49768:Q9BXM7
POLR3C,TKTL2,0.38292790965414164,0.0,0.5,0.18888888888888888,0,Q9BUI4:Q9H0I9
ETF1,RPS4X,0.6036195482880551,0.18026960784313725,0.669702380952381,0.7369565217391304,-1,P62495:P62701
SOX9,CBFB,-0.08012600755672036,0.25370273109243696,0.9769503546099292,0.8648148148148147,0,P48436:Q13951
NR3C1,NQO1,0.10945421261600347,0.1748913998913999,0.7138888888888889,0.5094246031746033,0,P04150:P15559
UBE2I,SMIM40,0.10660749200882853,0.0,0.5,0.0,1,P63279:Q5STR5
SH2D1A,IRF8,0.7528204177465663,0.16788965003250717,0.5571428571428572,0.4395061728395062,0,O60880:Q02556
DDX54,MAK16,0.7437667507296393,1.0,0.6111111111111112,0.8,0,Q8TDD1:Q9BXY0
SNRPC,DDX46,0.722572734630174,0.63,0.5804761904761904,0.40842490842490836,-1,P09234:Q7L014
ENDOD1,CDKN1C,0.24071331749625607,0.07594862156882616,0.35,0.7003968253968254,0,O94919:P49918
RPL23A,RPL39,0.8786504857059697,0.5392628205128205,0.7324263038548752,0.8333333333333334,1,P62750:P62891
RPS16,RPL30,0.9759411560302339,0.6628891941391941,0.5863492063492063,0.5347222222222222,-1,P62249:P62888
TIPRL,KIF18A,0.5820993510217819,0.10377344877344878,0.6718364197530864,0.5814236111111111,0,O75663:Q8NI77
GADD45G,PHF13,0.2906141834872625,0.1963203463203463,0.8,0.43809523809523815,0,O95257:Q86YI8
RGS14,TBL1Y,-0.03994527878508191,0.1111111111111111,0.44166666666666665,0.5833333333333334,0,O43566:Q9BQ87
HLA-DOA,HLA-DMA,0.9199198412992491,0.5925925925925926,0.39389499389499394,0.6714285714285715,1,P06340:P28067
PRKAB2,PRKAG1,0.5921016841945178,0.3754639804639804,0.6659999999999999,0.8622655122655123,1,O43741:P54619
RAC1,GAL3ST2,0.07369466988035472,0.18333333333333335,0.75,0.3586309523809524,0,P63000:Q9H3Q3
ALX3,ASF1A,0.14669971671364704,0.12931547619047618,0.4636363636363637,0.19629629629629633,0,O95076:Q9Y294
GABRB2,EIF5AL1,-0.08059623369610382,0.0989010989010989,0.25,0.11666666666666665,0,P47870:Q6IS14
PSME1,PSME2,0.8677997305174744,0.5454545454545454,0.8623407109322602,0.9285714285714285,1,Q06323:Q9UL46
SNRPD1,SMU1,0.6480420362106575,0.4375,0.5428571428571429,1.0,-1,P62314:Q2TAY7
GNG7,GTDC1,0.21719526658053107,0.10416666666666666,0.25,0.125,0,O60262:Q4AE62
STK10,PI4KB,0.3112883029898002,0.3294191919191919,0.3463203463203463,0.7668128654970761,0,O94804:Q9UBF8
RPLP2,RPS26,0.85752971409392,0.8673469387755102,0.7300264550264549,0.6099999999999999,-1,P05387:P62854
POLR2H,GTF2A2,0.3371643801536341,0.41948051948051945,0.8297297297297299,0.16917293233082709,-1,P52434:P52657
MAPK13,GADD45G,-0.08357270195870818,0.18469387755102037,0.6000000000000001,1.0,0,O15264:O95257
IGHG2,PCDHB3,-0.12508487711169905,0.13247955747955745,0.75,0.5833333333333334,0,P01859:Q9Y5E6
RPS15A,UTP6,0.7711856771614138,0.5384615384615384,0.5481481481481482,0.9,-1,P62244:Q9NYH9
RPS13,RPL31,0.9413938105863628,1.0,0.6769841269841269,0.7916666666666666,-1,P62277:P62899
SSBP1,POLD4,0.49294896329504995,0.08269230769230769,0.19425837320574166,0.9326923076923077,0,Q04837:Q9HCU8
RPA1,FUT9,-0.16252075171599384,0.14718213884880552,0.2276785714285714,0.4005602240896359,0,P27694:Q9Y231
MRAS,MANEA,0.00813932510302805,0.0,0.22916666666666666,0.11574074074074074,0,O14807:Q5SRI9
PSMG4,GIMAP5,0.2612077770422923,0.0,0.11805555555555555,0.49423076923076925,0,Q5JS54:Q96F15
RPLP1,RPL22,0.8242276312138814,0.7181818181818181,0.6882936507936508,0.7931034482758621,-1,P05386:P35268
CIR1,COPS5,0.528735238911501,0.13237122354769412,0.45781893004115226,0.8775827280064568,0,Q86X95:Q92905
ASIP,SYCE2,0.08483947793901032,0.22916666666666666,0.425,1.0,0,P42127:Q6PIF2
RPS21,RPL10L,-0.10800078772808866,0.21666666666666665,0.28714285714285714,1.0,-1,P63220:Q96L21
SNRPD2,SMN1,0.8306774225695744,0.5954045954045954,0.498015873015873,0.9951923076923077,1,P62316:Q16637
IL6,IL6,1.0,0.20149683198463686,0.7944700460829492,0.6014492753623188,1,P05231:P05231
MCM2,MIS18A,0.6772480248832565,0.16833333333333333,0.6733333333333333,0.9670212765957448,0,P49736:Q9NYP9
MRPL28,SLIRP,0.6134580141107794,0.11055555555555556,0.535515873015873,0.9166666666666666,-1,Q13084:Q9GZT3
HLA-C,KIR2DL3,0.8284820539369601,0.5714285714285714,1.0,0.9828767123287672,1,P10321:P43628
MRPL37,MRPL47,0.5806988989717944,1.0,0.47727272727272735,1.0,1,Q9BZE1:Q9HD33
PDPN,PDPN,0.9999999999999999,0.25859862359862357,0.5734234234234233,0.7434920634920634,1,Q86YL7:Q86YL7
RPS24,RPL11,0.888473314027636,0.3308206413469571,0.6087797619047619,0.8163149350649351,-1,P62847:P62913
DRD1,CEP120,-0.20659716483938478,0.145510878010878,0.25,1.0,0,P21728:Q8N960
CRYBG2,MRAP,-0.05238137680922696,0.0,0.0,0.3338095238095238,0,Q8N1P7:Q8TCY5
NOA1,MRPS33,0.29942378478645676,0.13392857142857142,0.27789256198347106,0.25,-1,Q8NC60:Q9Y291
HSD17B12,CPSF7,0.3493993677322988,0.10007849293563578,0.2523809523809523,0.9500000000000001,0,Q53GQ0:Q8N684
WDR74,NOC2L,0.8497569382536989,0.185513098013098,0.5145833333333334,0.6862745098039217,-1,Q6RFH5:Q9Y3T9
HTATSF1,SNRPB2,0.2818618082577203,0.9066666666666666,0.48857142857142855,0.9292929292929293,1,O43719:P08579
MRPS25,METTL17,0.7839612423223786,0.3194444444444444,0.32083333333333336,0.23996265172735756,-1,P82663:Q9H7H0
RPS5,RPS24,0.923888199280351,0.48839285714285713,0.7233766233766233,0.6476190476190476,-1,P46782:P62847
SYT7,CSF2RB,-0.19073005923684214,0.12586580086580085,0.9285714285714286,0.6938988095238094,0,O43581:P32927
TCERG1,RBM22,0.8521596687779023,0.2949891067538127,0.5636243386243387,0.6520833333333333,-1,O14776:Q9NW64
RRAGC,THG1L,0.693518983803863,0.15806600806600807,0.5035714285714286,0.6129761904761905,0,Q9HB90:Q9NWX6
CDH1,RPS24,0.15994794323727685,0.146494708994709,0.4165584415584416,0.35714285714285715,-1,P12830:P62847
GNG2,TRAT1,0.13493262928100694,0.24146825396825394,0.6952380952380952,0.5833333333333334,0,P59768:Q6PIZ9
MRPL52,AURKAIP1,0.3320115692908918,0.30769230769230765,0.5114853896103897,1.0,-1,Q86TS9:Q9NWT8
TM7SF2,SIRT5,-0.10226666850018777,0.09814797130973602,0.6908482142857142,0.13839285714285715,0,O76062:Q9NXA8
LHX4,KRTAP4-8,0.012221158065233016,0.16666666666666666,0.3214285714285714,0.0,0,Q969G2:Q9BYQ9
RPS6,RPS24,0.9542059009815748,0.48839285714285713,0.7233766233766233,0.6476190476190476,1,P62753:P62847
RPL10A,RPL24,0.9508941981978517,0.6277777777777777,0.6696649029982362,0.5892857142857143,-1,P62906:P83731
RPS19,RPS15A,0.9566896678881869,0.6027777777777777,0.739021164021164,0.6911764705882353,-1,P39019:P62244
LEPR,KEAP1,0.2564436434551876,0.14223328754578754,0.43984375,0.9542288557213929,0,P48357:Q14145
SNRPC,SF3A1,0.7311886887107151,0.7333333333333333,0.4403225806451612,0.8636363636363636,-1,P09234:Q15459
H4C1,H2AC6,-0.030905842707672777,0.1388888888888889,0.5166666666666668,0.6,1,P62805:Q93077
FAHD1,RAB18,0.06607434883025923,0.08275058275058275,0.45,0.7480158730158729,0,Q6P587:Q9NP72
SNAI2,NCBP2,0.4155932793722647,0.10790826888969303,0.8261261261261261,0.8148936170212768,0,O43623:P52298
SNRPE,SNRPG,0.9010073409432307,0.6875850340136054,0.45905483405483405,0.903125,1,P62304:P62308
BLVRA,RNF208,-0.2052433192573241,0.08712121212121213,0.75,0.9172939068100358,0,P53004:Q9H0X6
RPS17,RPL31,0.9247588465760274,1.0,0.6769841269841269,0.412037037037037,-1,P08708:P62899
POLR2H,POLR1H,0.7350738542864577,0.225,0.7923076923076923,0.22251082251082252,-1,P52434:Q9P1U0
SEC13,NUP35,0.5024347838540397,0.3559523809523809,0.8146341463414634,0.7685185185185185,-1,P55735:Q8NFH5
RPLP1,RPS4X,0.8498648700055795,0.6614583333333334,0.669702380952381,0.7369565217391304,-1,P05386:P62701
SYN3,GYG1,-0.18901442565558585,0.09090909090909091,0.23099489795918368,0.10450937950937952,0,O14994:P46976
LSM3,LSM7,0.6176237557814097,0.75,0.35028011204481796,0.9631782945736433,1,P62310:Q9UK45
EMD,TRIM42,-0.06785126676990967,0.16666666666666666,0.0,0.9882816661340151,1,P50402:Q8IWZ5
TBP,POLR3B,0.5052345267018794,0.3852272727272727,0.4888888888888888,0.1363155363155363,-1,P20226:Q9NW08
GYS1,GYG1,0.5249104373662371,1.0,0.7464285714285716,0.5585034013605442,1,P13807:P46976
ZNF501,PLGRKT,0.06961515595511296,0.09953703703703703,0.3333333333333333,1.0,0,Q96CX3:Q9HBL7
NSG1,FNDC9,0.7315566525036543,0.0,1.0,1.0,-1,P42857:Q8TBE3
KHDRBS1,TAL2,0.3247071084115031,0.2582417582417582,0.5,0.5373015873015874,0,Q07666:Q16559
RPLP0,FAU,0.7343936835590582,0.4858974358974359,0.7694677871148459,0.54421768707483,-1,P05388:P62861
MRPS14,MRPL18,0.7785716202086703,0.6944444444444445,0.5045454545454545,0.6547619047619049,-1,O60783:Q9H0U6
RNF113A,BCAS2,0.2751297836665568,0.43796296296296294,0.49859943977591026,1.0,-1,O15541:O75934
NCBP2AS2,ANKRD54,0.27416322481508404,0.0,0.31999999999999995,0.8333333333333333,0,Q69YL0:Q6NXT1
CYP2C8,CEP63,-0.24207540451676343,0.12880919585465042,0.4620689655172413,0.9927536231884058,0,P10632:Q96MT8
SNRPB2,SRRM1,0.6805063416601982,0.4089912280701754,0.7492063492063492,0.8333333333333334,-1,P08579:Q8IYB3
GNB1,MRAP,-0.017983238223107434,0.15833333333333333,0.4222222222222223,0.6499999999999999,-1,P62873:Q8TCY5
BUD23,RPS15A,0.3250857504073481,0.13465608465608467,0.4334656084656084,0.6911764705882353,-1,O43709:P62244
SNRPF,NOSIP,0.2479798325932895,0.09511784511784512,0.5142857142857143,0.6157407407407408,0,P62306:Q9Y314
UFM1,RPL39,0.6021343083405076,0.13169642857142855,0.3990929705215419,0.25,0,P61960:P62891
GTPBP6,MRPL50,0.525602518128633,0.0,0.3316844919786096,0.0,-1,O43824:Q8N5N7
CREB3,AQP1,0.45888575126234277,0.1351189598025041,0.6654545454545455,0.836815534892458,1,O43889:P29972
SPEGNB,FANCE,0.23688595200072732,0.0,0.0,0.14285714285714285,0,A0A087WV53:Q9HB96
RPS28,RPL11,0.9245165818492334,0.3308206413469571,0.6087797619047619,0.8271103896103899,-1,P62857:P62913
RPL22,FTSJ3,0.863837430444627,0.11523809523809522,0.2797619047619047,0.6686728395061727,-1,P35268:Q8IY81
RAB11B,TTC7A,0.287662761559982,0.257051282051282,0.41666666666666663,1.0,0,Q15907:Q9ULT0
OST4,MAGT1,0.6601905836605172,0.5437964812964813,0.400030525030525,0.125,-1,P0C6T2:Q9H0U3
MAPK6,EGLN3,0.19590322131126364,0.2006172839506173,0.7000000000000001,0.8680555555555557,1,Q16659:Q9H6Z9
KIAA0513,CAB39,-0.01889505293734856,0.0,0.38277777777777783,0.0,0,O60268:Q9Y376
PSMC3,PSMD7,0.7895788259640264,1.0,0.8254920634920635,0.8675213675213675,1,P17980:P51665
MRPS11,MRPS27,0.5996199916895005,0.42083333333333334,0.44772727272727275,0.7818181818181816,-1,P82912:Q92552
CA11,RPS10P5,-0.3544762725063987,0.0,0.14285714285714285,0.14583333333333331,0,O75493:Q9NQ39
EFCAB2,PNMA3,0.1875515623374408,0.0,0.5,0.8911564625850339,0,Q5VUJ9:Q9UL41
ELOB,CUL5,0.37142614937575263,0.18020641639062693,0.5305555555555556,0.8603120243531203,1,Q15370:Q93034
MPHOSPH10,RPS28,0.7160726538446756,0.30750688705234164,0.4093951093951093,0.6538461538461539,-1,O00566:P62857
OXA1L,MRPL45,0.8445955606105194,1.0,0.5314285714285714,0.71875,1,Q15070:Q9BRJ2
FAU,RPS27A,0.9603437716177338,0.5902777777777778,0.8273681515617,0.7761111111111111,-1,P62861:P62979
POLR2I,CCNH,0.5712555750389828,0.5313963642137016,0.8855403348554032,0.9690934065934067,-1,P36954:P51946
CDC40,PPIL4,0.7965198002430344,0.06666666666666667,0.7833333333333333,0.4583333333333333,0,O60508:Q8WUA2
EIF2S3,RPS15,0.8502328038472293,0.17254329004329003,0.7455026455026454,0.5428571428571428,-1,P41091:P62841
RPL11,PCSK9,-0.21070795034691997,0.14069264069264067,0.35328282828282825,0.625705467372134,0,P62913:Q8NBP7
NEURL3,ZFP37,-0.19832020292784985,0.06066176470588235,0.2,0.21469155844155843,0,Q96EH8:Q9Y6Q3
TIMP2,INPP5K,0.4888017047095454,0.13267420079920078,0.3395833333333333,0.629329884207933,0,P16035:Q9BT40
SEC61G,RPL15,0.5102954987578412,0.08356643356643356,0.6668571428571428,0.5892857142857143,-1,P60059:P61313
PMCH,HTR2C,0.0,0.21577106468410812,0.30000000000000004,0.17877899877899875,0,P20382:P28335
TPMT,ZNF391,0.014548334222248174,0.07692307692307693,0.2,0.23863636363636365,0,P51580:Q9UJN7
CD4,TMEM39A,0.19704945232583554,0.15079365079365079,1.0,1.0,0,P01730:Q9NV64
CEBPA,RAP1B,0.13262802386360856,0.16081193112443112,0.3170940170940171,0.7096618357487923,0,P49715:P61224
PRPS2,CHST4,-0.020793272615941244,0.22516025641025642,0.225,0.21250000000000002,0,P11908:Q8NCG5
DPM2,HSP90AA1,0.16173725978355097,0.1805863513180586,0.24153025793650795,0.9096845922276957,0,O94777:P07900
NDUFB4,NDUFB10,0.6527194072099263,0.3496969696969697,0.6803571428571428,0.1875,1,O95168:O96000
CCK,CCKAR,-0.05739948506535539,0.3470238095238095,0.3888888888888889,0.19444444444444442,1,P06307:P32238
UBE2N,OTUB1,0.5710279279230613,0.20084149362224227,0.5666666666666667,0.9293078055964653,1,P61088:Q96FW1
NDUFS3,MT-ND1,0.4369623365756841,0.33287419651056016,0.5953439153439153,0.5694444444444444,1,O75489:P03886
ODC1,GET4,0.5600743730139855,0.13666666666666666,0.5304347826086955,1.0,0,P11926:Q7L5D6
SNRPG,SNRPD2,0.8491913930578108,0.6212585034013605,0.43640873015873016,0.9821428571428571,1,P62308:P62316
HAUS1,HAUS2,0.861722790786456,0.4942460317460318,0.7758064516129031,1.0,1,Q96CS2:Q9NVX0
PPIG,MUTYH,0.7084564103062752,0.13571428571428573,0.8769230769230768,0.2964852607709751,0,Q13427:Q9UIF7
HSP90AB2P,H1-10,0.4138446983434635,0.13347763347763347,0.26666666666666666,0.20857142857142857,0,Q58FF8:Q92522
RPLP2,RPS19,0.9216608959960798,0.24346306471306461,0.6760797342192691,0.7017543859649122,-1,P05387:P39019
UQCRQ,NDUFC2,0.15747014674678594,0.16787676609105182,0.480892857142857,0.0,-1,O14949:O95298
MED14,POLR2I,-0.020062759472113664,0.07692307692307693,0.9669902912621359,0.6984126984126984,-1,O60244:P36954
BCL2A1,BAD,-0.3007012565624846,0.2020239922678947,0.5644444444444443,0.9434865900383139,1,Q16548:Q92934
RPS7,RIOK2,0.8041526974178104,0.30867498514557334,0.5047619047619047,0.1463809523809524,-1,P62081:Q9BVS4
ELOB,APPBP2,0.6851834299533355,0.2724675324675325,0.33522727272727276,0.9827380952380953,1,Q15370:Q92624
IGKV2D-30,KNOP1,0.09942833782946268,0.0,0.2,0.0,0,A0A075B6S6:Q1ED39
MED21,MED9,0.2984815294892137,0.6842105263157894,0.4145833333333333,0.9428571428571428,1,Q13503:Q9NWA0
TNFRSF21,PAGR1,-0.036862459998223795,0.10242535242535242,0.20312499999999997,0.8545454545454544,0,O75509:Q9BTK6
MRPL3,ZNF766,0.5592198390798294,0.06666666666666667,0.5,0.17094155844155845,0,P09001:Q5HY98
BDKRB1,EIF2B4,0.35462695320043525,0.17236097236097236,0.26666666666666666,0.8295238095238094,0,P46663:Q9UI10
NDUFC2,NDUFB10,0.14645227866477176,0.3496969696969697,0.6803571428571428,0.9375,1,O95298:O96000
ABHD16A,TM4SF19,0.281404630236111,0.05555555555555555,0.39166666666666666,0.9861111111111112,-1,O95870:Q96DZ7
MRPS30,MRM2,0.8780037890879772,0.10820707070707071,0.5833333333333334,0.1,-1,Q9NP92:Q9UI43
RPL5,GNL2,0.7414958555071912,0.5,0.6125,0.5539772727272727,-1,P46777:Q13823
MPG,PDILT,-0.03611259750325083,0.1053030303030303,0.5,0.23809523809523808,0,P29372:Q8N807
RPS9,RIOK1,0.6825005392748587,0.28095238095238095,0.625,0.2868279569892473,1,P46781:Q9BRS2
UTP14A,NOP58,0.8909481614826071,0.3914141414141414,0.5045351473922901,0.7575,-1,Q9BVJ6:Q9Y2X3
EIF2S2,RPS28,0.5620979711749319,0.18116883116883117,0.7066924066924067,0.6538461538461539,-1,P20042:P62857
RRP1,NIP7,0.7387870902328892,0.08391608391608392,0.4888888888888889,0.8636363636363636,-1,P56182:Q9Y221
ARPC3,PLOD3,0.44255793160653467,0.13125583566760038,0.32857142857142857,0.6982498982498982,0,O15145:O60568
LSM11,PKD2L1,0.08587795467972294,0.09692048692048691,0.3281746031746032,0.3299748638458315,0,P83369:Q9P0L9
MT-CYB,NDUFA5,0.5213810506604601,0.30912698412698414,0.6557692307692307,0.46875,-1,P00156:Q16718
CRNKL1,RBM22,0.7995174429300017,0.37528796739323056,0.5636243386243387,0.6520833333333333,1,Q9BZJ0:Q9NW64
EFNB1,KRT73,0.3827137988872399,0.21666666666666667,0.43032581453634083,0.875,0,P98172:Q86Y46
ETF1,RPL39,0.5382430725531383,0.14642857142857144,0.7324263038548752,0.33333333333333337,-1,P62495:P62891
BIK,BCL2A1,0.13516279781545945,0.3740981240981241,0.4166666666666667,0.9358974358974359,1,Q13323:Q16548
HNRNPH3,EXOSC9,0.7386773034985326,0.23408730158730157,0.2949603174603174,0.6229365079365079,0,P31942:Q06265
MRPL38,MRPL18,0.6671442007220524,0.6923076923076924,0.5045454545454545,0.6547619047619049,1,Q96DV4:Q9H0U6
MCM3,SLC25A29,0.04822122311951551,0.09163860830527498,0.40625,0.13151927437641725,0,P25205:Q8N8R3
GYPB,GKAP1,-0.046735365692566005,0.0,0.16666666666666666,1.0,0,P06028:Q5VSY0
SEC61B,UBA52,0.38466140190428505,0.19206349206349205,0.8296723460026213,0.8333333333333333,-1,P60468:P62987
AKAP5,LEP,-0.08013793539029558,0.1654169729641428,0.625,0.59375,0,P24588:P41159
NCS1,NCS1,1.0,0.41452991452991456,0.45897435897435906,0.8921638257575757,1,P62166:P62166
ARMC7,RBMX2,0.37595276068178923,0.7678571428571429,0.3263736263736264,0.8928571428571429,-1,Q9H6L4:Q9Y388
PCNA,POLD4,0.46586474207489276,0.365625,0.9539473684210527,0.9326923076923077,1,P12004:Q9HCU8
MED6,ZNF202,0.7851403210110907,0.6904761904761904,0.3,0.8440329218106996,0,O75586:O95125
SNRPA1,GPKOW,0.39168537715149143,1.0,0.5428571428571429,0.9779411764705882,0,P09661:Q92917
RPS4X,RRP7A,0.5912765260364224,0.2696022727272727,0.5318181818181819,0.8928571428571429,-1,P62701:Q9Y3A4
TUB,UFM1,0.41890528050533504,0.12442800255300257,0.5857142857142857,0.5,0,P50607:P61960
OXA1L,MRPL34,0.3109239511589111,1.0,0.5569160997732425,0.25,-1,Q15070:Q9BQ48
ULK1,APOA1,-0.22933967245712003,0.15344865707768932,0.3745238095238096,0.777088948787062,0,O75385:P02647
PIN1,TRMT2A,0.22311102680303233,0.13333333333333333,1.0,0.6446428571428572,-1,Q13526:Q8IZ69
PRDX4,MRPS30,-0.07992139163742257,0.1875,0.18125,0.26666666666666666,0,Q13162:Q9NP92
CCT8,UBP1,0.6512271026517265,0.1172893772893773,0.6000000000000001,0.4575757575757576,0,P50990:Q9NZI7
COMMD7,SUCO,0.2525235547133884,0.1257936507936508,0.1722222222222222,0.0,0,Q86VX2:Q9UBS9
RPL8,RPL19,0.9632012299050206,1.0,0.6576719576719576,0.5384615384615384,-1,P62917:P84098
PTCD3,MRPL1,0.6397215474396847,1.0,0.8017676767676768,0.625,-1,Q96EY7:Q9BYD6
EXOSC9,RCSD1,0.48015440364842105,0.13333333333333333,0.3854166666666667,0.30666666666666664,0,Q06265:Q6JBY9
LSM6,TXNL4A,0.3684366070143342,0.5031746031746032,0.5533730158730158,1.0,-1,P62312:P83876
UQCRC1,NDUFA12,0.6790225361463449,0.26051587301587303,0.40625,0.78125,-1,P31930:Q9UI09
EXOSC10,EXOSC5,0.44709877940803494,0.4295634920634921,0.4220521541950112,0.9669191919191918,1,Q01780:Q9NQT4
DBI,TXNIP,-0.22838875762015032,0.09471654076917234,0.5,0.8358974358974359,0,P07108:Q9H3M7
AP2A2,EEF2,0.1957072198745648,0.13095238095238093,0.514,0.5008169934640522,0,O94973:P13639
TRBC1,HLA-DRB5,0.44226802027516976,0.3107936507936508,0.5205096073517126,0.0,1,P01850:Q30154
CASC3,LDHAL6B,0.20003767831293154,0.1,0.39,0.922077922077922,0,O15234:Q9BYZ2
MRPL58,MRM2,0.6860976770562046,0.10820707070707071,0.5833333333333334,0.14285714285714285,-1,Q14197:Q9UI43
MRPS30,LIMCH1,-0.0859584429179516,0.09127095127095128,0.15071428571428572,0.16326530612244897,0,Q9NP92:Q9UPQ0
NCS1,PRR20D,0.0,0.0,0.0,1.0,0,P62166:P86480
RPL13,RPL19,0.950756558775027,1.0,0.6576719576719576,0.5384615384615384,1,P26373:P84098
TNFAIP8L3,TNFAIP8L3,0.9999999999999998,0.31455627705627703,0.638888888888889,0.5071428571428571,1,Q5GJ75:Q5GJ75
MCM2,DNAJC9,0.6528562505595801,0.5454545454545454,0.45151515151515154,1.0,1,P49736:Q8WXX5
EIF3G,MAPK3,0.08343686275647409,0.131731266636927,0.8270642201834862,0.8227430555555555,0,O75821:P27361
TNNT1,SLC22A12,-0.01793315357612304,0.10318444182080545,0.2983333333333333,0.25,0,P13805:Q96S37
NDUFB5,NDUFC1,0.6155562404720382,0.3496969696969697,0.7020833333333333,1.0,-1,O43674:O43677
RPS24,UBA52,0.6795497431691115,0.7023809523809524,0.8296723460026213,0.8209677419354838,-1,P62847:P62987
HLA-DRB5,FILIP1,0.005291679319890022,0.10416666666666666,0.38373015873015887,0.0,0,Q30154:Q7Z7B0
SKP1,CCDC68,-0.04210349218207081,0.1294642857142857,0.39999999999999997,1.0,0,P63208:Q9H2F9
MXI1,MARCO,-0.1206552327734856,0.0751559000639883,0.3055555555555555,0.3444444444444444,0,P50539:Q9UEW3
HGS,INTS4,0.8271327020699342,0.10277777777777777,0.28571428571428575,1.0,1,O14964:Q96HW7
SNRPE,SMN1,0.7974030570041407,0.5954045954045954,0.498015873015873,0.9951923076923077,1,P62304:Q16637
MRRF,MRPS33,0.3477442468958269,1.0,0.27789256198347106,0.25,-1,Q96E11:Q9Y291
TSPAN7,EIF2B4,-0.3042566120553274,0.0,0.26666666666666666,0.8295238095238094,0,P41732:Q9UI10
AQP1,FADD,0.11191261116190401,0.1476111448937536,0.45509413067552607,0.8889438943894388,0,P29972:Q13158
RACK1,RACK1,1.0,0.1963395632145632,0.5023809523809524,0.8351882613510518,1,P63244:P63244
ZNF23,MAPK6,0.21360760646564986,0.09457070707070706,0.255952380952381,0.7180555555555556,0,P17027:Q16659
ACLY,CBX8,0.4038650573673972,0.08563988095238095,0.6726851851851853,0.9774891774891775,0,P53396:Q9HC52
RPS9,RACK1,0.9351099611793149,0.17052607115107116,0.5023809523809524,0.8351882613510518,-1,P46781:P63244
SNRPG,WDR70,0.5815424965079188,0.0,0.6333333333333334,1.0,-1,P62308:Q9NW82
KRT27,NCSTN,0.3561309504783896,0.12489177489177487,0.25968442932728647,0.828125,0,Q7Z3Y8:Q92542
NCBP2,AQP5,-0.04960637562664637,0.10163540163540165,0.2590909090909091,0.6883116883116883,0,P52298:P55064
BAK1,VWA5B1,-0.04074142880837789,0.0,0.5,0.0,0,Q16611:Q5TIE3
CALM1,LUM,-0.2630773097305017,0.12083333333333332,0.3591397849462365,0.5411111111111111,0,P0DP23:P51884
HAND1,CNTNAP1,0.08460659575546053,0.1300552104899931,0.4083333333333334,0.5833333333333334,0,O96004:P78357
ARHGAP44,APPBP2,0.3948017564756945,0.12472527472527473,0.2583333333333333,0.9827380952380953,0,Q17R89:Q92624
RPS24,RPL10A,0.9582903367396711,0.82,0.6422161172161173,0.6799999999999999,-1,P62847:P62906
PDK1,ZNF586,0.5051537879992218,0.14285714285714285,0.5,0.17037037037037037,0,Q15118:Q9NXT0
MRPS6,NOA1,0.2219579292526817,0.11958874458874458,0.7142857142857143,0.7678571428571429,-1,P82932:Q8NC60
RPS4X,RPS6,0.9474157234786282,0.35282041191132096,0.6630952380952381,0.6885964912280702,1,P62701:P62753
RPL41,MED29,-0.05455187095876875,0.06880570409982174,0.3238095238095238,0.9818181818181819,0,P62945:Q9NX70
TRBC2,NLN,-0.0912547632562292,0.1196969696969697,0.3952380952380952,0.0,0,A0A5B9:Q9BYT8
NDC1,NUP85,0.545152271096409,0.31268037518037517,0.4688172043010752,0.296875,-1,Q9BTX1:Q9BW27
PSMD7,DNAI1,-0.029920754232367813,0.07560106560106558,0.2745238095238095,0.8666666666666666,0,P51665:Q9UI46
RPS3,RPL37A,0.9471806759816475,1.0,0.6724206349206349,0.6545454545454545,-1,P23396:P61513
IL15,UBE3B,0.556356690100783,0.1277777777777778,0.2809523809523809,0.40740740740740744,0,P40933:Q7Z3V4
SYT17,TSC22D4,0.32479230478330706,0.1374236874236874,0.3839285714285714,1.0,-1,Q9BSW7:Q9Y3Q8
IDH3G,COA7,0.39431885130566374,0.1111111111111111,0.4222222222222222,1.0,0,P51553:Q96BR5
DEFB108B,MOGAT1,0.2335927749838225,0.07252747252747252,0.25,0.1111111111111111,0,Q8NET1:Q96PD6
EIF6,SEC61G,0.531862903920457,0.10555555555555556,0.5555555555555556,0.798611111111111,0,P56537:P60059
SNRPD2,TSSC4,0.5290156261775356,1.0,0.39375,0.9313725490196079,-1,P62316:Q9Y5U2
SNRPC,SNRNP40,0.8319424644902499,0.5566666666666666,0.6439440993788818,0.9659090909090909,-1,P09234:Q96DI7
MNAT1,POLR2F,0.5627428652939511,0.2375,0.9268292682926828,0.13749999999999998,-1,P51948:P61218
RPS23,RPS28,0.8260204901125279,0.522077922077922,0.7066924066924067,0.6538461538461539,-1,P62266:P62857
VAMP2,NELFCD,0.10495793454905643,0.09090909090909091,0.4652173913043477,0.953125,0,P63027:Q8IXH7
RPS23,RPL36A,0.9310134989782385,1.0,0.7161490683229814,0.6666666666666667,-1,P62266:P83881
EIF2S1,EIF2B1,0.7490654947019553,0.4206830206830207,0.5,0.8180272108843537,1,P05198:Q14232
GFRA3,ITGA1,0.15527678530037659,0.21544973544973545,0.5666078777189889,0.5011904761904762,0,O60609:P56199
WDR70,CWC25,0.8003151453727124,0.0,0.4537414965986395,1.0,-1,Q9NW82:Q9NXE8
NQO1,SHMT2,0.3388170367888187,0.16097837347837343,0.3318965517241378,0.569642857142857,0,P15559:P34897
IK,PRPF38A,0.8505649151005382,1.0,0.5845238095238096,0.9642857142857143,-1,Q13123:Q8NAV1
RPS10,RPS7,0.9523457606435887,0.3686705451411334,0.629952380952381,0.6504329004329005,-1,P46783:P62081
NT5C2,MED11,0.3605818154680913,0.16144501278772377,0.2388888888888889,0.8944444444444444,0,P49902:Q9P086
CNR2,CNR2,0.9999999999999999,0.24023754023754024,0.6208333333333333,0.9657142857142857,0,P34972:P34972
EIF2S3,OR10G4,-0.17842224587562444,0.14583333333333331,0.3333333333333333,0.5833333333333334,0,P41091:Q8NGN3
PDHA1,PELI1,-0.0721126615749667,0.10105197832470561,0.24791666666666667,0.7914814814814816,0,P08559:Q96FA3
ABHD16A,MLANA,-0.04216027037095462,0.0,0.33499999999999996,1.0,0,O95870:Q16655
RPL7A,RPL19,0.9522759769698229,1.0,0.6576719576719576,0.5384615384615384,-1,P62424:P84098
NDUFB2,UQCRB,0.6690869171595945,0.8,0.6255668934240362,0.125,-1,O95178:P14927
MRPS24,GFM1,0.4589223472837705,0.25,0.7083333333333334,0.2883522727272727,-1,Q96EL2:Q96RP9
RPL18,NMD3,0.5787607001558754,0.08768823768823768,0.5666666666666667,0.319047619047619,-1,Q07020:Q96D46
MAT1A,PPP1R18,-0.13742186489620065,0.0,0.35,0.9902912621359223,0,Q00266:Q6NYC8
RPL17,NMD3,0.6659410122746892,0.08768823768823768,0.5666666666666667,0.319047619047619,-1,P18621:Q96D46
LAMTOR5,PEG10,-0.026306550889458807,0.18866213151927438,0.6833333333333332,0.8697619047619047,-1,O43504:Q86TG7
EIF3F,PDCD4,0.39804106354859964,0.11228535353535354,0.5375000000000001,0.9605263157894737,0,O00303:Q53EL6
SMN1,PLEKHH2,0.6154547280261818,0.08333333333333333,0.5280612244897959,0.8333333333333334,0,Q16637:Q8IVE3
ARL13B,TDRP,0.43346270156004973,0.14285714285714285,0.5038461538461538,0.0,0,Q3SXY8:Q86YL5
NDUFAB1,MRPL12,0.5999932645049844,0.12828282828282828,0.5098214285714286,0.9079999999999999,-1,O14561:P52815
RPLP2,RPS8,0.9196742857522806,0.7480158730158729,0.6941071428571429,0.5833333333333334,-1,P05387:P62241
RPS19,RPS20,0.9014098613615408,0.8461538461538461,0.7799422799422799,0.7023809523809523,-1,P39019:P60866
KRTAP11-1,IFT46,0.01034049928623889,0.0,0.3372549019607843,1.0,0,Q8IUC1:Q9NQC8
RNASEH1,RNASEH1,1.0,1.0,1.0,0.6225274725274725,1,O60930:O60930
PAK1,GAD1,0.5392496612654034,0.10802808302808302,0.37820512820512814,0.8394557823129251,0,Q13153:Q99259
KRTAP10-3,RPL19,-0.07226492646250841,0.0,0.6576719576719576,0.0,0,P60369:P84098
SF3B4,WBP11,0.8077866712717026,0.48333333333333334,0.8136363636363636,0.9338709677419355,-1,Q15427:Q9Y2W2
MRGPRX1,ZNF443,0.16219828735376052,0.14583333333333331,0.2,0.1275252525252525,0,Q96LB2:Q9Y2A4
CORT,ODAD1,0.14287279609177883,0.09523809523809523,0.32857142857142857,1.0,0,O00230:Q96M63
EPRS1,AIMP2,0.5775495155365035,0.09496957291074937,0.8066666666666665,0.9919678714859437,1,P07814:Q13155
TEX22,NDUFC2,0.031034352196942214,0.0,0.10317460317460317,0.0,0,C9J3V5:O95298
HSP90AA1,GPR160,-0.1964520795996835,0.25,0.625,0.8333333333333334,0,P07900:Q9UJ42
ACVR2A,RPS28,0.44544347402286155,0.12648235602781055,0.4093951093951093,0.6538461538461539,0,P27037:P62857
SNRPC,LSM5,0.7703154675244949,0.7202380952380952,0.3973809523809525,0.9568965517241379,-1,P09234:Q9Y4Y9
TMEM218,TMEM52B,-0.09457528090013421,0.0,0.5833333333333334,1.0,-1,A2RU14:Q4KMG9
GTF2A2,MED10,0.386798060320016,0.43052631578947376,0.6333333333333333,0.8632478632478632,-1,P52657:Q9BTT4
MRPL44,MTRES1,0.5590008700758232,0.15277777777777776,0.5625,0.5571428571428572,-1,Q9H9J2:Q9P0P8
IGF1,IGF1,1.0,0.2543518279473335,0.797005772005772,0.769230769230769,1,P05019:P05019
TCERG1,CDC5L,0.7769022498070747,0.5463358918128656,0.5196428571428571,0.9252314814814816,-1,O14776:Q99459
HGS,CNTD1,0.3789253575838336,0.17592592592592593,0.30833333333333335,0.0,0,O14964:Q8N815
YPEL3,IL17F,-0.02038206512299049,0.13137973137973138,0.20000000000000004,0.1689153439153439,0,P61236:Q96PD4
STEEP1,PPIE,0.8213171499334546,0.09927849927849926,0.6574646074646076,0.6701058201058201,-1,Q9H5V9:Q9UNP9
HTRA4,XIAP,0.3871915873883978,0.19808383337795102,0.4647058823529412,0.8661976911976912,1,P83105:P98170
ABI2,ABI3,-0.15034603507788724,0.17754884004884008,0.3627450980392157,0.9823293172690762,-1,Q9NYB9:Q9P2A4
PSMB8,PSMB9,0.9194352588769623,0.3914141414141414,0.8607469015003263,0.9110275689223059,1,P28062:P28065
GANAB,CCDC77,0.488065950319185,0.0,0.5555555555555555,0.0,0,Q14697:Q9BR77
GPS1,HNF4G,-0.21892698966202684,0.12873931623931623,0.5999999999999999,0.2685515873015873,0,Q13098:Q14541
HAUS5,RPL26L1,0.40043121477905386,0.18333333333333335,0.15476190476190477,0.5,0,O94927:Q9UNX3
IZUMO3,GLRX2,0.635584652819583,0.09525058275058274,0.21547619047619052,0.1886243386243386,0,Q5VZ72:Q9NS18
SRSF1,PRPF8,0.8952943973967409,0.4618343195266271,0.5383503401360543,0.8459935897435896,-1,Q07955:Q6P2Q9
H2AC4,H4C1,0.43420437321995775,0.34269230769230774,0.257168458781362,0.9662698412698413,1,P04908:P62805
PSMA7,NCK2,0.5223417651607314,0.06947812989479657,0.8538461538461538,0.9757009345794393,0,O14818:O43639
MEOX2,RILPL1,0.2871902628292134,0.12083333333333335,0.4402777777777777,0.9333333333333333,0,P50222:Q5EBL4
BRCA1,H3C1,0.4857701669804405,0.462037037037037,0.8444444444444446,0.9709302325581395,-1,P38398:P68431
HNRNPK,DNAJC10,0.6898366358720481,0.2061224489795918,0.36,0.5705357142857144,0,P61978:Q8IXB1
WBP4,SNRPF,0.5305691029784997,0.7349816849816849,0.48805418719211824,0.9776119402985075,-1,O75554:P62306
EME2,ARSF,-0.17492553418025913,0.0,0.15476190476190477,0.1619047619047619,0,A4GXA9:P54793
CDH1,RPS19,0.23038711183838867,0.1372113997113997,0.42026578073089704,0.7017543859649122,-1,P12830:P39019
EIF2S1,EIF2B4,0.6110194238057198,0.29419519874065325,0.5416666666666666,0.8295238095238094,1,P05198:Q9UI10
GNB1,GNB1,0.9999999999999998,0.4726220538720538,0.8375530410183877,0.8865740740740741,1,P62873:P62873
RPL37,EEF1A1,0.8594880971209989,0.426025641025641,0.4544047619047619,0.6816754850088184,-1,P61927:P68104
SNRNP70,SF3B6,0.375191471316931,0.7357142857142857,0.6099773242630384,0.7444444444444445,0,P08621:Q9Y3B4
RPS11,RPL8,0.9503131326696531,1.0,0.6457482993197278,0.5166666666666667,-1,P62280:P62917
MYO1G,RFC4,0.6893608175349907,0.1068121693121693,0.9345070422535212,0.8132936507936508,0,B0I1T2:P35249
ABCE1,RPS24,0.6583877424573251,0.18214285714285713,0.7233766233766233,0.35714285714285715,1,P61221:P62847
RPS25,RPS28,0.8644048188341558,0.522077922077922,0.7066924066924067,0.6538461538461539,-1,P62851:P62857
HSCB,POFUT1,0.6441628544892328,0.10904968047825188,0.38,0.18,0,Q8IWL3:Q9H488
LRPPRC,MRPL42,0.7585811484754819,0.18333333333333335,0.28622159090909094,0.5833333333333334,-1,P42704:Q9Y6G3
MBD3,GATAD2A,0.4034750191142793,0.5412698412698413,0.4275252525252525,0.8825,1,O95983:Q86YP4
CDC27,MAD2L1,0.5359192460656815,0.1953439153439153,0.7092592592592593,0.9947368421052631,1,P30260:Q13257
RPS10,RACK1,0.8780250793808313,0.12326580690551278,0.5023809523809524,0.8351882613510518,1,P46783:P63244
RPS3A,SIAE,-0.10164711283191241,0.27777777777777773,0.5773809523809523,0.3305555555555556,0,P61247:Q9HAT2
GFM1,MRPL47,0.5435970838942876,0.25,0.42580213903743314,0.25,-1,Q96RP9:Q9HD33
LEO1,C1orf115,-0.07269746375691305,0.16666666666666666,0.3333333333333333,0.0,0,Q8WVC0:Q9H7X2
DENR,RPS23,0.7623361238847011,0.1486904761904762,0.41091753774680595,0.6590909090909091,-1,O43583:P62266
RPS3A,DZIP1L,0.6129433299576301,0.14947089947089948,0.41428571428571426,0.95,0,P61247:Q8IYY4
EXOC4,USP44,0.20706605744931522,0.10206129340744725,0.4708333333333333,0.4040178571428571,0,Q96A65:Q9H0E7
KMT5A,TMEM63C,-0.14876787297456742,0.15476190476190474,0.3055555555555555,0.09764309764309764,0,Q9NQR1:Q9P1W3
SNRNP200,PPIL4,0.8360932222582141,0.07142857142857142,0.7833333333333333,0.4583333333333333,0,O75643:Q8WUA2
MT-ND1,MT-ND2,0.9497284983429898,0.49324499030381386,0.6322751322751321,0.5063131313131313,-1,P03886:P03891
GADD45G,DDAH2,0.2599756524842023,0.2107142857142857,0.3,0.7142857142857143,-1,O95257:O95865
CELF5,TRIM63,-0.06946412195262425,0.07896936396936396,0.6238095238095239,0.7760770975056689,0,Q8N6W0:Q969Q1
ARFIP1,CUL3,0.2973431951134257,0.0856800470771059,0.5446115288220552,0.9400830737279335,0,P53367:Q13618
RPS9,RPL31,0.908114122318348,1.0,0.6769841269841269,0.7916666666666666,-1,P46781:P62899
SRSF1,SF3B2,0.831374928978911,0.8597222222222222,0.4542857142857141,0.9605263157894737,-1,Q07955:Q13435
SRSF1,SF3B3,0.8296490397944136,0.6174438854489164,0.47489177489177486,0.925925925925926,-1,Q07955:Q15393
UBOX5,MLH1,0.6476695653338221,0.06840758447901304,0.6956916099773243,0.9641027623170481,1,O94941:P40692
POLR2A,INTS8,0.8067883704733286,0.18815789473684208,0.5200000000000001,1.0,0,P24928:Q75QN2
MPP1,PIP4P2,0.3633430562928857,0.12222222222222223,0.4,0.7402597402597403,0,Q00013:Q8N4L2
RPS3,RPS10,0.9467992319571645,1.0,0.7668027210884354,0.7,1,P23396:P46783
FANCE,GSKIP,0.15547595389274382,0.06756715506715508,0.425,0.7699404761904762,0,Q9HB96:Q9P0R6
RNF113A,AQR,0.59814107890857,0.5416666666666667,0.8406746031746031,0.580654761904762,-1,O15541:O60306
CNR1,GNB1,0.5418648549881615,0.33842592592592596,0.45141442715700125,0.8865740740740741,1,P21554:P62873
FABP1,HECTD2,-0.3046889005786727,0.09090909090909091,1.0,0.125,0,P07148:Q5U5R9
MRPL9,MRPL9,1.0,1.0,0.5248484848484848,0.7,1,Q9BYD2:Q9BYD2
NDUFA8,HMGCS2,-0.13869345545914175,0.10182004375552763,0.6111111111111112,0.3142857142857143,0,P51970:P54868
RPL5,SEC61B,0.4917728748945819,0.11249999999999999,0.5242424242424243,0.8214285714285714,-1,P46777:P60468
YOD1,BROX,0.5947588962148666,0.1,0.21666666666666665,1.0,0,Q5VVQ6:Q5VW32
G2E3,INTS4,0.6156903775497924,0.09166666666666667,0.3979591836734695,1.0,0,Q7L622:Q96HW7
LRPPRC,MRPL45,0.7601706478785714,0.16666666666666666,0.34924242424242424,0.71875,0,P42704:Q9BRJ2
CREB3,GYPA,-0.21842040317837944,0.14285714285714285,0.72,0.9852941176470589,1,O43889:P02724
RPL11,APPBP2,0.3818091653647298,0.14857142857142855,0.3208333333333333,0.9827380952380953,0,P62913:Q92624
POLD4,PLEKHA6,-0.2640580149230155,0.0,0.0,1.0,0,Q9HCU8:Q9Y2H5
SMIM40,RAB43,0.15321215425455376,0.0,0.31309523809523804,0.0,0,Q5STR5:Q86YS6
DIAPH2,KRTAP10-3,0.10019211603404234,0.0,0.5714285714285714,0.0,0,O60879:P60369
PTCD3,MRPL18,0.6292934082292266,0.6923076923076924,0.5045454545454545,0.6547619047619049,-1,Q96EY7:Q9H0U6
RPL13A,RPS14,0.9724143648516661,0.580595238095238,0.6812925170068027,0.3520833333333333,-1,P40429:P62263
NPVF,BRMS1,-0.18991659213434406,0.12403152403152401,0.30416666666666664,0.9519230769230769,0,Q9HCQ7:Q9HCU9
RPS11,RPL24,0.9408680155817332,0.6277777777777777,0.6696649029982362,0.5892857142857143,-1,P62280:P83731
RPS17,RASSF2,-0.16852914750453052,0.1206962971668854,0.4523809523809524,0.24693877551020407,0,P08708:P50749
GSN,ZNF846,0.509054596160611,0.25,1.0,0.38125,0,P06396:Q147U1
H3-3A,TUBD1,0.3306749517960274,0.22916666666666663,0.6322916666666667,0.4583333333333333,0,P84243:Q9UJT1
SFT2D2,REEP4,0.47676824162257797,0.1572420634920635,0.5740740740740741,0.9874213836477986,-1,O95562:Q9H6H4
TDG,ZNF699,0.7256657168315902,1.0,1.0,0.7234567901234568,0,Q13569:Q32M78
CENPX,LEFTY2,0.03415606528503871,0.2222222222222222,0.3482142857142857,0.3333333333333333,0,A8MT69:O00292
MRPL36,MRM2,0.6434185579933275,0.12176527176527174,0.5833333333333334,0.1,-1,Q9P0J6:Q9UI43
RPS11,RPL23A,0.9453659564790372,1.0,0.6579047619047619,0.6391666666666667,-1,P62280:P62750
EFTUD2,PPWD1,0.7017821860952385,0.38791423001949316,0.7083333333333333,0.14583333333333331,-1,Q15029:Q96BP3
CBFB,ZER1,-0.03127982722122979,0.08888888888888888,0.125,1.0,0,Q13951:Q7Z7L7
NAA40,MMRN2,-0.00943173061457635,0.11403219796076937,0.24375,0.6,0,Q86UY6:Q9H8L6
KDM1A,PLAAT2,-0.03154940972953904,0.125,0.5,0.45257936507936514,0,O60341:Q9NWW9
FST,PMS2P3,0.16982370909426864,0.23030303030303031,0.375,0.25132275132275134,0,P19883:Q13401
PTGES3,OXSM,0.24633252205021083,0.22756410256410253,0.37142857142857144,0.14285714285714285,0,Q15185:Q9NWU1
CAMK1,TAF12,0.2820172856212668,0.35625730994152044,0.3373737373737374,0.7660256410256411,0,Q14012:Q16514
NDUFB5,NDUFB3,0.7310025276473239,0.3844535094535095,0.6557692307692307,1.0,1,O43674:O43676
ABLIM1,CPSF2,0.016329602145203147,0.07692307692307693,0.421875,0.925,0,O14639:Q9P2I0
ELOC,ELOC,1.0,0.38562378167641326,0.6265723270440251,0.9732704402515723,1,Q15369:Q15369
SLC25A2,GABARAPL1,-0.11686235708789543,0.11579365079365078,0.2916666666666667,0.9638694638694637,0,Q9BXI2:Q9H0R8
SEPTIN7,ZNF317,0.2972832927791945,0.07692307692307693,1.0,0.8962962962962964,0,Q16181:Q96PQ6
IFNAR1,ATP5F1C,-0.01155651130334313,0.0670615468409586,0.2242063492063492,0.42685185185185187,0,P17181:P36542
IGHG1,DAPK2,0.06277135065857066,0.1335070911993989,0.28194444444444444,0.3302083333333334,0,P01857:Q9UIK4
GPKOW,XAB2,0.6626805117123021,0.497108843537415,0.7506802721088437,1.0,0,Q92917:Q9HCS7
POLR2L,POLR3B,0.5247193021662184,0.37007575757575756,0.5,0.6113816738816739,1,P62875:Q9NW08
LDLRAD1,GIMAP5,0.12105774064374471,0.0,0.18333333333333335,0.9865384615384616,-1,Q5T700:Q96F15
TMEM232,LAMTOR5,0.1101814080064071,0.10961954711954712,0.20121816168327794,0.0,0,C9JQI7:O43504
TSFM,PPP2R3B,0.16589807113767463,0.15555555555555556,0.5607142857142857,0.7222222222222223,0,P43897:Q9Y5P8
UQCRC1,NDUFA11,0.27160629956347015,0.3904761904761905,0.6576923076923076,1.0,-1,P31930:Q86Y39
CNR1,KRTAP5-7,0.04702650906481411,0.0,0.3333333333333333,1.0,0,P21554:Q6L8G8
ATP6AP2,MEAK7,0.5141291606561209,0.13294011544011544,0.4125,1.0,-1,O75787:Q6P9B6
EXOSC9,EXOSC1,0.8209144012377921,0.5666666666666667,0.47058823529411764,0.96875,1,Q06265:Q9Y3B2
OAZ2,CYP8B1,-0.2746303628845051,0.1323789846517119,0.25,0.167989417989418,0,O95190:Q9UNU6
GNG2,NUP133,0.16076951835858141,0.13384166338711792,0.45777777777777773,0.9423076923076923,0,P59768:Q8WUM0
ZNF316,FEN1,0.1370434895729312,0.06097898489539356,0.32962962962962966,0.1818031715758988,0,A6NFI3:P39748
SNRPA,RBMY1A1,0.04366022095500963,0.3375,0.5200000000000001,0.9602564102564103,-1,P09012:P0DJD3
ACOD1,RAC1,-0.08774198496669694,0.1405505869791584,0.172640252029565,0.45754516317016314,0,A6NK06:P63000
CBLL1,VPS28,0.6838189384406268,0.11584295334295334,0.22215136054421772,0.9830508474576272,0,Q75N03:Q9UK41
IGKV1-33,IGKV1-33,1.0,1.0,0.8818407960199005,0.7777777777777778,1,P01594:P01594
RPLP1,RPL28,0.8600711784203885,1.0,0.6578754578754579,0.7692307692307693,-1,P05386:P46779
ETF1,NEK5,0.09010623500630677,0.2,0.0,0.11081349206349206,0,P62495:Q6P3R8
MTRF1,MRPL46,0.4885499580335892,0.09090909090909091,0.28991477272727273,0.1111111111111111,-1,O75570:Q9H2W6
ARFIP2,RAC1,0.15237760691946242,0.15704151642526992,0.7229855810008482,0.9104813762626263,1,P53365:P63000
MPZL1,MPZL1,1.0,0.5714285714285714,0.5111111111111111,0.8666666666666666,1,O95297:O95297
PLCG2,MAD2L2,0.2839238156484739,0.14320860763168455,0.38484848484848483,0.976388888888889,0,P16885:Q9UI95
POLR2E,DBNDD2,-0.05194992078026524,0.11309523809523808,0.5,1.0,0,P19388:Q9BQY9
ESPN,GAPT,-0.0598328221549365,0.09545454545454546,0.2611111111111111,0.0,0,B1AK53:Q8N292
GYPA,EIF3M,-0.21140361548585693,0.1111111111111111,0.6114583333333333,0.9137931034482759,0,P02724:Q7L2H7
NUP188,NUP37,0.5952645527509215,0.32023809523809527,0.8695906432748539,0.25,-1,Q5SRE5:Q8NFH4
NDUFS8,UQCR11,0.466542646982596,0.611111111111111,0.7480158730158729,0.3333333333333333,-1,O00217:O14957
RPS20,RPL36A,0.9201782343635018,1.0,0.7161490683229814,0.6666666666666667,-1,P60866:P83881
IL2RG,NR6A1,0.0036506347019227624,0.19801587301587303,0.5750000000000001,0.21031746031746032,0,P31785:Q15406
GEMIN2,LRRC8D,0.24933033269040272,0.10382496291587201,0.3541666666666667,0.4666666666666666,0,O14893:Q7L1W4
RPA1,C9orf72,0.3878786188356965,0.1231060606060606,0.31340048840048834,0.9001161440185831,0,P27694:Q96LT7
CALM1,PCDHA2,0.4235807443947986,0.21428571428571427,0.5555555555555556,0.7222222222222223,0,P0DP23:Q9Y5H9
UBB,LNX1,-0.017966763405818948,0.4053030303030303,0.5666666666666667,0.9955702647657841,1,P0CG47:Q8TBB1
RPLP2,RPL27A,0.9355593235306296,1.0,0.7108571428571429,0.6145833333333334,-1,P05387:P46776
TP53,POLR2H,0.6331556725106596,0.5,0.9241803278688523,0.31249999999999994,0,P04637:P52434
WDR43,C1orf131,0.7222439083951064,1.0,0.5370370370370371,0.7,-1,Q15061:Q8NDD1
H2AC4,H2BC1,0.7975590162914182,0.33764880952380955,0.35462962962962963,0.5,1,P04908:Q96A08
CER1,STOM,-0.1136055013926953,0.15208333333333335,0.3016233766233767,0.5103748326639893,0,O95813:P27105
RPL11,RPS27A,0.9648450142859333,0.5902777777777778,0.8273681515617,0.7761111111111111,-1,P62913:P62979
RPL37,RPL30,0.9516981027178346,0.6628891941391941,0.5863492063492063,0.5347222222222222,-1,P61927:P62888
STEEP1,FAM32A,0.7332165093583034,0.14285714285714285,0.6363636363636365,0.625,0,Q9H5V9:Q9Y421
PCCA,SPAG1,0.015513222561806612,0.09393939393939395,0.65,0.1875,0,P05165:Q07617
PSMB2,TMEM115,0.45409418987289235,0.11458333333333333,0.33035714285714285,1.0,0,P49721:Q12893
PPIG,SNW1,0.9049942903553528,0.294768848528247,0.8085581085581085,0.9504273504273505,1,Q13427:Q13573
FRG2,TRIM50,-0.03833366859393769,0.0,0.20000000000000004,0.0,0,Q64ET8:Q86XT4
GEMIN2,OSBPL2,0.3122339931353763,0.11021571021571021,0.5259259259259259,0.615018315018315,0,O14893:Q9H1P3
FST,FST,1.0,0.28565767565767564,0.64,0.8020833333333333,1,P19883:P19883
GABARAP,RPS26,0.227998323432536,0.12431972789115643,0.7300264550264549,0.6099999999999999,0,O95166:P62854
CDH1,RPL29,0.19227391137498542,0.15904761904761902,0.4399092970521541,0.30000000000000004,-1,P12830:P47914
RPS8,RPS11,0.967152613131139,0.8541666666666666,0.7208494208494208,0.6545454545454545,1,P62241:P62280
NR2C2AP,NRGN,-0.34342884948848884,0.0,0.5,1.0,0,Q86WQ0:Q92686
MRPL9,COMMD10,0.7581364177100773,0.0,0.2,1.0,0,Q9BYD2:Q9Y6G5
CYTIP,KLHL17,0.12678367389308282,0.11346153846153846,0.359375,0.6666666666666666,0,O60759:Q6TDP4
CSF2RB,RTF1,-0.006385071793045589,0.18532261389404248,0.30782312925170074,0.8277777777777778,0,P32927:Q92541
OXA1L,MRPL39,0.634966774654636,1.0,0.4863678804855275,0.25,-1,Q15070:Q9NYK5
RPL3,EEF1A1,0.8993159565634221,0.426025641025641,0.4544047619047619,0.7121604938271605,-1,P39023:P68104
RRH,RPL13,0.18004003575988978,0.11666666666666665,0.2846320346320346,0.7375,0,O14718:P26373
ZNF667,MRPL52,0.010277697339486734,0.06527777777777777,0.22147727272727274,0.75,0,Q5HYK9:Q86TS9
MRPL21,DDX28,0.43834472268695535,0.09722222222222221,0.54,0.35080348943985307,-1,Q7Z2W9:Q9NUL7
GPS1,PHTF2,0.36440498408578476,0.0,0.35,0.0,0,Q13098:Q8N3S3
PSMB7,PSMB7,1.0,1.0,0.7994331065759637,0.9530423280423279,1,Q99436:Q99436
HLA-DRB1,CACNA2D3,-0.2728952559200063,0.175,0.23148148148148148,0.14545454545454545,0,P01911:Q8IZS8
DKK1,ARHGEF16,-0.0926753747510373,0.1104040404040404,0.5,0.8403809523809523,0,O94907:Q5VV41
CCDC74B,NOL12,0.47160557547899756,0.0,0.0,0.8176470588235293,0,Q96LY2:Q9UGY1
MRPL3,DDX28,0.5786323574509837,0.10795454545454547,0.54,0.35080348943985307,-1,P09001:Q9NUL7
MX2,WASF1,-0.24273512204912984,0.14727098298526872,0.33166666666666667,0.9027777777777777,0,P20592:Q92558
SEMA5B,CPSF3,-0.17480403389222743,0.08046398046398047,0.2736507936507937,0.2816326530612245,0,Q9P283:Q9UKF6
POLR2G,MED23,0.7399633935567863,0.17236442822743134,0.562962962962963,0.9509803921568628,-1,P62487:Q9ULK4
EIF4E1B,TRIM65,0.0016385801929222326,0.09581105169340465,0.16666666666666666,0.11904761904761904,0,A6NMX2:Q6PJ69
PRPF6,SNRPC,0.5886993797710124,0.5345238095238095,0.448888888888889,0.9287894030851775,-1,O94906:P09234
RHOBTB3,RPS19,0.16699356031957563,0.09112540237540237,0.6760797342192691,0.7017543859649122,0,O94955:P39019
RRAGA,B3GNT7,-0.15952654751268877,0.12023809523809523,0.25,0.30912698412698414,0,Q7L523:Q8NFL0
BUD31,LSM6,0.7031531609375254,0.5523809523809524,0.3613095238095238,0.9574468085106383,-1,P41223:P62312
MCM3,CHADL,-0.18724079415938027,0.09090909090909091,0.3611111111111111,0.2888888888888889,0,P25205:Q6NUI6
KRT34,BOLA3,0.13406078997699475,0.1197420634920635,0.40454545454545454,1.0,-1,O76011:Q53S33
POLR2E,POLR2F,0.4934470579756053,0.7083333333333334,0.9268292682926828,0.7727272727272727,1,P19388:P61218
NIFK,WDR55,0.6743249575194337,1.0,0.6,0.0,0,Q9BYG3:Q9H6Y2
MTIF2,MRPS31,0.7181747983436788,0.16666666666666666,0.29235537190082644,0.5233333333333333,-1,P46199:Q92665
ZPBP,WRAP53,0.2513210305187291,0.0931116036158053,0.37866666666666665,0.0,0,Q9BS86:Q9BUR4
CWC22,NOSIP,0.3767533533876458,0.10555555555555556,0.5142857142857143,0.6157407407407408,0,Q9HCG8:Q9Y314
RPS19,RPS3A,0.9206997148539305,0.6632575757575757,0.6850793650793651,0.6944444444444444,-1,P39019:P61247
BUD31,SRSF1,0.6510662337827977,0.37733037659508245,0.7677419354838709,0.8460526315789473,-1,P41223:Q07955
SMAD2,SMURF2,0.7722464792902307,0.39062049062049053,0.768390804597701,0.8342013888888888,1,Q15796:Q9HAU4
PLRG1,CRNKL1,0.8289219419599245,0.6285714285714286,0.5430272108843538,0.625,1,O43660:Q9BZJ0
H2BC11,RNF168,0.7102358817688011,0.171855767689101,0.7451612903225806,0.5848484848484848,1,P06899:Q8IYW5
ENO1,FAM98B,0.6072492915198089,0.14097222222222222,0.434375,0.6632653061224489,0,P06733:Q52LJ0
TLR4,SLC2A8,-0.09828080882743444,0.12757936507936507,0.6583333333333332,0.14351851851851852,0,O00206:Q9NY64
MRPL41,MRM3,-0.19758430027551868,0.12142857142857143,0.5625,0.8173913043478263,-1,Q8IXM3:Q9HC36
MPIG6B,VBP1,-0.2773143748718211,0.15094017094017093,0.45416666666666666,0.9766666666666666,0,O95866:P61758
SLC41A2,PDCD1LG2,-0.0878218337873789,0.0769499291558115,0.7023809523809523,1.0,-1,Q96JW4:Q9BQ51
CCNH,FRRS1,-0.05245506119545947,0.1,0.5,0.20000000000000004,0,P51946:Q6ZNA5
RPL39,FTSJ3,0.7369071330527727,0.11523809523809522,0.2388888888888889,0.28838383838383835,-1,P62891:Q8IY81
H2BC12,H2BC12,1.0,0.4642857142857143,0.6222222222222222,0.6,1,O60814:O60814
RPS8,DIMT1,0.7063480296471463,0.2604395604395604,0.5301587301587302,0.44871794871794873,-1,P62241:Q9UNQ2
RPS23,PA2G4,0.738304823465486,0.09437229437229437,0.41595238095238096,0.7083333333333333,-1,P62266:Q9UQ80
RPS29,RPS21,0.9293258822878604,0.7777777777777778,0.7340136054421768,0.446969696969697,-1,P62273:P63220
SHMT2,FRRS1L,-0.21804251602809283,0.17166666666666666,0.3611111111111111,0.75,0,P34897:Q9P0K9
RAD1,RFC3,0.4611934964807636,0.3434235517568851,0.9333333333333335,0.6518440709617179,-1,O60671:P40938
RPLP2,RPL22,0.8458319111047384,0.7181818181818181,0.6882936507936508,0.7931034482758621,-1,P05387:P35268
SRSF1,EFTUD2,0.7225335578028629,0.6353846153846154,0.5955920205920205,0.867831541218638,-1,Q07955:Q15029
RPS8,RPL24,0.9470911265533846,0.6277777777777777,0.6696649029982362,0.5892857142857143,-1,P62241:P83731
TMEM19,SMG9,0.3566868452179425,0.0,0.5,1.0,0,Q96HH6:Q9H0W8
RPS3A,LRRC47,0.5060178719531206,0.1111111111111111,0.0,0.4583333333333333,-1,P61247:Q8N1G4
ELK1,UBE2I,0.5467260428547566,0.15698623128963685,0.9103286384976527,0.8845899470899472,1,P19419:P63279
RPL27,BRIX1,0.7736240224082819,0.5384615384615384,0.8333333333333334,0.7458333333333332,-1,P61353:Q8TDN6
EIF6,RPL32,0.5826121902509835,0.21250000000000002,0.7049689440993788,0.25,-1,P56537:P62910
MIX23,ENHO,-0.4524253898873042,0.0,0.18333333333333335,0.0,0,Q4VC31:Q6UWT2
KRIT1,BBS2,0.46300516366161265,0.13772061272061273,0.44333333333333347,0.983739837398374,0,O00522:Q9BXC9
MATN4,TAB2,-0.22177623578388983,0.08827006327006326,0.4343786295005808,0.8795238095238096,0,O95460:Q9NYJ8
FGF17,LAMTOR1,-0.17739535530587788,0.20328721457753712,0.16035714285714284,0.8364810330912027,0,O60258:Q6IAA8
RPL17,RPS9,0.937525832576754,0.6023809523809525,0.669426406926407,0.5533333333333333,-1,P18621:P46781
RAD1,ZNF160,0.6904116573385354,0.1607142857142857,1.0,0.17037037037037037,0,O60671:Q9HCG1
NR1D2,ESR2,0.15401532610800459,0.36005291005290996,0.6203703703703703,0.642141131815045,0,Q14995:Q92731
TDG,VAX1,-0.4308826299552381,0.19965116429346863,0.6,0.7216931216931216,0,Q13569:Q5SQQ9
PPIE,NOSIP,0.6454287365407991,0.13425925925925924,0.5142857142857143,0.6157407407407408,0,Q9UNP9:Q9Y314
CTC1,NT5C,0.8281803274097508,0.1527548209366391,0.5814814814814815,0.3908730158730159,0,Q2NKJ3:Q8TCD5
MRPS12,MRPS6,0.2642696839905462,1.0,0.5517676767676767,0.6916666666666667,-1,O15235:P82932
RAP1B,OR2V1,0.15062446184533715,0.175,1.0,0.16666666666666666,0,P61224:Q8NHB1
SRSF1,SF3B4,0.7330147572878056,0.7863636363636363,0.5064761904761904,0.9683098591549296,-1,Q07955:Q15427
ICA1,MRPL20,-0.26378959946779146,0.1,0.35624999999999996,0.425,0,Q05084:Q9BYC9
MAGOH,PDILT,-0.1159499288905114,0.15595238095238095,0.5,0.23809523809523808,0,P61326:Q8N807
UBE2G2,GJA10,-0.10621818868243245,0.09707070707070706,0.25,0.125,0,P60604:Q969M2
EIF2S2,RPS26,0.5040329073955917,0.20476190476190476,0.7300264550264549,0.6099999999999999,-1,P20042:P62854
RPS25,RPL10A,0.9578610210132447,0.82,0.6422161172161173,0.7,1,P62851:P62906
RPLP2,RPL23,0.9273188889054491,0.264863175019425,0.603379416282642,0.6434837092731829,-1,P05387:P62829
MT-ND6,NDUFA12,0.15636438948222048,0.25040885040885036,0.40625,0.34375,-1,P03923:Q9UI09
RPS6,RPL10A,0.9732395292561524,0.82,0.6422161172161173,0.7,-1,P62753:P62906
XRCC2,SAP30,0.483852445716874,0.12935897435897437,0.5380952380952382,0.8484126984126984,0,O43543:O75446
PSMD4,PSMC6,0.615936275391407,0.36639325586694005,0.8288253968253969,0.94182769726248,1,P55036:P62333
RPS4X,ZNF396,0.07037129686475985,0.16666666666666666,0.3499999999999999,0.6598765432098764,0,P62701:Q96N95
OR10A6,BLOC1S5,0.1477346978189703,0.11197802197802195,0.140625,0.16666666666666666,0,Q8NH74:Q8TDH9
SERBP1,JPT2,0.4464533806636074,0.08116883116883117,0.6166666666666667,1.0,0,Q8NC51:Q9H910
ANKRD30B,ASF1A,0.08539851985938207,0.1775297619047619,0.49393939393939396,0.48148148148148134,0,Q9BXX2:Q9Y294
METTL21C,METTL21C,1.0,0.3839297956945016,0.5111111111111111,0.7365079365079366,1,Q5VZV1:Q5VZV1
MRPL53,DDX28,0.0,0.09722222222222221,0.54,0.15995670995670996,-1,Q96EL3:Q9NUL7
LSM11,SEBOX,-0.036462050294445776,0.1037037037037037,1.0,0.25,0,P83369:Q9HB31
SNRPC,SF3B4,0.7120477151556537,0.7863636363636363,0.5064761904761904,0.9683098591549296,-1,P09234:Q15427
SLAMF1,LMX1A,-0.05768177457485584,0.16187423687423685,0.25,0.41833333333333333,0,Q13291:Q8TE12
PTX3,CYLD,-0.05107123842342743,0.10974239268356914,0.4556972789115647,0.532999164578112,0,P26022:Q9NQC7
KLRC1,B2M,0.6178309752680273,0.12788190345008527,0.5077239229024942,0.9240196078431372,-1,P26715:P61769
BRF2,TUBE1,0.45472859769262913,0.14484126984126985,0.38888888888888884,0.1875,0,Q9HAW0:Q9UJT0
EMX2,RHEB,0.2771695755421414,0.10609218823504539,0.20223665223665221,0.5303854875283448,0,Q04743:Q15382
CUL4A,REXO1,0.45459240427313924,0.16666666666666666,0.5666666666666667,0.23809523809523808,0,Q13619:Q8N1G1
GTPBP10,DDX28,0.6103777654477259,0.1388888888888889,0.54,0.35080348943985307,-1,A4D1E9:Q9NUL7
NOP2,MAK16,0.8839481402434122,1.0,0.6111111111111112,0.8125,-1,P46087:Q9BXY0
TTC39A,TDRKH,0.5288532234433675,0.0,0.13611111111111113,0.8928571428571429,0,Q5SRH9:Q9Y2W6
RNASE9,APH1A,-0.047938638851877706,0.07604941014867486,0.2730034722222222,0.3126126126126126,0,P60153:Q96BI3
TRBV6-5,CD3E,0.9732916100072482,0.25690975690975687,0.6864977614977614,0.0,0,A0A0K0K1A5:P07766
RPS16,RPS6,0.9621053721519673,0.35282041191132096,0.6630952380952381,0.6885964912280702,1,P62249:P62753
RPS26,RPL10A,0.7989919074122307,0.82,0.6422161172161173,0.7,-1,P62854:P62906
IL17F,PNPO,-0.004837553178834784,0.0931818181818182,0.39999999999999997,0.607936507936508,0,Q96PD4:Q9NVS9
NDUFA13,UQCR10,0.6107322764764951,0.5181818181818182,0.7113095238095237,0.5625,-1,Q9P0J0:Q9UDW1
LAMTOR5,LAMTOR3,0.44562008231123446,0.5001780626780626,0.6840747904577691,0.9057142857142857,1,O43504:Q9UHA4
RNASE2,HBB,0.9902968455147365,0.12881708238851095,0.5447916666666667,0.7903508771929825,0,P10153:P68871
RPS3A,CCDC124,0.3781782064330006,0.17841880341880342,0.47333333333333333,0.6041666666666666,-1,P61247:Q96CT7
YWHAQ,CDC5L,0.7910313520328547,0.1482520639834881,0.43333333333333324,0.9252314814814816,-1,P27348:Q99459
ANKRD34C,COMMD1,-0.21992330780553015,0.0,0.12029100529100531,0.0,0,P0C6C1:Q8N668
ATP2A1,RPS9,-0.11740274217125103,0.12803554470221135,0.4194264069264069,0.5533333333333333,0,O14983:P46781
EIF2B3,EIF2B4,0.6542001062429583,0.29419519874065325,0.625,0.8295238095238094,1,Q9NR50:Q9UI10
RPL31,DDX18,0.7849029303850332,0.12037037037037036,0.3333333333333333,0.2826216712580349,-1,P62899:Q9NVP1
MRPS22,GFM1,0.6189489531435071,0.25,0.7083333333333334,0.3663194444444444,-1,P82650:Q96RP9
RPLP2,RPL18,0.8950264483709233,1.0,0.6072829131652662,0.625,-1,P05387:Q07020
TCERG1,SF3B3,0.8214423482903269,0.6050719246031746,0.47489177489177486,0.925925925925926,-1,O14776:Q15393
CSRP3,VGLL1,-0.04851349730761096,0.8333333333333334,0.7333333333333334,0.9479166666666667,0,P50461:Q99990
EDF1,RPS5,0.6125993079734814,0.1238888888888889,0.7040726817042606,0.5769230769230769,-1,O60869:P46782
RPS27,PWP2,0.6903759406060149,0.4006410256410256,0.6476190476190478,0.625,-1,P42677:Q15269
RPS11,RPL39,0.8895304385592782,0.5392628205128205,0.7324263038548752,0.8333333333333334,-1,P62280:P62891
RPL13A,FAU,0.924207151226353,0.4858974358974359,0.7694677871148459,0.54421768707483,-1,P40429:P62861
MARCHF11,NTMT2,0.3459276668802783,0.14285714285714285,0.1625,0.125,0,A6NNE9:Q5VVY1
PSEN1,APH1A,0.5845760144708336,0.5426846590909091,0.6172743055555556,0.9131274131274133,1,P49768:Q96BI3
RPLP1,RPSA,0.7371363892383945,0.5596153846153846,0.7498677248677248,0.782051282051282,-1,P05386:P08865
H3C1,INO80,0.1414318326638335,0.23847699919128487,0.35555555555555557,0.6593406593406593,1,P68431:Q9ULG1
MRPL23,MRPL39,0.6000963660969447,1.0,0.4778074866310161,0.625,1,Q16540:Q9NYK5
EIF2S1,RPS15,0.5689297050879255,0.17254329004329003,0.7455026455026454,0.5428571428571428,-1,P05198:P62841
IGHA2,IGHA2,0.9999999999999998,0.35848214285714286,0.5237628384687207,0.75,1,P01877:P01877
H2AZ1,H3C1,0.28114286785787734,0.3677248677248677,0.30387667887667896,0.9709302325581395,1,P0C0S5:P68431
MRPS11,MRPL22,0.6670535408943989,1.0,0.5527597402597403,0.5833333333333334,-1,P82912:Q9NWU5
SLC35A1,SSMEM1,-0.006400655998372583,0.0,1.0,1.0,-1,P78382:Q8WWF3
RXRA,H1-7,-0.10703030537433805,0.13392857142857142,0.7333333333333334,0.6416666666666667,0,P19793:Q75WM6
TRIM50,SRSF12,0.020431809129566377,0.061388888888888896,0.4861111111111111,0.6071428571428571,0,Q86XT4:Q8WXF0
RPS12,RPS3A,0.9594526509647833,0.6632575757575757,0.6850793650793651,0.6944444444444444,-1,P25398:P61247
BIRC5,H3C1,0.5306442395015124,0.18364197530864196,0.8444444444444446,0.9709302325581395,1,O15392:P68431
GNG2,ZMYND19,0.24340086093145777,0.0,0.7083333333333334,0.9866666666666667,0,P59768:Q96E35
CD300LB,RPS8,-0.0561385979679672,0.09264069264069263,0.28967261904761904,0.5833333333333334,0,A8K4G0:P62241
RPL9,ZNF622,0.592884363485583,0.0943841872413301,0.4133333333333333,0.6071428571428571,-1,P32969:Q969S3
UBC,ZNF83,0.32780348275757865,0.058823529411764705,1.0,0.37777777777777777,0,P0CG48:P51522
RPL32,UBE2I,0.744780174692489,0.1572805258467023,0.4948356807511738,0.23648989898989897,0,P62910:P63279
SUPT4H1,INTS4,0.7620961246076242,0.28947368421052627,0.42857142857142866,1.0,0,P63272:Q96HW7
PPIL2,SPATA22,0.052385484487304367,0.19113756613756613,0.25,1.0,0,Q13356:Q8NHS9
TRMT61B,KIR3DX1,0.051369418483973285,0.09090909090909091,0.18333333333333335,0.0,0,Q9BVS5:Q9H7L2
GPM6B,SQSTM1,-0.3195640125808479,0.14058714789484023,0.37409973939824687,0.8690962099125366,0,Q13491:Q13501
GNAO1,GNG2,0.2547311807755538,0.36857142857142855,0.9186746987951806,1.0,-1,P09471:P59768
VASP,SFTPA2,0.08375994742698209,0.14285714285714285,0.38596491228070173,0.8333333333333334,0,P50552:Q8IWL1
ENO1,SHF,-0.04586669559775398,0.1111111111111111,0.0,0.3333333333333333,0,P06733:Q7M4L6
MID2,PARP3,0.4097990040330097,0.10125985125985125,0.44999999999999996,0.3133333333333333,0,Q9UJV3:Q9Y6F1
RNASEK,ATP6V1H,0.36595807742255776,0.5308760683760683,0.4907823129251701,0.8307407407407407,-1,Q6P5S7:Q9UI12
TEX12,THUMPD1,0.17949020416289624,0.125,0.5,0.75,0,Q9BXU0:Q9NXG2
GTF3A,BCL2L2,-0.012284555146384659,0.11146776503919362,0.2733333333333333,0.24500000000000002,0,Q92664:Q92843
H2AZ1,ANP32E,0.6895603962375526,0.4537037037037037,0.42990219656886325,0.5523809523809524,1,P0C0S5:Q9BTT0
RPL10A,GGA2,0.5154371534056398,0.10818181818181818,0.221875,0.8796296296296297,0,P62906:Q9UJY4
C15orf62,LAMTOR4,0.4468018191309203,0.10120788302606486,0.16094104308390023,0.296078431372549,0,A8K5M9:Q0VGL1
SP100,GSK3B,0.247405250213249,0.1341158841158841,0.46012658227848113,0.6852712282323932,0,P23497:P49841
GADD45G,ESAM,0.1833707828190185,0.14909812409812412,0.28541666666666665,0.8095238095238094,0,O95257:Q96AP7
EIF3J,ABCE1,0.7377395502285261,0.23729395604395603,0.5259259259259259,0.37506613756613755,1,O75822:P61221
RPS5,RPS29,0.8277021004321751,1.0,0.7327891156462585,0.5555555555555556,-1,P46782:P62273
SUMO2,C11orf24,0.44969628150403435,0.0,0.47333333333333333,1.0,0,P61956:Q96F05
DNAJB1,CEP55,0.09165849312669241,0.16234567901234567,0.4680555555555556,1.0,0,P25685:Q53EZ4
GNAI1,MRGPRX1,-0.034145486674007915,0.5404040404040404,0.6666666666666666,0.18333333333333335,1,P63096:Q96LB2
GIP,GNG2,0.3123701098846587,0.36136363636363633,0.321285140562249,1.0,-1,P09681:P59768
RPL6,NMD3,0.7262908009725599,0.142003367003367,0.5666666666666667,0.319047619047619,-1,Q02878:Q96D46
RPSA,SCG2,-0.2126064540977682,0.15015873015873019,0.285,0.619047619047619,0,P08865:P13521
POLR2D,MED29,0.13532615781183857,0.053634085213032576,0.5380952380952382,0.9818181818181819,1,O15514:Q9NX70
MAPK6,CPQ,-0.08746342474108758,0.18605442176870746,0.37500000000000006,0.21857142857142856,0,Q16659:Q9Y646
RPL5,SEC61G,0.5458421677455293,0.08712121212121213,0.5555555555555556,0.798611111111111,-1,P46777:P60059
UQCRQ,NDUFB11,0.3326680105280941,0.3904761904761905,0.6576923076923076,0.0,-1,O14949:Q9NX14
MT-ND4L,NDUFA12,0.3039776339277111,0.25040885040885036,0.40625,0.34375,-1,P03901:Q9UI09
KRT222,ASB9,0.12421217750697579,0.0,0.13271604938271606,0.9702380952380952,0,Q8N1A0:Q96DX5
ZNF683,PPP1R13L,-0.05403446546491231,0.21744533118967507,0.36,0.9420289855072465,0,Q8IZ20:Q8WUF5
LINC02218,THUMPD1,-0.21660787745775278,0.06666666666666667,0.16666666666666666,0.38888888888888884,0,A0A1W2PRN6:Q9NXG2
RPS19,RPL38,0.8717042451772152,0.4032106782106781,0.6499047619047619,0.7361111111111112,-1,P39019:P63173
NDUFB2,MT-ND1,0.34775882204734476,0.33287419651056016,0.5877777777777777,0.4375,-1,O95178:P03886
ERH,NLGN4X,0.05249379431577689,0.13176406926406925,0.30866666666666664,0.77,0,P84090:Q8N0W4
GTF2H1,SYT12,0.062014515602658575,0.13214285714285712,0.19583333333333333,0.47222222222222227,0,P32780:Q8IV01
MSX1,GPKOW,0.4861468700980097,0.16666666666666666,0.5428571428571429,0.9779411764705882,0,P28360:Q92917
LRPPRC,MRPL15,0.5886691048218975,0.13333333333333333,0.34924242424242424,0.75,-1,P42704:Q9P015
OR2H2,ERFE,0.7468638255696051,0.20329055864770149,0.3333333333333333,0.12169312169312169,0,O95918:Q4G0M1
GMNN,GMNN,1.0,0.39249999999999996,0.49615384615384617,0.9416666666666668,1,O75496:O75496
NPY2R,GNG2,0.37570660955070284,0.3185714285714286,0.9186746987951806,1.0,-1,P49146:P59768
DRD1,DNASE1L1,-0.23817451908712775,0.10555555555555556,0.44999999999999996,0.8433035714285714,0,P21728:P49184
GAS8,JCHAIN,-0.21346778594737653,0.1356691919191919,0.3492063492063492,0.365,0,O95995:P01591
MTIF2,MRPS26,0.2062524157623671,0.16666666666666666,0.2575174825174825,1.0,-1,P46199:Q9BYN8
GADD45GIP1,MTRES1,0.5827721348157006,0.10833333333333334,0.5625,0.5571428571428572,-1,Q8TAE8:Q9P0P8
TRBC1,HLA-B,0.7156505286765572,0.4101977567886659,0.45019047619047614,0.0,1,P01850:P01889
CD247,CYB561D1,0.37275432425559707,0.14285714285714285,1.0,0.6464285714285715,0,P20963:Q8N8Q1
USP46,POP1,0.1539281228161027,0.12698412698412698,0.2100793650793651,0.6807692307692306,0,P62068:Q99575
HLA-DMB,TAB1,0.156265231110102,0.13472222222222222,0.24655797101449267,0.8963734567901235,0,P28068:Q15750
SNRNP70,SNRPD3,0.6064299173149948,0.623299319727891,0.48202870189171576,0.8857723577235771,1,P08621:P62318
POLR2E,TNMD,0.27723810305141233,0.1074074074074074,0.4444444444444444,1.0,0,P19388:Q9H2S6
NLRP2B,PI3,-0.12036554633886351,0.3733974358974359,0.4393939393939394,0.0,0,P0DMW2:P19957
ICA1,RNF2,0.08388662567283543,0.11099317349317347,0.3960573476702508,0.9562383522909838,0,Q05084:Q99496
MRPS15,MRPS2,0.453880800047124,0.6969696969696969,0.5242424242424242,1.0,-1,P82914:Q9Y399
RPS10,RPS4X,0.8790474902214156,0.6614583333333334,0.669702380952381,0.7369565217391304,-1,P46783:P62701
SFTPC,CFAP299,0.002268334971211332,0.0,0.35,1.0,0,P11686:Q6V702
TRIM50,ZNF501,-0.16776553734368618,0.07107843137254902,0.2,0.34555555555555556,0,Q86XT4:Q96CX3
GTF2H2,TAF5,0.5758893710236856,0.41318536984171655,0.6851063829787236,0.8125,-1,Q13888:Q15542
RPS3A,PCSK9,-0.22221973717748786,0.18343508343508338,0.3367243867243867,0.625705467372134,0,P61247:Q8NBP7
DENR,RPS13,0.7268892744784363,0.1359126984126984,0.40178571428571425,0.6355555555555554,-1,O43583:P62277
HSPD1,LZTS2,-0.04061640909188005,0.1686507936507937,0.4583333333333333,1.0,1,P10809:Q9BRK4
HLA-DPA1,CCZ1B,0.4149462125212606,0.16666666666666666,0.5590277777777778,0.0,0,P20036:P86790
SLC66A2,OR6S1,-0.0070537894344231975,0.10101010101010101,1.0,0.16666666666666666,0,Q8N2U9:Q8NH40
HOXA1,LY96,0.3706687366538803,0.1180870980870981,0.25666666666666665,0.7625,0,P49639:Q9Y6Y9
LPAR6,FGF13,-0.18857837408065806,0.1609777903256164,0.30644841269841266,0.5476190476190476,0,P43657:Q92913
NDUFS1,U2AF1,-0.11775651361492995,0.11296296296296297,0.17164351851851853,0.9413978494623656,0,P28331:Q01081
CREG1,XPNPEP3,0.4015175221968265,0.16944444444444445,0.30000000000000004,0.13047979797979797,0,O75629:Q9NQH7
NDUFS3,NDUFB8,0.5001025866532745,0.3496969696969697,0.49540517961570585,1.0,1,O75489:O95169
KIN,SNRPB2,0.7336471157262355,0.9071428571428571,0.48857142857142855,0.9292929292929293,-1,O60870:P08579
PTGER4,PTGES3,0.08220544948850722,0.1346028310314025,0.4585365853658537,0.8273273273273273,0,P35408:Q15185
CHRDL2,PHF24,-0.11997670006027873,0.13507936507936508,0.39375,0.7666666666666667,0,Q6WN34:Q9UPV7
CLDN14,GYG1,-0.22133714276142225,0.125,0.3248299319727891,0.6226190476190476,0,O95500:P46976
MTIF2,MRPS21,0.33144815005037626,0.17777777777777778,0.20568181818181816,0.4444444444444445,-1,P46199:P82921
SNF8,SNF8,1.0,0.2347632630527367,0.4753809523809523,0.9589285714285715,1,Q96H20:Q96H20
CD8A,ZBTB12,0.0025872794845163776,0.16428571428571428,0.5,0.5206349206349207,0,P01732:Q9Y330
MRPL10,DDX28,0.40315775458677566,0.10795454545454547,0.54,0.35080348943985307,-1,Q7Z7H8:Q9NUL7
DDX54,RPF1,0.8035460154741065,1.0,0.7777777777777778,0.6,0,Q8TDD1:Q9H9Y2
PRPF31,CORIN,-0.0635068448741569,0.11666666666666667,0.37103174603174605,0.48809523809523814,0,Q8WWY3:Q9Y5Q5
HMOX2,SAR1A,-0.011856523856290251,0.11603853662677191,0.3628571428571429,0.9480013550135503,-1,P30519:Q9NR31
RPS19,RPL36A,0.9447821195160726,1.0,0.7161490683229814,0.6666666666666667,-1,P39019:P83881
RPLP1,RPL13A,0.8867545928575647,0.2993006993006993,0.6040616246498599,0.7182539682539684,-1,P05386:P40429
RBP4,SLC39A4,-0.12305585933490207,0.11630908773765916,0.2843915343915344,0.2146825396825397,0,P02753:Q6P5W5
SF3B3,SF3B4,0.7400626609842449,0.7863636363636363,0.5064761904761904,0.9683098591549296,1,Q15393:Q15427
FAM168B,BCL2A1,-0.10046445452053898,0.0,0.4166666666666667,0.9358974358974359,0,A1KXE4:Q16548
PSEN1,NCSTN,0.5224499296974573,0.40840179391315756,0.5679894179894179,0.828125,1,P49768:Q92542
IL4,TRIM46,0.1105761841495565,0.13509021842355173,0.3666666666666667,0.14285714285714285,0,P05112:Q7Z4K8
PDHB,HNRNPA0,0.419211022565469,0.09837962962962961,0.4458333333333333,0.5220238095238094,0,P11177:Q13151
BID,TUBB2B,0.34071175132914194,0.162691629358296,0.24499999999999997,0.39826388888888886,-1,P55957:Q9BVA1
RPLP2,RPL24,0.8512026862600011,0.6277777777777777,0.6696649029982362,0.5892857142857143,-1,P05387:P83731
HLA-F,B2M,0.8870862841905819,0.1442093890957527,0.5394557823129253,0.9240196078431372,1,P30511:P61769
LAMTOR3,CRYBG1,0.22616631574634657,0.25,0.3333333333333333,0.6666666666666666,0,Q9UHA4:Q9Y4K1
SF3B3,ATXN7L3B,0.39778411270467406,1.0,0.5,1.0,0,Q15393:Q96GX2
KRAS,KRAS,1.0,0.16591930796476254,0.929404761904762,0.7123188405797102,1,P01116:P01116
COPS6,COPS4,0.8112580726788322,0.5756578947368421,0.43388888888888877,0.961038961038961,1,Q7L5N1:Q9BT78
MFAP1,RBMX2,0.7586024396736276,0.7666666666666667,0.3727106227106229,0.8928571428571429,-1,P55081:Q9Y388
EN1,KREMEN1,0.3204320039957362,0.17443081609748273,0.38888888888888884,0.19444444444444445,0,Q05925:Q96MU8
HS6ST2,ULBP1,-0.017066479361587367,0.07999843293960941,0.20595238095238094,0.10833333333333334,0,Q96MM7:Q9BZM6
CLDN9,ABCD3,-0.069016460667995,0.13333333333333336,0.4567307692307692,0.6618773946360152,0,O95484:P28288
DHX16,RBM48,0.5362193071247575,0.625,0.8400000000000001,0.9722222222222222,-1,O60231:Q5RL73
NOC3L,MAK16,0.9106010238051016,0.16666666666666666,0.6111111111111112,0.4375,-1,Q8WTT2:Q9BXY0
NDUFB5,MT-ND3,0.48150238967645975,0.36006273138626077,0.6749999999999999,0.5625,-1,O43674:P03897
RPL17,RPS19,0.9073881926879467,0.24346306471306461,0.6760797342192691,0.7017543859649122,-1,P18621:P39019
RPS4Y1,UBA52,0.34840501673382895,0.7023809523809524,0.8296723460026213,0.3675115207373272,-1,P22090:P62987
TPI1,LTBP3,-0.052943654882922096,0.09087907042452498,0.3645833333333333,0.5277777777777778,0,P60174:Q9NS15
SRRM1,LSM7,0.5204323946971975,0.7333333333333334,0.35028011204481796,0.9631782945736433,-1,Q8IYB3:Q9UK45
CHRNA1,KRT40,0.046242434627478124,0.13392857142857142,0.46274509803921565,0.1999250936329588,0,P02708:Q6A162
COPS6,CCDC63,0.04390482964151564,0.08189033189033189,0.5,0.0,0,Q7L5N1:Q8NA47
SLC5A1,FLYWCH2,-0.1679510902877277,0.0,0.0,0.25,0,P13866:Q96CP2
UQCRB,NDUFV1,0.5940199612364054,0.41255411255411256,0.4863636363636363,0.8356812169312169,-1,P14927:P49821
HTR5A,SUCLA2,0.48152447079268224,0.11100803957946816,0.18874458874458877,0.17912457912457913,0,P47898:Q9P2R7
P3R3URF,GNA14,-0.037807136501426315,0.26875,0.0,0.0,0,A0A087WWA1:O95837
SNRPB,CWC25,0.7597636765031683,1.0,0.4537414965986395,1.0,-1,P14678:Q9NXE8
DHX37,UTP15,0.8917445394768164,0.25746753246753246,0.47074074074074074,0.8333333333333334,-1,Q8IY37:Q8TED0
LSM8,LSM4,0.3394110549170609,0.4321428571428572,0.39733893557422967,0.8988095238095238,1,O95777:Q9Y4Z0
UBE2D3,UBE2D3,1.0,0.5642609314354466,0.7893939393939394,0.7918595679012346,1,P61077:P61077
SNRPD3,MINK1,0.4534544837093934,0.11139753104038821,0.3770833333333333,0.3565145502645503,0,P62318:Q8N4C8
NOL3,TRIM10,-0.2846393340252062,0.13425925925925927,1.0,0.8908730158730158,0,O60936:Q9UDY6
GTF2E2,SPRR2G,0.03325917547012508,0.08158508158508158,0.8125,0.0,0,P29084:Q9BYE4
RPS10,RPL10A,0.945373134457048,0.82,0.6422161172161173,0.7,-1,P46783:P62906
MRPL43,MRM2,0.539151503659735,0.12176527176527174,0.5833333333333334,0.1,-1,Q8N983:Q9UI43
NR3C1,YWHAH,0.13675971749508928,0.22089002267573693,0.5789915966386555,0.9812074829931974,-1,P04150:Q04917
LNX1,LRRC58,0.040699759758192025,0.1111111111111111,0.0,0.0,0,Q8TBB1:Q96CX6
ZNF891,RAB7A,0.42925770823581394,0.06834554823371947,0.1801910078225868,0.18924738052645032,0,A8MT65:P51149
H2AC4,H2BC11,0.8291027013351813,0.18892773892773895,0.48854166666666665,0.7037037037037037,1,P04908:P06899
RPSA,PA2G4,0.7027013362966483,0.11341991341991342,0.41595238095238096,0.7083333333333333,-1,P08865:Q9UQ80
CDC5L,MAN2B2,0.5986305589364391,0.13392857142857142,0.18703703703703703,0.81875,0,Q99459:Q9Y2E5
ELOC,SIL1,0.28811122194314814,0.09111721611721613,0.25999999999999995,0.8545454545454544,0,Q15369:Q9H173
PTPDC1,SULT1A1,-0.11293963314646983,0.10330225330225332,0.5555555555555556,0.5004960317460319,0,A2A3K4:P50225
GPRIN2,ASCL1,-0.034433537429812484,0.09751262830306949,0.20833333333333334,0.5799768518518519,0,O60269:P50553
IFNG,IFNG,1.0,0.2913939093786032,0.9210526315789473,0.6363636363636362,1,P01579:P01579
PPARG,HABP2,-0.08407287459409733,0.3055555555555555,0.5,0.2107142857142857,0,P37231:Q14520
MRPL30,MRPL57,0.6422381702606169,1.0,0.5540584415584415,0.625,1,Q8TCC3:Q9BQC6
MTREX,EXOSC10,0.8161215560723575,0.2981820080504291,0.38752204585537914,0.799390243902439,-1,P42285:Q01780
RPS10,FBXL6,0.28928712837470716,0.3214285714285714,0.125,0.78125,0,P46783:Q8N531
BCHE,GABRA1,-0.09886164555750906,0.12611607142857142,0.29214285714285715,0.13718434343434344,0,P06276:P14867
EYA4,GSN,0.05277573291828779,0.13059380559380562,0.3893537414965986,0.9778751123090745,0,O95677:P06396
IRF1,IL37,-0.07051429997741557,0.32332667332667336,0.6666666666666666,0.7999999999999999,0,P10914:Q9NZH6
CMTM5,GAD1,0.1509033824214487,0.09999375624375624,0.37179487179487175,0.8394557823129251,1,Q96DZ9:Q99259
MRPL18,MRPS18C,0.7347557510399059,1.0,0.6240530303030303,0.7083333333333334,-1,Q9H0U6:Q9Y3D5
MRPS12,MRPL11,0.7384178576614336,1.0,0.4563131313131314,0.9108527131782945,-1,O15235:Q9Y3B7
GTF2F2,TBP,0.6113996349725744,0.42636054421768693,0.7681421864520454,0.8110902255639098,1,P13984:P20226
DAP3,OXA1L,0.8973657984023906,0.1664085914085914,0.4404761904761905,0.6153846153846154,-1,P51398:Q15070
GJA4,CD81,0.6102452759998391,0.12172438672438672,0.527047619047619,0.9319892473118281,-1,P35212:P60033
HDDC3,DMRT1,-0.005630170014795562,0.0,0.0,0.29660493827160495,0,Q8N4P3:Q9Y5R6
RPS25,MMP24,-0.19104149860859598,0.18194895382395382,0.3194444444444444,0.2257142857142857,0,P62851:Q9Y5R2
TCEA1,POLR2G,0.8133215191246286,0.2985714285714286,0.9664355062413313,0.9428571428571428,-1,P23193:P62487
RPS4Y1,RPL14,0.27417564425206703,0.5654761904761905,0.683531746031746,0.4509803921568627,-1,P22090:P50914
MRPL46,ANKZF1,0.24881490103230453,0.18575757575757576,0.5,0.16326530612244897,0,Q9H2W6:Q9H8Y5
CHCHD5,PPME1,0.25040028257868613,0.125,0.2,0.4077838827838828,0,Q9BSY4:Q9Y570
MYPN,RPAP3,-0.005721037173564167,0.125,0.61875,1.0,0,Q86TC9:Q9H6T3
RAD1,HNRNPH3,0.7535759954784744,0.1422222222222222,0.60625,0.7272727272727273,0,O60671:P31942
SNRPD1,SNRPD1,1.0,0.6212585034013605,0.41324884792626726,0.8574074074074074,1,P62314:P62314
CES2,UBE2L3,-0.023103286882211985,0.14311202686202687,0.35119047619047616,0.15035714285714283,0,O00748:P68036
FGF1,S100A13,0.17933318961815606,0.39407051282051286,0.49487179487179483,0.5515873015873016,1,P05230:Q99584
PPP2R2A,EIF3A,0.7184610658126621,0.13155844155844154,0.5493827160493827,0.7533333333333333,0,P63151:Q14152
BCL2L2,GTSE1,-0.22408360923671297,0.15833333333333333,0.7157738095238095,0.7777777777777778,0,Q92843:Q9NYZ3
MED14,SIRT4,0.005327744922972303,0.09034658735288985,0.21875,0.4228670634920635,0,O60244:Q9Y6E7
ERCC3,TAF12,0.718998767790798,0.21454944550919783,0.6101010101010101,0.7660256410256411,-1,P19447:Q16514
ZNF345,ODAD1,0.4599902256041836,0.0797773654916512,0.1952380952380952,1.0,0,Q14585:Q96M63
MPZL1,SURF1,0.30563488262818667,0.10944444444444446,0.22291666666666665,0.7083333333333334,0,O95297:Q15526
NDUFB4,NDUFB4,1.0,0.3496969696969697,0.4812499999999999,1.0,0,O95168:O95168
HLA-DOB,HLA-DMB,0.9110493420711137,0.4455128205128205,0.4343434343434344,0.5777777777777778,1,P13765:P28068
ST13,CCT8,0.40686684698651493,0.4466422466422466,0.5327526132404182,0.810990338164251,0,P50502:P50990
SMAD2,EYA3,0.5761636476036168,0.2240584415584416,0.6377777777777779,0.6541062801932366,0,Q15796:Q99504
DENR,RPS3,0.7183187764934581,0.11668774168774164,0.3920979986197377,0.6262049941927991,-1,O43583:P23396
CLDN18,LDLRAD3,-0.1694303610552859,0.13571428571428573,1.0,0.7777777777777777,0,P56856:Q86YD5
S100A7,PSMB10,-0.14019791984388116,0.15277777777777776,0.8666836734693878,0.8873015873015873,0,P31151:P40306
TNNT2,PRR3,-0.22973612245093378,0.0,0.0,0.9342857142857144,0,P45379:P79522
POLR2G,MED17,0.7982993157684621,0.13841735749630488,0.41354166666666664,0.7611791383219955,1,P62487:Q9NVC6
ZNF202,TAB1,0.7417813453138629,0.10962394087394088,0.4807971014492754,0.8963734567901235,0,O95125:Q15750
LRPPRC,MRPL51,0.5824254761808153,0.18333333333333335,0.28101325757575757,0.4375,0,P42704:Q4U2R6
GPRASP1,EIF2B3,0.28353979911953986,0.10266233766233768,0.4625,0.2630952380952381,0,Q5JY77:Q9NR50
LIN52,WNT5B,0.08476679616382667,0.08301328301328302,0.28111111111111114,0.5555555555555555,0,Q52LA3:Q9H1J7
PRPF6,PRPF31,0.8243101196952362,0.5376923076923077,0.3707301587301587,0.9703525641025641,1,O94906:Q8WWY3
NDUFB8,RNF208,0.6782925569036414,0.08712121212121213,0.2,0.1219941348973607,0,O95169:Q9H0X6
CACTIN,STEEP1,0.8728990332895609,0.09814814814814814,0.5990196078431372,0.75,1,Q8WUQ7:Q9H5V9
EIF2S2,RPS16,0.6141949092270087,0.18484126984126986,0.7003759398496241,0.5625,-1,P20042:P62249
RNF13,RCE1,0.03192424378264256,0.1687179487179487,0.7261904761904763,0.15476190476190477,0,O43567:Q9Y256
NBDY,KRTAP19-4,0.0,0.0,0.12698412698412698,1.0,0,A0A0U1RRE5:Q3LI73
NBL1,GULP1,0.5606410686492991,0.13425925925925927,0.5,0.0,0,P41271:Q9UBP9
LRPPRC,MRPL49,0.5253234262373565,0.16666666666666666,0.300974025974026,0.8928571428571429,-1,P42704:Q13405
WDR46,RRP9,0.8785659894938607,0.393939393939394,0.5417989417989418,0.5555555555555556,-1,O15213:O43818
RPL9,PPAN,0.6400899520347417,0.1111111111111111,0.4537037037037037,1.0,0,P32969:Q9NQ55
NDUFS7,C20orf96,0.23516200782995614,0.0,0.0,1.0,0,O75251:Q9NUD7
BCL10,ZMIZ2,0.27673148955534044,0.3440927493559073,0.37878787878787873,0.8982259570494864,0,O95999:Q8NF64
SRSF1,CDC5L,0.777728064268101,0.5463358918128656,0.5196428571428571,0.9252314814814816,-1,Q07955:Q99459
CCN5,PENK,-0.09628153371177715,0.21001984126984125,0.31563492063492066,0.4305555555555556,0,O76076:P01210
RBM22,NOSIP,0.4193015180218258,0.12077922077922076,0.4428571428571429,0.6157407407407408,0,Q9NW64:Q9Y314
MXI1,MIER2,0.2854747551341411,1.0,0.5083333333333333,0.5442176870748299,0,P50539:Q8N344
RPS4Y1,RPL32,0.30246007759015153,1.0,0.7049689440993788,0.7916666666666667,-1,P22090:P62910
SNRPE,IK,0.6056497067454479,0.443859649122807,0.5341991341991342,1.0,-1,P62304:Q13123
OXA1L,MRPS28,0.2081491212610844,1.0,0.632142857142857,0.25,-1,Q15070:Q9Y2Q9
ZNF207,DMKN,0.10058250096121743,0.16666666666666666,0.5,1.0,0,O43670:Q6E0U4
FGF1,INTS3,-0.26413030826574796,0.1445300911210002,0.4070175438596491,1.0,0,P05230:Q68E01
SURF6,RPL3,0.7207144108503433,0.1130050505050505,0.36649659863945566,0.5625,-1,O75683:P39023
MRPL23,MRPS26,0.29554277004188256,1.0,0.5940559440559441,1.0,-1,Q16540:Q9BYN8
PVRIG,IKBIP,-0.05495412474301482,0.07692307692307693,0.3125,1.0,0,Q6DKI7:Q70UQ0
UQCC1,TDRKH,0.37021459303618504,0.1065018315018315,0.4904761904761904,0.8928571428571429,0,Q9NVA1:Q9Y2W6
RPS4Y1,RPL36A,0.25451118642021775,1.0,0.7161490683229814,0.6666666666666667,-1,P22090:P83881
ARFIP2,LDLRAD3,0.2952633111359301,0.10267857142857142,1.0,0.7777777777777777,0,P53365:Q86YD5
EIF5B,RACK1,0.460114984980585,0.11846223221223222,0.5023809523809524,0.8351882613510518,-1,O60841:P63244
GTF2E2,TAF10,0.6885947256991789,0.2536831042162999,0.5364389233954453,0.7445322793148879,-1,P29084:Q12962
H2AC4,H3C1,0.892985684115129,0.3677248677248677,0.2807336182336182,0.9709302325581395,1,P04908:P68431
NME6,NCOA2,0.809068130106798,0.11361431778098445,0.2110644257703081,0.6064213564213564,0,O75414:Q15596
SF3A1,PPIL4,0.8450246506775695,0.05555555555555555,0.7833333333333333,0.4583333333333333,0,Q15459:Q8WUA2
ISG15,ZNF143,0.20078549493469133,0.17549603174603176,1.0,0.8317460317460317,0,P05161:P52747
PPP2CA,NABP2,0.7297312144816338,0.12319173881673881,0.4156862745098039,0.6714285714285715,0,P67775:Q9BQ15
LRPPRC,MRPL41,-0.05725235964693149,0.18333333333333335,0.27952516233766234,0.5,-1,P42704:Q8IXM3
NFE2L2,PMF1,0.6504260933780148,0.22778902384165542,0.5941176470588235,0.9623015873015872,1,Q16236:Q6P1K2
RPS27,ETF1,0.42756508519024716,0.1571323529411765,0.6129629629629629,0.6124574829931974,-1,P42677:P62495
SARNP,LAMTOR4,0.35919472657900053,0.08108520267611177,0.14994331065759636,0.8599439775910364,0,P82979:Q0VGL1
CCDC91,MCEE,-0.08052908128660059,0.07936507936507936,0.3125,0.7642857142857142,0,Q7Z6B0:Q96PE7
CWC15,WBP11,0.8272642000010755,0.48333333333333334,0.8136363636363636,0.9338709677419355,-1,Q9P013:Q9Y2W2
CRABP2,CHRNA5,0.0030288163637041776,0.242526455026455,0.28736263736263734,0.4355921855921856,0,P29373:P30532
CASC3,ISY1,0.748396635854477,0.5345238095238096,0.7703809523809524,0.9791666666666666,-1,O15234:Q9ULR0
PFDN6,CCT6A,0.6336476355784779,0.4459475709475709,0.38095238095238093,0.7876157407407408,1,O15212:P40227
ETF1,RPL30,0.635194479198842,0.16865079365079366,0.5863492063492063,0.46527777777777785,-1,P62495:P62888
MRPL41,HMX1,0.3816887542875165,0.07023809523809524,0.39999999999999997,0.22123015873015872,0,Q8IXM3:Q9NP08
SNRPD2,DBR1,0.82101921596805,0.5111111111111111,0.6000000000000001,0.2785714285714285,0,P62316:Q9UK59
CFTR,WDR5,-0.17753003345782478,0.11252867502867502,0.38576548899129554,0.985111111111111,0,P13569:P61964
DENR,THRA,-0.11439623127891814,0.1190553699174389,0.36363636363636365,0.5795882936507937,0,O43583:P10827
RPLP1,RPS17,0.8556514313314,0.46785714285714286,0.7606442577030813,0.7619047619047619,-1,P05386:P08708
TRAF2,BIRC3,0.5436879104866066,0.25527210884353735,0.882170542635659,0.6777777777777778,1,Q12933:Q13489
SNRPB,LSM2,0.9124508116281679,0.7194444444444444,0.3603896103896104,0.9464285714285714,1,P14678:Q9Y333
TCAP,TRAF6,-0.20436760192328346,0.08416003066522097,0.7123845060412225,0.8118960404674691,0,O15273:Q9Y4K3
CSF2,CSF2RA,0.22780524461020854,0.4108843537414965,0.8815104166666666,0.5452380952380953,1,P04141:P15509
AXIN1,TAF3,0.6900948323306443,0.1376280480140774,0.383095238095238,0.7964285714285714,0,O15169:Q5VWG9
NUP160,AAAS,0.7175601346105022,0.315260594106748,0.7114010989010987,1.0,-1,Q12769:Q9NRG9
P3R3URF,GALNTL6,0.24650887937854657,0.08712121212121213,0.0,0.0,0,A0A087WWA1:Q49A17
RPL18A,EBNA1BP2,0.27369268454712364,0.13392857142857142,0.2761904761904762,0.8125,-1,Q02543:Q99848
PENK,GNAI1,-0.04689034203891952,0.3154761904761905,0.6295681063122923,0.521326164874552,0,P01210:P63096
TOMM40,BAALC,-0.19851201746910313,0.0,0.5083333333333333,1.0,0,O96008:Q8WXS3
NFATC1,GNB2,0.3829018964187327,0.3214285714285714,0.5599773242630384,0.9366925064599484,0,O95644:P62879
RPL14,SEC61B,0.45651950281658144,0.11249999999999999,0.5242424242424243,0.8214285714285714,-1,P50914:P60468
HLA-C,CCDC97,0.43790946120252383,0.0,0.5,0.0,0,P10321:Q96F63
TAF11L2,ADRB2,-0.05309149189355905,0.0745399177393267,0.13090989257655924,0.42019919078742607,0,A6NLC8:P07550
IFNAR1,AUP1,0.5303693771226398,0.18002164502164503,0.2687074829931973,0.6166666666666666,0,P17181:Q9Y679
SRRM1,LSM5,0.48632649566383573,0.7202380952380952,0.3973809523809525,0.9568965517241379,-1,Q8IYB3:Q9Y4Y9
KLHL36,MED20,0.6413281051757421,0.06852683657194936,0.0,0.9311111111111111,0,Q8N4N3:Q9H944
LIN52,SCAMP4,0.42092998982413105,0.06666666666666667,0.19642857142857142,1.0,0,Q52LA3:Q969E2
BCL2L11,BCL2A1,0.3796759518805658,0.3740981240981241,0.6666666666666666,0.9358974358974359,1,O43521:Q16548
UBE2H,ATP6AP1,0.4743447615429369,0.06822780663278401,0.1985863095238095,0.7733333333333333,0,P62256:Q15904
CPD,SYCE2,0.23447607785257582,0.22916666666666666,0.425,0.14285714285714282,0,O75976:Q6PIF2
IZUMO1R,WFDC10B,0.09976924679487682,0.10555555555555556,0.5,0.5625,0,A6ND01:Q8IUB3
GUCA1C,RFC3,-0.1129912514806778,0.10846560846560846,0.24206349206349212,0.6518440709617179,0,O95843:P40938
PTX3,OR2T35,-0.017822284803138827,0.12698412698412698,0.3333333333333333,0.16666666666666666,0,P26022:Q8NGX2
IGHE,ABCB1,0.10957386015464192,0.14272486772486773,0.6735930735930735,0.20423976608187133,0,P01854:P08183
EIF3J,RPS23,0.5121638762005702,0.21416666666666667,0.6914053426248548,0.6590909090909091,1,O75822:P62266
SNRPD3,RHOU,0.06743325503421006,0.10865800865800865,0.3575757575757576,0.7144841269841269,0,P62318:Q7L0Q8
HDX,MRPL38,0.5960427037920695,0.0625,0.21764705882352942,1.0,0,Q7Z353:Q96DV4
NDUFB6,NDUFB6,1.0,0.36743197278911566,0.4756235827664398,0.5625,0,O95139:O95139
TUBB8B,EXOC1,0.1506127861458221,0.1420238095238095,0.425,0.24503968253968253,0,A6NNZ2:Q9NV70
ALYREF,THOC6,0.5947560638792219,0.39094516594516593,0.5613333333333332,1.0,-1,Q86V81:Q86W42
RPS5,TRMT112,0.6751193361095723,0.11763842218387671,0.5175925925925926,0.9244047619047618,-1,P46782:Q9UI30
TNFSF14,DNAI1,-0.08441972907711219,0.13267195767195766,0.22452380952380951,0.8666666666666666,0,O43557:Q9UI46
ACTR3,RGL1,0.20660743523480252,0.13392857142857142,0.7777777777777778,0.7142857142857143,0,P61158:Q9NZL6
IRF2BP1,AGR3,-0.130043116601312,0.0,0.6666666666666666,1.0,0,Q8IU81:Q8TD06
GTPBP6,MRPL38,0.7802419238967053,0.0,0.3316844919786096,0.25,-1,O43824:Q96DV4
HTR1A,AGBL1,0.07851366505028122,0.12222222222222223,0.2698412698412698,0.2785714285714286,0,P08908:Q96MI9
SNRPD1,C9orf78,0.2819950909865635,0.540625,0.6047619047619047,0.7222222222222222,0,P62314:Q9NZ63
CXCL5,ERCC6,0.2321845490729019,0.13018037518037517,0.4277310924369747,0.7384013605442179,0,P42830:Q03468
IST1,DHDH,0.14430564263167464,0.125,0.0,0.16964285714285715,0,P53990:Q9UQ10
RRAS2,VSNL1,-0.26197607009864216,0.11052489177489178,0.75,0.9583333333333334,0,P62070:P62760
SMPD2,FKBP5,0.07022134816843847,0.10132234712066644,0.4666666666666667,0.9206989247311829,0,O60906:Q13451
PLN,MFSD5,-0.12202943245230234,0.13392857142857142,1.0,0.9854721549636805,-1,P26678:Q6N075
CHM,SNRPD2,0.6663602669745814,0.10132783882783881,0.3780753968253968,0.9821428571428571,0,P24386:P62316
PPP1R15B,FZD1,0.45619284526675313,0.1279625256897984,0.16309523809523807,0.6018518518518519,0,Q5SWA1:Q9UP38
RPL10A,NMD3,0.6687886686285438,0.08768823768823768,0.5666666666666667,0.319047619047619,1,P62906:Q96D46
RPS14,NAT10,0.6983563238329963,0.23815884407989668,0.4751984126984127,0.5065277777777777,-1,P62263:Q9H0A0
GTPBP6,MRPL4,0.616188618007339,0.0,0.262310606060606,0.21428571428571427,-1,O43824:Q9BYD3
DAP3,MRPL23,0.7630120882991457,1.0,0.5292424242424242,0.75,-1,P51398:Q16540
CSNK1A1,PHTF1,0.06965836285795116,0.0,0.41666666666666663,0.0,0,P48729:Q9UMS5
RPL36A,RPL19,0.9616464917908008,1.0,0.6576719576719576,0.5384615384615384,-1,P83881:P84098
MRM3,MRPS30,0.6582512030727368,0.1125,0.262310606060606,0.5833333333333334,-1,Q9HC36:Q9NP92
DRD1,DRD1,1.0,0.25625847786864736,0.5412907268170426,0.5815476190476191,0,P21728:P21728
RAB7A,RAB7A,1.0,0.24661507075300174,0.23320802005012528,0.8866925064599483,1,P51149:P51149
TMPPE,PANX3,-0.13322937522343165,0.0,0.5666666666666667,0.16746031746031745,0,Q6ZT21:Q96QZ0
MYMX,ZYX,0.04216413494248108,0.10610569985569984,0.27762660619803475,0.0,0,A0A1B0GTQ4:Q15942
PCNA,CALCOCO1,-0.027444408879455408,0.2588966588966589,0.6,0.7230385487528345,0,P12004:Q9P1Z2
GPS1,ELOC,0.503702146536838,0.21895711500974657,0.6265723270440251,0.9732704402515723,1,Q13098:Q15369
MS4A1,NHEJ1,0.10671822321443146,0.15058282766616105,0.5026190476190475,0.8833333333333333,0,P11836:Q9H9Q4
RPS23,AATF,0.8129353119921237,0.24047619047619048,0.3742424242424242,0.84,-1,P62266:Q9NY61
SNRPE,DHX38,0.7075139878366858,0.6944444444444445,0.7333333333333333,0.45308123249299725,-1,P62304:Q92620
RRAS,ASRGL1,-0.3235178953852487,0.08928571428571427,0.3055555555555555,0.13392857142857142,0,P10301:Q7L266
RPSA,RPS18,0.9204755560406305,1.0,0.6919501133786847,0.62,-1,P08865:P62269
RPLP1,RPS29,0.7326196866958693,1.0,0.7327891156462585,0.5555555555555556,-1,P05386:P62273
FITM1,TRIM60,-0.013992015782760396,0.09696969696969697,0.25,0.2276785714285714,0,A5D6W6:Q495X7
RPL10,RPS9,0.9594605156683045,0.6023809523809525,0.669426406926407,0.5533333333333333,-1,P27635:P46781
CDH17,HDDC2,-0.20900206870271773,0.0,0.0,0.7208333333333333,0,Q12864:Q7Z4H3
HLA-DOA,HLA-DOB,0.8650947277378261,0.2791666666666667,0.4880952380952381,0.58125,1,P06340:P13765
RPS10,RPS16,0.9179752641513264,0.5594877344877344,0.7003759398496241,0.5625,1,P46783:P62249
MED22,MED31,0.5056144804673532,0.2863839285714286,0.3888888888888889,0.7851851851851851,1,Q15528:Q9Y3C7
KRAS,MAGI2,0.12937902827885558,0.15100108225108222,0.38791666666666663,0.7366666666666666,0,P01116:Q86UL8
ZER1,H2AC1,0.21464716696996786,0.09090909090909091,0.09934047434047434,0.3333333333333333,0,Q7Z7L7:Q96QV6
HUS1,SPATA31E1,0.009586837516837957,0.15555555555555556,0.5,0.0,0,O60921:Q6ZUB1
TBC1D7,USP25,0.44601691529546156,0.1027056277056277,0.74,0.7943027210884352,0,Q9P0N9:Q9UHP3
LSM11,LSM10,0.3856580084241913,0.3984962406015038,0.67,0.7030303030303031,1,P83369:Q969L4
LRPPRC,MRPS18C,0.8193233819853848,0.18888888888888888,0.3323863636363636,0.27777777777777773,-1,P42704:Q9Y3D5
SCRG1,RPS14,-0.39354586700047445,0.10079032079032078,0.4074829931972789,0.7375,0,O75711:P62263
TMPRSS11B,SIX2,0.0052945241821550125,0.114609721554166,0.2333333333333333,0.14433066933066932,0,Q86T26:Q9NPC8
MRPL19,DDX28,0.41229337459004456,0.09722222222222221,0.54,0.15995670995670996,-1,P49406:Q9NUL7
MRPL48,GFM1,0.5029433378060825,0.25,0.7083333333333334,0.3663194444444444,-1,Q96GC5:Q96RP9
IGLC2,IGLC2,1.0,1.0,0.8558823529411765,1.0,1,P0DOY2:P0DOY2
MCM7,SLAMF1,0.6619985226906858,0.13895182595182598,0.40625,0.8386363636363636,0,P33993:Q13291
RPS12,RPL10L,-0.1057630718009838,0.21666666666666665,0.4277777777777777,1.0,-1,P25398:Q96L21
MACROH2A1,CCNA2,0.37138199928921417,0.10814125814125818,0.37258297258297257,0.9209726443769,0,O75367:P20248
POLR2D,POLR2E,0.5289018039236804,0.532051282051282,0.9247967479674795,0.8393004115226339,1,O15514:P19388
MAPKAPK3,GTF2H5,-0.25551355733731285,0.0977855477855478,0.9455399061032865,1.0,0,Q16644:Q6ZYL4
TLR4,TMPRSS11A,-0.11921461219151581,0.25,0.6666666666666666,0.16666666666666666,0,O00206:Q6ZMR5
RPL3,WDR55,0.6939964940329045,0.14285714285714285,0.6,0.0,-1,P39023:Q9H6Y2
RBX1,POLE,0.32391924173839926,0.39438131313131314,0.5033333333333333,0.49526901669758816,-1,P62877:Q07864
RPS20,RIOK2,0.7176194554883584,0.12053571428571427,0.5047619047619047,0.1463809523809524,-1,P60866:Q9BVS4
RPS5,RPS25,0.9254958018852614,0.7834821428571428,0.6813186813186813,0.6785714285714286,1,P46782:P62851
HBB,HBB,1.0,0.4307840307840308,0.5447916666666667,0.7903508771929825,1,P68871:P68871
CLDN20,ANKRD46,0.0815672975991627,0.0,1.0,1.0,-1,P56880:Q86W74
SHMT2,CDS1,-0.17538869822365707,0.13539793539793538,0.32857142857142857,0.65,0,P34897:Q92903
B2M,HAUS3,0.4859217511127141,0.1857142857142857,0.7974999999999999,1.0,0,P61769:Q68CZ6
MBD3,COX8C,0.19889139982085233,0.1,0.2638888888888889,0.0,0,O95983:Q7Z4L0
NDUFA3,CYC1,0.06800445162685895,0.43636363636363634,0.5354938271604938,0.67,-1,O95167:P08574
HLA-F,KIR3DL2,0.5921848726465273,0.19642857142857142,1.0,0.8333333333333334,1,P30511:P43630
NDUFAB1,UQCRB,0.7316909547052782,0.8,0.6335034013605442,1.0,-1,O14561:P14927
RPLP2,RPS6,0.937906516569291,0.35282041191132096,0.6630952380952381,0.6885964912280702,-1,P05387:P62753
RPL10,NOP53,0.9193859529841288,0.14930236430236427,0.34,0.8680555555555555,-1,P27635:Q9NZM5
PPP1R12B,RAD23B,0.17752770970913073,0.10386002886002887,0.792063492063492,0.8866255144032922,0,O60237:P54727
TPGS2,ZDHHC17,0.3490347446461254,0.0,0.23611111111111113,0.9150025601638506,-1,Q68CL5:Q8IUH5
TAGLN,ACD,0.22053540009027597,0.10250027750027751,0.4215320910973084,0.9210526315789473,-1,Q01995:Q96AP0
CENPC,H2AC6,-0.033878585452211785,0.12142857142857143,0.5166666666666668,0.6,1,Q03188:Q93077
YOD1,BBS5,0.04485808957564325,0.1002725669392336,0.5411111111111111,0.8627450980392156,0,Q5VVQ6:Q8N3I7
CSF2RA,THAP2,-0.1584156582201487,0.0,0.2,0.225,0,P15509:Q9H0W7
DDX28,MRPL27,0.44235676305073096,0.11805555555555555,0.2378246753246753,0.47222222222222215,1,Q9NUL7:Q9P0M9
MT1H,MRPL40,0.19216978372705906,0.15555555555555556,0.24888591800356508,0.90625,0,P80294:Q9NQ50
CD36,CENPA,-0.05967049596709362,0.1441137566137566,0.4099999999999999,0.8958333333333334,0,P16671:P49450
TOMM40L,FANCE,-0.12489765759235306,0.125,0.3458333333333333,1.0,0,Q969M1:Q9HB96
PRPF38A,BUD13,0.908371360835234,0.8133333333333332,0.557875457875458,0.9166666666666666,-1,Q8NAV1:Q9BRD0
ACTL6A,DPF2,0.6378514576058463,0.23312051196666583,0.47682539682539693,0.823015873015873,-1,O96019:Q92785
IGHG4,ZNF71,0.012713786808531333,0.07417582417582418,0.2,0.46349206349206346,0,P01861:Q9NQZ8
GNB1,MC2R,-0.047625180118036556,0.7222222222222223,0.9285714285714286,0.7638888888888888,1,P62873:Q01718
HMGB1,RPS15A,0.676413107154464,0.177689594356261,0.4334656084656084,0.6911764705882353,-1,P09429:P62244
NDUFC2,LAMC2,0.11704167160974532,0.12788600288600288,0.4833333333333333,0.25,0,O95298:Q13753
CD226,CD226,1.0,0.2798015873015873,0.6527777777777778,0.8525641025641024,1,Q15762:Q15762
EIF4EBP3,MAP1LC3A,-0.3937883294262647,0.06331732423063693,0.33590534979423864,0.9188888888888888,0,O60516:Q9H492
RPL7A,RPS24,0.9555665600696803,0.48839285714285713,0.7233766233766233,0.6476190476190476,-1,P62424:P62847
RFC5,NAGS,-0.03503219220986089,0.0946969696969697,0.35,0.11111111111111112,0,P40937:Q8N159
RPS13,RPL10L,-0.1262006630661654,0.21666666666666665,0.35500000000000004,1.0,-1,P62277:Q96L21
UBA6,MAT2A,0.5385066012819614,0.13379675879675879,0.4444444444444444,0.8426190476190476,0,A0AVT1:P31153
FGF19,EIF2S2,0.0957034696464831,0.159992784992785,0.4658730158730159,0.8447154471544716,0,O95750:P20042
SNRPB2,PPIL3,0.8204151109133949,0.38791423001949316,0.761904761904762,0.712962962962963,0,P08579:Q9H2H8
ESS2,CRNKL1,0.7574385890378584,0.6285714285714286,0.42885487528344673,0.625,0,Q96DF8:Q9BZJ0
SLC10A2,C9orf153,-0.021248617682569592,0.0,0.0,1.0,0,Q12908:Q5TBE3
SKA3,SKA1,0.9883718427271554,0.26626984126984127,0.5681547619047619,0.9191919191919191,1,Q8IX90:Q96BD8
NDUFS6,UQCRC1,0.7904603675942272,0.5451298701298701,0.44227994227994233,0.31999999999999995,-1,O75380:P31930
GYPA,SIAH3,0.01762960064870434,0.08928571428571429,0.475,0.4111111111111111,0,P02724:Q8IW03
RPS5,DHX37,0.7957063467365865,0.27965957653457657,0.5907407407407408,0.22930796055796054,-1,P46782:Q8IY37
RPLP1,RPL7A,0.8609440891713812,0.78125,0.6275510204081632,0.7058823529411765,-1,P05386:P62424
SPATA2L,KLRG1,0.39372886042149846,0.0,0.31666666666666665,0.8958333333333334,0,Q8IUW3:Q96E93
ZBTB22,IGKV4-1,0.11907513049969494,0.08205128205128204,0.471813725490196,0.5,0,O15209:P06312
CDC7,DBF4,0.683879304266545,0.3152281746031746,0.8282828282828283,0.8222883597883598,1,O00311:Q9UBU7
RPL17,RPL9,0.9656404715620285,1.0,0.6807539682539683,0.9071428571428573,-1,P18621:P32969
MAGOHB,YJU2,0.7240894688473614,0.3904761904761905,0.5714285714285714,0.9733333333333333,-1,Q96A72:Q9BW85
DENR,RPS24,0.7360518864417245,0.1327380952380952,0.4165584415584416,0.35714285714285715,-1,O43583:P62847
GYPC,FUT11,0.2527734751208368,0.0,0.41666666666666663,0.5669642857142857,0,P04921:Q495W5
MRRF,MRPS18C,0.6193845252744398,1.0,0.18655303030303028,0.2222222222222222,-1,Q96E11:Q9Y3D5
HBZ,FAAP100,0.0344720304538041,0.1111111111111111,0.2546296296296296,0.925,0,P02008:Q0VG06
OGN,BLVRA,0.37051378475549673,0.125,0.4666666666666666,0.37380952380952387,0,P20774:P53004
RPL7A,ZNF622,0.6513809663187027,0.0943841872413301,0.4133333333333333,0.6071428571428571,-1,P62424:Q969S3
ANAPC16,FBXO5,0.26322720795874943,0.1824089905820675,0.692156862745098,0.746790890269151,1,Q96DE5:Q9UKT4
RBP4,RBP4,1.0,0.22314085914085913,0.6794871794871794,0.7285714285714283,1,P02753:P02753
GJA1,LRRFIP1,0.16226282915243503,0.225,0.6595238095238097,0.5742063492063493,0,P17302:Q32MZ4
CUL1,CRELD1,0.38224390972609634,0.20833333333333331,0.4666666666666666,0.5932539682539683,0,Q13616:Q96HD1
TBL3,UTP6,0.7730624552517396,0.5384615384615384,0.5481481481481482,0.9,-1,Q12788:Q9NYH9
RPL10A,RPL32,0.9685728831391586,1.0,0.7049689440993788,0.7916666666666667,-1,P62906:P62910
LRPPRC,MRPL2,0.8071614881442255,0.16666666666666666,0.2959090909090909,0.7916666666666666,-1,P42704:Q5T653
TMC2,MRPL27,0.11332497001946974,0.10555555555555556,0.1884920634920635,0.11666666666666665,0,Q8TDI7:Q9P0M9
CD226,DEPDC1,0.6269293866044501,0.5625,0.2,0.5714285714285714,0,Q15762:Q5TB30
RPS17,RPS15,0.8927299829330967,0.4670970695970695,0.7455026455026454,0.4173015873015873,-1,P08708:P62841
EDF1,FAU,0.5991963892786872,0.09955484330484332,0.7694677871148459,0.36904761904761907,1,O60869:P62861
RPS21,PA2G4,0.6933433468873889,0.14635964912280702,0.41595238095238096,0.7083333333333333,-1,P63220:Q9UQ80
MPG,ZNF304,0.5169299339735851,0.06668071694387484,0.5,0.36296296296296293,0,P29372:Q9HCX3
OR10H3,RPS18,0.0,0.11944444444444444,0.28942743764172335,0.1527777777777778,0,O60404:P62269
TXNL4A,TMTC2,0.08774925982505798,0.13095238095238096,0.26190476190476186,0.5669642857142857,0,P83876:Q8N394
RPS20,RPS20,1.0,0.8461538461538461,0.7799422799422799,0.7023809523809523,0,P60866:P60866
RGSL1,SIAH1,0.30683790328656324,0.0,0.4538461538461539,0.0,0,A5PLK6:Q8IUQ4
FOXH1,ZNF507,0.1101026983314074,1.0,1.0,0.5714285714285714,0,O75593:Q8TCN5
SNRPD3,C9orf78,0.5674463465477334,0.540625,0.6047619047619047,0.7222222222222222,0,P62318:Q9NZ63
GABRB3,AANAT,0.015483925184097783,0.1650348017995077,0.3333333333333333,0.6583333333333333,0,P28472:Q16613
MTMR3,E2F4,0.6401124171293823,0.11966089466089466,0.5095238095238095,0.7834834834834834,0,Q13615:Q16254
RPL36A,RPL36A,1.0,1.0,0.7161490683229814,0.6666666666666667,0,P83881:P83881
HMOX2,VPS72,0.011007146010742715,0.0999084249084249,0.2804713804713805,0.8708333333333332,0,P30519:Q15906
SNRPA1,CWC15,0.6849001523434823,1.0,0.5037202380952381,0.7857142857142857,-1,P09661:Q9P013
PDE7A,HIF1A,0.08342358772115248,0.10099656718509177,0.5529411764705883,0.17968343713024562,0,Q13946:Q16665
NCS1,QRFP,-0.011431619425590988,0.1599206349206349,0.5,0.25,0,P62166:P83859
RPS2,RPS29,0.8401950307412925,1.0,0.7327891156462585,0.5555555555555556,-1,P15880:P62273
DNAJC9,P2RX2,0.05071537520589688,0.1079004329004329,0.5097796143250689,0.2327097505668934,0,Q8WXX5:Q9UBL9
SNRPF,CWC15,0.6062097023108692,1.0,0.5037202380952381,0.7857142857142857,-1,P62306:Q9P013
SLC25A1,SPATA3,0.04489371805853,0.0,0.2,0.2,0,P53007:Q8NHX4
PSMB2,BAK1,0.32132967598557827,0.14700258757635803,0.2421052631578947,0.9443415637860083,0,P49721:Q16611
LRRC47,EIF1AD,0.6306469376098641,0.1111111111111111,0.0,0.9648148148148149,-1,Q8N1G4:Q8N9N8
NDUFS8,MT-ND3,0.37859606568223136,0.36006273138626077,0.6749999999999999,0.5625,-1,O00217:P03897
PPP3R1,GOLGA8DP,-0.07536293820828463,0.125,0.21666666666666667,1.0,0,P63098:Q0D2H9
KCTD6,NDUFA4L2,0.05210222898053511,0.0,0.18333333333333335,0.0,0,Q8NC69:Q9NRX3
DNAJC8,SF3B5,0.5947001820760955,0.0,0.47571428571428565,0.925,-1,O75937:Q9BWJ5
SF3A3,MBOAT1,0.4654208319659821,0.1347985347985348,0.2916666666666667,0.1271604938271605,0,Q12874:Q6ZNC8
B2M,EMC7,0.1665629299996599,0.1,0.475,0.8384615384615385,0,P61769:Q9NPA0
RGS14,GNAI1,-0.2432489235261244,0.39712301587301596,0.6295681063122923,0.521326164874552,1,O43566:P63096
LSM6,SNIP1,0.6826581202873002,0.4018674136321195,0.5077922077922078,0.9364864864864867,-1,P62312:Q8TAD8
PCNA,SCCPDH,0.09430519364946977,0.125,0.35555555555555557,0.25,-1,P12004:Q8NBX0
RPS5,EEF1A1,0.864474154172342,0.426025641025641,0.4544047619047619,0.7121604938271605,-1,P46782:P68104
DENR,RPS9,0.6021728731315841,0.13412698412698415,0.43079004329004333,0.5533333333333333,-1,O43583:P46781
EIF2S1,UQCC3,0.2726259039323623,0.11984126984126982,0.39642857142857146,0.18333333333333335,0,P05198:Q6UW78
SEPTIN2,C1QTNF4,-0.13372541482054476,0.18818181818181817,0.5,0.8666666666666666,0,Q15019:Q9BXJ3
DAD1,MLEC,0.4986083849487013,0.0,0.5629629629629629,0.19333333333333336,-1,P61803:Q14165
IL6,IL6R,0.21842281995460142,0.3304576804576805,0.575493612078978,0.6634199134199134,1,P05231:P08887
FGF2,PTX3,0.5399652116069884,0.132011322011322,0.5251700680272109,0.9204545454545454,1,P09038:P26022
RPL15,CCDC124,0.5971841983645483,0.14444444444444446,0.47333333333333333,0.6041666666666666,-1,P61313:Q96CT7
MOSPD3,CD79A,-0.10079319770522517,0.10272108843537413,0.6292815371762741,0.9952095808383233,-1,O75425:P11912
WDR43,FCF1,0.8362869002041416,0.5454545454545454,0.6476190476190478,0.75,-1,Q15061:Q9Y324
OXA1L,MRPL30,0.6629375902559577,1.0,0.5945054945054944,0.25,-1,Q15070:Q8TCC3
APOA1,HTRA3,-0.16025527904062023,0.22857142857142856,1.0,0.8852813852813853,0,P02647:P83110
CRYBB3,CCT6A,-0.06254277154270338,0.1339105339105339,0.0,0.7876157407407408,0,P26998:P40227
RPS16,PA2G4,0.7077114088856259,0.2525461466637937,0.41595238095238096,0.7083333333333333,-1,P62249:Q9UQ80
MRE11,NOP9,0.8709640320829367,0.18222222222222223,0.25833333333333336,0.5,0,P49959:Q86U38
ST6GALNAC4,SDR39U1,0.4985417365281529,0.0,0.125,0.25,0,Q9H4F1:Q9NRG7
MED19,TAF9,0.8382122769910773,0.26890265834643823,0.6458937198067634,0.7786922379945636,0,A0JLT2:Q16594
E2F1,PNISR,-0.012892257213031987,0.0,0.5166666666666666,0.5,0,Q01094:Q8TF01
TCAP,HINT3,0.17476452798932274,0.0,0.3,0.46428571428571425,0,O15273:Q9NQE9
SOCS4,TAOK2,0.4549702601452304,0.13435413792556652,0.0,0.21288580246913577,0,Q8WXH5:Q9UL54
GAST,ZNF362,-0.1332158627694827,0.125,0.2,0.18703703703703703,0,P01350:Q5T0B9
H2AP,PNMA1,0.32579123020111034,0.08333333333333334,0.225,1.0,0,O75409:Q8ND90
PSMB5,CAMK2N1,-0.06673801826409978,0.1,0.2611111111111111,0.2222222222222222,0,P28074:Q7Z7J9
TERF2,MFRP,0.13749174662335753,0.21717171717171715,0.375,1.0,0,Q15554:Q9BY79
MBD3,CMTM3,0.4474601698341449,0.1780753968253968,0.38333333333333336,0.9696969696969696,0,O95983:Q96MX0
NDUFS8,MLST8,0.13351183916293638,0.09002404941947427,0.162015503875969,0.8984375,0,O00217:Q9BVC4
HOXD13,MBD2,0.15839076957479242,0.21598883920312498,0.45158730158730154,0.3417233560090703,0,P35453:Q9UBB5
GNL2,FTSJ3,0.8951870709518186,0.07862137862137862,0.487037037037037,0.28838383838383835,-1,Q13823:Q8IY81
ADD1,MTA1,0.7595295178056294,0.1187271878448349,0.49038461538461536,0.89004329004329,0,P35611:Q13330
RPS4Y1,RPL15,0.20136422744176294,0.82,0.6668571428571428,0.4404761904761906,-1,P22090:P61313
RPS27,TBL3,0.4222002024057353,0.3846153846153846,0.6370370370370371,0.6041666666666666,-1,P42677:Q12788
H4C1,ELOB,0.25539603130630506,0.13811079987550576,0.5617283950617284,0.9393939393939393,-1,P62805:Q15370
LAMTOR1,ZSCAN30,0.44088266685486255,0.16666666666666666,0.25,0.6444444444444445,0,Q6IAA8:Q86W11
SNRPB2,PRPF38A,0.7876171425618782,1.0,0.5845238095238096,0.9642857142857143,-1,P08579:Q8NAV1
EIF2S1,RPS27A,0.5545142620923261,0.18472222222222223,0.8273681515617,0.7761111111111111,-1,P05198:P62979
SRP14,SRP54,0.388296800743713,0.32509157509157505,0.5242424242424243,0.4264646464646465,-1,P37108:P61011
ZFAND5,PSMD4,0.5246700379408404,0.08333333333333333,0.4792563600782778,0.9819182389937107,0,O76080:P55036
ESR2,TAAR3P,-0.037801407707668565,0.5555555555555556,0.3333333333333333,0.19444444444444442,0,Q92731:Q9P1P4
SHMT2,SHMT2,1.0,0.2997915782474606,0.4525862068965516,0.569642857142857,1,P34897:P34897
SNRPF,NANP,0.7385410583344434,0.14444444444444446,1.0,0.125,0,P62306:Q8TBE9
CHD2,PDRG1,0.5343939207356143,0.16666666666666666,0.3,1.0,0,O14647:Q9NUG6
IZUMO1R,PHB2,0.1417892254526721,0.13842268842268843,0.26891891891891884,0.8813333333333333,0,A6ND01:Q99623
TLR4,MYCT1,0.6148032032052663,0.2,0.4375,0.0,0,O00206:Q8N699
EIF2S2,RPS12,0.595655223495785,0.2026936026936027,0.735070785070785,0.53125,-1,P20042:P25398
UQCRC2,NDUFV1,0.7635384391619635,0.41255411255411256,0.4863636363636363,0.8356812169312169,-1,P22695:P49821
NGFR,HAUS2,0.19161313346352477,0.14797008547008547,0.7758064516129031,1.0,0,P08138:Q9NVX0
RPL27A,SEC61G,0.5614923019001901,0.08712121212121213,0.5555555555555556,0.798611111111111,-1,P46776:P60059
RPL6,CCDC124,0.43814162459308104,0.38215488215488214,0.5066666666666666,0.6041666666666666,-1,Q02878:Q96CT7
EIF2S1,ZNF454,0.24758867346272379,0.14285714285714285,1.0,0.16964285714285715,0,P05198:Q8N9F8
DSN1,NSG2,-0.26166330120194387,0.18888888888888888,0.1957936507936508,0.9285714285714286,0,Q9H410:Q9Y328
ARL6IP1,WIPI2,0.2767252243813887,0.12524975024975024,0.6866666666666665,0.6971428571428571,-1,Q15041:Q9Y4P8
HSPD1,GRK2,0.028589808185067084,0.13688472021805353,0.7333333333333333,0.6783588435374149,0,P10809:P25098
ESRRB,LSM3,0.04877231970044703,0.11681547619047619,0.3120748299319728,0.9441649899396377,0,O95718:P62310
RPS12,RPL19,0.9683831523635057,1.0,0.6576719576719576,0.5384615384615384,-1,P25398:P84098
SERPIND1,NRN1L,-0.17171338501759972,0.14285714285714285,0.4777777777777778,1.0,0,P05546:Q496H8
FAM83G,HDAC2,0.11777965422648495,0.08222726347726346,0.32045454545454544,0.795575582257825,0,A6ND36:Q92769
MRPL38,MRM3,0.6376609085360767,0.10795454545454546,0.5625,0.8173913043478263,-1,Q96DV4:Q9HC36
FANCE,AURKAIP1,0.34841292729844436,0.078125,0.3619318181818182,1.0,0,Q9HB96:Q9NWT8
UBC,PSMB5,0.4731550013236772,0.4,0.792102206736353,0.9308201058201058,-1,P0CG48:P28074
SEPTIN2,SEPTIN7,0.6480672002931984,0.26694139194139194,0.358390022675737,0.8972222222222221,1,Q15019:Q16181
EIF2S1,EIF2S3,0.7527493695681301,0.7083333333333334,0.7628787878787878,0.8378737373737373,1,P05198:P41091
MRPS25,MRPS9,0.5751856660376854,1.0,0.5527597402597403,0.36666666666666664,-1,P82663:P82933
STT3B,MAGT1,0.6719830063965871,0.5437964812964813,0.5794871794871796,0.125,1,Q8TCJ2:Q9H0U3
SKA2,PDS5B,0.48087717105209943,0.3197278911564626,0.46419753086419746,0.967391304347826,0,Q8WVK7:Q9NTI5
DUSP14,DUSP14,0.9999999999999998,0.688888888888889,0.0,0.34555555555555556,1,O95147:O95147
GNB1,GPR52,0.16417217410518264,0.3351190476190476,1.0,0.4365079365079365,1,P62873:Q9Y2T5
RPS15,EIF4G1,0.5754287227595717,0.19437310574853828,0.7770186335403725,0.8386986301369863,-1,P62841:Q04637
RPLP1,RPS6,0.8916368046643912,0.35282041191132096,0.6630952380952381,0.6885964912280702,-1,P05386:P62753
SLC22A20P,SPAG9,0.20000112240563464,0.1644877344877345,0.4361111111111111,0.21136363636363634,0,A6NK97:O60271
G0S2,APMAP,0.264860367371404,0.14285714285714285,0.20000000000000004,0.3630952380952381,0,P27469:Q9HDC9
FTSJ3,RPF2,0.8245543889725258,0.25381598793363497,0.675,0.6083333333333334,-1,Q8IY81:Q9H7B2
GADD45GIP1,MRM2,0.6605474664484464,0.10820707070707071,0.5833333333333334,0.1,-1,Q8TAE8:Q9UI43
MRPL4,MRM3,0.6577729092441724,0.10795454545454546,0.5625,0.8173913043478263,-1,Q9BYD3:Q9HC36
IL2RB,IL2,0.21371063871619325,0.19515550239234447,0.5,0.5119047619047619,1,P14784:P60568
CD3G,TRGC1,0.13323766847430854,0.41452991452991456,0.4537037037037037,0.5,0,P09693:P0CF51
EIF2S2,EIF3I,0.872713125415014,0.825,0.5712962962962963,0.8055555555555556,-1,P20042:Q13347
POLR2K,IGFL4,0.20279411936502656,0.0,0.5,1.0,0,P53803:Q6B9Z1
RPS11,VAC14,0.6600229410169361,0.11904761904761903,0.2744397759103641,0.9949664429530202,0,P62280:Q08AM6
PRKAB2,NHLRC4,0.021888606659447966,0.0,0.0,1.0,-1,O43741:P0CG21
MRPS15,NOA1,0.30992392301372285,0.11958874458874458,0.7142857142857143,0.7678571428571429,-1,P82914:Q8NC60
RPLP2,RPL19,0.9609641064389032,1.0,0.6576719576719576,0.5384615384615384,-1,P05387:P84098
RNF13,TMEM241,0.19372992872596703,0.125,0.75,0.3482142857142857,0,O43567:Q24JQ0
PLXDC1,CPSF3,0.12262661959322566,0.07948717948717948,0.39444444444444454,0.5196428571428571,0,Q8IUK5:Q9UKF6
MRPL52,SLIRP,0.5947601667995962,0.11055555555555556,0.535515873015873,0.9166666666666666,-1,Q86TS9:Q9GZT3
RRP9,RPS3A,0.8187582495868596,0.2146464646464646,0.40730158730158733,0.6944444444444444,-1,O43818:P61247
PSPH,TRIM42,0.20037852939686998,0.09090909090909091,0.0,0.9880872483221476,0,P78330:Q8IWZ5
PRMT3,FAAH2,-0.14707444237202047,0.18055555555555555,0.35,0.14285714285714285,0,O60678:Q6GMR7
CD3E,CD3G,0.962533674457477,0.31407407407407406,0.8418518518518519,0.7511111111111111,1,P07766:P09693
MVK,EXOSC6,-0.0022089266572968462,0.13281501994737288,0.44561011904761905,0.20833333333333334,0,Q03426:Q5RKV6
H2BC10,CENPL,0.6214712712813624,0.125,0.8309523809523809,1.0,-1,P62807:Q8N0S6
SEC22B,GRB2,0.2789532729058616,0.09818346389202004,0.24807374338624338,0.9809264069264069,0,O75396:P62993
DMRTA1,NCSTN,-0.15809582359849703,0.12171464898737624,0.25968442932728647,0.828125,0,Q5VZB9:Q92542
ADH4,ERCC6,-0.20258491491818645,0.11913765247098577,0.7659663865546218,0.7384013605442179,0,P08319:Q03468
CNR1,CNR1,1.0,0.19477677204949934,0.6097619047619047,0.7886904761904763,1,P21554:P21554
TRMT2B,EXO1,0.24999422304788566,0.1551851851851852,0.2177777777777777,0.6246413717001954,0,Q96GJ1:Q9UQ84
NUP107,NUP88,0.8235074699175026,0.5,0.8787037037037037,0.9166666666666666,-1,P57740:Q99567
HSCB,BLOC1S6,0.6819849144309906,0.10762377157725994,0.3067460317460317,0.971861471861472,0,Q8IWL3:Q9UL45
UQCRB,NDUFB7,0.6822542008116056,0.3496969696969697,0.6186507936507936,0.9583333333333334,-1,P14927:P17568
NCBP2,SF3B2,0.6830157072934351,0.8597222222222222,0.4542857142857141,0.9605263157894737,-1,P52298:Q13435
RPS13,RPS6,0.9689600717737745,0.35282041191132096,0.6630952380952381,0.6885964912280702,-1,P62277:P62753
NR5A2,POLD1,-0.08589551677941737,0.13197767145135567,0.8400709219858157,0.7902777777777777,0,O00482:P28340
NUP188,NUP85,0.6534647767690582,0.31268037518037517,0.8518817204301078,0.296875,-1,Q5SRE5:Q9BW27
NDUFB8,UQCRC1,0.07879692444241383,0.5451298701298701,0.44227994227994233,0.13376623376623376,-1,O95169:P31930
RPLP1,RPL37,0.8190326042880675,0.8153846153846154,0.7142857142857141,0.4961904761904763,-1,P05386:P61927
NDUFB6,NDUFA11,0.3448856747616189,0.38585858585858585,0.6630036630036629,1.0,-1,O95139:Q86Y39
RHEB,RHEB,1.0,0.6225422725422726,0.6614740478376843,0.5303854875283448,1,Q15382:Q15382
SEPTIN2,KLHL32,-0.03199632224487336,0.0,0.0,1.0,0,Q15019:Q96NJ5
TMCC2,MRPL15,-0.2560965047548722,0.2121212121212121,0.22031746031746036,0.75,0,O75069:Q9P015
BAK1,IFI44,0.36985103746691755,0.39999999999999997,0.5,1.0,0,Q16611:Q8TCB0
SF3B3,WBP11,0.8227392074155576,0.48333333333333334,0.8136363636363636,0.9338709677419355,-1,Q15393:Q9Y2W2
CD28,ITGA7,-0.05191493207853683,0.22698412698412698,0.6180555555555556,0.5666666666666667,0,P10747:Q13683
PPARG,ZNF525,0.02111381412211096,0.0,1.0,0.5,0,P37231:Q8N782
RAD1,MAP2K2,0.6262705109825626,0.12177333777333775,0.43868071818891496,0.7711226851851851,0,O60671:P36507
RPL10,RPS11,0.9431346953095259,0.8541666666666666,0.7208494208494208,0.6545454545454545,-1,P27635:P62280
LIN52,OTUD6B,0.7034533793512362,0.1057307771593486,0.16666666666666666,0.65,0,Q52LA3:Q8N6M0
EBP,SYS1,-0.029816659164521486,0.11203703703703705,0.40625,1.0,-1,Q15125:Q8N2H4
HEATR1,WDR3,0.9676158094875256,0.5416666666666666,0.5983333333333334,1.0,-1,Q9H583:Q9UNX4
SDE2,ESS2,0.5539518206525239,0.6904761904761906,0.40740740740740744,1.0,0,Q6IQ49:Q96DF8
CTSO,NDUFA8,-0.25114065862213236,0.10746031746031745,0.1836309523809524,0.7708333333333334,0,P43234:P51970
MRPS26,MRPS23,0.41916148637762435,1.0,0.6499368686868686,0.4523809523809524,-1,Q9BYN8:Q9Y3D9
BCAS2,PPIL2,0.3375575823500425,0.3244444444444444,0.6285714285714284,0.6098765432098765,0,O75934:Q13356
BYSL,SLX9,0.3869801192027033,1.0,0.5370370370370371,1.0,1,Q13895:Q9NSI2
EIF1AX,ABCE1,0.5999674673685236,0.23729395604395603,0.5259259259259259,0.37506613756613755,-1,P47813:P61221
HEATR1,IMP3,0.5853801178899365,0.543560606060606,0.4458333333333333,0.893103448275862,-1,Q9H583:Q9NV31
KRTAP10-3,PABPC1L,0.03415503009382385,0.0,0.3519047619047619,0.0,0,P60369:Q4VXU2
SRD5A3,MRPS30,0.1332846558916295,0.17142857142857143,0.24325396825396828,0.14583333333333331,0,Q9H8P0:Q9NP92
NAA40,SAMD15,0.3275911911410411,0.16666666666666666,0.0,0.125,0,Q86UY6:Q9P1V8
RPS12,UTP6,0.7445453964875848,0.5384615384615384,0.5481481481481482,0.9,-1,P25398:Q9NYH9
ZFYVE27,MRPL2,0.35274056664797726,0.125,0.3099999999999999,0.25,0,Q5T4F4:Q5T653
MRPL55,SLIRP,0.2697254907741579,0.11055555555555556,0.535515873015873,0.24074074074074073,-1,Q7Z7F7:Q9GZT3
POLR1F,POLR1H,0.7226077696673717,0.29166666666666663,0.7923076923076923,0.0,-1,Q3B726:Q9P1U0
UBA52,LYAR,0.36207994591723225,0.08904151404151403,0.3727272727272727,0.7782608695652173,-1,P62987:Q9NX58
WDR46,UTP15,0.8655458203800257,0.25746753246753246,0.47074074074074074,0.4166666666666667,-1,O15213:Q8TED0
MAD2L1,CDC23,0.6581692189382364,0.17060084976751644,0.6845238095238095,0.991421568627451,-1,Q13257:Q9UJX2
SMAD2,SMAD1,0.699260605602527,0.21819004041226261,0.5153174603174603,0.8002873563218391,1,Q15796:Q15797
DLGAP3,H2AC6,-0.25614569236457774,0.18055555555555555,0.26999999999999996,0.6,0,O95886:Q93077
MRPS6,MRRF,0.4133057988177129,0.40740740740740744,0.5625,0.9333333333333332,-1,P82932:Q96E11
CD1C,PSMG4,0.18512481467250833,0.125,0.3333333333333333,0.5,0,P29017:Q5JS54
RPS4X,RPS15,0.9239785322220855,0.4670970695970695,0.7455026455026454,0.5428571428571428,-1,P62701:P62841
RPLP2,RPS27,0.8782275883178376,0.5964285714285713,0.8172380952380952,0.5811688311688312,-1,P05387:P42677
H3C1,ABCA5,0.08920873189908254,0.11091362341362342,0.30374149659863947,0.16732804232804233,0,P68431:Q8WWZ7
RPS15A,RPL38,0.9044978896545663,0.4032106782106781,0.6499047619047619,0.7361111111111112,-1,P62244:P63173
SNRPD1,SMN1,0.6801613269088032,0.5954045954045954,0.498015873015873,0.9951923076923077,1,P62314:Q16637
UBC,RAD23A,0.6166597086883746,0.13952224246341893,0.4989648033126294,0.9412698412698413,1,P0CG48:P54725
HBZ,PRKAR2A,0.42461244157372185,0.1275252525252525,0.31106532356532357,0.8174152236652238,0,P02008:P13861
ZNF429,MRPL38,0.5576951587480969,0.0625,0.21403743315508023,0.20000000000000004,0,Q86V71:Q96DV4
MT-ATP6,ATP5F1B,0.12471275117916641,0.40011218203389803,0.3100988880400645,0.8349867724867724,-1,P00846:P06576
GTPBP6,MRPL45,0.7221387653848945,0.0,0.34924242424242424,0.21875,-1,O43824:Q9BRJ2
SFTPC,BCL2L13,0.02757675940625109,0.12386316706169648,0.32142857142857145,0.986328125,0,P11686:Q9BXK5
MPHOSPH6,SBDS,0.12037476780795774,0.19380411255411256,0.43,0.7033333333333334,0,Q99547:Q9Y3A5
MT1H,BRK1,-0.29890000428844865,0.1267381608290699,0.3743589743589744,0.9837962962962963,0,P80294:Q8WUW1
DUSP28,DUSP28,1.0,0.5479166666666667,0.0,0.38205128205128197,1,Q4G0W2:Q4G0W2
GABRE,RNF168,0.3797899170765994,0.103560225782448,0.42258064516129035,0.13626743626743626,0,P78334:Q8IYW5
WDR5,EIF4EBP1,0.05379212413213994,0.20833333333333334,0.45,0.9521276595744681,0,P61964:Q13541
CDH1,RPL6,0.11641684829212,0.21944444444444444,0.3772959183673468,0.44000000000000006,-1,P12830:Q02878
ADRA1A,BLVRA,-0.21391228835236323,0.125,0.7222222222222223,0.37380952380952387,0,P35348:P53004
HSP90AA1,FAM219B,0.2379191114853279,0.0,0.0,1.0,0,P07900:Q5XKK7
SPR,SMIM40,-0.15160074170217508,0.0,0.5,0.0,0,P35270:Q5STR5
VAMP4,SSMEM1,0.03839497770821764,0.0,1.0,1.0,-1,O75379:Q8WWF3
LSM6,ZMAT2,0.6584096499461738,1.0,0.4935714285714286,0.9722906403940887,-1,P62312:Q96NC0
NAA40,NAA40,1.0,0.5714285714285714,0.6,0.4458333333333333,1,Q86UY6:Q86UY6
SULF2,XAB2,0.5942241963063352,0.12972582972582972,0.41139455782312917,0.3333333333333334,0,Q8IWU5:Q9HCS7
PWP2,DIMT1,0.42207333513633316,0.2604395604395604,0.46666666666666673,0.44871794871794873,-1,Q15269:Q9UNQ2
SIAH1,KAT2A,0.689595338042875,0.14089842619254384,0.2903157448611993,0.3899657847026268,0,Q8IUQ4:Q92830
STX17,TMEM74,-0.1757766100459431,0.14285714285714285,0.4083333333333333,1.0,0,P56962:Q96NL1
MRPS6,SLIRP,0.27375209710616666,0.11055555555555556,0.535515873015873,0.9166666666666666,-1,P82932:Q9GZT3
ATP6V1G1,SKA2,0.14248202631654455,0.12244810744810745,0.6818095238095238,0.8666666666666668,0,O75348:Q8WVK7
CSKMT,TLR4,0.11042699529412435,0.09319033975283973,0.14634251290877795,0.7888605442176869,0,A8MUP2:O00206
RAB28,RBM8A,0.654268159110098,0.07191452338511162,0.3696267696267695,0.9415094339622643,0,P51157:Q9Y5S9
RPLP2,RACK1,0.9124595297481545,0.12326580690551278,0.5023809523809524,0.8351882613510518,-1,P05387:P63244
RPL17,RPS4X,0.9191794276057823,0.6614583333333334,0.669702380952381,0.7369565217391304,-1,P18621:P62701
EIF2S2,RPS18,0.6361967573549933,0.22999999999999998,0.6919501133786847,0.62,-1,P20042:P62269
CWC25,RBM8A,0.6119051032476833,0.25464513556618823,0.49124839124839137,0.9415094339622643,-1,Q9NXE8:Q9Y5S9
NR2F1,GTF2B,0.27099915974997557,0.11828231292517007,0.6748015873015872,0.7200486096712511,1,P10589:Q00403
CUTA,SVIP,0.4036480255218127,0.08668430335097002,0.5283333333333333,1.0,0,O60888:Q8NHG7
OXA1L,MRPL52,0.6257966503450977,1.0,0.44821428571428557,0.75,-1,Q15070:Q86TS9
STX11,SPRED3,-0.22911214553450313,0.08561771561771561,1.0,0.3333333333333333,0,O75558:Q2MJR0
CYP1A1,NHLH2,-0.10319647846967195,0.16435231435231434,0.47222222222222227,0.629059829059829,0,P04798:Q02577
LSM6,CWC15,0.6543677055872315,1.0,0.5037202380952381,0.7857142857142857,-1,P62312:Q9P013
H3-4,DEFB126,0.9869823772194339,0.1056998556998557,0.5,0.0,0,Q16695:Q9BYW3
CCNA2,CDC20,0.8574458231428332,0.1651388888888889,0.819496855345912,0.9548685145700071,1,P20248:Q12834
PTH,C7orf50,-0.04677113776398302,0.55,1.0,0.7976190476190476,0,P01270:Q9BRJ6
RAP1B,CLNK,0.22652930273468444,0.14619047619047618,0.3194444444444444,0.9,0,P61224:Q7Z7G1
LGALS7,BARD1,0.5674999675021842,0.10207492507492509,0.4007259001161442,0.8425287356321839,0,P47929:Q99728
PTGES3,SAMD9,0.4510340181798275,0.11805555555555555,0.5625,1.0,0,Q15185:Q5K651
UQCRQ,NDUFA12,0.2317813032836299,0.26051587301587303,0.40625,0.0,-1,O14949:Q9UI09
SNRPD3,IK,0.7995605921131075,0.443859649122807,0.5341991341991342,1.0,-1,P62318:Q13123
UFM1,RPL6,0.7319539111930804,0.13227513227513224,0.3772959183673468,0.425,0,P61960:Q02878
RAD23B,UBE3A,0.790671160474347,0.16132272923584842,0.36732804232804234,0.90546875,1,P54727:Q05086
DHX37,WDR36,0.9124047424533591,0.39393939393939387,0.6476190476190478,1.0,1,Q8IY37:Q8NI36
RPS15,SERBP1,0.6841976261473149,0.08020833333333333,0.6305555555555556,0.6018518518518517,1,P62841:Q8NC51
UBE2B,STXBP5L,0.08334526983424899,0.12037037037037036,0.5111111111111111,0.6626984126984127,0,P63146:Q9Y2K9
APMAP,MED17,0.09279105658552256,0.09773606023606023,0.31979166666666664,0.7611791383219955,0,Q9HDC9:Q9NVC6
MRPL55,MTRFR,0.8114836900682064,0.18055555555555555,1.0,0.19954648526077096,-1,Q7Z7F7:Q9H3J6
TAL2,MRFAP1,0.21890039450977236,0.0,0.5,1.0,0,Q16559:Q9Y605
RPS15A,RPS6,0.9547572771377076,0.35282041191132096,0.6630952380952381,0.6885964912280702,-1,P62244:P62753
RPLP1,RPS3A,0.859362830982679,0.6632575757575757,0.6850793650793651,0.6944444444444444,-1,P05386:P61247
ATP1B1,NDUFA11,-0.15117169085492443,0.1611111111111111,0.36217948717948717,1.0,0,P05026:Q86Y39
NDUFB6,NDUFB2,0.6243354400257219,0.3844535094535095,0.6605616605616604,1.0,-1,O95139:O95178
EIF5B,RPS20,0.43414139557386755,0.2068181818181818,0.7799422799422799,0.7023809523809523,-1,O60841:P60866
LMNA,EMD,0.7277185932006184,0.25565776815776825,0.4629870129870129,0.9785353535353535,1,P02545:P50402
EIF3F,RPS13,0.9302258804430638,0.31051587301587297,0.6767857142857142,0.6355555555555554,-1,O00303:P62277
TNNC1,MTMR9,-0.1377197534308789,0.12886002886002887,0.6233333333333333,0.945,0,P63316:Q96QG7
CCDC6,EIF3K,0.5787270039044873,0.14666666666666667,0.6444444444444444,0.8111111111111112,0,Q16204:Q9UBQ5
PRPF39,TBK1,0.6797342694796965,0.06539692037324525,0.1407407407407407,0.7347137791286726,0,Q86UA1:Q9UHD2
NDUFA7,CYC1,0.5443553601267324,0.43636363636363634,0.5354938271604938,0.67,-1,O95182:P08574
TBL3,AATF,0.715773202728587,0.24047619047619048,0.3503607503607504,0.84,-1,Q12788:Q9NY61
RPS19,RPS21,0.9545563346532422,0.7777777777777778,0.7340136054421768,0.7272727272727273,-1,P39019:P63220
PPIG,MAGOHB,0.9156851635880515,0.2619047619047619,0.6587301587301588,0.9910714285714286,-1,Q13427:Q96A72
CASC3,FAM32A,0.554044584697951,0.16666666666666666,0.6363636363636365,0.625,-1,O15234:Q9Y421
ETF1,RPL18,0.5670613312001601,0.21250000000000002,0.6072829131652662,0.625,-1,P62495:Q07020
SEC61G,UBA52,0.4492993993739589,0.0822011322011322,0.8296723460026213,0.8333333333333333,-1,P60059:P62987
C9orf78,SRRM2,0.48032240409405724,1.0,0.606265664160401,0.72,0,Q9NZ63:Q9UQ35
SNRPB2,NOSIP,0.32556300536930305,0.07380952380952381,0.4428571428571429,0.6157407407407408,0,P08579:Q9Y314
RPS3A,RPL10A,0.9716618673375503,0.82,0.6422161172161173,0.7,-1,P61247:P62906
S100A9,NRDE2,-0.06338280637055903,0.15445727112393778,0.3444444444444444,1.0,0,P06702:Q9H7Z3
SEC61B,RPL23,0.527930189374024,0.09582038027761712,0.603379416282642,0.6434837092731829,-1,P60468:P62829
SNAP29,RCBTB1,0.11980756456675427,0.3333333333333333,0.7333333333333334,1.0,0,O95721:Q8NDN9
MRPL50,MRPL18,0.5077909831064293,0.6923076923076924,0.5045454545454545,0.0,1,Q8N5N7:Q9H0U6
CCNA2,CDC23,0.7175768514967712,0.17060084976751644,0.6845238095238095,0.991421568627451,0,P20248:Q9UJX2
RPS11,RPS28,0.8906330669189009,0.522077922077922,0.7066924066924067,0.6538461538461539,1,P62280:P62857
PSMB6,PSMD13,0.7551812495402126,0.6888888888888888,0.8263471177944863,0.8333333333333334,-1,P28072:Q9UNM6
SLC3A1,HDDC3,0.08038696707373252,0.0,0.0,0.9069444444444444,0,Q07837:Q8N4P3
MED14,CASP12,0.5271934735566481,0.10448232323232323,0.35,0.14285714285714285,0,O60244:Q6UXS9
RPS12,MTHFD1L,0.281138121851392,0.12827380952380954,0.6428571428571428,0.21666666666666665,0,P25398:Q6UB35
PFDN6,CCT4,0.6408083135520762,0.34719447219447225,0.3764880952380952,0.7445987654320988,1,O15212:P50991
ERICH4,CRBN,0.07852535354297162,0.0,0.0,0.9529411764705882,0,A6NGS2:Q96SW2
CWC22,CRIPT,0.5197871554778855,0.20756302521008402,0.27666666666666667,0.7666666666666666,-1,Q9HCG8:Q9P021
RPS6,LRRN4CL,0.6018324870259669,0.0,1.0,0.0,0,P62753:Q8ND94
AP2A2,LSMEM1,0.4014907393057641,0.0,1.0,1.0,0,O94973:Q8N8F7
NDUFAB1,UQCRH,0.7270901213040307,0.6818181818181818,0.5721726190476191,0.890625,-1,O14561:P07919
CBX7,NUP35,0.13750487448061383,0.12984848484848485,0.35609756097560974,0.7685185185185185,0,O95931:Q8NFH5
EIF3A,PDCD4,0.24926694237592734,0.11228535353535354,0.5375000000000001,0.9605263157894737,0,Q14152:Q53EL6
H2AZ2,NT5C1B,-0.04281412725920954,0.09090909090909091,0.4666666666666666,0.13816137566137565,0,Q71UI9:Q96P26
PSMA5,ZNF439,0.2329534808595234,0.05263157894736842,1.0,0.92265625,0,P28066:Q8NDP4
TIA1,FAHD1,-0.03269669817800773,0.1111111111111111,0.378125,0.5142857142857145,0,P31483:Q6P587
RPS16,RACK1,0.9546264274171973,0.12326580690551278,0.5023809523809524,0.8351882613510518,1,P62249:P63244
H3C1,TUBB2B,-0.14802680559485076,0.162691629358296,0.2565079365079365,0.5000541125541125,0,P68431:Q9BVA1
TRBC1,TRBC1,1.0,0.5666666666666667,0.9166666666666666,0.0,1,P01850:P01850
RPL26,NMD3,0.7088532927979628,0.09078103913630231,0.5666666666666667,0.319047619047619,-1,P61254:Q96D46
TAB1,TMEM255B,0.4992963054649454,0.0,0.5,1.0,0,Q15750:Q8WV15
TIMP2,TMEM14B,0.3645849846547076,0.13106060606060604,0.25,1.0,0,P16035:Q9NUH8
JRK,GATAD2A,0.5077767671270204,0.1008895866038723,0.4275252525252525,0.8825,0,O75564:Q86YP4
H2AZ1,CXXC5,0.11529316164056258,0.23863636363636365,0.3333333333333333,0.2819047619047619,0,P0C0S5:Q7LFL8
EFNB1,EFNB1,0.9999999999999999,0.2326262626262626,0.8502380952380951,0.8333333333333334,1,P98172:P98172
SH2D1A,TBX2,0.16799155766353852,0.13048741382074716,0.3944444444444445,0.5925120772946858,0,O60880:Q13207
RPLP2,RPS25,0.9282382077720379,0.7834821428571428,0.6813186813186813,0.6785714285714286,-1,P05387:P62851
H3C13,H3C13,0.9999999999999999,0.7777777777777777,0.9,0.9166666666666666,1,Q71DI3:Q71DI3
FADD,GAR1,0.8184289954626053,0.09999999999999999,0.3532091097308489,0.2705128205128205,0,Q13158:Q9NY12
RNASEH1,SFTA3,0.07517290743204404,0.09090909090909091,0.18793650793650793,0.0,0,O60930:P0C7M3
RXRA,ADAD1,-0.1063845509913674,0.18333333333333335,0.31666666666666665,0.15714285714285714,0,P19793:Q96M93
SLC16A8,NCSTN,0.09905624524165428,0.08205084057356785,0.5679894179894179,0.13804713804713806,0,O95907:Q92542
SRP19,PWWP2B,0.07739126322432258,0.11548821548821549,0.44000000000000006,0.8888888888888888,0,P09132:Q6NUJ5
PPIG,CWC22,0.9633707564751739,0.20416666666666666,0.46845238095238095,0.875,-1,Q13427:Q9HCG8
MFAP1,PPIL2,0.5894706410329876,0.30299145299145297,0.6285714285714284,0.6098765432098765,-1,P55081:Q13356
TLR4,NOX4,0.1762682108545069,0.2033662325328992,0.45555555555555555,0.22938988095238094,1,O00206:Q9NPH5
MBD3,ZFPM2,0.4803179203710335,0.25310390997891,0.6204081632653061,0.7185374149659864,0,O95983:Q8WW38
DRD1,GNPDA2,-0.029398483239850372,0.10007215007215005,0.4666666666666666,0.8104395604395603,0,P21728:Q8TDQ7
POLD1,POLD2,0.5772647345140387,0.6066666666666667,0.8625,0.9642857142857143,1,P28340:P49005
UFM1,TRIM73,0.14825950066124674,0.14285714285714285,0.75,0.12698412698412698,0,P61960:Q86UV7
RPL17,RPS8,0.950723168559503,0.7480158730158729,0.6941071428571429,0.5833333333333334,-1,P18621:P62241
LRPPRC,MRPL18,0.6427714568959164,0.16056166056166055,0.3446496212121212,0.6547619047619049,-1,P42704:Q9H0U6
RPL6,GTPBP4,0.7091802606868634,0.0994438431938432,0.4666666666666667,0.5289351851851851,-1,Q02878:Q9BZE4
PSMB9,NDUFA9,0.31624897668998514,0.14484126984126983,0.20089285714285712,0.6845238095238095,0,P28065:Q16795
RBPJ,ZNF283,0.5979917626180808,1.0,1.0,0.4112554112554112,0,Q06330:Q8N7M2
GPKOW,PRPF19,0.7082725020831363,0.31297550488726955,0.6279922779922781,0.9065058479532165,0,Q92917:Q9UMS4
XRCC2,LLCFC1,0.35551874031170694,0.16666666666666666,0.5,0.0,0,O43543:Q96L11
WDR36,IMP3,0.7331429893295853,0.5454545454545454,0.4458333333333333,0.35344827586206895,-1,Q8NI36:Q9NV31
FANCG,NDUFA12,0.20029640575782526,0.16643518518518519,0.3515625,0.78125,0,O15287:Q9UI09
THEM4,MARCHF9,0.7310029275235401,0.09090909090909091,0.22380952380952382,0.13392857142857142,0,Q5T1C6:Q86YJ5
CCDC146,VPS39,0.619177719745886,0.14064454064454066,0.2191468253968254,1.0,0,Q8IYE0:Q96JC1
EIF4A3,PPIL3,0.7197056801377202,0.38791423001949316,0.761904761904762,0.712962962962963,-1,P38919:Q9H2H8
H4C1,H3C13,0.4362245603982899,0.7777777777777777,0.9,0.9166666666666666,1,P62805:Q71DI3
VHL,PHF23,0.6349676769942815,0.32727272727272727,0.7833333333333333,0.9199999999999999,0,P40337:Q9BUL5
NOP56,EMG1,0.8541485503459493,0.4090007215007216,0.5256410256410257,0.5424242424242425,-1,O00567:Q92979
GPAT4,MRPL37,0.32083945669106473,0.225,0.24341269841269844,0.1125,0,Q86UL3:Q9BZE1
YWHAZ,CTBP1,0.38126572456154934,0.4071455505279034,0.6055555555555555,0.9216182048040455,0,P63104:Q13363
C1R,TDG,0.29624317390164917,0.1019008769008769,0.42745098039215684,0.48108465608465606,0,P00736:Q13569
LMNB1,HSD17B14,-0.19017380805783005,0.1111111111111111,0.5,0.9547413793103449,0,P20700:Q9BPX1
MAP4,CSNK2A1,0.22705868619541836,0.16512300830482646,0.5288065843621399,0.8132592592592593,0,P27816:P68400
PLPP6,RNF170,0.25330052728974795,0.2010168650793651,1.0,0.8793650793650792,-1,Q8IY26:Q96K19
KPRP,NRARP,0.20921815955672418,0.0,0.0,0.625,0,Q5T749:Q7Z6K4
RPL26,WDR12,0.6412697303820887,0.3164983164983165,0.3703703703703704,0.9607843137254901,-1,P61254:Q9GZL7
RPS4X,NOL6,0.6075830665358143,0.31628787878787873,0.47507002801120446,0.8125,-1,P62701:Q9H6R4
EEF2,RPL22,0.8183029862789748,0.3015151515151515,0.6882936507936508,0.7931034482758621,-1,P13639:P35268
PRODH2,LY96,-0.14535777806595412,0.05854780295956766,0.21873626373626373,0.1840029761904762,0,Q9UF12:Q9Y6Y9
FAM171A1,FAAP20,-0.2525783481238848,0.08523809523809524,0.2777777777777778,0.8936507936507938,0,Q5VUB5:Q6NZ36
TRDC,TRDC,1.0,0.4112554112554112,0.5555555555555556,0.0,0,B7Z8K6:B7Z8K6
CAPN1,MED8,0.6080907612562825,0.09633699633699633,0.2625,0.7422222222222221,0,P07384:Q96G25
BORCS6,ADAM22,-0.06198448899210478,0.14027777777777778,0.19642857142857142,0.8766233766233765,0,Q96GS4:Q9P0K1
MRPL20,DDX28,0.47168561999198877,0.09722222222222221,0.54,0.35080348943985307,-1,Q9BYC9:Q9NUL7
RPS4Y1,RPL13A,0.300076860016583,0.2993006993006993,0.6040616246498599,0.7182539682539684,-1,P22090:P40429
LRRC47,NOB1,0.3542097577033117,0.12400793650793651,0.0,0.5107142857142858,-1,Q8N1G4:Q9ULX3
HLA-DQA1,JADE3,0.23982813106788767,0.12996632996632998,0.21875,0.9272727272727272,0,P01909:Q92613
AIFM2,RCOR1,0.28774639998023654,0.1272727272727273,0.33178571428571424,0.956989247311828,0,Q9BRQ8:Q9UKL0
RPL8,RPL41,0.9219553719128968,1.0,0.7962406015037593,0.4833333333333334,-1,P62917:P62945
DEFB103A,EBP,0.0,0.11463615749330035,0.23333333333333334,0.9484777517564402,-1,P81534:Q15125
PPID,LYPD6,0.0593181419621856,0.16666666666666666,0.4520833333333333,0.8285714285714285,0,Q08752:Q86Y78
PSMD14,UBC,0.23491255844512657,0.5555555555555556,0.836025641025641,0.9823848238482384,1,O00487:P0CG48
NDUFS4,UQCRB,0.5527994938610197,0.8,0.6255668934240362,1.0,-1,O43181:P14927
RPL11,LYAR,0.18841212414817796,0.24896929824561406,0.6454545454545455,0.7782608695652173,1,P62913:Q9NX58
CSF2RB,ERP44,0.2903016523786058,0.19603174603174603,0.2334656084656085,0.7857142857142857,0,P32927:Q9BS26
MC3R,GNAI1,0.0307234691936684,0.33373376623376616,0.6295681063122923,0.521326164874552,0,P41968:P63096
ZNF18,MRPL50,0.33482185442144163,0.0625,0.21403743315508023,0.0,0,P17022:Q8N5N7
FTSJ3,CCDC86,0.5903662842537782,0.0,0.5772727272727273,0.75,0,Q8IY81:Q9H6F5
POLR2G,MED18,0.5221877636095376,0.1062406015037594,0.3,0.9555555555555557,-1,P62487:Q9BUE0
DDB1,CDC73,0.6480589993403748,0.18486652236652237,0.7590909090909093,0.9805194805194806,-1,Q16531:Q6P1J9
MRPL33,IRGQ,0.1839013079391451,0.0,0.0,0.22000000000000003,0,O75394:Q8WZA9
SNRPD1,RBM48,0.39988438107340685,0.625,0.8400000000000001,0.9722222222222222,-1,P62314:Q5RL73
RPS16,NGDN,0.7612267866585046,0.2599358974358974,0.3508771929824562,0.85,-1,P62249:Q8NEJ9
SRPX2,NDUFB8,-0.07379154373510989,0.13086080586080584,0.18496240601503758,0.125,0,O60687:O95169
GLE1,TMEM45A,0.2173110135624528,0.0,1.0,1.0,0,Q53GS7:Q9NWC5
RPF1,NOC2L,0.7620278390628616,0.0632081788944534,0.36701388888888886,0.6862745098039217,-1,Q9H9Y2:Q9Y3T9
GRXCR1,MAP6D1,-0.027677581171048685,0.103258547008547,0.1275252525252525,0.6666666666666666,0,A8MXD5:Q9H9H5
TAF12,COX8C,0.40503601994016175,0.08333333333333333,0.2638888888888889,0.0,0,Q16514:Q7Z4L0
KRTAP15-1,KAT2B,0.0,0.0,0.4243589743589745,0.529658810182066,0,Q3LI76:Q92831
NUP160,NDC1,0.7404157516299231,0.2322885447885448,0.798892580287929,0.625,-1,Q12769:Q9BTX1
MT-CYB,NDUFA6,0.36077536216980144,0.2882936507936508,0.6416666666666665,0.5,-1,P00156:P56556
CSF2,MEOX2,0.04979401197783457,0.1683445720945721,0.54,0.9590657822001106,1,P04141:P50222
RPL9,RPS27,0.8549698443825429,0.5964285714285713,0.8172380952380952,0.5811688311688312,-1,P32969:P42677
UBE2D2,MID2,0.4650714689959204,0.13869385473487642,0.29333333333333333,0.9852627257799672,1,P62837:Q9UJV3
OSMR,WRAP53,0.28530100854610774,0.10155519084090511,0.26999999999999996,0.6638095238095237,0,Q99650:Q9BUR4
EED,IRF9,0.7012723873802629,0.29814814814814816,0.7205128205128204,0.586574074074074,0,O75530:Q00978
RPS27A,RPL24,0.9249016213975181,0.6277777777777777,0.6696649029982362,0.5892857142857143,-1,P62979:P83731
CUL3,COPS3,0.8340219769644266,0.19832516339869283,0.557142857142857,1.0,1,Q13618:Q9UNS2
CSNK1A1,RPS8,0.5863252846415647,0.24444444444444444,0.6941071428571429,0.5833333333333334,-1,P48729:P62241
WDR46,RPS28,0.7451791843737418,0.30750688705234164,0.4093951093951093,0.33974358974358976,-1,O15213:P62857
RPS14,RPS21,0.9527850417279199,0.7777777777777778,0.7340136054421768,0.7272727272727273,-1,P62263:P63220
CDH1,RPS3,0.1548357171422103,0.1471015471015471,0.3920979986197377,0.6262049941927991,-1,P12830:P23396
GTPBP6,GTPBP6,1.0,0.0,0.6,0.42857142857142855,0,O43824:O43824
H2AC4,SIRT5,0.31569031870117525,0.12216880341880343,0.43038194444444444,0.13839285714285715,1,P04908:Q9NXA8
CLEC14A,NOP10,0.19226780188903547,0.10057720057720057,0.2261904761904762,0.7344444444444442,0,Q86T13:Q9NPE3
ZMAT2,LSM4,0.44228956523407453,0.4321428571428572,0.39733893557422967,0.8988095238095238,-1,Q96NC0:Q9Y4Z0
MAT2A,PRLH,-0.02360911312187845,0.14157786657786658,0.5,0.27777777777777773,0,P31153:P81277
RPS13,RPS21,0.9453212572192478,0.7777777777777778,0.7340136054421768,0.7272727272727273,-1,P62277:P63220
RPL35A,RPS24,0.9503720017327603,0.48839285714285713,0.7233766233766233,0.6476190476190476,-1,P18077:P62847
APH1A,PSENEN,0.23648534584622682,0.5437500000000001,0.6541666666666668,0.8991596638655461,-1,Q96BI3:Q9NZ42
PTGES3,KAZALD1,0.20083337712470348,0.2352380952380952,0.35,0.8333333333333334,0,Q15185:Q96I82
KANSL1L,KIR3DL1,-0.12586326950202906,0.0,0.2,0.4090909090909091,0,A0AUZ9:P43629
NDUFA7,UQCRC1,0.48466831467743465,0.5451298701298701,0.44227994227994233,0.9188095238095237,-1,O95182:P31930
GTPBP6,MRPL11,0.7208183037545173,0.0,0.4114057239057239,0.2393410852713178,1,O43824:Q9Y3B7
GNB1,GNAI1,0.404254813279211,0.39712301587301596,0.6736434108527132,0.521326164874552,1,P62873:P63096
PPM1F,RBP5,0.01323519962830851,0.09090909090909091,0.4666666666666666,0.46547619047619054,0,P49593:P82980
LRP11,MID2,0.4903343394195967,0.10139282014282014,0.18095238095238092,0.9786247947454844,0,Q86VZ4:Q9UJV3
CD3G,EFEMP1,-0.06740177026888007,0.12452651515151517,0.375,0.8876543209876544,0,P09693:Q12805
EIF2S2,FAU,0.5480276495604712,0.16161616161616163,0.7694677871148459,0.36904761904761907,-1,P20042:P62861
CLDN11,ARPC4,-0.03945104732106132,0.14880952380952378,0.42098765432098767,0.8768115942028984,0,O75508:P59998
MRPL33,DAP3,0.3723657491366499,0.5555555555555556,0.44113636363636377,0.2981481481481481,-1,O75394:P51398
RPS14,DNTTIP2,0.7152871800156798,0.5714285714285714,0.5622222222222222,0.75,-1,P62263:Q5QJE6
H2AC18,ZNF624,0.13588774914653579,0.16666666666666666,1.0,0.7511111111111111,0,Q6FI13:Q9P2J8
RPS3,PA2G4,0.6922998867996385,0.3126068376068376,0.41595238095238096,0.7092857142857143,-1,P23396:Q9UQ80
PRIM1,CLSPN,0.884764679247161,0.1109313725490196,0.7333333333333331,0.7866666666666666,0,P49642:Q9HAW4
NRIP1,UBXN1,0.6321098967815801,0.1043754538852578,0.6142857142857142,0.8476190476190476,0,P48552:Q04323
CGAS,H2BC15,0.2694725276915713,0.1111111111111111,0.584848484848485,0.4444444444444445,1,Q8N884:Q99877
CMA1,CMA1,1.0,0.26678145087236,0.5089285714285715,0.8928571428571428,1,P23946:P23946
VAMP2,ARHGAP22,0.3256439717963976,0.18660714285714286,0.513888888888889,0.5714285714285714,0,P63027:Q7Z5H3
ABO,GTF2H4,0.1405023071783944,0.1630952380952381,0.4667953667953667,0.4291666666666667,0,P16442:Q92759
CD2,SAMD4B,-0.10193993437413998,0.15476190476190477,0.28888888888888886,0.8466666666666666,0,P06729:Q5PRF9
PCBP2,SLC22A8,-0.036377566275882796,0.15729166666666666,0.5208333333333333,0.18678571428571428,0,Q15366:Q8TCC7
H2AX,CDH26,0.09434014351321915,0.17008928571428572,0.24285714285714288,0.7708333333333333,0,P16104:Q8IXH8
CYP3A5,PHF5A,-0.0003920296895441694,0.1261849261849262,0.3316893424036281,0.7589285714285714,0,P20815:Q7RTV0
RPS15A,RPS21,0.9649743324517014,0.7777777777777778,0.7340136054421768,0.7272727272727273,1,P62244:P63220
PDCD5,PSMA7,0.6656318995253769,0.09090909090909091,0.8074874686716792,1.0,0,O14737:O14818
RPL9,ETF1,0.6126646861563255,0.11833333333333333,0.6129629629629629,0.6124574829931974,-1,P32969:P62495
AGR2,AGR2,1.0,0.21335597273097273,0.6,0.9933993399339933,1,O95994:O95994
MMP2,TIMP2,0.7225715129716356,0.34958791208791207,0.6635531135531136,0.6820436507936508,1,P08253:P16035
KLHL12,TCEANC,0.43797855743668584,0.09166666666666667,1.0,1.0,-1,Q53G59:Q8N8B7
RPS27,EEF1A1,0.6757225892139137,0.426025641025641,0.41690476190476194,0.7121604938271605,-1,P42677:P68104
RPS18,RACK1,0.940218443469113,0.12326580690551278,0.5023809523809524,0.8351882613510518,1,P62269:P63244
NPM1,SH3YL1,0.1756620165888504,0.13333333333333333,0.3333333333333333,0.8461538461538461,0,P06748:Q96HL8
INO80C,INO80,0.4034397135205094,0.21429421710409105,0.4046717171717171,0.6593406593406593,-1,Q6PI98:Q9ULG1
CSNK1A1,TRMT112,0.687970751209928,0.12745310245310246,0.5175925925925926,0.9244047619047618,-1,P48729:Q9UI30
MRPL1,MRPS17,0.6955896693037887,1.0,0.583041958041958,0.54,-1,Q9BYD6:Q9Y2R5
RPL7A,RPL10A,0.948242240760491,0.82,0.6422161172161173,0.7,-1,P62424:P62906
SLC40A1,MRPS30,0.1275870385725806,0.5625,0.2590277777777778,0.25,0,Q9NP59:Q9NP92
C6,NOP10,-0.028812465013882325,0.09134199134199136,0.31224489795918375,0.7344444444444442,0,P13671:Q9NPE3
NUP107,NDC1,0.8260415419920689,0.3539772727272727,0.798892580287929,0.625,-1,P57740:Q9BTX1
SNRPD3,SNRPD3,0.9999999999999999,0.623299319727891,0.48202870189171576,0.8857723577235771,1,P62318:P62318
ESS2,PPIL3,0.6309123857578102,0.38791423001949316,0.4047619047619047,0.712962962962963,0,Q96DF8:Q9H2H8
B2M,MLANA,0.05549221596166329,0.0,0.33499999999999996,1.0,1,P61769:Q16655
RASSF2,PPP1R15B,-0.0732385317104891,0.24379509379509376,0.22916666666666666,0.9074074074074073,0,P50749:Q5SWA1
FUOM,S100A6,0.002756688102195277,0.12738095238095237,0.4033333333333333,0.22142857142857142,0,A2VDF0:P06703
IL1A,MBD2,0.2354712172748839,0.17316585530871245,0.4531024531024531,0.627437641723356,0,P01583:Q9UBB5
UBC,UBE2B,0.7985203147700765,0.2266889126272663,0.6742296918767507,0.6059941520467835,1,P0CG48:P63146
RPLP1,RPL15,0.7894599398126352,0.82,0.6668571428571428,0.5892857142857143,-1,P05386:P61313
BMI1,BMI1,1.0,0.18576372187483298,0.5852272727272726,0.9612768184196755,1,P35226:P35226
ATP6AP2,ATP6V1H,0.48474979949628505,0.5308760683760683,0.4907823129251701,0.8307407407407407,-1,O75787:Q9UI12
TNNC1,TMEFF1,-0.10714926428396172,0.14285714285714285,0.3333333333333333,0.20000000000000004,0,P63316:Q8IYR6
SERTAD2,GPR52,-0.1858694628875634,0.1259259259259259,0.3333333333333333,0.4365079365079365,0,Q14140:Q9Y2T5
ADRB2,ADRB2,1.0,0.20698905471632745,0.6961640211640212,0.8387488328664802,1,P07550:P07550
RPS3,RPS3,1.0,0.19542344248226598,0.5660110420979988,0.6262049941927991,0,P23396:P23396
TNFAIP8L3,AGBL3,0.05549534500942716,0.1875,0.4666666666666667,0.20357142857142857,0,Q5GJ75:Q8NEM8
CDH1,FAU,0.013031327323733397,0.1313811188811189,0.4606442577030812,0.36904761904761907,-1,P12830:P62861
ASCL1,NXPE2,-0.13761765075297522,0.0,0.5,1.0,0,P50553:Q96DL1
TRAF2,MFSD9,0.38861214404965044,0.16666666666666666,0.5,0.25,0,Q12933:Q8NBP5
CLCN5,NGLY1,0.13679378941820147,0.12828282828282828,0.675,0.9063492063492065,0,P51795:Q96IV0
RACK1,LTV1,0.8176921831912424,0.14444444444444446,0.6238095238095237,1.0,-1,P63244:Q96GA3
MRPL19,TUFM,0.6793667877605871,0.22474747474747472,0.548989898989899,0.6784188034188035,-1,P49406:P49411
ATP2B1,H2AZ2,0.47040342336463015,0.20512820512820512,0.6479591836734694,0.3333333333333333,0,P20020:Q71UI9
ELOB,GINS4,0.21603153048661797,0.12339743589743589,0.3208333333333333,1.0,-1,Q15370:Q9BRT9
MCM6,ZBTB21,0.6329258680711055,0.12037037037037036,0.6125,0.686111111111111,0,Q14566:Q9ULJ3
SNRPF,ZNF225,0.5606485573958305,0.06458333333333333,1.0,0.36944444444444446,0,P62306:Q9UK10
IFNA2,ZMAT5,0.15265474081372968,0.12142857142857143,0.41666666666666663,0.9548872180451128,0,P01563:Q9UDW3
MRPS14,MRPS15,0.1925607723605739,1.0,0.5039772727272727,0.55,-1,O60783:P82914
G6PC1,MTRES1,0.002141998869151318,0.24603174603174605,0.2,0.5571428571428572,0,P35575:Q9P0P8
RPL7,ZNF622,0.6348641076766661,0.3443841872413301,0.4133333333333333,0.6071428571428571,-1,P18124:Q969S3
MRPL46,MRM2,0.566574783155231,0.10820707070707071,0.5833333333333334,0.1,-1,Q9H2W6:Q9UI43
FABP6,INTS4,0.08617749428920016,0.14166666666666666,0.3607142857142857,0.5,0,P51161:Q96HW7
RPS10,RPS20,0.957234981085891,0.8461538461538461,0.7799422799422799,0.7023809523809523,-1,P46783:P60866
GCGR,GNG2,-0.15217036500635472,0.36857142857142855,0.9216867469879519,0.3125,-1,P47871:P59768
CPSF4L,GPS1,0.48089744639266024,0.0,0.19191919191919193,0.2400793650793651,0,A6NMK7:Q13098
RAD51C,RAD51D,0.8157514149697103,0.5037190082644628,0.7629629629629628,0.9055680868838766,1,O43502:O75771
TRDC,RAB34,-0.08205494725909396,0.12223725348725346,0.191005291005291,0.0,0,B7Z8K6:Q9BZG1
SHMT2,HYAL4,-0.010345831045357478,0.16666666666666666,0.3888888888888889,0.7083333333333334,0,P34897:Q2M3T9
RPLP2,RPL10L,-0.09568839509023293,0.21666666666666665,0.4685714285714286,1.0,-1,P05387:Q96L21
MRPL2,TUBA4B,0.14093068168424497,0.0,0.0,0.19642857142857142,0,Q5T653:Q9H853
ASB12,SENP2,0.014104296005157687,0.15813108460167283,0.4981481481481482,0.8863287250384024,0,Q8WXK4:Q9HC62
SNRPE,DDX42,0.7029859182315493,0.3055555555555555,0.6534632034632035,0.43730158730158725,-1,P62304:Q86XP3
H3Y1,SNRPD3,-0.004893615385868218,0.0,0.48202870189171576,0.4409117305458769,0,P0DPK2:P62318
H1-3,GNB1,-0.0015564552611670782,0.10664983164983168,0.4464639321074963,0.8865740740740741,0,P16402:P62873
GJA1,NNMT,-0.09533552861216589,0.18449175824175823,1.0,0.125,0,P17302:P40261
NDUFA7,NDUFA11,0.24914009569936518,0.38585858585858585,0.6576923076923076,1.0,-1,O95182:Q86Y39
THOC5,ALYREF,0.4923217855196624,0.6058441558441559,0.6842105263157895,0.8575757575757575,1,Q13769:Q86V81
CASC3,CACTIN,0.8134272118004032,0.2251038356916157,0.5422222222222222,0.8125,-1,O15234:Q8WUQ7
RPL24,DPP10,-0.437725067746995,0.16837606837606836,0.6444444444444445,0.319047619047619,0,P83731:Q8N608
GEMIN2,SNRPD2,0.7874646483084494,0.6215855572998429,0.43640873015873016,0.9821428571428571,1,O14893:P62316
UBA52,SMAD1,0.31360970826964013,0.10601713101713102,0.5153174603174603,0.8002873563218391,1,P62987:Q15797
SNRPD1,DHX38,0.5325742280754837,0.6944444444444445,0.7333333333333333,0.45308123249299725,-1,P62314:Q92620
BIRC3,MRPL10,0.22285846011010982,0.1369047619047619,0.2988095238095238,0.75,0,Q13489:Q7Z7H8
RAD51,ARFGAP3,0.1472035694686946,0.14027777777777778,0.7363636363636363,0.937142857142857,0,Q06609:Q9NP61
CRNKL1,PPIL1,0.3137686949888442,0.4907766048116925,0.6676190476190478,0.8549382716049384,-1,Q9BZJ0:Q9Y3C6
POLR2E,MED10,0.8239483586912572,0.076007326007326,0.6333333333333333,0.8632478632478632,1,P19388:Q9BTT4
TBP,CCT7,0.7732907608126068,0.1032677045177045,0.39814814814814814,0.8520299145299146,0,P20226:Q99832
EIF4E1B,LGR5,-0.09284480366448286,0.1435305435305435,0.13975694444444445,0.5933333333333334,0,A6NMX2:O75473
RPS8,RPS8,1.0,0.7480158730158729,0.6941071428571429,0.5833333333333334,0,P62241:P62241
MRPL33,MRPL30,0.3039635491957116,1.0,0.5882867132867132,1.0,-1,O75394:Q8TCC3
DENR,CNOT3,0.6055418239851938,0.11684149184149183,0.26071428571428573,1.0,0,O43583:O75175
ZMIZ1,STUB1,0.5673034637024166,0.15026923491290003,0.6238888888888889,0.8096489587230328,0,Q9ULJ6:Q9UNE7
GDF5-AS1,C14orf119,0.20443740407371283,0.0,0.6,1.0,0,Q5U4N7:Q9NWQ9
PPIH,BUD31,0.5990026943517346,0.525062656641604,0.7042857142857144,0.8214285714285715,-1,O43447:P41223
KLF11,GPM6A,-0.36427481265662137,0.1268192918192918,0.2444444444444445,0.8888888888888888,-1,O14901:P51674
PDHA1,FGF5,0.07959977554756388,0.11986607142857143,0.2,0.3333333333333333,0,P08559:P12034
ZNF862,PSMB10,0.1566958975176923,0.2361111111111111,0.48428571428571426,0.8845238095238095,0,O60290:P40306
GNG2,MRAP,-0.013067548015722063,0.13624338624338622,0.4222222222222223,0.6499999999999999,-1,P59768:Q8TCY5
TRBV9,ACTR3,0.2333516299707875,0.12814685314685317,0.2887074829931972,0.0,0,A0A0B4J1U6:P61158
RPL30,EEF1A1,0.8894754621942698,0.426025641025641,0.4544047619047619,0.7121604938271605,-1,P62888:P68104
LDAF1,NOX4,0.3692779471751407,0.08681580764914099,0.2993551587301587,0.22938988095238094,0,Q96B96:Q9NPH5
INTS5,NABP2,0.40512946169493824,0.11206597222222223,0.5333333333333333,0.6714285714285715,-1,Q6P9B9:Q9BQ15
ITCH,TXNIP,0.44139855033433745,0.18851294903926483,0.8333333333333334,0.8358974358974359,1,Q96J02:Q9H3M7
IGKV1-33,GOPC,0.005000573954653892,0.11672850958565244,0.3303030303030303,0.9756944444444444,0,P01594:Q9HD26
KAT7,GMPR2,0.5727443860431735,0.1388888888888889,0.5833333333333334,0.49714285714285716,0,O95251:Q9P2T1
NBN,RUFY1,0.6141485409093967,0.15505050505050508,0.4563492063492064,0.8394736842105263,0,O60934:Q96T51
NAE1,DDR2,0.47878107060002567,0.2028370054489457,0.5220238095238094,0.3473036819811013,0,Q13564:Q16832
CDH12,SERP1,-0.141124269071025,0.13313609467455623,0.225,1.0,0,P55289:Q9Y6X1
RARB,TGM1,-0.021006744187675643,0.19598214285714285,0.42857142857142855,0.8993197278911567,0,P10826:P22735
RAB11A,DUSP28,0.15471723725276684,0.14340277777777777,0.0,0.0991008991008991,0,P62491:Q4G0W2
OPLAH,RAB11B,-0.1317056160514856,0.11397306397306399,0.28584656084656085,0.8039562289562291,0,O14841:Q15907
MRPS30,MTRES1,0.5755596033200421,0.10833333333333334,0.5625,0.5561224489795918,-1,Q9NP92:Q9P0P8
MAMLD1,CENPN,0.04408627035657648,0.10416666666666666,0.6767857142857142,0.0,0,Q13495:Q96H22
NDUFV2,NDUFS1,0.6348117625378618,0.3521212121212121,0.43914141414141405,0.729656862745098,1,P19404:P28331
GABRG2,ACCS,-0.44436994734687874,0.18333333333333335,0.0,0.725925925925926,0,P18507:Q96QU6
SKP1,NCBP2AS2,0.2782716634077923,0.0,0.5,1.0,0,P63208:Q69YL0
INTS1,INIP,0.41346527391787435,0.1323747680890538,0.41111111111111115,1.0,0,Q8N201:Q9NRY2
SF3A3,SF3B6,0.8685950432996993,0.7374768089053803,0.6099773242630384,0.7444444444444445,1,Q12874:Q9Y3B4
SNRPD3,SRSF1,0.9010900137861082,0.37733037659508245,0.7677419354838709,0.8543859649122806,-1,P62318:Q07955
TAF1C,NEDD8,0.3654881018749304,0.0875299043062201,0.5319047619047619,0.9574829931972788,0,Q15572:Q15843
YWHAE,YWHAE,1.0,0.22498556998556998,0.7957547169811319,0.9732974045474044,1,P62258:P62258
RPL6,GNL3,0.774701412601119,0.16802721088435374,0.3611111111111111,0.8217592592592592,-1,Q02878:Q9BVP2
GOSR2,PLA2G4C,-0.015500523307445661,0.0944252044252044,0.6563095238095238,0.19528769841269844,0,O14653:Q9UP65
TNNC1,RPRD1B,-0.009041844457196902,0.11666666666666665,0.4,0.9342857142857144,0,P63316:Q9NQG5
NDUFA10,NDUFB11,0.37311274234479996,0.38585858585858585,0.6576923076923076,0.125,1,O95299:Q9NX14
LSM11,CPSF3,0.23293850717445974,0.7105263157894737,0.7277777777777776,0.5196428571428571,1,P83369:Q9UKF6
SFN,CXCL6,-0.045005365324737236,0.1834920634920635,0.5833333333333334,0.5714285714285714,0,P31947:P80162
TPM3,AMPD3,0.6074349094617162,0.07161172161172161,0.5611111111111111,0.5750000000000001,0,P06753:Q01432
MED20,MED9,0.20728254350217787,0.5166666666666667,0.4145833333333333,0.9428571428571428,1,Q9H944:Q9NWA0
UBE2D2,MMD2,0.022374380358319065,0.08225108225108224,0.35,0.8928571428571428,0,P62837:Q8IY49
CDC27,NEK2,0.3252299624776864,0.2304978354978354,0.7146103896103896,0.4837535014005603,1,P30260:P51955
GTPBP10,MRPL18,0.698726082924688,0.10648148148148147,0.3446496212121212,0.6547619047619049,-1,A4D1E9:Q9H0U6
UQCR11,NDUFB7,0.7757743528953569,0.320952380952381,0.6186507936507936,0.32698412698412693,-1,O14957:P17568
MRPL57,MRM3,0.3646150918395764,0.10795454545454546,0.5625,0.8173913043478263,-1,Q9BQC6:Q9HC36
RPL17,RPS24,0.9390778759097063,0.48839285714285713,0.7233766233766233,0.6476190476190476,-1,P18621:P62847
MRPL23,MRM3,0.5889589719394998,0.12142857142857143,0.5625,0.8173913043478263,-1,Q16540:Q9HC36
NDUFB3,NDUFS7,0.45570424708552626,0.47548181665828726,0.26094771241830067,0.37649410774410774,-1,O43676:O75251
NDUFB2,NDUFA7,0.6023006673888756,0.5271493212669683,0.6178571428571428,0.34375,-1,O95178:O95182
CUX2,HUS1,-0.23547568319630083,0.09108888796388796,0.41228070175438597,0.20000000000000004,0,O14529:O60921
TGFBR2,AAMP,0.4907315783066506,0.35844155844155845,0.75,0.85,0,P37173:Q13685
POLR2I,MED29,0.5723722680505873,0.053634085213032576,0.5380952380952382,0.9818181818181819,-1,P36954:Q9NX70
RPS17,RACK1,0.9226441772247727,0.12326580690551278,0.5023809523809524,0.2429494278331488,1,P08708:P63244
IL1R2,GTF2E2,-0.10487207231083441,0.1111111111111111,0.4753086419753086,0.8,0,P27930:P29084
KDM5A,H3C1,0.4050646204445467,0.462037037037037,0.8444444444444446,0.9709302325581395,1,P29375:P68431
LAIR1,KRTAP17-1,-0.13101729515887175,0.0,0.23809523809523808,1.0,0,Q6GTX8:Q9BYP8
IGF2,IGF2,1.0,0.22535014005602236,0.9434523809523809,0.6033950617283951,0,P01344:P01344
MRPS30,HIGD1B,-0.1802783335684945,0.125,0.6,0.0,0,Q9NP92:Q9P298
RBP5,LRRC49,-0.254452576577489,0.0,0.38888888888888884,0.0,0,P82980:Q8IUZ0
MTNR1A,GNAI1,1.5972489774445588e-05,0.5004004329004328,0.6295681063122923,0.521326164874552,1,P48039:P63096
ZNF805,MRPL47,0.4830067957512237,0.0625,0.249331550802139,0.2,0,Q5CZA5:Q9HD33
RPS23,WDR3,0.6423575387342333,0.5416666666666666,0.5983333333333334,1.0,-1,P62266:Q9UNX4
ATP6V1G1,NCOA2,0.6488132612620026,0.11315371266351658,0.36078431372549025,0.6064213564213564,0,O75348:Q15596
LATS1,APPBP2,0.8571195570985696,0.14523809523809525,0.3208333333333333,0.9827380952380953,0,O95835:Q92624
MTIF3,MRPS33,0.2591921313473372,0.18333333333333335,0.27789256198347106,0.25,-1,Q9H2K0:Q9Y291
NPIPB4,RNF38,0.5557840922035807,0.0,0.4061224489795919,0.0,0,C9JG80:Q9H0F5
TMBIM6,POLR2G,0.3813333330439893,0.15555555555555553,0.4858529819694869,0.9428571428571428,0,P55061:P62487
PAFAH1B2,EXOSC1,0.4267209250725354,0.3133333333333333,0.45021008403361346,0.96875,0,P68402:Q9Y3B2
UBE2A,H4C1,0.17236800854053438,0.4362337662337662,0.8918279569892472,0.9662698412698413,0,P49459:P62805
RPS4Y1,RPL12,0.35254599103482503,1.0,0.6664761904761904,0.5416666666666667,-1,P22090:P30050
BPY2,CIB1,0.0,0.1141782459964278,0.25847851335656213,0.8719498910675381,0,O14599:Q99828
TXNDC12,MSL1,0.6005058880768982,0.07509157509157509,0.2067599067599068,0.875,0,O95881:Q68DK7
ARHGAP1,HDDC3,-0.14634155336276747,0.0,0.0,0.9069444444444444,0,Q07960:Q8N4P3
RPS14,RIOK1,0.7241408436783713,0.4444444444444445,0.625,0.2868279569892473,1,P62263:Q9BRS2
EIF2S2,EIF3M,0.8008895163430545,0.78125,0.6114583333333333,0.9137931034482759,-1,P20042:Q7L2H7
MRPL41,SEL1L,-0.585089560930866,0.1572222222222222,0.2715924426450742,1.0,0,Q8IXM3:Q9UBV2
MCM7,CUL2,0.7089924836553979,0.1285714285714286,0.7192307692307692,0.9313172043010753,-1,P33993:Q13617
NELFE,INTS6,0.8731120058160153,0.28690476190476194,0.5235294117647058,0.7333333333333334,0,P18615:Q9UL03
YWHAZ,PI4KB,0.43656086351015594,0.27659181096681096,0.3463203463203463,0.7668128654970761,1,P63104:Q9UBF8
GADD45GIP1,NAPB,0.08453558329510019,0.08779137529137529,0.19444444444444442,0.9690476190476192,0,Q8TAE8:Q9H115
IL13RA1,SLCO1B1,0.23821450665534571,0.11013153513153512,0.8666666666666666,0.15357142857142858,0,P78552:Q9Y6L6
EIF3G,EIF3C,0.7640755670271895,0.6161477411477412,0.6145833333333334,0.7532051282051283,1,O75821:Q99613
GNAI3,GNG2,0.05992157097318742,0.36857142857142855,0.9216867469879519,1.0,-1,P08754:P59768
RPS18,RPL10A,0.926965776745299,0.82,0.6422161172161173,0.7,-1,P62269:P62906
TSG101,VPS37B,0.5003039110948634,0.2508612599521691,0.4439393939393939,1.0,1,Q99816:Q9H9H4
HPN,SUPT16H,-0.37647772908345817,0.12083333333333333,0.44912280701754376,0.8194444444444445,0,P05981:Q9Y5B9
NDUFB1,NDUFA3,0.6737596858230305,0.3496969696969697,0.6178571428571428,0.17647058823529413,-1,O75438:O95167
FBL,RPS6,0.9469187072337133,0.18884297520661156,0.45309523809523816,0.6885964912280702,-1,P22087:P62753
MRPL32,DDX28,0.5082448471528352,0.10795454545454547,0.54,0.35080348943985307,-1,Q9BYC8:Q9NUL7
RPL37A,FTSJ3,0.851712120814157,0.11523809523809522,0.2388888888888889,0.6686728395061727,-1,P61513:Q8IY81
POLR2G,MED28,0.8317847989182956,0.0990079365079365,0.45850340136054424,0.9897959183673469,-1,P62487:Q9H204
APH1A,APH1A,0.9999999999999998,0.5426846590909091,0.6172743055555556,0.9131274131274133,-1,Q96BI3:Q96BI3
IGKV1-39,IL17REL,0.4545026779305329,0.125,1.0,0.14285714285714285,0,P01597:Q6ZVW7
TNFSF14,SOX18,-0.09044051725031461,0.14393569393569394,0.32999999999999996,0.15215419501133787,0,O43557:P35713
ARID4A,RARS1,0.5088050622751832,0.15079365079365079,0.47575757575757577,0.2111111111111111,0,P29374:P54136
RPS2,RPS21,0.8947433175252483,0.7777777777777778,0.7340136054421768,0.7272727272727273,1,P15880:P63220
RPS28,RPL10A,0.877462940692752,0.82,0.6422161172161173,0.7,-1,P62857:P62906
RPS5,RRP7A,0.5830799698079627,0.2696022727272727,0.5318181818181819,0.8928571428571429,-1,P46782:Q9Y3A4
RPS11,RPS6,0.962800858007995,0.35282041191132096,0.6630952380952381,0.6885964912280702,-1,P62280:P62753
MRPL33,PPP2R5A,0.021322850945618872,0.09821428571428571,0.19333333333333336,0.23968253968253966,0,O75394:Q15172
CDC37,SYCE2,0.13537783338807458,0.3214285714285714,0.425,1.0,-1,Q16543:Q6PIF2
PTTG1,XAB2,0.2833294928441688,0.1976190476190476,0.41139455782312917,1.0,0,O95997:Q9HCS7
RPL13A,CCDC124,0.3228664083240022,0.17474747474747473,0.5066666666666666,0.40625,-1,P40429:Q96CT7
PRKAR2A,ANXA8,0.1490968761768917,0.1125901875901876,0.4928571428571429,0.7589490968801313,0,P13861:P13928
MRPL14,MRM3,0.7116290369713956,0.10795454545454546,0.5625,0.29130434782608694,-1,Q6P1L8:Q9HC36
EIF2S2,RPS27,0.38802820214111716,0.1908730158730159,0.8172380952380952,0.5811688311688312,-1,P20042:P42677
SCN2B,SCN2B,0.9999999999999998,0.2823323735088441,0.5121212121212121,0.5334821428571428,1,O60939:O60939
OXA1L,MRPL13,0.6366877706631537,0.6875,0.4788048552754435,0.4571428571428572,1,Q15070:Q9BYD1
CENPC,H2AC18,0.1346516898982936,0.1,0.5472222222222223,0.6666666666666666,1,Q03188:Q6FI13
PLPP3,NSL1,0.2768678033289078,0.23611111111111108,0.38273809523809516,1.0,0,O14495:Q96IY1
KNG1,SIRT5,0.022054875513156397,0.13313492063492063,0.23541666666666666,0.13839285714285715,0,P01042:Q9NXA8
SLC35D2,BRF2,0.09332180080712334,0.08536081973581974,0.22722222222222221,0.13227513227513224,0,Q76EJ3:Q9HAW0
IGLV2-8,YIPF2,-0.026418077290902946,0.16666666666666666,0.18928571428571428,0.4896551724137931,0,P01709:Q9BWQ6
ITGB3,MCOLN1,0.1506637420797526,0.14258563074352548,0.4124269005847953,0.3938714063714064,0,P05106:Q9GZU1
RPLP1,RPS27A,0.8329025685602622,0.5902777777777778,0.8273681515617,0.7761111111111111,-1,P05386:P62979
MRPL54,MRM2,0.5924948292535909,0.10820707070707071,0.5833333333333334,0.1,-1,Q6P161:Q9UI43
HTRA3,MUS81,0.48043174865893623,0.134018759018759,0.3602040816326531,0.7568027210884353,0,P83110:Q96NY9
MRPS22,SLIRP,0.5488002231793341,0.09916666666666667,0.535515873015873,0.9166666666666666,-1,P82650:Q9GZT3
ABL1,PRMT7,0.30470735296407625,0.24728921871779014,0.6888888888888889,0.436671335200747,0,P00519:Q9NVM4
CASC3,CNIH2,-0.24155937173780453,0.11363636363636365,0.2786487322201608,1.0,0,O15234:Q6PI25
AANAT,ANGPTL3,-0.08838734581169935,0.14482758620689656,0.36944444444444446,0.2615079365079365,0,Q16613:Q9Y5C1
PDK1,MAN2C1,0.2663817011662459,0.35,0.19999999999999998,0.27499999999999997,0,Q15118:Q9NTJ4
IFNB1,USP26,-0.01507885037766004,0.12040816326530612,0.34285714285714286,0.6741071428571428,0,P01574:Q9BXU7
NDUFS8,MT-ND6,0.080544122725447,0.32860276977924036,0.759090909090909,1.0,-1,O00217:P03923
ST3GAL1,PIWIL1,-0.082087972957557,0.12009379509379506,0.2714285714285714,0.1358201058201058,0,Q11201:Q96J94
RPLP2,RPL29,0.9237193394413751,0.8285714285714285,0.7494331065759636,0.5833333333333334,-1,P05387:P47914
ST6GAL1,RBM8A,-0.05029358528266913,0.09182900432900433,0.356113256113256,0.9415094339622643,0,P15907:Q9Y5S9
RPL15,UFM1,0.7801530548612878,0.13655597874347875,0.5857142857142857,1.0,0,P61313:P61960
RPS7,CCDC124,0.35674183054921543,0.14444444444444446,0.5066666666666666,0.6041666666666666,-1,P62081:Q96CT7
VPS72,SRR,0.750794806882983,0.08846153846153847,0.4761904761904762,0.28935657596371883,0,Q15906:Q9GZT4
RPS15A,TWIST1,0.3289641310702354,0.1534937755276738,0.65,0.7057291666666667,0,P62244:Q15672
MRPL1,MRPS26,0.44084292575503575,1.0,0.5940559440559441,1.0,-1,Q9BYD6:Q9BYN8
RNF13,EGFR,0.1991918069297558,0.12415550906116943,0.3249525916561315,0.922194977146668,0,O43567:P00533
UBC,PSMA2,0.32105372043521296,0.39583333333333337,0.7824404761904762,1.0,-1,P0CG48:P25787
HAUS5,RGS2,0.09345180773818196,0.12318865345181135,0.4525641025641025,0.7820105820105819,-1,O94927:P41220
CDS2,H2BC18,-0.009373539318781739,0.0,0.3666666666666667,0.3333333333333333,0,O95674:Q5QNW6
EIF2S2,EIF4G1,0.7643655353963528,0.2669349033319622,0.7770186335403725,0.8744183518156121,-1,P20042:Q04637
CHRM2,TEX13A,-0.031147833581246735,0.0,0.0,0.7916666666666667,0,P08172:Q9BXU3
CD3G,TTC14,0.20112926747246934,0.0,0.0,0.3333333333333333,0,P09693:Q96N46
CD34,LAMTOR2,0.22775424736143057,0.18730158730158725,0.1983113812901046,0.9435626102292768,0,P28906:Q9Y2Q5
MRPL23,MRPS18C,0.6661769344294717,1.0,0.6240530303030303,0.7083333333333334,-1,Q16540:Q9Y3D5
TSHB,GNB1,0.008404450854646698,0.4726220538720538,0.45141442715700125,0.3025462962962963,-1,P01222:P62873
CCNB1,UBE2S,0.6497855261327138,0.15383254311825742,0.7518292682926829,0.37878787878787873,-1,P14635:Q16763
RPN1,SSR4,0.41314617319250574,0.0,0.3244444444444444,0.0,-1,P04843:P51571
KDM1A,SNAI1,0.21933070955459105,0.22858849904304449,0.5464285714285714,0.8929248529248529,1,O60341:O95863
RNASEH2A,PRSS55,0.09079036594806816,0.11919191919191918,0.5462962962962964,0.16666666666666666,0,O75792:Q6UWB4
UBC,UBE2D3,0.6531878202915725,0.49033680457829065,0.7893939393939394,0.7918595679012346,1,P0CG48:P61077
UFSP1,PLEKHA3,0.3691284897321059,0.1574074074074074,0.31666666666666665,0.9305555555555555,0,Q6NVU6:Q9HB20
IFT43,PSG8,0.41197455158955637,0.0,0.5,0.0,0,Q96FT9:Q9UQ74
HSPE1,KCTD20,0.2029347775924374,0.3125,0.5,1.0,0,P61604:Q7Z5Y7
SFN,ANKRD54,-0.02285888258026743,0.1919642857142857,0.5800000000000001,0.8333333333333333,0,P31947:Q6NXT1
HOXC8,MEOX2,0.26961425724819094,0.350279304029304,0.5133333333333333,0.9590657822001106,-1,P31273:P50222
CSF2RA,SMIM20,-0.28863292485316794,0.08333333333333333,0.288888888888889,1.0,0,P15509:Q8N5G0
ARID1A,ACTL6A,0.7968001953828004,0.2351435392159374,0.3639115646258503,0.8030303030303031,1,O14497:O96019
RPS29,RPS6,0.8136310552912579,0.35282041191132096,0.6630952380952381,0.47681704260651625,-1,P62273:P62753
RPLP1,RPL12,0.8922593843637618,1.0,0.6664761904761904,0.5416666666666667,-1,P05386:P30050
RBX1,CUL2,0.68884327749425,0.4774392274392274,0.7192307692307692,0.9313172043010753,1,P62877:Q13617
TCERG1,SF3A3,0.8239886915477019,0.7414965986394557,0.4031055900621116,0.8649068322981366,-1,O14776:Q12874
POLD2,TRIQK,0.2892809578799986,0.0,0.25,0.0,0,P49005:Q629K1
MRPL2,USB1,0.19196638508860306,0.11587301587301586,0.6000000000000001,0.12545454545454543,0,Q5T653:Q9BQ65
NUP62,AHCTF1,0.7484888982439304,0.2720959595959596,0.47435897435897434,0.25,-1,P37198:Q8WYP5
PLRG1,ARMC7,0.36993984356009774,0.625,1.0,1.0,-1,O43660:Q9H6L4
FGB,FGG,0.99986294844578,0.1787992007992008,0.7530904280904281,0.6739583333333333,1,P02675:P02679
GBGT1,LMBR1,0.21931225390563208,0.14583333333333331,0.25,0.1625,0,Q8N5D6:Q8WVP7
ZNF785,PECAM1,0.10133032863716973,0.07899304801478714,0.1617535903250189,0.9804347826086957,0,A8K8V0:P16284
MRAS,PRKAA1,-0.08914519845749033,0.10262943214750446,0.27027027027027023,0.6507083825265642,0,O14807:Q13131
MRPL30,GFM1,0.71304034897637,0.25,0.7083333333333334,0.1548611111111111,-1,Q8TCC3:Q96RP9
COX6B1,COX7B,0.9047395882121736,0.3861111111111111,0.6763392857142857,0.5625,-1,P14854:P24311
RPLP1,RPS23,0.8756788491263863,0.7725,0.6914053426248548,0.6590909090909091,-1,P05386:P62266
TMEM234,TMEM203,0.46344106895851916,0.0,0.26,1.0,-1,Q8WY98:Q969S6
TAS1R3,POLI,0.2592365052306558,0.09006410256410256,0.4444444444444444,0.155026455026455,0,Q7RTX0:Q9UNA4
MRPL33,MRPS15,0.3104796913573853,1.0,0.5039772727272727,0.5333333333333334,-1,O75394:P82914
BIRC5,MCHR1,-0.14237853825109414,0.19285714285714287,0.2972222222222222,0.37797619047619047,0,O15392:Q99705
RPS15A,EIF1AD,0.7942092397422253,0.25,0.4875,0.9648148148148149,-1,P62244:Q8N9N8
TUFM,MRPL57,0.5203669361795951,0.3333333333333333,0.3135822510822511,0.625,-1,P49411:Q9BQC6
RPLP0,LYAR,0.22706954964251214,0.08904151404151403,0.3727272727272727,0.7782608695652173,-1,P05388:Q9NX58
ARFIP2,TXNDC11,0.6272625012866394,0.0,0.5,1.0,0,P53365:Q6PKC3
MRPL30,MRPL20,0.7323757230464086,1.0,0.49829545454545454,0.3898809523809524,1,Q8TCC3:Q9BYC9
SSPN,RNF20,0.5989581562083762,0.11343841343841343,0.21031746031746032,0.0,0,Q14714:Q5VTR2
RSPO1,OR10G7,-0.09279454380361735,0.2121212121212121,0.3333333333333333,0.16666666666666666,0,Q2MKA7:Q8NGN6
EFTUD2,WBP11,0.8682595006053268,0.48333333333333334,0.8136363636363636,0.9338709677419355,-1,Q15029:Q9Y2W2
CRABP2,TSNAXIP1,-0.060562133699722846,0.17142857142857143,0.75,1.0,0,P29373:Q2TAA8
NDUFS8,AGBL2,0.1511542414061596,0.11688311688311688,0.2111111111111111,0.6547619047619047,0,O00217:Q5U5Z8
POLR2K,GTF2B,0.587233982251856,0.38023271371485656,0.6748015873015872,0.7200486096712511,1,P53803:Q00403
IK,PRPF31,0.8575106632695745,0.5376923076923077,0.3707301587301587,0.9703525641025641,-1,Q13123:Q8WWY3
PHYHIPL,RRAGC,-0.3601371027142732,0.0,0.4317275747508305,0.6699410774410776,0,Q96FC7:Q9HB90
CDC42,CDC42EP5,0.32077340424320755,0.3204545454545455,0.5875,0.3333333333333333,1,P60953:Q6NZY7
PSMA7,PSMB9,0.4592908546012559,0.3842105263157895,0.8607469015003263,0.9110275689223059,1,O14818:P28065
ECHDC2,EXO1,-0.17351497753765593,0.0820420592479416,0.2177777777777777,0.20476190476190476,0,Q86YB7:Q9UQ84
MRM3,MRPL17,0.5629375210526081,0.125,0.2491258741258741,0.8125,-1,Q9HC36:Q9NRX2
PPP2CB,PSMG4,0.2577166075196828,0.2,1.0,0.5,0,P62714:Q5JS54
GTF2F2,GTF2F2,1.0,0.5166666666666667,0.9517647058823532,0.7720959595959596,1,P13984:P13984
MDH1B,TRIM50,0.04474776119822893,0.09090909090909091,0.0,0.13931623931623932,0,Q5I0G3:Q86XT4
NCBP2,SNRPG,0.7710249148955839,0.6875850340136054,0.45905483405483405,0.903125,-1,P52298:P62308
TMEM82,OTUB1,-0.32584555397197984,0.0,0.3666666666666667,0.0,0,A0PJX8:Q96FW1
POLR2K,POLR2L,0.2680379923904925,0.5771929824561404,0.9303278688524589,0.7838151927437643,1,P53803:P62875
RPS3,IRF2BP2,0.6296865809995461,0.1708333333333333,0.65,0.17777777777777778,0,P23396:Q7Z5L9
B4GALT1,PSMA1,0.7519131396151522,0.16388888888888892,0.4486062717770036,0.9967248908296943,0,P15291:P25786
RPS27A,RPL6,0.9493456388683427,0.8452380952380952,0.6094387755102042,0.5166666666666667,-1,P62979:Q02878
NFKBIA,PSENEN,0.16315271884679622,0.1343045843045843,0.6270408163265306,0.8991596638655461,0,P25963:Q9NZ42
VGF,IFNA2,-0.030143941999353045,0.20573893698893697,0.5277777777777778,0.375,0,O15240:P01563
WDR46,UTP3,0.7556703644548675,0.347008547008547,0.5481481481481482,0.375,-1,O15213:Q9NQZ2
CWF19L2,PRPF19,0.5003511717674947,0.31297550488726955,0.6279922779922781,0.9065058479532165,-1,Q2TBE0:Q9UMS4
HNRNPCL1,SLC26A5,0.11909062621786286,0.0,0.21333333333333332,0.3387125220458554,0,O60812:P58743
OR2C1,VIP,-0.1551208984654453,0.22941414645960095,0.3142857142857142,0.3257142857142858,0,O95371:P01282
VASH2,TUBB2B,-0.08067975987243753,0.22875180375180376,0.4348412698412698,0.39826388888888886,-1,Q86V25:Q9BVA1
RPL37AP8,GPR137C,0.1415855890651401,0.07142857142857142,0.08333333333333333,0.0,0,A6NKH3:Q8N3F9
MEX3A,RNLS,0.372775609597748,0.0,0.5,0.188265306122449,0,A1L020:Q5VYX0
SEC22B,KRTAP4-12,-0.058376326506900965,0.0,0.18055555555555555,1.0,0,O75396:Q9BQ66
SHOC2,SHOC2,1.0,0.3473605882775433,0.5278571428571428,0.7757936507936508,1,Q9UQ13:Q9UQ13
CILP,HBB,-0.09206029166116168,0.08917748917748916,0.3885416666666667,0.23051378446115284,0,O75339:P68871
HDDC3,HDDC3,1.0,0.0,0.0,0.9069444444444444,1,Q8N4P3:Q8N4P3
H2BC11,H2AX,0.43742023841013533,0.14271170748443476,0.7238930659983293,0.9371428571428573,1,P06899:P16104
RNF113A,PPIE,0.5457949819523712,0.38099415204678366,0.6574646074646076,0.6701058201058201,-1,O15541:Q9UNP9
TPM3,BICDL1,-0.09731929219554893,0.13522727272727272,0.41666666666666663,0.41666666666666663,0,P06753:Q6ZP65
NTMT2,CLEC9A,0.18718191042251903,0.07720588235294117,0.5,0.125,0,Q5VVY1:Q6UXN8
BDP1,POLR3K,0.516023608081156,0.06666666666666667,0.6166666666666667,0.5978835978835979,-1,A6H8Y1:Q9Y2Y1
SOX2,HLF,0.21022689552397844,0.63,0.5857142857142857,0.5683006535947712,0,P48431:Q16534
SAP18,POP5,0.03788529477153487,0.18749999999999997,0.24131393298059964,0.8968750000000001,0,O00422:Q969H6
BMI1,EBP,-0.25299764474971,0.23368377654091937,0.2857142857142857,0.9484777517564402,0,P35226:Q15125
RBPJ,MAML1,0.801465922645183,0.3794995013777263,0.8843434343434344,0.85,1,Q06330:Q92585
TTLL8,RNF13,-0.0695397752589706,0.10220588235294117,0.35761904761904767,0.28089225589225586,0,A6PVC2:O43567
AIMP2,TMC7,0.13742976886688318,0.12698412698412698,0.6666666666666666,0.15476190476190477,0,Q13155:Q7Z402
CSHL1,EIF1AD,0.131980943089932,0.2,0.3625,0.9648148148148149,0,Q14406:Q8N9N8
CRNKL1,C9orf78,0.606133481278862,0.540625,0.6047619047619047,0.7222222222222222,0,Q9BZJ0:Q9NZ63
RRP9,UTP3,0.8222412872171309,0.347008547008547,0.5481481481481482,0.875,-1,O43818:Q9NQZ2
FATE1,RNF183,0.6903000405850629,0.20312095312095313,0.5352380952380953,0.9262411347517733,-1,Q969F0:Q96D59
TRIM42,EFHD1,-0.041803744590691166,0.06971153846153846,0.0,0.1717171717171717,0,Q8IWZ5:Q9BUP0
MTREX,SPHK1,0.5531421310313174,0.10719912475231622,0.4566378066378067,0.4664682539682539,0,P42285:Q9NYA1
PBDC1,INO80,0.7688567919828666,0.0,0.0,0.6593406593406593,0,Q9BVG4:Q9ULG1
TLR2,SPIRE2,-0.16508036662736073,0.12405603655603656,0.4785714285714286,0.611111111111111,0,O60603:Q8WWL2
CBL,NUDT9,0.11987908266614322,0.10989010989010989,0.3509259259259259,0.34375,0,P22681:Q9BW91
IDH3G,RCC1L,0.5203632500852692,0.1088095238095238,0.2281746031746032,0.6444196428571428,0,P51553:Q96I51
KLF11,PNKD,-0.14688181130642877,0.14,0.4803571428571428,0.8158730158730159,0,O14901:Q8N490
DNTTIP2,DHX37,0.8455754895083136,0.27965957653457657,0.5907407407407408,0.22930796055796054,-1,Q5QJE6:Q8IY37
RPS16,BMS1,0.740547385287046,0.5303030303030303,0.6407407407407407,0.41761363636363635,-1,P62249:Q14692
TRIM77,ELK4,-0.013947863568192097,0.23333333333333334,0.4625,0.11040404040404042,0,I1YAP6:P28324
RPS5,CCDC124,0.31345064438774073,0.17841880341880342,0.5066666666666666,0.6041666666666666,-1,P46782:Q96CT7
PFDN5,PODXL2,-0.1481454706365619,0.16666666666666666,0.26666666666666666,0.8666666666666666,0,Q99471:Q9NZ53
TUT4,HDDC3,0.3299500235992825,0.0,0.0,0.9069444444444444,0,Q5TAX3:Q8N4P3
SEC61G,RPL6,0.629445447880176,0.08051099227569816,0.6094387755102042,0.425,-1,P60059:Q02878
PPIH,ZMAT2,0.6017049323271066,1.0,0.4935714285714286,0.9722906403940887,-1,O43447:Q96NC0
USP2,UBA52,-0.15201510924050152,0.38095238095238093,0.607653997378768,0.8333333333333333,-1,O75604:P62987
RPL10A,RPL10A,1.0,0.82,0.6422161172161173,0.7,0,P62906:P62906
UBL5,LSM4,0.5912677905882702,0.4321428571428572,0.39733893557422967,0.8988095238095238,-1,Q9BZL1:Q9Y4Z0
CENPC,H2BC18,0.3475866062303318,0.0,0.5333333333333334,0.4444444444444445,1,Q03188:Q5QNW6
C20orf173,SMCO4,0.19900585798440348,0.0,1.0,1.0,0,Q96LM9:Q9NRQ5
GOLGA8CP,MYD88,-0.06840691315813968,0.09037847986057704,0.28026744944553156,0.0,0,A6NN73:Q99836
GARS1,BATF,0.3524987903469851,0.06531011128534348,0.37,0.8881263616557734,-1,P41250:Q16520
CCNO,SNRPE,-0.12469842807548964,0.11950549450549451,0.3009486607142857,0.9791666666666666,0,P22674:P62304
RNF113A,ARMC7,0.3851296134210574,0.625,1.0,1.0,-1,O15541:Q9H6L4
EPB42,GRB2,0.29727699675798774,0.14217878081514446,0.34361890589569166,0.9809264069264069,0,P16452:P62993
PENK,PMAIP1,-0.05116259304775528,0.1752657527657528,0.29888888888888887,1.0,0,P01210:Q13794
RPL29,ABCE1,0.6679612524559,0.13531746031746034,0.5259259259259259,0.21497514830848163,-1,P47914:P61221
GFY,KRTAP10-3,0.7100104366691243,0.0,0.15000000000000002,0.0,0,I3L273:P60369
TSPAN2,IGHV3-7,-0.09181972819134514,0.21875,0.5702380952380952,0.5,0,O60636:P01780
NDUFS1,NDUFA9,0.7425364166509411,0.25768987956487954,0.5571428571428572,0.6845238095238095,1,P28331:Q16795
LRPPRC,MRPL40,0.47616988205970384,0.16666666666666666,0.3077094474153298,0.90625,-1,P42704:Q9NQ50
LDHC,COPS3,0.5236958109574037,0.08353365384615384,0.557142857142857,1.0,0,P07864:Q9UNS2
GFRA3,PACSIN2,0.14376551925315473,0.15297619047619046,0.5397186147186147,0.943809523809524,0,O60609:Q9UNF0
NOA1,MRPS31,0.666360019114008,0.125,0.29235537190082644,0.55,-1,Q8NC60:Q92665
SH3BGR,CDC20,-0.11018916950455727,0.0,0.45157232704402517,0.9548685145700071,0,P55822:Q12834
CD82,COPS8,-0.048366022184658915,0.0,0.27432712215320915,1.0,0,P27701:Q99627
AQR,SPRING1,0.2147086719399267,0.07692307692307693,0.3333333333333333,1.0,0,O60306:Q9H741
H2BC10,ITGB3BP,0.5560256900174182,0.12048992673992673,0.7863636363636364,1.0,-1,P62807:Q13352
NDUFA3,NDUFA7,0.5955209556831068,0.5271493212669683,0.6178571428571428,0.78125,-1,O95167:O95182
TRIM37,TMEM52B,-0.09171525011876525,0.0,0.3333333333333333,1.0,0,O94972:Q4KMG9
NDUFAB1,UQCRC1,0.7796061942396363,0.5451298701298701,0.45346320346320346,0.9188095238095237,-1,O14561:P31930
RPS28,RPL24,0.8102782502499409,0.6277777777777777,0.6696649029982362,0.5892857142857143,-1,P62857:P83731
MCM2,TMEM186,0.5478229789564495,0.25,0.26136363636363635,1.0,0,P49736:Q96B77
MCM2,ELOB,0.12624708471184073,0.13811079987550576,0.5617283950617284,0.9431818181818182,-1,P49736:Q15370
VPS26A,PPIG,0.788873876711854,0.11342592592592593,0.5722222222222222,0.7766666666666667,0,O75436:Q13427
ORC1,FAM50A,0.00854765937670811,0.12555555555555556,0.6000000000000001,0.75,0,Q13415:Q14320
SLIRP,MRPL46,0.47233231451108254,0.1111111111111111,0.28991477272727273,0.25,-1,Q9GZT3:Q9H2W6
RPS6,MCTS1,0.5394734345042633,0.12723214285714285,1.0,0.6462962962962963,-1,P62753:Q9ULC4
POLR2L,POLR3K,0.08796121951820526,0.37254901960784315,0.6166666666666667,0.5978835978835979,-1,P62875:Q9Y2Y1
NECTIN4,MRPL42,0.10061866777324821,0.13392857142857142,0.2378472222222222,0.25,0,Q96NY8:Q9Y6G3
NDUFA3,NDUFB8,0.599845418885804,0.3496969696969697,0.4868421052631578,1.0,-1,O95167:O95169
EIF2B3,ATP8A2,0.048229081998403055,0.13185826519159854,0.33444444444444443,0.23958333333333334,0,Q9NR50:Q9NTI2
STEEP1,ISY1,0.845441448133562,0.11904761904761904,0.7703809523809524,0.9791666666666666,0,Q9H5V9:Q9ULR0
MRPL28,MRM3,0.479598019160868,0.12142857142857143,0.5625,0.8173913043478263,-1,Q13084:Q9HC36
DMBX1,YEATS2,0.04159825916167595,0.46471380471380463,0.2199023199023199,0.4336734693877551,0,Q8NFW5:Q9ULM3
CD8A,GPR162,-0.04920365188792117,0.5,1.0,0.7222222222222223,0,P01732:Q16538
NDUFA5,UQCR10,0.6444918404870836,0.5181818181818182,0.7060185185185185,0.5625,-1,Q16718:Q9UDW1
MED14,PACRGL,0.3116300285522323,0.0,0.0,1.0,0,O60244:Q8N7B6
HTATSF1,SF3B4,0.16144708084538995,0.7863636363636363,0.5064761904761904,0.9683098591549296,-1,O43719:Q15427
IGHA2,BMP8A,-0.031210768270393274,0.175,1.0,0.3333333333333333,0,P01877:Q7Z5Y6
MALSU1,MRPL35,0.3420788409129851,0.11805555555555555,0.30817099567099565,0.625,-1,Q96EH3:Q9NZE8
CSNK1A1,RPS24,0.649751604830385,0.18876262626262627,0.7233766233766233,0.35714285714285715,-1,P48729:P62847
CRYBB3,TAL2,0.08296130879827411,0.2887179487179487,0.0,0.5373015873015874,0,P26998:Q16559
CENPP,H2AC6,0.07059712677223619,0.11309523809523808,0.5166666666666668,0.6,-1,Q6IPU0:Q93077
SPRED1,OSGEP,0.22014441693332562,0.07905982905982906,0.35666666666666663,0.8619047619047618,-1,Q7Z699:Q9NPF4
CCT6A,CAPRIN2,0.27104198006093955,0.12294700249245703,0.5393333333333333,0.80625,0,P40227:Q6IMN6
DDX24,DIS3,0.6681355452232404,0.44791666666666663,0.3954648526077097,0.6654761904761904,0,Q9GZR7:Q9Y2L1
TBP,GABRB2,0.0017255303182923832,0.09741724325057659,0.24349206349206354,0.12018140589569162,0,P20226:P47870
SYT1,S100A13,-0.05978890540111011,0.12740384615384615,0.45641025641025634,0.5515873015873016,1,P21579:Q99584
POLR2L,POLR3E,0.39512339509397243,0.0625,0.6846153846153845,0.0,1,P62875:Q9NVU0
RPS20,TSR1,0.5109609963602809,0.11805555555555555,0.5666666666666667,0.4421296296296296,-1,P60866:Q2NL82
SURF6,RPL37,0.7611817357458475,0.10982905982905984,0.396103896103896,0.412063492063492,-1,O75683:P61927
MRPL3,NUDT10,0.04740241502643021,0.11180555555555555,0.24285714285714285,0.19770408163265304,0,P09001:Q8NFP7
UBA52,RPL38,0.7933082713058607,0.4032106782106781,0.6499047619047619,0.7361111111111112,-1,P62987:P63173
POLR2E,SNAPC4,0.40418295206077853,0.6666666666666666,0.8,0.6009259259259259,-1,P19388:Q5SXM2
EI24,RPL14,0.3403708000347024,0.13558201058201058,0.683531746031746,0.6176470588235294,0,O14681:P50914
CYSRT1,CFP,-0.04839908611538133,0.12705026455026455,0.19890873015873017,1.0,-1,A8MQ03:P27918
CNR1,PABPC1L2A,0.3571993276936774,0.0,0.2519047619047619,0.15079365079365079,0,P21554:Q5JQF8
RAMP1,C1orf50,0.1591298185949288,0.3333333333333333,0.5,1.0,0,O60894:Q9BV19
PPIL3,RBM22,0.8040597890873888,0.37528796739323056,0.5636243386243387,0.6520833333333333,0,Q9H2H8:Q9NW64
FOXH1,SMAD2,-0.013435159541408176,0.2207242541128208,0.45081300813008135,0.8248319748319746,1,O75593:Q15796
RNF168,PARD6B,0.16019538648153936,0.16396825396825396,0.42453703703703694,1.0,0,Q8IYW5:Q9BYG5
SRRM1,WBP11,0.7993916578418822,0.48333333333333334,0.8136363636363636,0.9338709677419355,-1,Q8IYB3:Q9Y2W2
GTF2F2,GTF2E2,0.6480223046282982,0.625,0.9197530864197532,0.8,1,P13984:P29084
HUS1,TOLLIP,-0.11954750883086249,0.14895382395382398,0.5909863945578231,0.9363799283154122,0,O60921:Q9H0E2
FAAP100,FMNL3,0.4878321019649162,0.08951881451881452,0.6027777777777777,0.6666666666666666,0,Q0VG06:Q8IVF7
RPL35,UFM1,0.6306885999514072,0.13655597874347875,0.5428571428571428,0.25,0,P42766:P61960
SLIRP,MRPS28,0.6201728169169696,0.1111111111111111,0.262310606060606,1.0,-1,Q9GZT3:Q9Y2Q9
MRPL11,MRPS18C,0.8525678894767987,1.0,0.6240530303030303,0.7083333333333334,-1,Q9Y3B7:Q9Y3D5
ALOX15B,NGLY1,0.05874147954791929,0.20833333333333334,0.675,0.9063492063492065,0,O15296:Q96IV0
RPS28,RPL31,0.8691642419157036,1.0,0.6769841269841269,0.7916666666666666,-1,P62857:P62899
NDUFA2,UQCRB,0.3009381048304481,0.8,0.6335034013605442,0.125,-1,O43678:P14927
JAGN1,MRPL37,0.715482898095965,0.13392857142857142,0.22105820105820106,0.25,0,Q8N5M9:Q9BZE1
MRPS31,SLIRP,0.47726352372654746,0.09916666666666667,0.535515873015873,0.9166666666666666,-1,Q92665:Q9GZT3
IST1,MTUS1,0.18906146015622768,0.09090909090909091,0.4072222222222222,0.8888888888888888,0,P53990:Q9ULD2
ESS2,GABARAPL1,0.11659885833200048,0.09578865578865578,0.25320512820512825,0.9638694638694637,0,Q96DF8:Q9H0R8
TOMM40,TOMM40,0.9999999999999998,0.6319444444444445,0.3675438596491228,0.5238095238095238,1,O96008:O96008
MTREX,EXOSC2,0.7550147192417327,0.36489151873767256,0.4589371980676328,0.9101351351351352,1,P42285:Q13868
NDUFB6,MT-ND4L,0.3036797855317406,0.41439393939393937,0.6142857142857142,1.0,-1,O95139:P03901
APOD,KRTAP13-3,0.0,0.0,0.3333333333333333,1.0,0,P05090:Q3SY46
FANCE,PARVA,0.23419030115355402,0.09018737672583826,0.41574074074074074,0.9437229437229437,0,Q9HB96:Q9NVD7
NCBP2,SF3B5,0.6523931935240047,0.6864121087031303,0.47571428571428565,0.925,-1,P52298:Q9BWJ5
SMIM24,RBL1,-0.15975921945086513,0.16973304473304474,0.48214285714285715,0.4774305555555555,0,O75264:P28749
FOXR1,LYG2,0.841090877458779,0.09272727272727274,0.5,0.42857142857142855,0,Q6PIV2:Q86SG7
ANO4,LEO1,0.08456449623023697,0.09980609668109669,0.29532967032967034,0.9591836734693877,0,Q32M45:Q8WVC0
GNL3,PPAN,0.8549140934418017,0.09090909090909091,0.4537037037037037,1.0,-1,Q9BVP2:Q9NQ55
MEOX2,ANKRD30B,0.21977662865530442,0.3333333333333333,0.5,0.5,0,P50222:Q9BXX2
ARL8B,MTRES1,0.20195680999505253,0.10317460317460315,0.2,0.5571428571428572,0,Q9NVJ2:Q9P0P8
TRAF4,GOLGA2P5,0.5365647730119211,0.0,0.0,1.0,0,Q9BUZ4:Q9HBQ8
MRPL18,MRM3,0.41753492035242507,0.12142857142857143,0.5625,0.8173913043478263,-1,Q9H0U6:Q9HC36
CCT7,MAGED2,0.5537776373956753,0.1226107226107226,0.47428571428571437,1.0,0,Q99832:Q9UNF1
PSMA7,ZNF749,0.38525739252467556,0.05263157894736842,1.0,0.17500000000000002,0,O14818:O43361
ESS2,ISY1,0.6784535434194464,0.5345238095238096,0.2677777777777777,0.9791666666666666,-1,Q96DF8:Q9ULR0
SSC4D,PLSCR4,0.012331460623037378,0.0,1.0,0.0,-1,Q8WTU2:Q9NRQ2
UBE2M,NAE1,0.41063606300095257,0.4092565263019808,0.7685185185185185,0.816017316017316,1,P61081:Q13564
IK,LSM5,0.5060218468070565,0.7202380952380952,0.3973809523809525,0.9568965517241379,-1,Q13123:Q9Y4Y9
GFRA2,E2F1,0.0832284566519421,0.10591668867530936,0.434108527131783,0.15425745906515134,0,O00451:Q01094
RPLP2,RPL36,0.9061699375990117,1.0,0.6708994708994709,0.5833333333333334,-1,P05387:Q9Y3U8
SNU13,MUCL1,0.01099338985853666,0.0,0.22063492063492066,1.0,0,P55769:Q96DR8
SNRPG,DHX38,0.5837935229123655,0.6944444444444445,0.7333333333333333,0.45308123249299725,-1,P62308:Q92620
LSM8,POLH,0.6094708201865819,0.11167600373482725,0.8438596491228069,0.5775,0,O95777:Q9Y253
PRKAR2A,AKAP1,0.721471307254151,0.10989010989010989,0.4166666666666667,0.7916666666666666,1,P13861:Q92667
RPS14,RPS27A,0.9550744407037859,0.5902777777777778,0.8273681515617,0.7761111111111111,-1,P62263:P62979
RPS17,LRRC47,0.3849324278003569,0.16666666666666666,0.0,0.45,-1,P08708:Q8N1G4
TP53TG5,ARL5A,-0.1070012822894475,0.11071428571428571,0.625,0.12037037037037036,0,Q9Y2B4:Q9Y689
TAF1,GTF2E2,0.7171717596928461,0.625,0.9197530864197532,0.8,-1,P21675:P29084
SMAD9,SMAD4,0.6222207857305826,0.20780784657903303,0.7495884773662551,0.8590870352615319,1,O15198:Q13485
LIPA,NBR1,0.19320611503575738,0.16262626262626262,0.40340909090909083,0.13858973005314468,0,P38571:Q14596
H2AC18,RNF44,0.3904030615206773,0.058823529411764705,0.0,0.8464646464646464,0,Q6FI13:Q7L0R7
RPL7,RPS19,0.8609015920969367,0.2670131951381951,0.6760797342192691,0.7017543859649122,-1,P18124:P39019
CSNK1A1,TSR1,0.6258594224442566,0.10555555555555556,0.5666666666666667,0.4421296296296296,-1,P48729:Q2NL82
WDR46,RPS7,0.7698949114955541,0.25798384621914033,0.43995238095238093,0.35245310245310246,-1,O15213:P62081
FAHD1,FAHD1,1.0,0.625,0.690625,0.5142857142857145,1,Q6P587:Q6P587
CFI,H3C13,-0.20496761860390264,0.11428571428571428,0.4714285714285714,0.9166666666666666,0,P05156:Q71DI3
MARVELD3,ODAD1,-0.05262470745844901,0.15646258503401358,0.32857142857142857,1.0,0,Q96A59:Q96M63
NDUFA10,PABIR1,0.41072975313316584,0.07119514472455649,0.55,0.09388528138528138,0,O95299:Q96E09
NDUFA5,COMMD2,0.001318167157180389,0.0,0.2,1.0,0,Q16718:Q86X83
FOXE1,PDPN,-0.034692389228743944,0.2195971620971621,0.31351351351351353,0.7434920634920634,0,O00358:Q86YL7
CRBN,TBC1D7,0.3707360608027462,0.13357864357864357,0.4047619047619047,0.9256678281068526,0,Q96SW2:Q9P0N9
OR56A3,TRAF4,0.03394288662809623,0.17162698412698413,0.3299319727891156,0.16362722462722462,0,Q8NH54:Q9BUZ4
BEST1,CRHR2,-0.06654504649671722,0.31062271062271063,0.8666666666666667,0.6465608465608466,0,O76090:Q13324
PSMA7,PSMA7,1.0,1.0,0.8074874686716792,1.0,1,O14818:O14818
CCK,LTA4H,-0.2853816286068232,0.13354205318491033,0.47733333333333333,0.19473684210526315,0,P06307:P09960
HSBP1,ITLN2,-0.0023428124399923326,0.0,0.5,0.6333333333333334,0,O75506:Q8WWU7
RPL21,RRP15,0.7169367711900602,0.125,0.2,0.0,0,P46778:Q9Y3B9
TGFBR2,SYS1,0.5871716627614917,0.11203703703703705,0.44791666666666663,1.0,0,P37173:Q8N2H4
AHCYL1,CDKN2C,-0.02897415865355174,0.1422110717565263,0.58,0.9585687382297553,1,O43865:P42773
RBX1,SKP1,0.5874310552964227,0.43740343507424256,0.6557765151515151,0.9854413702239789,1,P62877:P63208
DDX28,MRPL16,0.7381313385410082,0.1111111111111111,0.2491258741258741,0.5833333333333334,1,Q9NUL7:Q9NX20
STX11,GPNMB,0.17099458321644348,0.10940552503052503,0.8333333333333334,0.6354166666666666,0,O75558:Q14956
ZC3H11A,GABRB2,-0.17056107727431558,0.07434747986218575,0.21063492063492056,0.12018140589569162,0,O75152:P47870
REELD1,TEX35,0.06595830592301878,0.0,0.18888888888888888,0.0,0,A0A1B0GV85:Q5T0J7
CDC40,STEEP1,0.8026247787952371,0.08927738927738928,0.5990196078431372,0.75,0,O60508:Q9H5V9
RPS5,RPS18,0.9605394933813555,1.0,0.6919501133786847,0.62,-1,P46782:P62269
RPS15A,RPS18,0.9440345097702019,1.0,0.6919501133786847,0.62,-1,P62244:P62269
PCNA,POLD2,0.5807987873207862,0.43,0.8625,0.9642857142857143,1,P12004:P49005
HLA-DMB,OR52N5,0.5025623375182665,0.14583333333333331,0.2,0.16666666666666666,0,P28068:Q8NH56
COX14,SUPT16H,0.16777702627357938,0.0975240298548569,0.20643274853801172,0.8194444444444445,0,Q96I36:Q9Y5B9
H4C1,CENPN,0.2652404304973887,0.26666666666666666,0.6767857142857142,1.0,1,P62805:Q96H22
POU2AF1,PPP1R27,-0.029868405482125562,0.0,0.0,0.8673469387755102,0,Q16633:Q86WC6
POLR2H,MED31,0.4662829358244673,0.06559909388856758,0.38333333333333336,0.17430555555555557,-1,P52434:Q9Y3C7
NDUFB8,NDUFA11,0.370486941403764,0.38585858585858585,0.6576923076923076,0.125,-1,O95169:Q86Y39
RPS17,MCTS1,0.5528591790266569,0.18988095238095237,1.0,0.31216931216931215,-1,P08708:Q9ULC4
ZCCHC2,GABARAPL1,0.16127378051496918,0.0,0.30512820512820515,0.3251248751248751,0,Q9C0B9:Q9H0R8
IDH3G,PRSS42P,0.03271821735101671,0.2148148148148148,0.19166666666666665,0.14285714285714285,0,P51553:Q7Z5A4
CSF3R,GAR1,-0.16438850959230067,0.10606060606060605,0.3532091097308489,0.2705128205128205,0,Q99062:Q9NY12
CSF2RA,MRPL1,-0.28504245646189424,0.1,0.22530864197530864,0.625,0,P15509:Q9BYD6
EFNA2,EFNA2,1.0,0.31160814494147826,0.8476190476190476,0.75,0,O43921:O43921
RPS9,RPS3A,0.94927072782269,0.6632575757575757,0.6850793650793651,0.6944444444444444,-1,P46781:P61247
RPS3,RPS20,0.9190534902348778,0.8461538461538461,0.7799422799422799,0.7023809523809523,1,P23396:P60866
MACROH2A1,MS4A1,0.29517958035525477,0.10969994058229353,0.47857142857142854,0.9387254901960783,0,O75367:P11836
LSM8,COMMD9,0.235821012673948,0.06696428571428571,0.49743589743589745,1.0,0,O95777:Q9P000
BMP8B,NAE1,0.21586481896659393,0.2514561196379378,0.4351851851851852,0.2848484848484849,0,P34820:Q13564
CSF2,CSF2,1.0,0.20115688908792356,0.8871100164203611,0.6969696969696969,1,P04141:P04141
RPLP1,RPL4,0.8862929033090406,1.0,0.6076354679802956,0.8189655172413793,-1,P05386:P36578
PSMG3,WRAP53,0.7245290045237766,0.09457651358911863,0.3233333333333333,0.6638095238095237,0,Q9BT73:Q9BUR4
CDC37,ZNF800,0.7737430962311641,0.1636363636363636,0.2,0.2333333333333333,0,Q16543:Q2TB10
GTPBP6,MRPL34,0.21036551216584218,0.0,0.2432359307359307,0.16666666666666666,-1,O43824:Q9BQ48
MED7,POLR2H,0.6370474464517012,0.25,0.9241803278688523,0.125,-1,O43513:P52434
RPS9,RPS5,0.9697513530900462,0.6599999999999999,0.7040726817042606,0.5769230769230769,-1,P46781:P46782
TNIP1,CIB1,0.2918335407511287,0.13058254876436692,0.39999999999999997,0.8719498910675381,0,Q15025:Q99828
CUL1,C9orf152,-0.1847047852063887,0.0,0.0,1.0,0,Q13616:Q5JTZ5
MAPK12,POLR3B,0.10811223028602047,0.0967794831431195,0.4888888888888888,0.1363155363155363,0,P53778:Q9NW08
PRKAR2A,RUNX1T1,0.15878580207279436,0.12828282828282828,0.4571428571428572,0.9515957446808513,1,P13861:Q06455
FCN3,STK17A,0.08639156116087501,0.13514911014911013,0.26666666666666666,0.10868055555555556,0,O75636:Q9UEE5
UFM1,RPL30,0.6883274270812171,0.1369047619047619,0.36968253968253956,0.4375,0,P61960:P62888
ICE2,GAD1,-0.3547410736113713,0.07006639194139194,0.28846153846153844,0.8394557823129251,0,Q659A1:Q99259
TTC36,POLR2F,-0.11438939603387017,0.08173076923076923,0.0,0.0,0,A6NLP5:P61218
RPLP1,RPS24,0.826241551779823,0.48839285714285713,0.7233766233766233,0.6476190476190476,-1,P05386:P62847
RPS15A,RPL36A,0.9676498983544887,1.0,0.7161490683229814,0.6666666666666667,-1,P62244:P83881
MPG,ACSM3,0.10363607181760816,0.10039960039960041,0.7083333333333334,0.21468253968253967,0,P29372:Q53FZ2
RPS17,RPS28,0.9432617231732275,0.522077922077922,0.7066924066924067,0.467948717948718,-1,P08708:P62857
GTF2F2,POLR2B,0.6229831729043724,0.5416666666666666,0.9637820512820513,0.2113237639553429,1,P13984:P30876
WNT2,GZMB,0.1174202469328972,0.1475550765024449,0.4991666666666667,0.38945578231292516,0,P09544:P10144
PRR23D1,NUDT21,0.0,0.0,0.0,0.851978021978022,0,E9PI22:O43809
ARHGEF10,ODC1,0.2084120171079243,0.14365079365079367,0.8571428571428571,0.7008928571428571,0,O15013:P11926
RBX1,ELOB,0.47718487296036405,0.22777777777777777,0.6172839506172839,0.9393939393939393,1,P62877:Q15370
VBP1,CCT2,0.3242876136184217,0.3980751391465677,0.6112637362637362,0.8899051490514904,-1,P61758:P78371
EIF3A,PPP2R3B,0.241080533921577,0.17142857142857143,0.5607142857142857,0.7222222222222223,0,Q14152:Q9Y5P8
RPL17,UBA52,0.7267450507640227,0.7023809523809524,0.8296723460026213,0.8333333333333333,-1,P18621:P62987
PTH,LIM2,-0.05213950624225566,0.21666666666666667,0.3611111111111111,0.25,0,P01270:P55344
IGKV2-29,PSENEN,0.052593888596970936,0.11988705738705738,0.6270408163265306,0.0,0,A2NJV5:Q9NZ42
RPS29,RPS11,0.8112543533515411,0.8541666666666666,0.7208494208494208,0.4372294372294373,1,P62273:P62280
NDUFC2,NDUFA8,0.2459848459027605,0.3496969696969697,0.5553819444444444,0.7708333333333334,1,O95298:P51970
NDUFS6,MT-ND1,0.013882493672824682,0.33287419651056016,0.5877777777777777,0.4375,-1,O75380:P03886
SEC24A,CTNNA3,-0.26012028430984574,0.12578347578347576,0.24999999999999997,0.9857723577235772,0,O95486:Q9UI47
CD3D,CD3G,0.9928712266931705,0.31407407407407406,0.8418518518518519,0.7511111111111111,1,P04234:P09693
RPSA,SLX9,0.2793888669116758,0.1111111111111111,0.17777777777777778,1.0,-1,P08865:Q9NSI2
MRPL50,H2BC13,0.43537954071030893,0.09090909090909091,0.39333333333333337,0.0,0,Q8N5N7:Q99880
SERPINB2,EVI2B,-0.018405791791236272,0.23585858585858585,1.0,0.125,0,P05120:P34910
UBB,PSMA1,0.21688077632902125,0.29791666666666666,0.7778745644599303,0.9970887918486171,-1,P0CG47:P25786
GPATCH11,ASF1B,0.4517826813620927,0.0,0.1976190476190476,0.8857142857142856,0,Q8N954:Q9NVP2
KRTAP4-3,PNO1,0.03908077828479035,0.125,0.3952380952380952,0.0,0,Q9BYR4:Q9NRX1
SERAC1,IKZF3,-0.2302833500237804,0.08655525030525031,0.3190476190476191,0.0,0,Q96JX3:Q9UKT9
RPL23A,MRPL50,0.5078169574032505,1.0,0.27647058823529413,0.0,0,P62750:Q8N5N7
MRPL40,CEMIP2,0.03376812518637585,0.1814814814814815,0.3595238095238095,0.2833333333333333,0,Q9NQ50:Q9UHN6
HABP4,BRF2,0.05187016468903914,0.10584693084693085,0.3272222222222222,0.4805555555555556,0,Q5JVS0:Q9HAW0
ACTB,NAA80,0.027516650453398645,0.18432539682539684,0.8333333333333334,0.38583333333333336,1,P60709:Q93015
PTMS,C2orf15,-0.13821720977397553,0.0,0.0,0.8666666666666667,0,P20962:Q8WU43
RPL17,RPL36,0.9347777467532816,1.0,0.6708994708994709,0.5833333333333334,-1,P18621:Q9Y3U8
NOL3,KCP,-0.09808205474562331,0.2,0.5,0.0,0,O60936:Q6ZWJ8
RPS17,FASTK,0.4266233664737682,0.15411324786324787,0.25,0.26106060606060605,0,P08708:Q14296
BCAS2,MGST1,-0.12230503727749581,0.11666666666666665,0.2604401154401154,0.7476190476190476,0,O75934:P10620
MRPL9,TAF9B,0.5769168851118333,0.10995896464646464,0.1830546265328874,0.7976190476190477,0,Q9BYD2:Q9HBM6
PALM,SUCLA2,0.25924613771205596,0.11100803957946816,0.2623048668503214,0.8078703703703705,0,O75781:Q9P2R7
PPIL4,PPIE,0.857947118082492,0.37865497076023397,0.6574646074646076,0.6701058201058201,0,Q8WUA2:Q9UNP9
SNIP1,LSM4,0.5431831276375483,0.4321428571428572,0.39733893557422967,0.8988095238095238,-1,Q8TAD8:Q9Y4Z0
TIPRL,GABARAP,0.28134770941772114,0.11059303943919328,0.4131519274376417,0.9205607476635514,0,O75663:O95166
RFC5,XRN2,0.7248213395958971,0.1570294784580499,0.48,0.7311827956989247,0,P40937:Q9H0D6
RPL17,PCSK9,-0.21310152327205298,0.14069264069264067,0.3367243867243867,0.625705467372134,1,P18621:Q8NBP7
MRE11,FHL3,-0.017405822678133887,0.175,0.3669642857142857,0.988,0,P49959:Q13643
ATP2A1,CD160,-0.08236275972863938,0.10723019670388094,0.875,0.7255952380952381,0,O14983:O95971
RPS29,PNO1,0.5104009125006557,0.125,0.46666666666666673,0.23611111111111108,-1,P62273:Q9NRX1
IGHG4,NR3C2,-0.040425206653754375,0.10952380952380952,0.4555555555555555,0.22023809523809526,0,P01861:P08235
RRP1,PPAN,0.8731744915069051,0.5,0.4537037037037037,1.0,-1,P56182:Q9NQ55
TNNT1,XAGE1A,-0.01358369328412505,0.0,0.0,1.0,0,P13805:Q9HD64
MRPL35,MRM2,0.41164906054367867,0.12176527176527174,0.5833333333333334,0.1,-1,Q9NZE8:Q9UI43
LIFR,MAD2L2,0.1464723987053613,0.1374203787665326,0.25505050505050497,0.976388888888889,0,P42702:Q9UI95
ARL4A,C5orf46,0.3168770920780361,0.0,0.2,1.0,0,P40617:Q6UWT4
SYN3,POLD2,-0.24186327515922307,0.09174825174825177,0.2284090909090909,0.125,0,O14994:P49005
MRPS10,MRPL52,0.7131150897559142,1.0,0.43397727272727293,0.0,-1,P82664:Q86TS9
BLVRA,PKD1L1-AS1,0.0015690864139462466,0.0,0.5,0.0,0,P53004:Q9H7B7
SASH3,IFNAR1,0.28029513812567225,0.13196248196248195,0.3098739495798319,0.0,0,O75995:P17181
CDC37,HRCT1,0.2844053900712783,0.0,0.5,0.0,0,Q16543:Q6UXD1
GNAI2,KLRG1,0.399151777713272,0.3352272727272727,0.55,0.8958333333333334,0,P04899:Q96E93
TCERG1,SNRPA1,0.7906072780369774,0.758941058941059,0.5424908424908425,0.943452380952381,-1,O14776:P09661
UTP14A,NOL7,0.7406166321426416,0.5454545454545454,0.5763888888888888,0.625,-1,Q9BVJ6:Q9UMY1
UBC,PSMC2,0.5998951062229638,0.43398692810457523,0.7940766550522648,0.8996527777777779,1,P0CG48:P35998
CDKN2C,GOPC,0.6815454520024198,0.1474025974025974,0.2648268398268398,0.9907407407407409,-1,P42773:Q9HD26
ZNF408,DIABLO,0.5187027621428221,0.08771645021645022,0.2915674603174603,1.0,0,Q9H9D4:Q9NR28
ELOB,GINS2,0.3153201183759806,0.10897435897435898,0.29523809523809524,1.0,-1,Q15370:Q9Y248
PRPS2,PRPS1,0.1945191248214534,0.3359557109557109,0.6607142857142857,0.9563864087301587,1,P11908:P60891
GSTT4,FAAP24,0.6583177176140785,0.125,0.42749999999999994,0.16071428571428567,0,A0A1W2PR19:Q9BTP7
NT5DC3,VPS39,0.25697152828664077,0.0,0.2191468253968254,0.20000000000000004,0,Q86UY8:Q96JC1
SNW1,RIT1,0.6974572534353438,0.19444444444444442,0.3333333333333333,0.5581018518518518,0,Q13573:Q92963
SF3A3,GPR161,0.48086313531624436,0.09114959114959115,0.19583333333333333,0.761904761904762,0,Q12874:Q8N6U8
PPIL4,ISY1,0.8266759288160815,0.05491056071551428,0.7703809523809524,0.9791666666666666,0,Q8WUA2:Q9ULR0
BDP1,POLR3A,0.8145996628992443,0.06544486215538847,0.5083333333333332,0.4642529187983733,-1,A6H8Y1:O14802
H2AZ1,H3-3A,0.366846199046681,0.17815456148789482,0.30390559732664996,0.8927469135802468,1,P0C0S5:P84243
NDUFA10,XYLT1,0.2441151304123633,0.10736258690804146,0.275,0.09090909090909093,0,O95299:Q86Y38
VPS39,VPS11,0.9471534073048566,0.2498296723915919,0.3352787563313879,0.931687242798354,1,Q96JC1:Q9H270
SNRPB2,CWC25,0.6178970206480635,1.0,0.4537414965986395,1.0,-1,P08579:Q9NXE8
UBB,PSMB4,0.256811800235268,0.35555555555555557,0.7916071428571428,0.9858156028368793,-1,P0CG47:P28070
ZNF622,RPL10L,0.2355635307014294,0.11458333333333334,0.28714285714285714,0.25,-1,Q969S3:Q96L21
MAMDC2,TTC7B,0.010759073219454534,0.0,0.8333333333333334,1.0,0,Q7Z304:Q86TV6
IFNAR1,RAB3A,-0.2780251732808377,0.09096468346468349,0.33781838316722035,0.7443181818181818,0,P17181:P20336
SMAD1,CLEC1B,-0.11085797687748204,0.6571428571428571,0.9166666666666666,0.7375,0,Q15797:Q9P126
PITPNA,PITPNA,1.0,0.4631572131572132,0.5733333333333334,0.38820861678004537,1,Q00169:Q00169
KRTAP9-6,KCTD6,0.0,0.0,0.9285714285714286,0.0,0,A8MVA2:Q8NC69
MGRN1,DONSON,0.5472431189659501,0.09696368446368446,0.5982142857142857,1.0,0,O60291:Q9NYP3
SNAP29,CD1D,0.014758759644230754,0.1552374393283484,0.42884615384615377,0.5277777777777778,0,O95721:P15813
SPINK4,GTF2H1,-0.06945038163677458,0.0,0.47962962962962963,0.9434782608695652,0,O60575:P32780
NCBP2,LSM5,0.7910957821058048,0.7202380952380952,0.3973809523809525,0.9568965517241379,-1,P52298:Q9Y4Y9
RPS12,BFSP2,0.3704952246913685,0.12175324675324675,0.37333333333333335,0.9788732394366197,0,P25398:Q13515
CDKN1B,BMPER,0.2624306880683271,0.20150999793856936,0.4444444444444444,0.0,0,P46527:Q8N8U9
EDF1,LYAR,0.12226164281007745,0.24210561497326202,0.6454545454545455,0.7782608695652173,-1,O60869:Q9NX58
TCERG1,SNRPF,0.6484325713616937,0.7344885883347421,0.48805418719211824,0.9776119402985075,-1,O14776:P62306
CEP97,CENPN,0.21613694436766503,0.2,0.7482142857142857,1.0,0,Q8IW35:Q96H22
SHISA9,TRIM63,-0.08687500396502558,0.08757649213531567,0.28231292517006795,0.3959235209235209,0,B4DS77:Q969Q1
CUTA,TMEM60,0.5854155021164409,0.0,1.0,1.0,0,O60888:Q9H2L4
FRMD8P1,NOP10,0.1139739054542781,0.060215752967853815,0.2261904761904762,0.0,0,Q9BZ68:Q9NPE3
GNG7,GNB2,-0.2436637810096208,0.5714285714285714,0.3307084449941593,0.9366925064599484,1,O60262:P62879
UTP20,EMG1,0.8715130276013252,0.4090007215007216,0.5256410256410257,0.5424242424242425,-1,O75691:Q92979
ZNF564,XAB2,0.7804842305499268,0.05740406823998156,0.27018140589569156,1.0,0,Q8TBZ8:Q9HCS7
SLMAP,RTF1,0.4898207624129496,0.11750828536542822,0.4547619047619048,0.8277777777777778,0,Q14BN4:Q92541
IGKV1-39,SLC25A18,-0.19107469175359826,0.11483585858585858,0.2222222222222222,0.3277777777777778,0,P01597:Q9H1K4
PPP1R15B,SLC30A1,0.2918867500760356,0.09655178155178155,0.2762103174603175,0.593148148148148,0,Q5SWA1:Q9Y6M5
RPS24,SHANK3,-0.0829308516577782,0.10461122961122964,0.3727272727272727,0.8154761904761904,0,P62847:Q9BYB0
CYCS,KRT40,-0.10184892824919277,0.19642857142857142,0.903921568627451,0.998501872659176,1,P99999:Q6A162
LSM8,SNRPB,0.7050535285909308,0.7103174603174602,0.4851279317697229,0.9495370370370372,1,O95777:P14678
EIF2S2,RPS20,0.5379518901542969,0.2068181818181818,0.7799422799422799,0.7023809523809523,-1,P20042:P60866
PSMA1,PCDHGA1,0.12014385139957799,0.2333333333333333,0.3333333333333333,0.16666666666666666,0,P25786:Q9Y5H4
CPSF6,TIGD3,0.23245631956232982,0.0,1.0,0.875,0,Q16630:Q6B0B8
NUDT21,RNF44,0.3773387295541979,0.1,0.0,0.8464646464646464,0,O43809:Q7L0R7
RPL10,RPL41,0.9206988987033445,1.0,0.7962406015037593,0.4833333333333334,-1,P27635:P62945
SLU7,NOSIP,0.4337731162402084,0.09511784511784512,0.5142857142857143,0.6157407407407408,0,O95391:Q9Y314
RPS4X,RPL36A,0.9089494381363472,1.0,0.7161490683229814,0.6666666666666667,-1,P62701:P83881
ULK1,HSPB8,0.18912866472539944,0.36111111111111116,0.53,0.9756944444444444,0,O75385:Q9UJY1
POLR2F,CLCC1,0.6998025725722681,0.06696428571428571,0.5739682539682539,0.18636363636363637,0,P61218:Q96S66
ALPG,CBLL1,0.20134175852299913,0.0,0.3152380952380952,0.2616883116883117,0,P10696:Q75N03
OXA1L,MRPL24,0.5751021470647107,1.0,0.5945054945054944,0.25,1,Q15070:Q96A35
CDH1,CTNNB1,0.03596954832313246,0.16435424189411943,0.4197172619047619,0.9380747126436783,1,P12830:P35222
TIMP2,ATG10,0.501979773535971,0.11330266955266956,0.5,0.8342013888888888,0,P16035:Q9H0Y0
RPS14,ZNF461,0.15069650170011703,1.0,0.25,0.37777777777777777,0,P62263:Q8TAF7
