ppi,has_templates,pident,fident,evalue,bits
A0A024FSR7:D7NIZ2,0,0.0,0.0,0.0,0.0
A0A024FSR7:D7P897,0,0.0,0.0,0.0,0.0
A0A024FSR7:D8V7I2,0,0.0,0.0,0.0,0.0
A0A024FSR7:H8PGG3,0,0.0,0.0,0.0,0.0
A0A024L8R9:C3SR27,1,37.85,0.37849999999999995,0.00015325000000000419,484.0
A0A045GT82:A0A045IXT2,1,100.0,1.0,2.33569675e-12,560.5
A0A045H4H6:A0A045HTN2,1,97.5,0.975,2.04e-19,1068.0
A0A045H6C3:A0A045HUW8,1,100.0,1.0,1.49550000004401e-15,805.5
A0A045HTN2:A0A045HUG3,1,100.0,1.0,2.036000047475e-09,493.0
A0A045HU18:A0A045IDD2,1,89.0,0.89,4.4095000000000005e-17,1128.5
A0A045HUW8:A0A045HUW8,1,64.1,0.641,4.3964999999999995e-21,845.5
A0A045IWX2:A0A045JKV0,1,95.44999999999999,0.9544999999999999,7.250000143199999e-21,1002.0
A0A060GSX0:A0A060GSX0,1,96.45,0.9644999999999999,1.2145e-51,2111.0
A0A067XG68:A0A067XG68,1,100.0,1.0,1.1023e-19,997.5
A0A067XG68:A0A067XG69,1,98.8,0.988,2.31878e-18,983.0
A0A068QVX9:A0A068QZ94,1,100.0,1.0,1.9395e-41,2086.0
A0A069PXX1:A0A2V3F2U6,1,100.0,1.0,1.83135e-20,866.5
A0A069QC99:E2RXU4,0,0.0,0.0,0.0,0.0
A0A076FT28:A0A076FYV7,1,47.150000000000006,0.47150000000000003,1.9950002142e-08,539.0
A0A076FT36:A0A076FYV2,0,0.0,0.0,0.0,0.0
A0A076FT36:A0A076FYV7,0,0.0,0.0,0.0,0.0
A0A076FYU8:A0A076FYU8,1,59.5,0.595,3.636e-24,1202.0
A0A076FYU8:A0A076FYV7,0,0.0,0.0,0.0,0.0
A0A076FYV2:A0A076FYV7,1,41.3,0.41300000000000003,4.5852285e-08,470.0
A0A077L6X8:A0A077L7R5,1,99.65,0.9964999999999999,3.082e-34,2565.0
A0A077L6X8:A0A077L885,1,99.65,0.9964999999999999,4.438e-35,2627.5
A0A077L7R5:A0A077L885,1,100.0,1.0,3.5258e-34,1332.5
A0A077L885:A0A077L885,0,0.0,0.0,0.0,0.0
A0A077L885:A0A077LAI5,1,100.0,1.0,4.438e-35,2219.5
A0A077UGA7:A0A077UL47,1,100.0,1.0,5.365000000001605e-09,581.5
A0A077UGA7:W8TRC7,1,92.65,0.9265,1.460500012805e-16,812.0
A0A077UGW7:A0A077UU26,1,100.0,1.0,2.24e-09,859.0
A0A077UGW7:A0A0H2K0A0,1,100.0,1.0,7.618e-08,317.0
A0A077UU26:A0A0H2K0A0,1,100.0,1.0,2.5655e-11,867.5
A0A077UUA0:A0A077UVB6,1,85.55,0.8555,3.139591e-11,606.5
A0A077UVB6:W8U3W0,1,72.4,0.724,5.020000000007885e-15,961.0
A0A077UZF4:W8TPC6,1,100.0,1.0,1.869500013865e-08,486.0
A0A077VHU6:A0A1Q4GY48,1,100.0,1.0,5.5554e-12,548.0
A0A078K1U6:A0A078K4M9,1,98.35,0.9835,2.2955e-17,891.5
A0A080VY32:A0A080VY32,1,18.65,0.1865,6.1200000000000006e-12,610.0
A0A080VY32:Q8GQ50,0,0.0,0.0,0.0,0.0
A0A090A233:A0A232D9K2,1,100.0,1.0,9.24500000000001e-10,777.0
A0A090BZT4:A0A376HTV6,1,99.25,0.9924999999999999,1.029e-12,998.0
A0A0A0BZU2:A0A0A0BZU2,1,42.4,0.424,1.2266e-36,1536.0
A0A0A0U7Z7:A0A0A0U7Z7,1,92.95,0.9295,1.0364135e-60,2940.0
A0A0A0U7Z7:A0A0A0U955,1,95.05,0.9505,1.032e-60,3101.0
A0A0A0U7Z7:A0A0A0UEE5,0,0.0,0.0,0.0,0.0
A0A0A1I7H6:A0A0A1I7H6,1,91.3,0.913,4.73165e-29,1304.0
A0A0A1I7H6:P01903,1,96.25,0.9625,1.2272e-30,1382.0
A0A0A6YVN5:A0A0A6YVN5,1,29.25,0.2925,5.1302499999999996e-17,709.0
A0A0A7HFE1:A0A0A7HGA1,1,98.5,0.985,5.12e-37,2715.0
A0A0A7HFE1:A0A0A7HIF0,1,98.5,0.985,7.945e-32,2537.5
A0A0A7HFE1:A0A0A7HIX1,1,98.65,0.9864999999999999,8.065e-09,2168.0
A0A0A7HGA1:A0A0A7HIF0,1,100.0,1.0,7.945051200000001e-32,1423.5
A0A0B7MGD5:P61769,1,95.1,0.9510000000000001,2.514e-12,1254.0
A0A0C4DGV4:Q6IAA8,0,0.0,0.0,0.0,0.0
A0A0C4DGV4:Q9UHA4,1,98.85,0.9884999999999999,1.6785019805000002e-11,588.0
A0A0C5XKJ0:A0A0C5XL88,1,99.35,0.9935,8.15e-07,677.5
A0A0C5XL88:A0A0C5XL88,0,0.0,0.0,0.0,0.0
A0A0D6CBA8:A0A0D6CBA8,1,69.9,0.699,9.3235e-08,402.0
A0A0E3W010:A0A0E3W010,1,100.0,1.0,6.639e-18,905.5
A0A0E3W010:A0A0E4G455,1,99.7,0.997,1.5693e-17,904.0
A0A0E4G455:A0A0E4G455,1,69.15,0.6915,9.4305e-11,600.5
A0A0F6NGI2:A0A0M3KL10,1,98.55,0.9855,3.8585e-10,2379.5
A0A0F6NGI2:A0A0M3KL12,1,98.8,0.988,2.982e-20,2584.5
A0A0F6NGI2:E1C9K8,1,98.95,0.9895,2.164e-24,2712.5
A0A0F6NGI2:P05310,1,98.7,0.987,5.98000001323e-76,4514.5
A0A0F6NGI2:P10793,1,98.55,0.9855,3.2625e-12,2438.5
A0A0F6NGI2:P17227,0,0.0,0.0,0.0,0.0
A0A0F6RRN7:A0A0F6RRN7,0,0.0,0.0,0.0,0.0
A0A0F6RRN7:Q8GQ50,0,0.0,0.0,0.0,0.0
A0A0F7R1P3:A0A0F7R5U8,1,84.85,0.8485,1.0400000449400001e-28,1521.0
A0A0F7R5U8:Q99LC4,1,88.9,0.889,1.424504494e-30,1547.0
A0A0F7UXI8:A0A0F7UYM7,1,97.35,0.9735,1.5435e-09,835.0
A0A0F7UXI8:B6KQG9,1,97.35,0.9735,9.935e-18,1039.5
A0A0F7UYM7:B6KQG9,1,100.0,1.0,1.543500009935e-09,499.5
A0A0H3CIJ2:A0A0H3CIX8,1,100.0,1.0,2.197e-11,808.5
A0A0H3CIX8:A0A0H3CIX8,0,0.0,0.0,0.0,0.0
A0A0H3CQA2:A0A0H3CR83,1,100.0,1.0,2.44892e-40,1932.0
A0A0H3CQA2:A0A0H3CU18,1,96.25,0.9625,2.0645e-25,1713.0
A0A0H3G917:A0A0H3G917,1,96.69999999999999,0.967,5.9302999999999995e-21,799.5
A0A0H3JX61:P0A071,1,94.85,0.9484999999999999,1.3867499999999998e-35,1578.5
A0A0H3LZG7:Q6G2A9,1,69.30000000000001,0.693,2.4525000000000068e-05,593.5
A0A0J9X204:A0A0J9X207,1,100.0,1.0,1.1810046069999999e-24,1104.0
A0A0J9X206:A0A0J9X207,1,99.7,0.997,3.224000000031075e-24,1226.0
A0A0J9X206:A0A0J9X225,1,100.0,1.0,2.039e-23,1383.0
A0A0J9X207:A0A0J9X210,1,100.0,1.0,1.001501181e-18,890.5
A0A0J9X207:A0A0J9X228,1,84.4,0.8440000000000001,2.173e-14,989.0
A0A0J9X209:A0A0J9X212,1,100.0,1.0,8.125000000000003e-06,648.5
A0A0J9X209:A0A0J9X237,1,100.0,1.0,2.964e-10,847.5
A0A0J9X210:A0A0J9X232,1,100.0,1.0,9.305000014335001e-17,842.0
A0A0J9X210:A0A0J9X235,1,100.0,1.0,1.50450006985e-10,599.5
A0A0J9X214:A0A0J9X233,1,80.45,0.8045,6.37000000002017e-20,1027.5
A0A0J9X214:A0A0J9X234,1,94.25,0.9425,3.34800008645e-13,660.0
A0A0J9X215:A0A0J9X220,1,100.0,1.0,5.61001874e-17,755.5
A0A0J9X215:A0A0J9X237,1,100.0,1.0,2.772000000000261e-10,649.0
A0A0J9X218:A0A0J9X221,1,100.0,1.0,5.2301277500000003e-20,932.0
A0A0J9X218:Q875Q2,1,98.7,0.987,4.3096154999999996e-11,550.5
A0A0J9X226:Q875Q2,1,93.75,0.9375,3.508e-05,595.5
A0A0J9X231:A0A0J9X235,1,97.80000000000001,0.978,2.0805e-12,1691.5
A0A0J9X233:A0A0J9X234,1,99.25,0.9924999999999999,2.9275e-13,853.0
A0A0J9X248:A0A0J9X248,1,77.8,0.778,8.5155e-15,707.0
A0A0J9X248:A0A0J9X249,0,0.0,0.0,0.0,0.0
A0A0J9X250:A0A0J9X251,0,0.0,0.0,0.0,0.0
A0A0J9X251:A0A0J9X251,0,0.0,0.0,0.0,0.0
A0A0J9X252:A0A0J9X253,0,0.0,0.0,0.0,0.0
A0A0J9X253:A0A0J9X253,0,0.0,0.0,0.0,0.0
A0A0J9X291:D0G6S1,1,97.8,0.978,9.110043355e-16,844.5
A0A0K0GMR0:B2SQQ1,1,84.45,0.8445,6.715e-16,4334.5
A0A0K8P6T7:A0A0K8P6T7,1,52.099999999999994,0.521,2.55665e-30,1250.5
A0A0K9QLX6:P04160,1,100.0,1.0,1.9405e-30,2293.5
A0A0M0PWM4:A0A0M0PWM4,1,97.55,0.9755,1.630335e-44,1804.0
A0A0M3KKT1:A0A0M3KKT2,1,99.65,0.9964999999999999,2.40495e-68,2962.0
A0A0M3KKX5:A0A0M3KKX7,1,100.0,1.0,7.632e-17,843.0
A0A0M3KKX6:A0A0M3KKX7,1,100.0,1.0,1.171e-16,839.0
A0A0M3KKX6:A0A0M3KKX9,1,100.0,1.0,7.520000000000001e-17,1142.0
A0A0M3KKX6:A0A0M3KKY0,1,100.0,1.0,7.520000000000066e-17,1103.5
A0A0M3KKX7:A0A0M3KKX8,1,100.0,1.0,1.376e-16,823.0
A0A0M3KKX9:A0A0M3KKX9,1,68.0,0.6799999999999999,3.1430000000000006e-17,1112.0
A0A0M3KKX9:A0A0M3KKY0,1,100.0,1.0,6.7036999999999995e-31,1401.5
A0A0M3KKX9:A0A0M3KKY1,1,100.0,1.0,1.0573e-32,1466.5
A0A0M3KL10:E1C9L1,1,96.5,0.9650000000000001,3.8585008560000004e-10,593.0
A0A0M3KL13:P05311,1,99.5,0.995,2.5415e-09,2432.5
A0A0M3KL53:A0A287ANU4,1,100.0,1.0,6.744079e-13,570.5
A0A0M3KL54:A0A287AEW3,1,98.4,0.984,5.0350838e-14,626.0
A0A0M3KL54:I3LEJ9,1,93.75,0.9375,4.41350806e-14,673.5
A0A0M3KL55:F1S8A5,1,86.55000000000001,0.8654999999999999,2.581000007545e-16,768.0
A0A0M3KL56:A0A287AEW3,1,90.8,0.9079999999999999,6.988285e-15,651.0
A0A0M3KL56:F1SU49,1,89.0,0.89,5.517e-13,533.0
A0A0M3VGF9:A0A0M4TPJ7,1,92.55000000000001,0.9255,9.455e-28,2233.5
A0A0M3VGF9:A0A0M4U1P9,1,99.30000000000001,0.993,1.90955e-76,3229.0
A0A0M3VGF9:A0A0M5MQR7,1,97.9,0.979,2.0075e-18,2003.0
A0A0M4TPJ7:A0A0M5MQR7,1,91.55000000000001,0.9155,2.0075000009454998e-18,1004.5
A0A0N9FF17:A0A0N9FF17,1,86.4,0.864,7.413500000000001e-29,1283.0
A0A0Q1P5T2:A0A0Q1P5T2,1,92.9,0.929,5.593e-40,1718.5
A0A0Q1P5T2:Q6XBY4,1,91.45,0.9145000000000001,4.862500000000508e-28,1540.0
A0A0R4I959:A0A0R4I960,1,99.65,0.9964999999999999,7.432045e-18,945.0
A0A0R4I977:A0A0R4I977,1,100.0,1.0,1.1624e-16,868.0
A0A0R4I977:A0A0R4I978,1,100.0,1.0,4.1401e-17,911.0
A0A0S1LJ33:A0A0S1LJ33,1,97.15,0.9715,1.293175e-74,3187.0
A0A0U5IHY9:Q08AS3,1,93.45,0.9345,2.37802e-28,1299.5
A0A125V3V6:A0A125V4E7,1,100.0,1.0,5.4400071e-46,2207.5
A0A125V455:A0A125V4E7,1,100.0,1.0,7.4387e-52,2446.0
A0A125V4E7:A0A125V4E7,1,54.45,0.5445,1.02075e-36,1920.0
A0A125YJX3:A0A125YVX8,1,100.0,1.0,8.600000035575e-13,716.0
A0A125YJX3:B9PZF2,1,100.0,1.0,3.5575e-21,1223.0
A0A140S919:E2RXT0,1,100.0,1.0,1.0375000000000914e-13,789.5
A0A140S919:E2RXT8,1,100.0,1.0,2.5655e-15,1022.5
A0A159BDB5:A0A159BDB5,1,14.2,0.14200000000000002,1.0224499999999998e-06,413.0
A0A173M094:A0A173M0G2,1,97.2,0.972,1.52925e-55,2900.0
A0A182DWD1:A0A182DWD2,1,100.0,1.0,1.9064999999999998e-17,871.0
A0A185KID9:A0A185KID9,1,28.75,0.2875,3.58378e-25,1191.0
A0A185KID9:A0A185KIE0,1,93.55,0.9355,1.3455e-29,1935.5
A0A1B0VLW5:A0A1B0VPZ3,1,43.75,0.4375,5.9e-10,1226.0
A0A1B0VPZ3:A0A1B0VPZ3,1,41.1,0.411,2.8552500000000003e-44,1905.0
A0A1B4XKQ3:A0A1B4XKV1,1,100.0,1.0,2.8965000000000003e-19,830.0
A0A1B4XKR3:A0A1B4XPL8,1,79.35,0.7935,1.480000000000027e-15,1018.0
A0A1B4XKR5:A0A1B4XKR8,1,100.0,1.0,3.4155e-16,985.0
A0A1B4XKR5:A0A1B4XKT0,1,100.0,1.0,9.785003415500001e-10,483.0
A0A1B4XKR8:A0A1B4XKT0,1,100.0,1.0,9.785e-10,862.0
A0A1B4XKS1:A0A1B4XPL8,1,83.25,0.8325,2.4864907499999998e-11,606.0
A0A1B4XKT1:A0A1B4XM73,1,74.65,0.7464999999999999,2.7815001656e-06,394.0
A0A1B4XKT6:A0A1B4XMM2,1,74.5,0.745,1.5630000000110598e-06,463.0
A0A1B4XKX1:A0A1B4XMM2,1,100.0,1.0,1.7660000011515e-08,535.0
A0A1C7A3R1:A0A1C7A3R1,1,67.7,0.677,1.2413450000000001e-09,450.5
A0A1C7A3R1:A0A1C7A3R2,1,95.55,0.9555,1.1420002752e-13,752.5
A0A1E1FFL0:A0A1E1FFL0,1,96.05,0.9604999999999999,2.11342e-46,1832.5
A0A1L8F5J9:A7XY94,1,97.2,0.972,0.0,4705.5
A0A1L8G0X3:P06897,1,100.0,1.0,9.5100002117e-08,538.5
A0A1L8G0X3:P62799,1,100.0,1.0,5.1117385e-09,500.0
A0A1L8HGZ5:P23330,1,87.2,0.872,1.5675000000001427e-46,2540.0
A0A1L8HGZ5:Q642S3,1,80.85,0.8085,1.567500000015135e-46,2758.0
A0A1Q6B6Y5:J7Q602,0,0.0,0.0,0.0,0.0
A0A1S3U8J5:A0A1S3V8W7,1,100.0,1.0,6.02e-30,1682.0
A0A1S3U8J5:A0A1S3VGS8,1,100.0,1.0,3.3095e-29,1106.5
A0A1S3UVC7:A0A1S3UYW0,1,100.0,1.0,2.33550527e-13,560.0
A0A1S3UYW0:A0A1S3VVN6,1,100.0,1.0,2.0715000527e-11,615.5
A0A1S4NYF0:A0A1S4NYF0,1,96.35,0.9635,5.67e-50,2018.5
A0A1T3DDI2:A0A1T3DDI2,1,97.45,0.9744999999999999,6.3600000030785e-91,4061.0
A0A1U9ZFW1:G9I239,1,79.95,0.7995,2.7293e-23,972.0
A0A1Z0YU11:A0A1Z0YU12,1,97.15,0.9715,1.2103e-16,877.5
A0A1Z3HHI7:A0A1Z3HIN6,1,86.45,0.8645,1.7635e-16,2135.5
A0A1Z3HHI7:A0A1Z3HIQ7,1,80.75,0.8075,5.3256685e-16,799.0
A0A1Z3HHI7:A0A1Z3HPE3,1,100.0,1.0,6.662635e-14,588.0
A0A1Z3HHI7:A0A1Z3HRW4,1,100.0,1.0,1.7635e-16,2512.0
A0A1Z3HIL0:A0A1Z3HIN6,1,97.4,0.974,1.372942e-74,4310.5
A0A1Z3HIL0:A0A1Z3HIQ7,1,99.05,0.9904999999999999,2.587e-18,2627.5
A0A1Z3HIL0:A0A1Z3HPE3,1,99.05,0.9904999999999999,4.726e-14,2428.0
A0A1Z3HIL5:A0A1Z3HIQ7,0,0.0,0.0,0.0,0.0
A0A1Z3HIN6:A0A1Z3HIQ7,1,98.35,0.9835,2.587e-18,2604.0
A0A1Z3HRW4:A0A1Z3HRY4,1,100.0,1.0,7.5225e-79,4417.0
A0A218NZX1:A0A218P0B9,1,100.0,1.0,5.43e-18,1168.0
A0A286ZJ25:F1SU49,1,87.1,0.871,1.4480000000000202e-13,857.5
A0A286ZJ25:I3LS10,1,100.0,1.0,1.211e-28,1822.0
A0A286ZJR2:F1RSH0,1,93.0,0.93,2.394000001648e-11,640.0
A0A286ZK88:D0G6S1,1,97.44999999999999,0.9744999999999999,9.1103821e-16,833.5
A0A286ZNB3:F1SU49,0,0.0,0.0,0.0,0.0
A0A286ZP98:I3L9J0,1,100.0,1.0,2.03306225e-13,554.0
A0A286ZTW8:A0A287AWS0,1,78.25,0.7825,1.301e-11,829.5
A0A286ZTW8:A0A287BIV6,0,0.0,0.0,0.0,0.0
A0A286ZTW8:F1SGC7,1,100.0,1.0,6.8795e-06,319.0
A0A286ZTW8:I3LR45,1,100.0,1.0,8.69e-14,1012.0
A0A286ZU56:F1S8U4,1,35.6,0.356,5.729115000000001e-07,355.0
A0A286ZU56:F1SR64,1,100.0,1.0,6.985e-17,1322.5
A0A286ZXA6:A0A287BE26,0,0.0,0.0,0.0,0.0
A0A286ZXA6:F1RSH0,0,0.0,0.0,0.0,0.0
A0A286ZYL7:A0A287A9I8,1,92.0,0.9199999999999999,2.3120000000000005e-15,998.5
A0A286ZYM6:A0A287B4I0,1,93.25,0.9325,5.625000034725e-05,353.0
A0A286ZYM6:P80021,1,97.35,0.9735,1.0675000000003216e-11,696.5
A0A286ZYM6:Q2EN81,1,94.85,0.9484999999999999,5.410557e-23,971.0
A0A286ZYM6:Q35914,0,0.0,0.0,0.0,0.0
A0A286ZYM6:Q35915,1,100.0,1.0,8.83000000003174e-12,817.5
A0A286ZYM6:Q95339,1,93.94999999999999,0.9395,2.02250000000541e-11,608.5
A0A286ZZC6:A0A287AWS0,0,0.0,0.0,0.0,0.0
A0A286ZZC6:A0A480QIM3,0,0.0,0.0,0.0,0.0
A0A286ZZC6:F1SGC7,1,91.55,0.9155,8.567e-08,387.0
A0A287A119:F1SGC7,1,100.0,1.0,3.2085e-06,295.0
A0A287A9I8:A5GFX4,0,0.0,0.0,0.0,0.0
A0A287A9I8:K7GLT8,1,100.0,1.0,2.2085e-38,2379.0
A0A287A9I8:Q29307,0,0.0,0.0,0.0,0.0
A0A287AEW3:F1SU66,1,90.15,0.9015,8.285e-18,1249.5
A0A287ANU4:F1RUU2,1,94.4,0.944,5.18500001462e-12,644.5
A0A287ANU4:F1SU66,1,91.19999999999999,0.9119999999999999,5.185e-12,1199.5
A0A287ANU4:K7GKS8,1,94.15,0.9415,6.74e-13,1582.5
A0A287B3R8:A0A287BMP0,0,0.0,0.0,0.0,0.0
A0A287B4I0:P13618,1,94.55,0.9455,2.918000000002205e-07,485.5
A0A287B4I0:Q35914,0,0.0,0.0,0.0,0.0
A0A287B9C4:A0A287BE26,0,0.0,0.0,0.0,0.0
A0A287B9C4:F1RSH0,1,91.6,0.916,1.6480016919999998e-20,908.0
A0A287BE26:F1SVC5,0,0.0,0.0,0.0,0.0
A0A287BIV6:A0A480QIM3,0,0.0,0.0,0.0,0.0
A0A287BIV6:F1RRN2,1,58.95,0.5895,2.4765e-11,962.5
A0A287BIV6:F1SGC7,1,52.75,0.5275,2.1070000000000045e-10,733.5
A0A287BP93:F1RSH0,0,0.0,0.0,0.0,0.0
A0A287BP93:F1RWJ0,0,0.0,0.0,0.0,0.0
A0A287BQA1:F1SR64,1,77.80000000000001,0.778,1.517e-06,964.0
A0A2C9CI58:Q1PW30,1,100.0,1.0,8.64e-14,1732.5
A0A2P9IBF7:A0A2P9IBG7,1,95.35,0.9535,6.75e-43,2573.0
A0A2R8Y811:P61247,1,97.95,0.9795,8.39000000001083e-23,1147.5
A0A2R8Y811:P62854,1,99.05000000000001,0.9904999999999999,3.1460000839e-15,741.5
A0A2U2M035:A0A2U2M035,1,58.2,0.582,3.2295e-05,807.0
A0A2U2M035:A0A2U2M037,1,100.0,1.0,1.3465385799999998e-34,1527.5
A0A2U2M035:A0A2U2M038,1,98.45,0.9844999999999999,1.34650003314e-34,1577.5
A0A2U2M035:A0A2U2M049,1,100.0,1.0,7.28e-11,943.0
A0A2U2M035:A0A2U2M0F3,1,98.1,0.981,1.3465e-34,2748.0
A0A2U2M037:A0A2U2M0F3,1,98.1,0.981,3.858e-39,2912.5
A0A2U2M049:A0A2U2M0F3,1,98.3,0.983,1.007e-10,2235.0
A0A310TTQ1:A0A310TTQ1,1,100.0,1.0,1.2407999999999999e-13,531.5
A0A310TTQ1:Q6AZJ8,1,100.0,1.0,1.77125e-14,601.0
A0A334XBW3:A0A334XBW3,1,100.0,1.0,6.294e-26,1030.0
A0A334XBW3:V5V9F4,1,100.0,1.0,1.1321275e-25,1248.5
A0A381MU64:A4HSQ5,1,56.05,0.5605,7.65e-16,1069.0
A0A381MU64:A4IDD0,1,56.55,0.5655,1.691e-13,1148.0
A0A3Q8GLE8:A0A3Q8GLE8,1,41.6,0.416,2.083e-27,1148.0
A0A412SRH5:A0A412SRH5,1,98.85,0.9884999999999999,5.288e-66,2631.5
A0A480J9Z6:I3L9J0,1,100.0,1.0,1.6895000000000005e-10,722.5
A0A5B9:P01848,1,99.6,0.996,1.2420000025020001e-09,590.0
A0A9T9:A0A9T9,0,0.0,0.0,0.0,0.0
A0A9T9:A0A9U0,1,81.45,0.8145,1.853e-09,1118.0
A0L8G4:A0L8G5,1,100.0,1.0,6.095e-52,3115.5
A0L8G5:A0L8G5,1,29.450000000000003,0.2945,3.30750001044e-16,846.5
A0QQQ1:A0QQQ1,1,27.3,0.273,9.093e-08,391.0
A0QQQ1:I7GD61,0,0.0,0.0,0.0,0.0
A0QS66:P60281,1,99.25,0.9924999999999999,0.0,8029.5
A0QS86:A0QS86,1,29.65,0.2965,5.161e-17,788.5
A0QSD0:A0QSD7,1,100.0,1.0,4.544e-19,1076.5
A0QSD1:A0QV42,1,100.0,1.0,2.052e-17,1162.5
A0QSD2:A0QSG8,1,85.55,0.8554999999999999,4.1020000108249997e-19,932.5
A0QSD2:I7G436,1,85.55,0.8554999999999999,4.1020000108249997e-19,932.5
A0QSD3:A0QSD9,1,98.9,0.989,1.5025000034289999e-05,424.0
A0QSD5:A0QSL5,1,100.0,1.0,4.7371535e-14,620.0
A0QSD5:A0R215,1,93.8,0.938,4.53797365e-10,455.5
A0QSD7:A0QSG2,1,100.0,1.0,7.095e-09,893.0
A0QSD7:A0QSG6,1,100.0,1.0,1.29900007235e-29,1320.0
A0QSD7:A0R550,1,74.15,0.7415,0.00036565,822.0
A0QSF9:A0QV42,1,93.35,0.9335,8.28185e-15,717.5
A0QSG3:A0QSG6,1,100.0,1.0,4.248000001693e-21,1053.0
A0QSG8:A0QYU7,1,100.0,1.0,2.1350000000019507e-09,608.0
A0QSL5:A0R215,1,100.0,1.0,2.4495003973e-10,540.5
A0QSL8:P60281,1,100.0,1.0,6.15e-40,4689.0
A0QW02:A0QZ11,1,100.0,1.0,2.9245e-12,1170.0
A0QW02:P60281,1,100.0,1.0,2.475e-36,4785.5
A0QWT1:P60281,1,100.0,1.0,9.96e-12,4122.5
A0QYG2:A0R2B1,1,99.0,0.99,2.034e-15,3983.5
A0QYU7:I7G436,1,100.0,1.0,2.1350000000019507e-09,608.0
A0R052:I7FPH1,1,94.15,0.9415,1.027e-16,1976.0
A0R057:I7FPH1,1,100.0,1.0,2.4245000000002815e-30,1539.5
A0R0B3:A0R614,1,100.0,1.0,4.5685e-10,3415.5
A0R0M4:A0R1B5,1,93.6,0.9359999999999999,4.013e-19,2009.5
A0R0M4:A0R1B6,1,100.0,1.0,1.4105e-05,1814.5
A0R1B5:A0R1B6,0,0.0,0.0,0.0,0.0
A0R1X0:A0R1X0,1,99.45,0.9944999999999999,1.4459e-43,1820.5
A0R200:A0R201,1,98.3,0.983,1.713e-39,2435.5
A0R200:A0R202,1,99.65,0.9964999999999999,6.321555e-76,3216.0
A0R2B1:A0R2B1,1,98.0,0.98,0.0,5417.0
A0R562:I7FPH1,1,95.9,0.9590000000000001,1.8735000000000242e-16,1068.5
A0R613:A0R614,1,100.0,1.0,0.0,6327.5
A0R614:A0R614,1,90.15,0.9015,2.54e-84,5091.0
A0R6D9:A0R6D9,1,98.35,0.9835,2.331e-28,1850.0
A0R6D9:A0R6E0,1,99.35,0.9935,2.331e-28,2790.5
A0ZW40:A0ZW41,1,74.1,0.7410000000000001,4.548e-67,2776.0
A0ZW40:D8V7I1,1,99.85,0.9984999999999999,9.81e-13,1931.0
A0ZW41:D8V7I1,1,59.9,0.599,9.81e-13,947.5
A0ZW41:Q4LDE7,1,58.55,0.5855,8.48e-21,1879.5
A0ZXM3:P21611,1,63.800000000000004,0.638,4.512e-13,1165.5
A1BB97:A1BBA0,1,73.05,0.7304999999999999,7.265e-13,1131.5
A1BBA0:Q51658,1,98.65,0.9864999999999999,1.8865e-11,1352.5
A1L565:P01888,1,69.9,0.6990000000000001,5.84e-13,1059.5
A1SUU0:A1SUU0,1,90.35,0.9035,1.67629575e-61,2624.0
A1ZAW5:A1ZAW5,1,71.85,0.7184999999999999,1.18865e-18,822.5
A2D7Q5:A2DHU7,1,100.0,1.0,3.6719499999999996e-26,1040.0
A2D919:A2E4S6,1,95.94999999999999,0.9595,1.661755e-21,971.0
A2DD62:A2DJQ1,1,99.35,0.9935,1.2655e-07,1454.0
A2DD62:A2DP51,1,99.35,0.9935,1.9115e-21,1766.5
A2DEM7:A2E6Z8,1,98.15,0.9815,1.3535e-13,1070.0
A2DHU7:A2G4E1,1,100.0,1.0,4.4235e-26,953.5
A2DHU8:A2E1L5,1,89.65,0.8965000000000001,8.58502752e-21,971.0
A2DIM3:A2EBA2,1,98.9,0.989,4.316e-14,997.0
A2DIM3:A2FDE0,1,97.5,0.975,7.205e-18,1042.5
A2DJQ1:A2DP51,1,100.0,1.0,1.265500000000019e-07,637.5
A2DLW4:A2FBZ2,1,99.6,0.996,4.245000023165e-12,676.5
A2DM33:A2F2S5,0,0.0,0.0,0.0,0.0
A2DNC1:A2E6Z9,1,97.0,0.97,5.6450045405e-14,684.0
A2DNC1:A2FWA1,1,98.55,0.9855,5.895404999999999e-18,739.5
A2DQN8:A2E4S6,1,98.15,0.9815,4.788500000000018e-09,769.5
A2DSF3:A2FXW1,1,94.75,0.9475,3.8222e-14,644.0
A2DST7:Q76KS8,1,96.1,0.9610000000000001,4.569005505e-15,706.5
A2DYA8:A2EBA2,1,99.4,0.994,9.1654316e-10,425.0
A2DYA8:A2FDE0,1,98.0,0.98,9.16500007205e-10,470.5
A2DZ26:A2EP03,1,100.0,1.0,3.206001166e-26,1153.0
A2DZ49:A2EP03,1,100.0,1.0,1.8355000032060002e-17,883.5
A2E4D0:A2EP03,1,99.15,0.9915,3.206e-26,1614.0
A2E4S6:A2ER97,1,98.15,0.9815,9.350000000000182e-10,758.0
A2ECR7:A2ET60,1,93.35,0.9335,5.25000032405e-27,1184.5
A2ECR7:A2EXW7,1,99.75,0.9975,1.4255e-08,844.5
A2EP03:A2F2S5,1,100.0,1.0,5.5606e-25,1016.0
A2EP03:A2F592,1,100.0,1.0,3.206000004363e-26,1211.0
A2F2S5:A2F592,1,100.0,1.0,5.2400000004363e-25,1175.0
A2F592:A2FXW1,1,95.3,0.9530000000000001,1.112e-15,996.5
A2G9Z8:Q76KS8,1,95.05,0.9505,5.505000000000033e-21,1122.0
A2NHM3:P01801,1,92.85,0.9285,1.678e-17,1217.0
A2NHM3:P84751,1,90.15,0.9015,2.756007315e-30,1522.0
A2NHM3:Q921A6,1,70.0,0.7,2.8300000000000004e-21,1354.0
A2NTU7:A2NTY6,1,95.15,0.9515,2.28700000000911e-15,991.0
A2NTY6:P01738,1,95.65,0.9565,2.899e-15,737.0
A2NTY6:P01897,1,94.2,0.942,1.1805000000000669e-14,962.0
A2NTY6:Q5R1F5,1,93.25,0.9325,3.02655775e-11,646.5
A2NUT2:Q6GMX6,1,88.80000000000001,0.888,4.49035e-32,1500.0
A2VST2:A2VST2,1,16.0,0.16,3.9644999999999995e-08,421.0
A2WPN7:A2WPN7,1,96.85,0.9684999999999999,6.5143e-21,1075.5
A3DJ37:A3DJ37,1,97.65,0.9764999999999999,5.5249999999999996e-33,1392.0
A3DJ37:A3DJ38,1,96.85,0.9684999999999999,2.1425e-36,2001.5
A4F7P2:A4F7P3,1,95.19999999999999,0.952,2.9985e-34,2148.0
A4HSQ5:A4HZI9,1,65.25,0.6525,6.18000000008225e-26,1276.5
A4HSQ5:A4I384,1,60.9,0.609,1.031e-15,1054.0
A4HSQ5:A4IBS2,1,57.7,0.577,5.225e-14,1038.5
A4HSQ5:A4IDD6,1,61.65,0.6165,1.031e-15,1044.5
A4HUT6:A4ICV5,1,57.900000000000006,0.579,2.5325e-16,1175.0
A4HUT6:A4IDD6,1,65.45,0.6545,5.8700000011155e-25,1221.0
A4HV47:A4I357,1,62.300000000000004,0.623,3.6350000000003595e-21,1142.0
A4HV47:A4IBS2,1,58.800000000000004,0.5880000000000001,9.125e-17,1060.5
A4HVX3:A4I384,1,66.55,0.6655,6.06000000013475e-26,1245.5
A4HVX3:Q9GNZ8,1,63.550000000000004,0.6355,9.11e-24,1297.0
A4HZI9:A4IDD0,1,95.69999999999999,0.957,1.06245e-41,1706.0
A4I357:A4IDD0,1,67.15,0.6715,1.8695000000000005e-24,1308.0
A4I357:Q7JMX2,1,62.55,0.6255,2.545e-21,1308.5
A4I384:A4ICV5,1,58.25,0.5825,9.7e-13,1000.5
A4I384:Q9GNZ8,1,67.55,0.6755,2.102500000013475e-25,1238.5
A4IBS2:Q7JMX2,1,64.0,0.64,6.990000000000002e-21,1175.0
A4ICV5:A4IDD6,1,59.0,0.59,9.7e-13,991.0
A4IFT3:A6QNK7,1,100.0,1.0,2.501e-20,2238.0
A4IKP6:A4IKP7,1,99.65,0.9964999999999999,4.1445e-29,2094.0
A4VCP7:Q23UD3,0,0.0,0.0,0.0,0.0
A4VE95:I7M2I9,1,100.0,1.0,9.8114e-27,1152.0
A4VE95:Q22HG3,1,95.7,0.9570000000000001,2.314e-28,1662.0
A4VE95:Q23CT9,1,100.0,1.0,2.3140000000000004e-28,1478.0
A4Y6G1:A4Y6G1,1,14.2,0.14200000000000002,0.000425915,238.0
A4Y6G1:A4Y6G2,1,96.65,0.9665,1.784000002817e-24,1155.0
A4Y6G1:A4Y6G3,0,0.0,0.0,0.0,0.0
A4ZFB3:A4ZFB3,1,80.85,0.8085,1.0514e-25,1022.5
A5FBI1:A5FBI1,1,28.7,0.287,4.586882e-36,1700.5
A5FJE2:A5FJF2,1,93.3,0.933,1.0615e-39,4039.5
A5FJE2:A5FJF3,1,93.3,0.933,1.0615000000001439e-39,2592.5
A5FJF1:A5FJF2,1,100.0,1.0,1.212e-28,3520.5
A5FJF1:A5FJF5,1,100.0,1.0,1.5085001211999999e-21,1093.0
A5GZW8:D0VWV4,1,92.65,0.9265,9.55502258e-13,652.0
A5GZW8:Q007T0,1,99.5,0.995,9.83e-14,1164.5
A5HZZ5:A5HZZ6,1,91.4,0.9139999999999999,1.1735e-18,1350.5
A5PJW8:Q32P73,1,99.55000000000001,0.9955,4.034e-17,3896.5
A5PJW8:Q3T0Q3,1,98.15,0.9815,1.197e-43,4462.5
A5PJW8:Q5E9B8,1,97.05,0.9704999999999999,4.906e-23,3673.5
A5U4D5:A5U4D5,1,96.2,0.962,1.6074999999999999e-34,1456.5
A5U4D5:A5U4D6,1,95.9,0.959,6.505514e-35,1560.0
A5U4D6:A5U4D6,1,97.25,0.9724999999999999,7.76e-32,1378.5
A5W4E9:A5W4F0,0,0.0,0.0,0.0,0.0
A5Z2K3:C6T221,1,97.75,0.9775,2.3480000000000113e-09,656.0
A6LGE3:A6LGE3,0,0.0,0.0,0.0,0.0
A6QLF9:E1BN34,1,87.05,0.8705,4.262e-42,2544.0
A6XGL2:P06213,1,76.0,0.76,4.7595e-06,2712.0
A7LZP6:A7LZP6,1,96.05000000000001,0.9604999999999999,1.15505e-36,1760.0
A7M1U4:A7M1U4,1,99.65,0.9964999999999999,1.8495e-43,1932.5
A7UPX0:A7UPX0,1,88.69999999999999,0.887,2.831e-17,688.0
A7UPX0:A7Y8I1,1,88.69999999999999,0.887,2.195155e-15,662.0
A7XXR1:A7XXR1,1,19.200000000000003,0.192,8.754050000000001e-06,319.0
A7XXR5:A7XXR5,0,0.0,0.0,0.0,0.0
A7XXR5:A7XXR6,0,0.0,0.0,0.0,0.0
A7XY94:A7XY94,1,97.30000000000001,0.973,0.0,4607.5
A7ZSI4:A7ZSI4,1,100.0,1.0,5.8405e-10,453.5
A7ZSI4:A7ZUK1,1,99.75,0.9975,3.353e-08,4491.5
A7ZSI4:A7ZUK2,1,99.65,0.9964999999999999,3.276e-43,5022.0
A7ZTK1:A7ZUK1,1,100.0,1.0,1.502e-07,4379.5
A7ZUK1:A7ZUK1,1,98.69999999999999,0.987,0.0,8496.5
A7ZUK1:A7ZUK2,1,98.75,0.9875,0.0,8427.0
A8ASG6:D2Z0P2,0,0.0,0.0,0.0,0.0
A8ASG6:D2Z0P3,1,100.0,1.0,1.8300551500000002e-33,1811.0
A8HN58:A8HN58,1,88.94999999999999,0.8895,5.1795e-24,940.5
A8HN58:B8LIX8,1,93.85,0.9385,5.593195e-22,965.5
A8IFG7:P09144,0,0.0,0.0,0.0,0.0
A8IKC8:A8ITV3,1,100.0,1.0,3.564e-22,972.5
A8INQ0:A8INQ0,1,99.45,0.9944999999999999,1.899e-34,1363.0
A8INQ0:A8ISN6,1,68.9,0.6890000000000001,5.8900000000001004e-21,1082.0
A8ITV3:P09144,1,86.8,0.868,6.325000000006435e-13,949.5
A8JEA1:A8JEA1,1,83.55,0.8354999999999999,2.0362499999999999e-47,2247.0
A8JEA1:A8JF99,1,88.35,0.8835,2.60500000004597e-31,1580.0
A8JF10:Q75VY8,1,100.0,1.0,4.374525e-28,1301.0
A8JF10:Q84Y02,1,100.0,1.0,5.8545e-28,1273.0
A8JF70:P09204,0,0.0,0.0,0.0,0.0
A8K008:Q6P5S8,1,88.9,0.889,4.23204699e-30,1494.5
A8K7J6:Q7Z2W9,0,0.0,0.0,0.0,0.0
A8K7J6:Q8TCC3,0,0.0,0.0,0.0,0.0
A8K7J6:Q9BQC6,0,0.0,0.0,0.0,0.0
A8UDR1:Q6DQ33,1,98.3,0.983,3.98895e-16,696.5
A8ZMJ4:A8ZMJ5,1,100.0,1.0,1.3975e-18,970.0
A9MA73:A9MA73,1,99.35,0.9935,4.0825e-41,1678.0
A9W3R7:A9W3R8,1,100.0,1.0,4.359e-31,1850.5
A9W3R7:A9W3S0,1,98.85,0.9884999999999999,4.359e-31,1806.5
A9W9U6:A9W9V0,1,100.0,1.0,9.4535e-08,321.5
A9W9V0:A9W9V0,1,100.0,1.0,3.0025e-07,299.0
B0BN93:D4AEH3,1,100.0,1.0,1.52500411e-36,1810.0
B0BN93:Q9ESH1,1,98.1,0.981,1.772500000000377e-25,1566.5
B0K969:B0K969,1,98.5,0.985,1.495187e-32,1284.5
B0SR03:B0STJ8,0,0.0,0.0,0.0,0.0
B0SSZ5:B0STJ8,0,0.0,0.0,0.0,0.0
B0STJ8:B0STJ8,0,0.0,0.0,0.0,0.0
B1A9P6:Q07717,1,92.9,0.929,2.5815e-17,1287.0
B1H241:B1H241,1,98.4,0.984,9.592995e-42,2482.5
B1H241:P10824,1,99.15,0.9915,1.0345e-15,1714.0
B1I9H6:B1I9H6,1,96.45,0.9644999999999999,2.9165000000000003e-34,1294.5
B1L3C9:B1L3C9,1,39.55,0.3955,9.003500000000001e-45,1977.5
B1L3C9:B1L7P8,1,95.5,0.9550000000000001,2.605e-33,2247.0
B1L7P8:B1L7P8,1,98.4,0.984,7.775500000000001e-38,1555.5
B1PJV3:Q07717,1,92.9,0.929,2.5815e-17,1269.0
B1Q017:B1Q017,1,98.0,0.98,2.9026e-34,1526.0
B1Q017:Q5FBD2,1,91.15,0.9115,4.251828e-32,1450.0
B1Q236:B1Q236,1,92.1,0.921,8.545999999999999e-30,1521.0
B1Q236:Q9U3P2,1,95.85,0.9585,4.8805e-30,2237.5
B2BN53:B2BN53,0,0.0,0.0,0.0,0.0
B2BN53:B3F2X3,0,0.0,0.0,0.0,0.0
B2BN53:C3RX20,1,94.44999999999999,0.9444999999999999,5.09e-35,1626.0
B2BN53:P12476,0,0.0,0.0,0.0,0.0
B2HKN3:B2HKN3,1,99.4,0.994,1.9019999999999998e-44,1838.5
B2JKI6:B2JKI6,1,97.85,0.9784999999999999,1.6150000000000002e-57,2389.0
B2SQQ1:B2SQQ2,1,91.05,0.9105,0.0,7638.5
B2SQQ1:B2SQT4,1,95.5,0.955,4.104e-35,4710.5
B2SQQ2:B2SQT4,1,92.75,0.9275,4.104e-35,4369.0
B2VNK2:C3PR70,0,0.0,0.0,0.0,0.0
B3F2X2:B3F2X3,0,0.0,0.0,0.0,0.0
B3PKK9:B3PKK9,1,33.25,0.3325,1.3110599999999999e-52,2607.0
B3VMP4:P13849,1,12.85,0.1285,5.0079999999999995e-05,266.5
B3VNK2:B3VNK3,1,99.65,0.9964999999999999,1.036123e-17,950.5
B4DVU3:O15372,1,99.05,0.9904999999999999,6.055000000000007e-36,2120.0
B4DVU3:P42677,1,99.25,0.9924999999999999,1.263e-10,1639.0
B4EHA1:B4EHA1,1,99.75,0.9975,3.908e-75,3059.5
B4EKB3:B4EKB3,1,20.5,0.20500000000000002,1.7874999999999998e-12,586.0
B4EKB3:B4EKB4,1,25.5,0.255,9.3725e-09,509.5
B4EKB4:B4EKB4,1,98.1,0.981,8.731e-34,1868.5
B4EKB4:B4EKB5,1,96.65,0.9664999999999999,4.2700000121e-34,1810.0
B4UN96:Q6CR18,1,100.0,1.0,1.7985e-11,962.5
B6A877:B6A877,1,12.899999999999999,0.129,1.8556499999999998e-08,516.5
B6A877:B6A878,1,72.55000000000001,0.7255,5.885e-54,3955.0
B6A877:B6A879,0,0.0,0.0,0.0,0.0
B6A880:B6A880,1,97.5,0.975,0.0,8786.5
B6A880:B6A882,1,97.4,0.974,4.93e-102,6760.5
B6KGK3:B9PMU7,1,92.85,0.9285,2.8140028285e-22,1052.5
B6SRI3:P04966,1,99.9,0.999,1.843e-22,2726.0
B6SRI3:P62596,1,95.55,0.9555,7.310000000000037e-06,529.5
B6SZR1:B6T892,1,100.0,1.0,3.3229500000000004e-27,1215.0
B6VNN3:B6VNN6,1,92.2,0.9219999999999999,1.1215e-15,1991.5
B6VNN3:B6VNN8,1,92.2,0.9219999999999999,3.377e-34,2411.0
B6VNN6:B6VNN8,1,100.0,1.0,1.1215e-15,1084.5
B6VNN6:B6VNP1,1,97.55,0.9755,1.1215e-15,1519.5
B6VNN8:B6VNP0,1,100.0,1.0,6.5900000000033765e-22,1253.0
B6VNP0:B6VNP1,1,97.55,0.9755,6.59e-22,1688.0
B6VNP0:B6VNP4,1,34.35,0.3435,1.16341e-11,599.5
B6VNP1:B6VNP3,1,97.55,0.9755,7.086275499999999e-55,2281.5
B6VNP2:B6VNP2,1,64.0,0.64,2.571e-30,1759.0
B6VNP2:B6VNP3,1,95.95,0.9595,7.08524435e-55,2250.0
B6VNP3:B6VNP3,1,70.6,0.706,2.6995e-31,1730.5
B6VNP3:B6VNP4,1,61.9,0.619,4.1115e-10,1338.5
B6YWB8:B6YWC0,1,99.1,0.991,6.54e-41,3094.5
B6YWB8:B6YWC1,1,99.8,0.998,2.7115e-42,3132.5
B6YWB9:B6YWC0,1,98.95,0.9895,9.565e-12,1180.0
B6YWB9:B6YWC2,1,93.65,0.9365,2.0855e-11,1232.0
B6YWC0:B6YWC0,1,97.0,0.97,1.2039999999999999e-40,1692.5
B6YWC0:B6YWC1,1,99.3,0.993,6.81115e-41,1729.0
B6YWC0:B6YWC2,1,91.44999999999999,0.9145,1.0575000000646e-33,1630.5
B7IA31:B7IA37,0,0.0,0.0,0.0,0.0
B7LFT4:B7LFT6,1,100.0,1.0,2.172e-12,1031.5
B7LFT6:B7LG64,1,96.85,0.9684999999999999,1.9605000000756998e-33,1697.5
B7LG64:B7LG64,1,99.5,0.995,5.817348e-60,2806.5
B7MCS2:B7MCS9,1,100.0,1.0,7.92e-13,1010.5
B7MCS2:B7MCT1,1,100.0,1.0,7.760195e-13,546.0
B7MCS2:B7MCT6,1,98.0,0.98,4.07684e-12,519.0
B7MCS5:B7MIU4,1,100.0,1.0,1.6820285e-12,635.0
B7MCT0:B7MJ76,1,95.9,0.9590000000000001,2.1805000044229998e-08,485.0
B7MCT5:B7MIU4,1,56.95,0.5695,5.530000000586e-14,873.5
B7MKB3:B7MKB3,1,42.4,0.424,3.81685e-26,1192.0
B7NZS8:G1SWM1,1,96.3,0.963,1.40450000000608e-25,1289.5
B7NZS8:G1TUT9,1,96.55,0.9655,1.4045000000044494e-25,1295.5
B8J364:B8J3A4,1,16.85,0.16849999999999998,2.5707e-06,305.5
B8YB53:B8YB61,1,99.7,0.997,8.615e-12,2953.5
B8YB54:B8YB61,1,98.2,0.982,8.615e-12,1364.0
B8YB55:B8YB56,1,99.05,0.9904999999999999,1.148e-44,4533.5
B8YB55:B8YB57,1,96.65,0.9664999999999999,7.485e-23,3919.5
B8YB56:B8YB62,1,99.4,0.994,2.18e-14,1159.5
B8YB56:B8YB63,1,100.0,1.0,8.335e-09,1100.5
B8YB56:B8YB64,1,100.0,1.0,4.4725e-05,1030.5
B8YB57:B8YB58,1,98.3,0.983,4.4600000000007487e-10,750.5
B8YB57:B8YB61,1,97.9,0.979,4.1115000002428e-11,711.0
B8YB60:B8YB61,1,97.5,0.975,2.725235e-10,456.0
B8YB60:B8YB65,0,0.0,0.0,0.0,0.0
B9EE38:O75306,1,100.0,1.0,2.0435e-13,1618.0
B9EE38:Q8HAX7,1,68.19999999999999,0.6819999999999999,5.88836e-08,402.5
B9EE38:V9JN72,1,100.0,1.0,9.64435e-12,484.0
B9VGZ9:W5P0I2,1,82.45,0.8245,4.658500000001637e-08,529.5
B9VGZ9:W5PPP6,1,100.0,1.0,3.8405030804999996e-18,807.0
B9VH04:W5Q0A9,1,100.0,1.0,8.785e-07,900.0
C0H4A6:Q8I713,1,65.80000000000001,0.658,4.3405e-08,720.0
C0H4A6:Q8IAX6,1,99.25,0.9924999999999999,4.2605572e-28,1157.0
C0H4A6:Q8IIB4,1,61.300000000000004,0.613,2.648e-09,749.0
C0H4A6:Q8ILL2,1,95.45,0.9545,5.9745000000000004e-33,1298.5
C0H4E8:Q7K6A9,1,97.85,0.9784999999999999,6.317e-37,1518.5
C0H4E8:Q8I261,1,98.1,0.981,1.6583e-36,1517.0
C0H4E8:Q8IBI3,1,99.1,0.991,3.798002322e-37,1632.5
C0H4E8:Q8IK90,1,95.6,0.956,1.098000027695e-30,1380.0
C0H5C2:Q8IIA2,1,96.6,0.966,1.84552346e-12,585.5
C0H5G3:C6KT23,1,100.0,1.0,4.486118e-25,1030.5
C0H5G3:Q8I431,1,58.05,0.5805,1.0800000000000018e-23,1222.5
C0HKA0:P13008,1,100.0,1.0,1.80368385e-15,680.0
C0HKA0:P55830,1,100.0,1.0,1.8385e-19,1119.0
C0HKE1:P62806,1,100.0,1.0,3.1621482e-13,626.0
C0HKE1:P84244,1,100.0,1.0,2.3115e-14,580.5
C0LTT5:C0LTT5,1,39.95,0.3995,0.00025275,200.0
C1DH03:C1DH04,1,100.0,1.0,1.2001e-63,2669.0
C1DH04:C1DH04,1,59.1,0.591,2.229e-20,1801.5
C1DI23:C1DI25,1,55.8,0.558,2.2961e-54,2247.5
C1DI24:C1DI25,1,100.0,1.0,6.455e-11,1762.5
C1K004:D0FXV2,1,99.75,0.9975,1.641e-26,2860.0
C1K0Y1:P61769,1,96.0,0.96,3.4015e-16,1332.0
C3SR12:C3SR27,1,100.0,1.0,8.208500000000001e-17,736.5
C3SR27:C3SR62,1,100.0,1.0,1.323e-06,646.5
C4IX13:Q4H132,1,76.8,0.768,1.3605e-42,3993.0
C4IX13:Q70Q12,0,0.0,0.0,0.0,0.0
C4QW33:C4QZS5,1,97.35,0.9735,1.0740038325e-11,710.0
C4QXP2:C4QZS5,1,76.9,0.7689999999999999,4.594008315e-10,507.5
C4QY79:C4QZQ7,1,94.1,0.9410000000000001,2.8485e-15,3534.0
C4QZ05:C4QZS5,1,86.4,0.864,8.315004612e-16,749.5
C4QZA3:C4QZS5,1,89.95,0.8995,4.08e-15,638.0
C4QZA3:C4R4L4,1,80.0,0.8,3.2485e-15,1725.0
C4QZQ7:C4R009,1,97.85,0.9784999999999999,4.5895e-10,3997.0
C4QZQ7:C4R2U9,1,95.65,0.9564999999999999,8.53e-16,4177.0
C4QZQ7:C4R3Z5,1,33.1,0.33099999999999996,6.685e-07,2221.5
C4QZQ7:C4R7L2,1,93.7,0.937,1.65e-40,4024.0
C4QZS5:C4R4L4,1,100.0,1.0,1.1365e-11,534.0
C4R009:C4R7L2,1,100.0,1.0,7.86e-10,1042.5
C4R0E6:C4R370,1,93.55,0.9355,1.497e-17,2099.0
C4R2U9:C4R9A1,1,94.75,0.9475,3.6255000000013157e-13,904.5
C4R370:C4R7L2,1,35.3,0.353,2.944000000000139e-27,1465.0
C4R3Z5:C4R7L2,1,34.0,0.33999999999999997,7.67000000000001e-10,714.0
C4R4L4:C4R4L4,1,92.3,0.923,6.25e-13,1485.0
C4YFI3:C4YFI3,1,99.55,0.9955,7.057555e-58,2506.0
C4YFI3:C4YS24,1,98.3,0.983,4.47e-19,1716.5
C6K2M8:Q6TS43,0,0.0,0.0,0.0,0.0
C6KST3:Q8I261,1,97.15,0.9715,2.1520000741e-32,1471.0
C6KST3:Q8I6T3,1,100.0,1.0,1.9000741e-35,1508.5
C6KST3:Q8IAR3,1,91.15,0.9115,2.0899e-34,1402.5
C7E5A9:D0UZN7,0,0.0,0.0,0.0,0.0
C7EWL9:D0EZK6,1,91.55,0.9155,4.87e-43,2860.0
C7RG54:C7RG54,1,84.45,0.8445,4.1544999999999994e-37,1498.5
C8CHL4:C8CHL5,1,15.850000000000001,0.1585,9.4092905e-05,319.0
C8CHL5:C8CHL5,1,97.35,0.9735,1.482e-30,1293.5
C8V0B5:Q5B5Z6,1,76.65,0.7665,7.140295e-08,392.5
C8WT89:C8WT89,1,19.8,0.198,1.695e-08,383.5
C9JJ19:Q92552,1,95.3,0.953,7.2650000864e-25,1377.5
C9JJ19:Q9BYN8,1,81.95,0.8195,1.217001729e-15,722.5
C9JJ19:Q9Y3D3,1,88.65,0.8865,6.0417290000000005e-18,788.5
C9JJ19:Q9Y676,1,98.4,0.984,7.272075e-25,1060.5
C9ZK52:C9ZQR6,1,87.2,0.872,1.7505000000000002e-26,1374.5
C9ZK52:C9ZSI8,1,26.25,0.2625,8.222250000000001e-05,266.0
C9ZK52:D0A4P5,0,0.0,0.0,0.0,0.0
C9ZK52:D0A4T0,0,0.0,0.0,0.0,0.0
C9ZK52:D0A8I6,1,98.95,0.9895,8.095e-13,1082.0
C9ZQF0:D0A7Z9,0,0.0,0.0,0.0,0.0
C9ZR63:C9ZSI8,0,0.0,0.0,0.0,0.0
C9ZSI8:D0A4P5,0,0.0,0.0,0.0,0.0
C9ZSI8:D0A5V6,0,0.0,0.0,0.0,0.0
C9ZSI8:D0A7A6,1,23.1,0.23099999999999998,2.3595e-06,316.0
C9ZTN9:D0A7Z9,0,0.0,0.0,0.0,0.0
D0A135:D0A795,0,0.0,0.0,0.0,0.0
D0A135:D0A7Z9,0,0.0,0.0,0.0,0.0
D0A1K1:D0A934,1,100.0,1.0,2.94500000001799e-12,637.5
D0A1K1:D0A9G9,1,96.5,0.9650000000000001,1.6335e-13,1916.5
D0A795:D0A7Z9,0,0.0,0.0,0.0,0.0
D0FXV2:D0FXW0,1,86.95,0.8694999999999999,0.0001098,2278.5
D0FXV2:D0FXW7,1,100.0,1.0,3.6835e-12,2451.0
D0FXV2:D0FXZ0,1,100.0,1.0,3.38450024155e-73,4381.0
D0FZX2:D0FZX2,1,17.3,0.173,5.756e-05,264.0
D0G6S1:I3LHK5,1,100.0,1.0,5.285e-21,1739.0
D0MDD4:D0MDD5,1,99.75,0.9975,2.9215e-29,3305.5
D0MDD4:D0MDD7,1,97.95,0.9795,2.749000029215e-21,1028.5
D0MDD4:D0MDD8,1,100.0,1.0,2.8770292150000002e-24,1124.5
D0MDD4:D0MKF0,1,100.0,1.0,1.2950000000000003e-13,912.5
D0MDD5:D0MDD6,1,99.75,0.9975,3.4095e-49,4071.0
D0MDD5:D0MDD8,1,99.75,0.9975,2.877e-24,3252.0
D0MDD5:D0MDD9,1,99.75,0.9975,4.2165e-37,3780.0
D0MDD5:D0MKF0,1,99.75,0.9975,1.295e-13,3040.0
D0MDD6:D0MDD7,1,97.95,0.9795,2.749e-21,1794.0
D0MDD6:D0MDD9,1,100.0,1.0,4.216500000003409e-37,2418.0
D0UZN7:D0UZN7,0,0.0,0.0,0.0,0.0
D0UZN7:Q76RF4,0,0.0,0.0,0.0,0.0
D0UZN7:Q76RF6,0,0.0,0.0,0.0,0.0
D0VWQ8:O68601,0,0.0,0.0,0.0,0.0
D0VWR1:D0VWR2,1,97.95,0.9795,1.765e-29,2119.5
D0VWR1:D0VWR8,1,100.0,1.0,1.627e-42,2530.5
D0VWR1:P12241,0,0.0,0.0,0.0,0.0
D0VWR1:P51765,1,100.0,1.0,1.048e-38,2527.5
D0VWR1:P56152,1,100.0,1.0,3.803e-12,1771.5
D0VWR7:D0VWR8,1,100.0,1.0,1.62705925e-42,2304.0
D0VWR7:P51765,1,100.0,1.0,1.048000005925e-38,2301.0
D0VWR7:P56152,1,100.0,1.0,2.998e-12,1691.0
D0VWR8:P12238,1,100.0,1.0,6.11e-09,1207.0
D0VWR8:P12241,0,0.0,0.0,0.0,0.0
D0VWV4:Q007T0,1,93.85,0.9385,2.258e-18,1198.0
D0VWW3:D0VWW3,1,24.4,0.244,0.0001992,239.0
D0VWW3:Q5ZIS0,1,98.9,0.989,4.915045515e-14,704.0
D0VWW3:Q9YHT2,1,81.0,0.81,6.995e-16,1145.0
D0VWY9:D0VWZ0,1,98.95,0.9895,5.4104999999999995e-65,2834.0
D0VWZ0:D0VWZ0,1,99.5,0.995,3.92258e-68,2990.0
D0VX26:D0VX28,1,86.94999999999999,0.8694999999999999,1.131e-07,938.0
D0VX26:D0VX30,1,81.85,0.8185,8.17e-11,1009.5
D0VX26:P18946,1,79.4,0.794,9.29195e-34,1740.0
D0VX29:D0VX29,1,73.30000000000001,0.733,1.32705e-57,2475.0
D0VX29:D0VX30,1,99.45,0.9944999999999999,1.7725e-13,1725.5
D0VX29:D0VX31,1,72.9,0.729,2.5323450000000004e-56,2491.0
D0VX30:P18946,1,99.45,0.9944999999999999,1.7725e-13,1588.5
D0VX31:P18946,1,73.69999999999999,0.737,1.038e-35,2252.5
D0VX31:Q5ZLR5,1,100.0,1.0,6.17e-31,2188.0
D0VX32:F1NAC6,1,68.85,0.6885,1.66e-07,1465.5
D0VXY8:D0VXY8,1,99.55,0.9955,2.8525e-32,1464.0
D1A3K7:D1A3K8,1,66.65,0.6665,1.63050267e-41,1860.5
D1A3K8:D1A3K8,1,24.65,0.2465,1.9025e-15,742.5
D1JBK2:D1JBK3,0,0.0,0.0,0.0,0.0
D1JBK2:D1JBK4,1,45.7,0.45699999999999996,1.6225e-11,1180.0
D1JBK3:D1JBK4,1,95.2,0.952,5.825e-20,1787.0
D1JBK4:D1JBK4,1,45.2,0.452,9.4938e-26,1418.0
D2YW39:P81397,1,76.45,0.7645,2.45151582e-13,681.5
D2Z0P2:D2Z0P3,0,0.0,0.0,0.0,0.0
D2Z0P2:D2Z0P5,0,0.0,0.0,0.0,0.0
D2Z0P2:D2Z0P9,0,0.0,0.0,0.0,0.0
D2Z0P3:D2Z0P5,1,99.3,0.993,2.2315649999999997e-33,1644.5
D3GUX3:D3GUX3,1,97.65,0.9764999999999999,6.33425e-82,3559.5
D3GUX3:D3GUX4,1,99.05,0.9904999999999999,2.0355e-34,1945.5
D3KFX4:D3WAD3,1,98.80000000000001,0.988,8.395000000000048e-33,1826.5
D3KFX5:Q71AW2,0,0.0,0.0,0.0,0.0
D3KFX7:D3KFX7,1,98.05,0.9804999999999999,2.6962800000000002e-20,804.0
D3KFX7:D3KFX8,1,100.0,1.0,1.8780000000000366e-22,1121.5
D3RV26:D3RV29,1,100.0,1.0,5.715e-43,2829.5
D3RV29:D3RV29,0,0.0,0.0,0.0,0.0
D3TEK8:D3TEK8,1,91.19999999999999,0.912,2.84735e-10,560.5
D3WAD3:D3WAD3,1,11.2,0.112,1.20865e-05,351.0
D3WAD3:Q71AW2,1,19.4,0.194,7.1393e-05,342.0
D3XDN4:D3XDR2,0,0.0,0.0,0.0,0.0
D3XDR2:D3XDR2,1,86.3,0.863,1.4592500000000002e-18,763.0
D3YNB5:D3YNB6,1,92.1,0.921,1.301e-49,2556.5
D3YNB5:D3YNB8,1,92.1,0.921,3.13650014525e-51,2318.0
D3YNB6:D3YNB8,1,93.3,0.933,1.45270615e-58,2673.0
D3YNB8:D3YNB8,1,96.19999999999999,0.962,5.5655e-58,2511.5
D3ZK93:P19491,1,56.8,0.568,1.2015e-05,1492.0
D4AEH3:F1LMQ3,1,100.0,1.0,3.1265000000000004e-26,1437.0
D4AEH3:F1LMZ8,1,100.0,1.0,4.623e-41,1927.5
D4AEH3:G3V6W6,1,97.75,0.9775,1.245e-36,1796.0
D4AEH3:O88761,1,95.15,0.9515,7.21e-43,3186.5
D4AEH3:Q4V8E2,1,100.0,1.0,8.569e-42,1619.0
D4AEH3:Q5U2S7,1,100.0,1.0,1.1280411e-37,1827.0
D4AEH3:Q5XIC6,1,100.0,1.0,8.490499999999999e-42,1953.5
D4AEH3:Q63569,1,100.0,1.0,4.11e-42,2059.0
D4AEH3:Q63570,1,100.0,1.0,4.1100000000000194e-42,1932.0
D4AEH3:Q6PCT9,1,98.25,0.9824999999999999,3.081221e-39,1909.0
D4AEH3:Q9ESH1,1,97.55,0.9755,1.7725e-25,1333.0
D5ATZ0:D5ATZ0,1,99.45,0.9944999999999999,2.17e-48,2227.5
D5ATZ0:D5ATZ3,1,12.649999999999999,0.1265,4.25915e-06,337.0
D5ATZ0:D5ATZ4,1,99.45,0.9944999999999999,3.863e-29,1706.0
D5ATZ5:D5ATZ6,1,100.0,1.0,4.8615298650000004e-14,725.5
D5ATZ6:D5ATZ6,1,19.6,0.196,0.00040675,224.5
D5ATZ7:D5AU01,1,79.55,0.7955,1.8530000001428499e-09,682.5
D5AU01:D5AU01,0,0.0,0.0,0.0,0.0
D5AU01:D5AU02,1,81.45,0.8145,1.853e-09,1118.0
D5AU01:D5AU04,1,53.2,0.532,1.853e-09,1183.0
D5AUZ7:D5AUZ9,1,96.25,0.9624999999999999,1.33335255e-21,1162.5
D5AUZ7:O68106,1,94.05,0.9405,2.4020000000000127e-23,1347.5
D5MAJ8:P06004,0,0.0,0.0,0.0,0.0
D5VAW2:D5VAW2,1,97.95,0.9795,2.333e-58,2687.5
D7NIZ2:D7P6B9,1,100.0,1.0,3.404500000000007e-22,1537.0
D7NIZ2:D8V7I1,0,0.0,0.0,0.0,0.0
D7NIZ2:D8V7I2,1,97.2,0.972,2.729500034045e-14,832.0
D7NIZ2:Q85JD5,0,0.0,0.0,0.0,0.0
D7P6B9:D8V7I2,1,97.2,0.972,2.7295e-14,1306.0
D7P7X5:H8PGG3,1,96.8,0.968,1.1800000000000005e-07,724.0
D7P7X6:Q4LDE7,1,34.45,0.34450000000000003,1.105500014865e-09,600.0
D7P897:H8PGG3,0,0.0,0.0,0.0,0.0
D7P897:Q85JD5,0,0.0,0.0,0.0,0.0
D7RFJ3:D7RFJ3,1,98.6,0.986,1.1955e-76,3414.0
D7Z9F4:D7Z9G8,1,98.0,0.98,4.07684e-12,519.0
D7Z9F9:D7Z9G8,1,100.0,1.0,3.183529725e-08,416.0
D7Z9F9:D7ZFP6,1,100.0,1.0,5.4514e-11,452.5
D7Z9G7:D7ZFP6,1,68.05,0.6805000000000001,3.5275e-06,601.5
D8V7I7:H8PGG3,0,0.0,0.0,0.0,0.0
D9IA43:D9IA44,1,84.55000000000001,0.8454999999999999,5.555e-28,2025.5
D9IA43:D9IA45,1,100.0,1.0,1.0470000000000023e-42,2494.5
D9ISE0:D9ISE0,1,35.849999999999994,0.3585,1.498e-54,2181.5
D9PXZ6:P58815,1,99.19999999999999,0.992,6.025e-31,2201.5
D9PXZ6:P58816,1,96.44999999999999,0.9644999999999999,2.681500006025e-22,1159.5
D9PYF6:D9PYF7,1,95.15,0.9515,3.3443035e-26,1127.0
D9PYF6:D9PYF9,1,97.85,0.9784999999999999,3.3035e-29,1678.5
D9PYF7:D9PYF9,1,97.3,0.973,3.341e-26,1585.5
E0VFQ5:E0VVT4,1,98.75,0.9875,7.7450017945e-19,1230.5
E1BHJ5:E1BN34,1,88.6,0.886,8.415e-67,4140.5
E1BHJ5:F1N4X0,1,81.1,0.8109999999999999,3.507e-37,3179.0
E1BN34:F1N4X0,1,81.15,0.8115,3.507e-37,2697.0
E1BN34:Q0IIM2,1,92.5,0.925,1.7815e-29,2148.0
E1BN34:Q1JQ97,1,96.35,0.9635,3.2325e-39,2483.0
E1BN34:Q32L13,1,92.9,0.929,8.645e-57,3672.5
E1C9K9:P17227,0,0.0,0.0,0.0,0.0
E1C9L1:P05311,1,99.15,0.9915,9.395e-18,2683.5
E1C9L2:Q9SQL2,1,99.7,0.997,1.728145e-23,1069.0
E1C9L3:P05310,1,98.4,0.984,6.795e-07,2439.0
E1K247:E1K248,1,99.9,0.999,4.067e-41,2695.0
E1V913:E1V913,1,61.5,0.615,8.2255e-41,1821.0
E2IH77:W0RYM0,1,100.0,1.0,8.255e-19,943.0
E2QR96:E2QR96,1,58.85,0.5885,1.123e-21,1797.5
E2QR96:E2QR97,1,100.0,1.0,2.7115000598499997e-69,2898.0
E2QR96:E2QR98,1,100.0,1.0,5.19e-17,1703.0
E2QR96:E2QR99,1,98.55,0.9855,7.145e-17,1699.0
E2RN10:J9UGS3,1,97.25,0.9724999999999999,7.24e-17,1425.0
E2RXT0:E2RXT8,1,100.0,1.0,3.0847499999999998e-12,492.5
E6GPD6:E6GPD6,1,76.25,0.7625,7.9425e-13,481.0
E6GPD6:E6GPD7,1,100.0,1.0,2.737e-17,1239.5
E6MVV9:E6MVV9,1,99.55000000000001,0.9955,3.759e-58,2535.0
E6MVV9:E6MVW0,1,99.2,0.992,1.904e-08,1515.0
E6PBR8:E6PBT2,1,66.0,0.6599999999999999,2.865000932e-21,987.5
E6PBR9:E6PBS0,1,57.4,0.5740000000000001,1.14425e-16,700.0
E6PBR9:E6PBT9,1,100.0,1.0,4.343e-14,942.5
E6PBS0:E6PBT9,1,100.0,1.0,9.655e-15,1066.5
E6PBS0:E6PBU0,1,100.0,1.0,1.721e-20,1225.5
E6PBS1:E6PBS8,1,100.0,1.0,5.99e-15,1021.5
E6PBS1:E6PBT5,1,96.3,0.9630000000000001,5.985e-16,1051.0
E6PBS1:E6PBT8,1,55.7,0.5569999999999999,4.2285000000000165e-15,854.5
E6PBS1:E6PBU7,1,100.0,1.0,2.118e-09,863.5
E6PBS2:E6PBS7,1,100.0,1.0,2.275e-26,1511.0
E6PBS3:E6PBT4,1,61.4,0.614,6.5580985e-16,789.5
E6PBS3:E6PBU3,1,48.3,0.483,5.990000000000383e-05,558.5
E6PBS3:E6PBU6,1,58.8,0.588,2.243000000000329e-05,586.0
E6PBS5:E6PBU0,1,100.0,1.0,1.72100000000007e-20,1082.0
E6PBS5:E6PBU5,1,46.15,0.4615,1.113000013e-07,479.5
E6PBS6:E6PBS9,1,95.5,0.9550000000000001,1.4400005585e-22,1057.0
E6PBS7:E6PBS7,1,47.25,0.4725,1.3745000000000644e-08,681.5
E6PBS7:E6PBU8,0,0.0,0.0,0.0,0.0
E6PBS9:P06147,1,72.15,0.7215,1.3023899999999999e-09,477.5
E6PBT0:E6PBT0,1,34.6,0.346,2.01161e-06,314.0
E6PBT0:E6PBU9,1,100.0,1.0,2.60650024155e-13,651.0
E6PBT2:E6PBU4,1,68.65,0.6865,2.203500000003889e-10,643.5
E6PBT4:E6PBV0,1,100.0,1.0,7.58e-24,1655.5
E6PBT5:E6PBV0,1,96.3,0.9630000000000001,5.985e-16,1522.5
E6PBT6:E6PBT7,1,100.0,1.0,1.90175e-24,946.5
E6PBT6:E6PBU3,1,100.0,1.0,2.402500000000462e-12,713.0
E6PBT8:E6PBU7,1,100.0,1.0,2.3635000061600002e-11,539.5
E6PBT9:E6PBU0,1,100.0,1.0,9.65501721e-15,728.0
E6YJU0:E6YLF5,1,99.75,0.9975,1.033e-06,800.5
E7E832:E7E837,1,71.05000000000001,0.7104999999999999,7.1100000007135e-07,600.0
E7ESL0:Q9BRJ2,1,92.8,0.928,9.1595e-24,979.5
E7ESL0:Q9BYC8,1,72.4,0.724,2.7605000000005203e-07,538.0
E7ESL0:Q9NYK5,1,81.1,0.8109999999999999,5.205e-20,1255.5
E7ETK0:P62701,1,100.0,1.0,1.784e-19,1284.5
E9AK51:E9API2,1,100.0,1.0,9.50575e-25,993.0
E9B7A8:E9BAV6,1,98.7,0.987,5.495000001599999e-23,1089.5
E9B7A8:E9BUA2,1,98.7,0.987,3.752e-14,896.5
E9B8R9:E9BIP6,1,100.0,1.0,2.04739485e-14,662.0
E9B949:E9BMB4,1,100.0,1.0,9.926e-35,1375.0
E9BAU9:E9BFJ5,1,96.95,0.9695,6.37148e-18,756.0
E9BAU9:E9BKR3,1,98.25,0.9824999999999999,3.3475e-17,1448.5
E9BAU9:E9BS76,1,98.25,0.9824999999999999,3.3483285e-17,748.0
E9BAV6:E9BNF0,1,99.75,0.9975,5.495000000000048e-23,1227.0
E9BAV6:E9BUA2,1,100.0,1.0,3.752000005495e-14,768.0
E9BBI6:E9BTJ0,1,100.0,1.0,3.9235e-21,1403.5
E9BF65:E9BMB4,1,98.95,0.9895,4.368e-12,929.0
E9BFB6:E9BLG3,1,98.55,0.9855,6.89e-07,605.5
E9BHM6:E9BTF9,1,100.0,1.0,7.14000000005345e-12,681.5
E9BI29:E9BKR3,1,100.0,1.0,2.905e-34,1744.0
E9BI29:E9BRT7,1,100.0,1.0,1.5815000029050002e-25,1191.5
E9BIP6:E9BMB4,1,100.0,1.0,2.171e-15,1000.0
E9BJV7:E9BQ25,1,100.0,1.0,1.382e-09,915.0
E9BJZ5:E9BQ25,1,100.0,1.0,1.459e-16,1097.0
E9BKR3:E9BUI1,1,98.0,0.98,5.18e-28,1600.0
E9BLG3:E9BTJ0,1,100.0,1.0,6.890000000000039e-07,602.0
E9BMA8:E9BRS2,1,97.1,0.971,2.0360000006825e-25,1185.0
E9BMB4:E9BS63,1,100.0,1.0,5.06e-12,934.5
E9BPR7:E9BUA2,1,99.6,0.996,3.75205765e-14,716.5
E9BQ25:E9BTG4,1,100.0,1.0,5.025e-14,1048.0
E9BR60:E9BTF9,1,100.0,1.0,9.3375e-23,914.5
E9BRE2:E9BRT7,1,100.0,1.0,5.3457775e-18,814.0
E9BRE2:E9BS61,1,97.9,0.979,3.4220000000000734e-23,1237.0
E9NQ90:E9NQ90,1,49.4,0.494,2.2377000000000002e-14,648.5
E9PR30:P62266,1,97.2,0.972,0.0001581,578.5
F1LC27:O44074,1,52.7,0.5269999999999999,4.4945e-09,903.5
F1LC27:P92507,1,38.45,0.38449999999999995,1.2429945000000002e-06,359.0
F1LMQ3:O88761,1,97.4,0.974,3.8945e-25,2742.5
F1LMQ3:Q4V8E2,1,100.0,1.0,3.1265000000000004e-26,1444.0
F1LMZ8:P62198,1,100.0,1.0,7.425000000000001e-37,2102.5
F1LMZ8:Q4V8E2,1,100.0,1.0,4.6579e-41,1934.5
F1LMZ8:Q5U2S7,1,100.0,1.0,1.1284212e-37,2142.5
F1LMZ8:Q63570,1,100.0,1.0,4.2120000000000023e-41,2247.5
F1LMZ8:Q6PCT9,1,100.0,1.0,1.0775002874500001e-33,2040.0
F1MWD3:Q2T9X2,1,99.69999999999999,0.997,7.68524e-60,3042.0
F1MWD3:Q3ZBH0,1,97.75,0.9775,8.855021855e-57,2965.0
F1N4X0:G3N2W1,0,0.0,0.0,0.0,0.0
F1N4X0:Q1JQ97,1,81.6,0.8160000000000001,1.0855069999999999e-34,2025.0
F1NAC6:F1P582,1,73.05,0.7304999999999999,1.3114049999999999e-45,2000.0
F1NAC6:P18946,1,73.8,0.738,1.038e-35,2257.5
F1NAC6:Q5ZLR5,1,100.0,1.0,6.17e-31,2199.0
F1NPJ4:Q9YHT2,1,100.0,1.0,2.341e-39,3050.5
F1P582:F1P582,1,73.30000000000001,0.733,5.2085e-58,2467.0
F1RFD4:Q35914,0,0.0,0.0,0.0,0.0
F1RG19:F1S8A5,1,85.95,0.8594999999999999,2.5810464899999997e-16,709.5
F1RG19:Q767K8,1,90.65,0.9065,4.66952e-21,874.5
F1RGE3:F1SHD7,1,96.4,0.964,1.746e-13,2428.0
F1RHJ1:F1SGC7,1,100.0,1.0,8.450000090699999e-08,511.0
F1RI18:F1RNZ1,1,87.0,0.87,7.23e-10,752.0
F1RI18:F1SKM0,1,86.4,0.864,7.23e-10,1609.5
F1RI18:Q1HBG9,1,80.5,0.8049999999999999,7.23e-10,1271.5
F1RI89:F1RWJ0,1,100.0,1.0,8.870038995e-32,1311.0
F1RLM4:F1SG95,1,100.0,1.0,1.8465000000000012e-40,2036.5
F1RMQ4:F1SHP6,1,94.5,0.9450000000000001,5.925e-19,1300.5
F1RNI5:F1SLR1,1,100.0,1.0,8.915000001609999e-10,636.5
F1RNI5:O79874,1,88.19999999999999,0.882,3.6115e-09,1068.0
F1RNZ1:F1SKM0,1,98.7,0.987,3.84e-29,2027.0
F1RNZ1:Q1HBG9,1,98.7,0.987,3.8400000000022295e-29,1723.5
F1RSH0:F1SVC5,1,96.65,0.9665,4.414500000001648e-08,571.5
F1RVN1:F1SHD7,1,96.95,0.9695,3.4925e-59,3543.0
F1RVN1:F1SM98,1,100.0,1.0,1.169e-25,1795.0
F1RWF6:F1RWF6,1,100.0,1.0,6.1975e-08,388.5
F1RWF6:Q35915,1,100.0,1.0,1.6245000000000003e-07,776.5
F1RWL7:K7GSE5,1,98.55,0.9855,4.15673315e-18,786.0
F1RWL7:O79881,1,99.75,0.9975,7.24e-24,1884.5
F1RWL7:Q9TDR1,1,88.0,0.8799999999999999,2.226e-20,1920.5
F1RY70:F1SR64,1,89.65,0.8965000000000001,9.985000000000067e-16,1047.0
F1S001:I3LU08,1,86.15,0.8614999999999999,1.7915000000000653e-32,1605.0
F1S1A8:F1SHD7,1,98.5,0.985,6.575e-51,3298.5
F1S6Q1:F1SV23,1,100.0,1.0,5.7100014425e-13,602.0
F1S6Q1:K7GR43,1,86.55000000000001,0.8655,3.6455000001227e-06,400.5
F1S8A5:I3LEJ9,1,89.2,0.892,2.581806e-16,699.5
F1S8A5:Q767K8,1,90.4,0.9039999999999999,2.5810002052e-16,760.0
F1S8U4:F1SR64,1,21.85,0.21849999999999997,4.0206e-12,558.5
F1SAB6:F1SI50,1,95.35,0.9535,3.1465766999999995e-07,393.5
F1SD73:O79881,0,0.0,0.0,0.0,0.0
F1SGC6:F1SV23,1,91.15,0.9115,1.92850006475e-08,472.0
F1SGC6:K7GSE5,1,94.3,0.9430000000000001,2.5045000000000002e-17,665.5
F1SHD7:G8IFA6,1,98.5,0.985,2.932e-17,2382.0
F1SI50:F1SRQ0,1,82.5,0.825,4.807705e-06,310.0
F1SI50:Q9TDR1,1,90.25,0.9025,2.6415e-11,1837.0
F1SKM0:Q1HBG9,1,100.0,1.0,2.23e-41,2609.5
F1SKN8:I3LJZ9,1,92.85,0.9285,7.350000000000491e-10,733.0
F1SLR1:F1SV23,1,100.0,1.0,1.0450000885e-11,675.5
F1SLR1:K7GR43,1,99.25,0.9924999999999999,1.7820000000885e-08,577.5
F1SR64:K7GP19,1,94.25,0.9425,1.981068e-25,1162.5
F1SRT0:I3L9J0,1,100.0,1.0,1.6895e-10,957.0
F1SU49:I3LEJ9,1,86.05,0.8605,3.2597038499999997e-13,605.5
F1SV23:O79875,1,100.0,1.0,2.4365e-05,1172.5
F1SV23:O79882,1,100.0,1.0,5.710003149e-13,682.0
F1SV23:P56632,1,100.0,1.0,2.2375e-12,514.0
F2K073:F2K073,1,19.4,0.194,0.000113455,315.5
F2Z283:F2Z284,1,100.0,1.0,2.8781115e-67,2967.5
F2Z284:F2Z284,1,59.95,0.5995,2.7315e-28,2112.0
F2Z4C1:Q6B856,1,99.15,0.9915,2.6450949999999998e-70,3098.0
F2Z6J5:F2Z6J6,1,81.45,0.8145,1.019e-40,2582.5
F2ZAL7:F2ZAL8,1,100.0,1.0,6.405e-19,990.5
F2ZAL8:F2ZAL8,1,85.8,0.858,5.719e-17,876.5
F4MWM7:F4MWM8,1,100.0,1.0,2.207e-20,2314.0
F4MWM8:F4MWM8,1,41.3,0.413,4.165e-11,455.5
F4NBU6:P61769,1,92.85,0.9285,3.4785e-14,1290.5
F4YH71:F4YH71,1,75.7,0.757,3.7001e-36,1830.5
F5HCP3:F5HET4,0,0.0,0.0,0.0,0.0
F6MZ55:F6MZ56,1,98.3,0.983,8.4046555e-45,2141.0
F7YBW7:F7YBW7,0,0.0,0.0,0.0,0.0
F7YBW7:F7YBW8,1,54.2,0.542,9e-08,313.5
F8REV0:G8H8D9,1,81.65,0.8165,4.093e-19,1269.0
F8REV0:Q1T724,1,79.4,0.794,1.144000000000202e-30,1627.0
F8TW82:F8TW83,1,98.45,0.9844999999999999,2.2070000000000005e-20,1247.0
F8TW83:F8TW83,1,55.050000000000004,0.5505,0.00018105,884.0
G0LFX8:G0LFX8,1,36.349999999999994,0.3635,5.869e-14,782.5
G0RY17:G0S445,1,76.15,0.7615,7.35e-13,1973.5
G0RY43:G0S1A6,1,92.6,0.926,8.8750047545e-34,1544.5
G0RY43:G0S273,1,62.949999999999996,0.6295,6.09e-22,2080.5
G0RY45:G0S902,1,92.3,0.923,4.363e-28,1854.5
G0RY45:G0SF00,1,89.35,0.8935,1.635504363e-22,1033.0
G0RYF6:G0S2U4,1,93.1,0.931,1.1712e-43,2285.5
G0RYF6:G0S872,1,91.05000000000001,0.9105,9.77e-45,4019.5
G0RYF6:G0SGM0,1,95.1,0.9510000000000001,4.145e-19,1480.5
G0RYF6:G0SGY2,1,96.95,0.9695,2.0827e-43,2032.5
G0RYX2:G0RZL4,1,96.55,0.9655,6.14e-15,1557.0
G0RZ99:G0S387,1,89.8,0.898,1.2335e-32,2350.0
G0RZ99:G0SF93,1,98.15,0.9815,1.1475e-67,4153.0
G0RZB3:G0S0N0,0,0.0,0.0,0.0,0.0
G0RZB3:G0S2K4,0,0.0,0.0,0.0,0.0
G0RZB5:G0RZB5,1,95.3,0.953,9.004500000000001e-26,1071.0
G0RZB5:G0S709,1,91.85,0.9185,1.4345e-26,2530.5
G0RZL4:G0S6J7,1,97.75,0.9775,8.335e-09,1423.0
G0RZL4:G0SDW0,1,76.0,0.76,1.0685000000000001e-42,2316.5
G0RZL4:G0SEI5,1,92.4,0.9239999999999999,1.0015e-42,2849.5
G0RZL9:G0S9M9,1,58.65,0.5865,3.0990085000000005e-08,503.5
G0RZL9:G0SF93,1,98.85,0.9884999999999999,2.3035e-15,3079.5
G0S0B4:G0S0B4,1,47.25,0.4725,2.7235e-41,1816.0
G0S0B4:G0S6Y2,1,66.05000000000001,0.6605,8.025e-40,2199.5
G0S0B5:G0SH41,1,97.9,0.979,3.01900000009565e-15,909.0
G0S0E6:G0S0E6,1,62.05,0.6205,2.3209999999999998e-35,1794.5
G0S0E6:G0S709,1,100.0,1.0,9.21e-28,1963.5
G0S0E6:G0SH11,1,65.65,0.6565,7.395e-07,1325.0
G0S0Z4:G0S7Z2,1,89.25,0.8925000000000001,2.17250000655e-12,702.5
G0S0Z4:G0SE30,1,88.45,0.8845000000000001,5.140000000706999e-10,611.5
G0S0Z4:G0SG51,1,55.85,0.5585,2.8125000000000065e-06,635.5
G0S0Z4:G0SGM0,1,58.45,0.5845,0.00013855,641.0
G0S1A6:P0CU28,1,100.0,1.0,9.055e-16,1146.0
G0S1Z0:G0SBR7,1,92.1,0.921,7.7400010795e-22,1072.5
G0S1Z0:G0SEI5,1,55.8,0.5579999999999999,2.23800000010795e-18,1065.0
G0S273:G0S273,1,71.6,0.716,3.130004e-64,3205.0
G0S273:G0S445,1,77.7,0.7769999999999999,8.955e-90,4550.5
G0S273:G0S902,1,53.75,0.5375,4.8725e-36,2748.5
G0S2E0:G0S7T8,1,49.349999999999994,0.4935,5.125e-32,1799.5
G0S2E0:G0SG95,1,56.6,0.566,6.34e-12,2905.0
G0S2U4:G0S387,1,59.8,0.5980000000000001,2.77200000012335e-22,1482.5
G0S2U4:G0SGY2,1,96.15,0.9615,3.0585000000000003e-43,1993.0
G0S3V7:G0S7T8,1,59.25,0.5925,1.4855e-09,958.5
G0S445:G0S4E3,1,85.45,0.8545,1.5115e-17,2698.5
G0S6M7:G0SCM5,1,96.15,0.9615,5.91e-70,4212.5
G0S7T8:G0SFL1,1,100.0,1.0,6.430000000000001e-21,1147.0
G0S7T8:G0SG95,1,90.9,0.909,6.31e-37,2931.0
G0S7Z2:G0SG51,1,45.1,0.451,2.8125021725e-06,422.0
G0S872:G0SBN9,1,84.94999999999999,0.8494999999999999,1.594e-59,4028.0
G0S872:G0SF93,1,93.6,0.9359999999999999,0.0,5687.0
G0SBN9:G0SCS8,1,80.9,0.8089999999999999,1.1455e-61,3593.5
G0SBR7:G0SF93,1,56.35,0.5635,2.9756496999999996e-20,977.0
G0SCK6:G0SCK6,1,54.650000000000006,0.5465,6.095e-17,1594.5
G0SCK6:G0SFB5,1,96.35,0.9635,6.2150000000000045e-55,2763.5
G0SCM5:G0SCM5,1,91.25,0.9125000000000001,1.1656500000000002e-72,3528.0
G0SCS8:G0SCT7,1,86.35,0.8634999999999999,6.098085e-89,4508.5
G0SCS8:P0CT47,1,48.050000000000004,0.4805,9.915e-10,2468.5
G0SCT7:G0SGY2,1,93.65,0.9365,1.985e-43,3153.5
G0SDL4:G0SF93,1,60.6,0.6060000000000001,2.3955e-18,2430.0
G0SE90:G0SF93,1,99.5,0.995,3.8635e-49,3795.0
G0SET4:G0SET4,1,98.15,0.9815,1.768e-05,304.0
G0SET4:G0SG92,1,96.7,0.9670000000000001,1.21938995e-23,1093.0
G0SF93:G0SG95,1,96.5,0.9650000000000001,7.2875e-13,660.5
G0SFL1:G0SG95,1,90.9,0.909,6.43e-21,2602.0
G0SG92:G0SG92,1,11.05,0.1105,0.00019715,242.5
G0SH11:G0SH11,1,100.0,1.0,3.06850009505e-12,818.5
G0SH41:G0SH41,1,100.0,1.0,3.1255e-18,870.5
G0YZJ9:G0YZK0,0,0.0,0.0,0.0,0.0
G0YZK0:G0YZK0,0,0.0,0.0,0.0,0.0
G1SED9:G1SLC2,1,98.9,0.989,1.684000000000221e-24,1424.5
G1SED9:G1SUC8,1,98.9,0.989,1.68400013005e-24,1562.0
G1SED9:G1T3L2,1,98.0,0.98,8.712e-24,1281.5
G1SED9:U3KNL5,1,98.9,0.989,1.684000000000221e-24,1424.5
G1SF08:G1SKF7,1,100.0,1.0,9.5750000010795e-17,921.0
G1SF08:G1TG04,1,95.75,0.9575,9.575002838e-17,851.5
G1SFR8:G1T168,1,100.0,1.0,2.989511285e-13,621.0
G1SFR8:G1TPV3,1,100.0,1.0,8.73511285e-14,624.5
G1SGR6:G1SHQ2,1,94.75,0.9475,1.1940000000000036e-12,756.5
G1SGR6:G1SV32,1,90.7,0.907,3.988e-05,735.0
G1SGX4:G1TFM5,1,100.0,1.0,4.30405e-21,938.5
G1SGX4:U3KMN4,1,100.0,1.0,3.2900499999999996e-21,930.5
G1SHQ2:G1SV32,1,98.19999999999999,0.982,3.5930000535e-27,1196.5
G1SHQ2:G1SYJ6,1,98.69999999999999,0.987,6.51e-21,1293.0
G1SHQ2:G1TN82,1,94.3,0.9430000000000001,2.1480000000000038e-12,750.5
G1SHQ2:G1TUB1,1,97.3,0.973,3.59300010045e-27,1185.0
G1SIZ2:G1U7M4,1,100.0,1.0,1.2670000006125e-08,470.0
G1SKF7:G1SZ12,1,100.0,1.0,1.52400010795e-19,923.5
G1SKF7:G1U7L1,1,97.25,0.9724999999999999,4.46100032935e-12,645.0
G1SKF7:U3KNW6,1,100.0,1.0,1.49200010795e-19,923.5
G1SKZ8:G1TTQ5,1,87.44999999999999,0.8745,1.9115e-09,723.5
G1SLC2:G1U971,1,100.0,1.0,2.2115e-37,2182.0
G1SRA8:G1T2G4,1,93.9,0.9390000000000001,5.49e-32,1855.5
G1SS70:G1T1F0,1,97.95,0.9795,5.750000000010829e-23,1152.5
G1SS70:G1TFE8,1,97.0,0.97,3.03e-14,1019.0
G1SVW5:G1TUB1,1,96.75,0.9675,1.0045e-34,1781.0
G1SVW5:G1U7L1,1,98.25,0.9824999999999999,2.612e-20,1532.0
G1SWM1:G1TG89,1,97.0,0.97,2.265500000000004e-22,1200.0
G1SWM1:G1TM82,1,97.0,0.97,3.9135e-14,986.5
G1SWM1:G1TWL4,1,98.1,0.981,1.01085e-37,1502.5
G1SZ47:G1T8A2,0,0.0,0.0,0.0,0.0
G1SZ47:G1TRM4,1,98.7,0.987,1.36318685e-09,512.0
G1T0C1:G1TTQ5,1,83.8,0.838,2.6515e-09,857.5
G1T168:G1U7M4,1,100.0,1.0,1.3375187e-09,453.5
G1T1F0:G1TFE8,1,98.05000000000001,0.9804999999999999,7.2400000575e-15,740.5
G1T1F0:G1TIB4,1,100.0,1.0,3.6185000000000015e-09,697.5
G1T1F0:G1TN72,1,97.45,0.9744999999999999,5.75000000001701e-23,1153.0
G1T2G4:U3KMN4,1,58.65,0.5865,9.493499999999999e-22,1018.0
G1TDB3:G1TFM5,1,100.0,1.0,1.3665e-11,885.0
G1TDB3:G1TPG3,1,100.0,1.0,2.43900000003091e-11,660.0
G1TDB3:U3KMN4,1,100.0,1.0,1.3665e-11,877.0
G1TFM5:G1TIB4,1,100.0,1.0,1.599e-07,787.0
G1TG04:G1U7L1,1,92.5,0.925,4.461100099999999e-12,594.5
G1TG04:U3KNW6,1,95.75,0.9575,1.4922838e-19,854.0
G1TG89:G1TZ76,1,100.0,1.0,8.725000031034999e-11,623.0
G1TGI6:G1TM82,1,97.2,0.972,4.201e-13,938.5
G1TGI6:G1TU13,1,99.6,0.996,1.353e-18,1090.5
G1TIB4:U3KMN4,1,100.0,1.0,1.1390000000000289e-07,679.0
G1TJW1:G1TRM4,1,90.9,0.909,1.99950005185e-20,1003.0
G1TM82:G1TUT9,1,98.15,0.9815,3.9135e-14,987.0
G1TNM3:G1U7M4,1,100.0,1.0,4.625e-09,879.0
G1TPV3:G1U7M4,1,100.0,1.0,1.337506635e-09,455.0
G1TU13:G1TWL4,1,98.15,0.9815,1.353e-18,1105.5
G1TUN8:G1U7L1,1,99.15,0.9915,3.51850712e-16,736.5
G1TUT9:G1TWL4,1,97.19999999999999,0.972,1.0797500000000001e-37,1504.0
G1U437:G1U7L1,1,99.15,0.9915,3.51851124e-16,736.5
G1UBD1:G1UBD1,1,13.05,0.1305,0.00046659999999999996,254.5
G1UBD1:Q603F1,1,81.15,0.8115,6.08e-08,1429.5
G1UBD1:Q607G3,1,95.95,0.9595,1.663e-25,1854.5
G3F7G9:G3F7G9,1,97.05000000000001,0.9704999999999999,2.357e-55,2438.0
G3G8R3:G3G955,0,0.0,0.0,0.0,0.0
G3G8X8:G3G955,0,0.0,0.0,0.0,0.0
G3G955:G3G955,1,95.65,0.9564999999999999,4.906e-21,857.5
G3N2W1:Q1JQ97,0,0.0,0.0,0.0,0.0
G3V6W6:P60901,1,98.9,0.989,4.043500000000118e-40,1885.0
G3V6W6:Q4V8E2,1,97.44999999999999,0.9744999999999999,1.9905e-34,1761.5
G3XCX5:G3XD92,1,100.0,1.0,3.347e-20,1259.0
G3XD39:Q9I5S9,1,16.35,0.1635,3.7260000000000446e-05,541.0
G3XD42:G3XD92,1,100.0,1.0,1.1375003347e-13,693.0
G3XD65:Q9I5S9,1,13.4,0.134,0.00014704764999999998,298.5
G3XD82:Q9I5S9,1,100.0,1.0,2.4188949999999998e-22,973.0
G4XDR8:G4XDR8,1,98.55,0.9855,5.97755e-53,2298.0
G5E814:P03921,1,68.1,0.681,7.06e-13,1805.5
G5EBF3:G5EET8,1,96.5,0.965,1.0953499999999999e-16,815.5
G6FMD2:G6FMD3,0,0.0,0.0,0.0,0.0
G6FMD2:G6FME9,0,0.0,0.0,0.0,0.0
G6FMD3:G6FME9,1,98.1,0.981,8.05e-19,2560.5
G6FME9:G6FW99,1,98.1,0.981,1.7655e-20,2616.0
G6FQU3:G6FW50,1,90.80000000000001,0.9079999999999999,2.494522085e-09,471.0
G8H8D9:H9E925,1,39.3,0.393,9.8355e-07,358.5
G8H8D9:Q1T724,1,88.5,0.885,4.093000009685e-19,1016.5
G9I239:G9I239,1,36.5,0.365,7.445999999999999e-08,358.0
G9I239:G9I240,0,0.0,0.0,0.0,0.0
G9I240:G9I257,0,0.0,0.0,0.0,0.0
G9I257:G9I257,0,0.0,0.0,0.0,0.0
H1KXL5:H1KXL5,1,65.5,0.655,1.3516899999999999e-37,2032.5
H1KXL5:H1KXL6,1,70.75,0.7075,3.8765e-15,1619.5
H1KXL5:H1KXL9,1,86.30000000000001,0.863,4.9905e-27,2144.0
H1KXL6:H1KXL9,1,62.7,0.627,3.8765852999999994e-15,845.0
H1KXL9:H1KXL9,0,0.0,0.0,0.0,0.0
H2L2L6:H2L2L6,1,97.95,0.9795,2.05025e-27,1134.5
H3ZMH3:H3ZMH3,1,33.599999999999994,0.33599999999999997,2.8755e-19,784.5
H6QM95:H6QM95,1,88.25,0.8825000000000001,1.6595e-25,1206.5
H7C6E5:H7C6E5,1,96.7,0.967,7.5136e-22,913.0
H7C6E5:P43221,0,0.0,0.0,0.0,0.0
H8PGG3:K0J903,1,96.8,0.968,7.5175e-23,1195.5
H8PGG3:Q85JD5,0,0.0,0.0,0.0,0.0
H9E925:Q1T724,1,36.75,0.36750000000000005,3.4772499999999997e-07,414.5
H9PGF0:O75306,1,87.25,0.8725,9.64e-31,2049.0
I1T312:I1T315,1,97.8,0.978,1.15585e-24,1050.0
I1T312:I1T318,1,99.0,0.99,1.4667800000000001e-22,1022.5
I1T315:I1T318,1,98.8,0.988,1.4587785e-22,1073.5
I2FL84:I2G9G1,1,100.0,1.0,7.78367e-31,1415.0
I3LCH3:I3LGP4,1,98.15,0.9815,1.068e-43,4483.5
I3LDC3:O79881,1,90.75,0.9075,3.169e-15,1597.5
I3LGM4:O79875,1,100.0,1.0,5.13e-14,1405.0
I3LGP4:I3LN51,1,99.95,0.9995,1.3885e-05,3668.0
I3LGP4:P60899,1,99.95,0.9995,3.003e-17,3910.0
I3LK43:O79874,1,100.0,1.0,8.755000002657e-26,1438.5
I3VE74:I3VE77,1,100.0,1.0,2.8345e-22,2306.5
I3VE77:I3VE77,1,99.8,0.998,9.667000000000001e-72,3731.0
I3ZN84:P43629,1,98.55000000000001,0.9855,3.2605878e-43,2074.0
I3ZN84:P61769,1,93.85,0.9385,2.1655e-15,1355.0
I6L958:P01869,1,98.55,0.9855,3.874e-10,1025.5
I6TXN1:I6TXN5,1,100.0,1.0,3.14850008115e-14,814.5
I6TXN5:I6UQL1,1,100.0,1.0,5.421485e-12,646.0
I6TXN5:I6UQL5,1,100.0,1.0,3.1485e-14,1854.0
I6TXN5:I6UZT7,1,100.0,1.0,2.4135031485000002e-08,567.5
I6TXN5:I6UZU1,1,100.0,1.0,1.4189850000000001e-12,649.5
I6TXN5:I6V287,1,100.0,1.0,4.6581485e-11,571.5
I6UQL5:I6UZU1,1,100.0,1.0,1.3875e-12,1765.5
I6UQL5:I6V287,1,100.0,1.0,4.655e-11,1687.5
I6UZU1:I6V287,1,100.0,1.0,4.7937499999999996e-11,483.0
I6X486:Q79FE1,0,0.0,0.0,0.0,0.0
I7FL16:I7FL16,1,98.9,0.989,2.3295e-25,1008.5
I7FL16:I7FT00,1,100.0,1.0,3.06150000009165e-15,800.0
I7FPH1:I7GD61,1,100.0,1.0,2.4245e-30,1767.5
I7LSX6:I7M8Q3,0,0.0,0.0,0.0,0.0
I7LSX6:I7MCQ6,0,0.0,0.0,0.0,0.0
I7LSX6:I7MCZ0,0,0.0,0.0,0.0,0.0
I7LT48:I7LWM6,0,0.0,0.0,0.0,0.0
I7LTP6:I7LVZ3,1,99.05,0.9904999999999999,9.68e-38,2468.0
I7LTP6:Q23CT9,1,99.05,0.9904999999999999,3.7345e-44,2591.5
I7LU83:Q22W36,1,98.25,0.9824999999999999,2.1265000012125e-24,1193.0
I7LVD3:Q23CT9,1,100.0,1.0,2.703e-25,1435.5
I7LVD3:W7WYR3,0,0.0,0.0,0.0,0.0
I7LVK6:I7M0G0,0,0.0,0.0,0.0,0.0
I7LVK6:I7MCQ6,0,0.0,0.0,0.0,0.0
I7LVQ8:I7M8Q3,1,100.0,1.0,1.6925e-29,1965.5
I7LVZ3:Q23CT9,1,100.0,1.0,9.680003734500001e-38,1604.5
I7LW04:Q22RT0,0,0.0,0.0,0.0,0.0
I7LW04:Q23UD3,0,0.0,0.0,0.0,0.0
I7LWM6:I7MKV5,1,98.55,0.9855,3.2180033335000005e-29,1237.0
I7LZE5:I7M0G0,0,0.0,0.0,0.0,0.0
I7LZV1:Q22Z05,1,54.6,0.546,1.494e-19,1879.0
I7LZV1:Q24HY8,1,100.0,1.0,1.546000044815e-79,3412.5
I7LZW2:I7M0G0,0,0.0,0.0,0.0,0.0
I7LZW2:I7M980,0,0.0,0.0,0.0,0.0
I7LZW2:I7MCQ6,0,0.0,0.0,0.0,0.0
I7LZW2:Q239R1,0,0.0,0.0,0.0,0.0
I7M068:Q23CT9,1,100.0,1.0,4.4115e-25,1367.0
I7M0G0:I7M0G0,0,0.0,0.0,0.0,0.0
I7M0G0:I7M980,0,0.0,0.0,0.0,0.0
I7M0G0:I7MCQ6,0,0.0,0.0,0.0,0.0
I7M0G0:I7MCZ0,0,0.0,0.0,0.0,0.0
I7M0G0:Q228N4,0,0.0,0.0,0.0,0.0
I7M0G0:Q24HK1,0,0.0,0.0,0.0,0.0
I7M0G0:Q24I07,0,0.0,0.0,0.0,0.0
I7M0P0:I7MHS2,0,0.0,0.0,0.0,0.0
I7M0P0:Q23K82,0,0.0,0.0,0.0,0.0
I7M0P0:Q23YQ0,0,0.0,0.0,0.0,0.0
I7M2I9:Q23CT9,1,100.0,1.0,9.58e-27,1402.0
I7M3F6:Q22P47,1,99.45,0.9944999999999999,1.8605e-44,3708.5
I7M3V9:Q22W36,1,96.85,0.9684999999999999,2.12650001089e-24,1408.5
I7M4A2:Q22RT0,1,92.25,0.9225,1.44950018365e-57,2765.5
I7M4A2:Q23DN6,1,91.75,0.9175,3.836e-37,2087.0
I7M4A2:Q23K82,1,93.75,0.9375,1.580000000000145e-44,2281.5
I7M4A2:Q23YQ0,1,76.65,0.7665,6.1e-29,1984.5
I7M4A2:Q24G80,0,0.0,0.0,0.0,0.0
I7M4M7:Q22RT0,1,98.5,0.985,1.312e-43,2333.0
I7M4M7:Q23YQ0,1,82.9,0.829,6.100000000000013e-29,1552.0
I7M6C7:Q22WF3,1,98.3,0.983,4.616e-20,874.0
I7M7B9:I7MJ84,0,0.0,0.0,0.0,0.0
I7M7C0:Q24HY8,0,0.0,0.0,0.0,0.0
I7M803:I7MF78,1,100.0,1.0,3.336e-13,996.0
I7M8Q3:Q22DV8,1,100.0,1.0,2.5825e-12,854.5
I7MAF1:I7MGP2,1,100.0,1.0,2.3355e-21,1308.0
I7MCQ6:I7MCQ6,0,0.0,0.0,0.0,0.0
I7MCQ6:Q228N4,0,0.0,0.0,0.0,0.0
I7MCQ6:Q24I07,0,0.0,0.0,0.0,0.0
I7MCZ0:Q239R1,0,0.0,0.0,0.0,0.0
I7MF78:I7MGP2,1,100.0,1.0,1.5310000412900002e-39,1641.0
I7MF78:I7MKV5,1,98.55,0.9855,3.2180000001531005e-29,1282.5
I7MG40:Q22EY1,1,99.6,0.996,8.33011545e-14,637.5
I7MG40:Q22W36,1,98.25,0.9824999999999999,8.33000000021265e-14,770.0
I7MG40:Q24C34,1,100.0,1.0,8.330000000604499e-14,752.0
I7MGP2:Q22HE3,1,100.0,1.0,6.41e-18,1242.0
I7MGP2:Q22W36,1,98.25,0.9824999999999999,2.1265e-24,1419.5
I7MGP2:Q23ZH7,1,100.0,1.0,3.3965e-15,1177.5
I7MHS2:Q22WF3,1,100.0,1.0,3.7401807500000004e-20,883.0
I7MJ84:I7MJ84,0,0.0,0.0,0.0,0.0
I7MJ84:I7MLU7,0,0.0,0.0,0.0,0.0
I7MJ84:I7MMI7,1,100.0,1.0,1.1523704999999999e-26,1206.0
I7MJ84:Q239R1,0,0.0,0.0,0.0,0.0
I7MJ84:Q24HY8,1,100.0,1.0,3.8705e-29,2421.5
I7MMW3:Q22Z05,0,0.0,0.0,0.0,0.0
I7MMW3:Q22ZH1,0,0.0,0.0,0.0,0.0
K5ZWV5:K5ZWV5,1,97.85,0.9784999999999999,0.0,5646.0
K7GLT8:P80021,1,100.0,1.0,1.42100002606e-74,3277.0
K7GR43:O79874,1,99.05,0.9904999999999999,6.475e-08,1069.0
K7GSE5:O79881,1,100.0,1.0,1.634e-20,1683.5
K7GSE5:Q2EN80,1,84.8,0.8480000000000001,6.8250000039634994e-12,622.5
K7N5M3:K7N5M4,1,97.65,0.9764999999999999,6.540000000000026e-24,1425.0
K7N5N2:P01850,1,94.95,0.9495,1.960000145e-17,953.5
K9US75:P0C6Z5,0,0.0,0.0,0.0,0.0
K9YFK1:K9YHS7,1,100.0,1.0,1.7054e-15,654.5
L7N695:P9WI43,1,99.05,0.9904999999999999,1.906500000006965e-06,570.5
M1VFJ4:Q85FY7,0,0.0,0.0,0.0,0.0
M1VKK5:Q85FP8,1,100.0,1.0,1.108016615e-16,864.0
M2XAQ9:M2XAQ9,1,62.05,0.6205,3.1755e-52,2093.0
M9PV03:M9PW10,1,100.0,1.0,4.278e-29,2086.0
M9PW10:M9PW10,1,39.35,0.3935,2.7945e-42,1897.5
M9QSI0:M9QSI0,1,99.4,0.994,2.9919e-85,3619.5
N9S5K0:N9S5K0,1,73.65,0.7364999999999999,1.11225e-23,1007.0
O00206:O00206,1,56.85,0.5685,2.97795e-45,2488.0
O00206:Q9Y6Y9,1,86.05000000000001,0.8605,7.631e-20,1060.5
O00217:O75251,1,100.0,1.0,9.816445e-28,1089.5
O00217:O75306,1,100.0,1.0,4.1445e-30,1797.0
O00217:O75380,1,100.0,1.0,3.0015000000000043e-15,844.0
O00217:Q9UI09,1,100.0,1.0,5.03000000041445e-20,930.0
O00231:P25787,1,68.85,0.6885,4.8255e-25,1623.0
O00231:Q15008,1,100.0,1.0,6.846e-39,2168.0
O00232:P62333,1,100.0,1.0,1.2305e-36,2123.5
O00232:Q9UNM6,1,100.0,1.0,6.900012305e-31,1869.0
O00300:O14788,1,65.65,0.6565,8.240000000001564e-12,844.0
O00303:P60228,1,100.0,1.0,1.80200034725e-42,2139.5
O00303:Q7L2H7,1,100.0,1.0,1.8985000000000002e-13,967.0
O00303:Q99613,1,100.0,1.0,1.802e-42,2676.0
O00303:Q9Y262,1,98.6,0.986,2.6260000000006373e-24,1413.0
O00411:Q9H5Q4,1,90.25,0.9025000000000001,1.402e-43,3607.0
O00451:P07949,1,91.0,0.9099999999999999,2.176e-32,2566.5
O00451:Q99748,1,96.1,0.9610000000000001,5.73e-14,1138.0
O00482:P35222,1,94.35,0.9435,5.625e-23,2221.5
O00483:P00395,1,100.0,1.0,4.469e-08,1806.0
O00487:P48556,1,98.6,0.986,1.0365e-25,1423.0
O00487:P62195,1,98.25,0.9824999999999999,5.8400000000002126e-43,1989.0
O00487:P62333,1,97.44999999999999,0.9744999999999999,1.9905e-34,1764.0
O00487:Q9UNM6,1,98.95,0.9895,3.778000000584e-33,1746.5
O00506:Q9Y376,1,94.55000000000001,0.9455,3.754501962e-33,1857.5
O00629:O00629,1,51.5,0.515,1.2895e-10,708.5
O00629:P18754,1,15.55,0.1555,1.5565036075e-06,560.5
O03042:O03042,1,94.1,0.941,8.8655e-73,3167.5
O03042:P10796,1,100.0,1.0,8.03e-21,2144.5
O04385:O04385,1,98.85,0.9884999999999999,8.8895e-60,2513.0
O05207:O05207,1,99.3,0.993,4.4552e-75,3315.0
O05207:O05208,1,95.45,0.9545,9.325e-42,2585.5
O05208:O05208,1,30.5,0.305,4.9415e-20,969.5
O06662:O06663,1,100.0,1.0,3.7020000000014577e-09,618.0
O07347:O07347,1,65.55,0.6555,2.6375e-16,1309.0
O07347:P83749,1,71.2,0.712,2.3535000000367252e-25,1477.0
O09061:Q9Z2U1,1,99.1,0.991,1.49611e-37,1573.0
O09111:Q9DCS9,1,85.25,0.8525,1.3595002455e-12,624.5
O13516:P0CX31,1,100.0,1.0,1.0380000009295e-14,811.0
O13615:O94316,1,100.0,1.0,1.2715e-45,4230.0
O13615:P78794,0,0.0,0.0,0.0,0.0
O13615:Q09882,1,97.85,0.9784999999999999,2.4465e-26,1592.0
O13828:Q9P805,1,98.7,0.987,1.8830000000000002e-20,1229.5
O13877:P37382,1,65.4,0.654,2.7455e-06,753.5
O13877:Q02061,1,73.7,0.737,1.4865e-08,3470.5
O13964:O60104,1,77.0,0.77,2.49000000031195e-05,425.5
O14010:P87306,1,94.6,0.946,1.353e-14,1391.5
O14011:P39964,1,68.0,0.6799999999999999,8.35000000894e-14,842.0
O14011:Q9USV3,1,37.7,0.377,3.3939900000000003e-05,304.5
O14036:O42661,1,98.95,0.9895,9.241e-14,614.0
O14036:O59734,1,98.25,0.9824999999999999,1.7220909999999998e-11,587.5
O14241:P32390,1,96.7,0.9670000000000001,2.7245e-45,2337.0
O14417:O59767,1,97.3,0.973,3.1840009890000003e-25,1256.0
O14417:P78972,1,94.8,0.948,9.89e-32,1919.5
O14455:P05748,1,98.95,0.9895,2.484e-11,856.0
O14459:O74825,1,100.0,1.0,5.860000000000956e-13,903.0
O14508:Q15370,1,96.0,0.96,1.8100000094250002e-17,847.5
O14561:Q9Y6M9,1,100.0,1.0,1.37750000026695e-11,673.5
O14818:P25789,1,99.75,0.9975,1.582215e-36,1495.0
O14818:P28062,1,96.05,0.9605,4.3655004181000005e-33,1487.0
O14818:P28066,1,98.45,0.9844999999999999,2.854e-39,1597.0
O14818:P28074,1,98.55,0.9855,1.008000006105e-34,1576.0
O14818:P35998,1,99.05,0.9904999999999999,2.504e-41,2006.0
O14818:P49721,1,99.45,0.9944999999999999,6.8700025895e-34,1487.0
O14818:P62191,1,98.9,0.989,2.749000000965e-40,1806.0
O14893:P62304,1,92.15,0.9215,2.48600000000674e-12,912.0
O14893:P62306,1,58.25,0.5825,3.907e-05,765.0
O14893:P62314,1,56.400000000000006,0.5640000000000001,0.000125,740.0
O14893:P62316,1,88.35,0.8835,1.1330000007885e-13,898.5
O14949:P08574,1,100.0,1.0,3.0395e-11,991.5
O14949:P14927,1,100.0,1.0,3.040323e-11,497.0
O14957:Q9UDW1,1,86.1,0.861,9.4845e-06,238.5
O14977:O14977,1,87.75,0.8775,6.8395e-63,2550.5
O14977:P54368,1,95.85,0.9585,2.9935e-12,1535.0
O14980:O95149,1,95.0,0.95,1.3285e-43,3943.0
O14980:P62826,1,98.55000000000001,0.9855,6.005e-31,3563.0
O15212:P50991,1,69.1,0.6910000000000001,3.408e-11,1112.0
O15212:Q99471,1,100.0,1.0,8.47500883e-12,593.5
O15212:Q9NQP4,1,100.0,1.0,1.2209e-11,495.0
O15239:P51970,1,87.15,0.8714999999999999,9.94585e-07,345.5
O15371:P42677,0,0.0,0.0,0.0,0.0
O15371:P46782,1,99.85,0.9984999999999999,7.145e-26,1875.0
O15371:P60228,1,99.85,0.9984999999999999,1.7005e-31,2121.5
O15371:P62857,0,0.0,0.0,0.0,0.0
O15372:Q14152,1,100.0,1.0,1.2385e-51,2735.5
O15372:Q99613,1,100.0,1.0,1.2385e-51,2852.0
O15372:Q9Y262,1,98.3,0.983,2.986000000006055e-24,1395.5
O15498:P53611,0,0.0,0.0,0.0,0.0
O15498:Q7Z6K3,1,92.9,0.929,2.6136349999999998e-28,1435.0
O15514:P62487,1,98.8,0.988,7.230000004906001e-14,869.0
O15533:P04439,1,93.9,0.9390000000000001,2.3920000000027552e-35,1888.0
O15533:P30101,1,95.35,0.9535,1.9445e-39,2590.0
O15541:Q15393,1,93.75,0.9375,4.7675e-26,4666.0
O15541:Q6UX04,1,94.8,0.948,4.7675001547500003e-26,1163.0
O16797:Q9VNE9,1,70.9,0.7090000000000001,1.3005e-14,1185.5
O16810:Q24168,1,98.5,0.985,2.6145e-26,1780.0
O16810:Q24169,1,93.4,0.9339999999999999,1.533000000000315e-48,2470.0
O16810:Q9W102,1,98.45,0.9844999999999999,4.706003149e-55,2672.0
O17445:P41126,1,100.0,1.0,6.845587e-30,1201.5
O17445:P46223,1,100.0,1.0,5.9986e-34,1342.5
O17445:P49630,1,68.2,0.6819999999999999,1.0675e-09,786.5
O17445:Q9W499,1,70.75,0.7075,1.397e-11,834.5
O18640:Q9W237,1,100.0,1.0,2.128e-18,1416.0
O19069:P53590,1,99.1,0.991,1.3935000000000157e-51,2438.0
O19244:O19244,1,76.05,0.7605,4.3652999999999994e-40,1782.5
O19244:Q07717,1,94.35,0.9435,2.5815e-17,1283.5
O19707:P01909,1,95.55,0.9555,1.019006665e-27,1331.5
O19707:Q5Y7C3,1,99.7,0.997,5.6816649999999996e-30,1367.5
O19895:O19928,1,100.0,1.0,5.815e-44,2755.5
O19895:Q76FB0,1,100.0,1.0,2.98e-19,1540.0
O19895:Q9TM47,1,100.0,1.0,6.01575e-44,2246.5
O19928:Q9TM22,0,0.0,0.0,0.0,0.0
O19928:Q9TM47,1,100.0,1.0,2.0075e-45,2718.0
O19928:Q9ZQS5,1,100.0,1.0,7.995e-14,1905.0
O21619:O78749,1,100.0,1.0,1.3785e-30,2356.0
O21619:W5PI52,1,100.0,1.0,1.567e-10,996.5
O21619:W5PW27,1,100.0,1.0,4.4340000000000014e-15,1092.5
O23813:O23813,1,99.69999999999999,0.997,3.5785e-90,4043.5
O23813:P27787,1,100.0,1.0,6.795e-18,2393.5
O25482:P56422,1,100.0,1.0,5.920000000031805e-13,726.0
O25503:O25675,0,0.0,0.0,0.0,0.0
O25675:O25675,1,26.4,0.264,0.00018020999999999998,253.5
O25924:O25924,1,23.05,0.2305,1.0958e-08,459.5
O25924:O26085,1,98.8,0.988,3.3235e-23,2386.0
O26774:O27646,1,98.05,0.9804999999999999,2.731499e-13,592.0
O26802:O26802,1,97.6,0.976,1.71534e-72,2890.5
O26802:O26803,1,97.19999999999999,0.972,1.9346785e-74,3216.0
O28191:O28192,1,96.05,0.9605,6.360000000376051e-26,1278.5
O28416:O28416,1,95.3,0.953,1.2402e-45,1847.0
O28416:O28417,1,97.65,0.9764999999999999,4.53e-13,1260.5
O28416:O28418,1,92.1,0.921,1.493501312e-40,1749.5
O28417:O28418,1,94.45,0.9445,4.53e-13,1145.0
O29634:O29634,1,99.0,0.99,1.66638e-30,1338.5
O29634:O29912,0,0.0,0.0,0.0,0.0
O29689:P0DMG2,1,98.75,0.9875,9.17e-20,1720.5
O29756:O29757,1,99.55,0.9955,1.0251965e-41,1702.5
O29756:O29758,1,99.6,0.996,1.394500546e-38,1653.0
O29756:O30033,1,97.85,0.9784999999999999,3.4420000000001887e-29,1467.5
O29757:O29758,1,60.15,0.6015,1.1605e-08,1051.0
O29757:O30033,1,100.0,1.0,3.442000000000035e-29,1494.0
O29889:O29890,1,41.95,0.4195,8.89e-32,1745.5
O29890:O29890,0,0.0,0.0,0.0,0.0
O30142:O30142,1,17.1,0.171,7.7055e-16,679.0
O30142:O30143,1,99.8,0.998,4.3415e-27,1826.0
O31452:O31452,1,25.3,0.253,3.787e-08,385.5
O31617:O31618,1,98.75,0.9875,1.642e-09,982.5
O31618:O31618,1,98.6,0.986,3.4857599999999995e-39,1695.0
O31779:O34412,0,0.0,0.0,0.0,0.0
O32163:O32164,1,99.85,0.9984999999999999,5.77e-18,1907.5
O32164:O32164,1,50.0,0.5,8.688e-52,2248.0
O33818:O33819,1,41.15,0.4115,1.9385e-16,1225.0
O33818:O33820,1,35.4,0.354,5.14500001634e-16,869.5
O33819:O33820,1,99.9,0.999,4.131e-57,3805.0
O34627:O34627,1,55.6,0.556,6.964e-23,950.0
O35955:P28076,1,100.0,1.0,1.15923925e-33,1444.5
O35955:Q9QUM9,1,78.15,0.7815,2.7495000000018184e-29,1415.0
O36004:O36005,1,99.7,0.997,5.6166e-18,948.0
O36005:O36005,1,93.8,0.938,7.2995e-18,885.5
O36030:O43044,1,95.55,0.9555,6.415e-45,3329.0
O41126:P30328,1,95.5,0.9550000000000001,2.048e-14,1586.0
O41126:Q84523,1,96.45,0.9645,2.0480009560000003e-14,718.5
O41126:Q84580,1,95.15,0.9515,2.22515e-14,638.0
O42661:Q10163,1,92.4,0.9239999999999999,9.56165e-11,547.5
O42978:O74499,1,89.1,0.891,8.05965e-09,464.5
O42978:Q9UUI1,1,63.05,0.6305000000000001,6.66000521e-05,395.5
O42995:O94244,0,0.0,0.0,0.0,0.0
O43044:O43044,1,86.6,0.866,9.398468499999999e-94,4290.0
O43172:O94906,1,95.6,0.956,2.1765000001018e-61,3497.0
O43172:P55769,1,45.9,0.45899999999999996,1.97135e-18,794.5
O43181:O75489,1,100.0,1.0,3.883500000000141e-20,1043.0
O43181:P56556,1,100.0,1.0,1.2185003883500002e-13,689.0
O43242:P48556,1,100.0,1.0,1.3315e-29,1963.0
O43242:Q15008,1,100.0,1.0,7.460000801499999e-40,2369.0
O43242:Q99460,1,96.2,0.962,8.015e-47,3648.0
O43323:O43323,1,96.3,0.963,2.443e-22,981.5
O43323:Q96QV1,1,96.5,0.965,8.54e-23,1884.5
O43395:P55769,0,0.0,0.0,0.0,0.0
O43504:Q9UHA4,1,98.85,0.9884999999999999,2.629519805e-12,592.5
O43504:Q9Y2Q5,1,100.0,1.0,1.9380006665e-13,680.5
O43557:Q92956,1,97.5,0.975,3.182001773e-15,865.0
O43617:O43617,1,59.5,0.595,3.327e-07,699.5
O43617:O75865,1,96.8,0.968,7.182e-22,961.5
O43617:Q86SZ2,1,98.35,0.9835,1.280974e-22,995.0
O43660:Q13573,1,99.5,0.995,2.2675000000000002e-27,1540.0
O43660:Q15029,1,61.75,0.6175,3.818e-39,3378.0
O43674:P51970,1,86.2,0.862,6.312e-17,744.0
O43674:Q9Y6M9,0,0.0,0.0,0.0,0.0
O43676:Q9Y6M9,1,87.6,0.876,2.6935000000623e-07,508.0
O43677:O95298,0,0.0,0.0,0.0,0.0
O43739:O43739,1,46.25,0.4625,4.4700000000000005e-15,755.5
O43739:P62330,1,98.4,0.984,5.40000000008895e-20,1060.5
O43741:P54646,1,86.85,0.8685,1.189e-08,1391.5
O43741:Q13131,1,93.45,0.9345,1.189e-08,1489.5
O43913:Q13415,1,97.3,0.973,2.686e-12,1563.0
O43920:P51970,1,84.65,0.8465,2.4345000658e-09,605.0
O43920:Q8HAX7,1,66.65,0.6665000000000001,3.72763e-10,496.0
O43920:Q9P0J0,1,82.8,0.8280000000000001,3.6955000267999997e-10,528.0
O43920:V9JN72,1,78.25,0.7825,3.9036e-10,436.0
O43924:Q92834,1,98.25,0.9824999999999999,1.582e-30,1982.0
O43929:Q13415,1,98.4,0.984,1.338e-11,1453.5
O44074:P92506,1,52.7,0.5269999999999999,5.495e-09,902.0
O46789:P21611,1,62.7,0.627,4.512e-13,1142.5
O48541:O48541,1,98.2,0.982,0.0,6142.5
O48541:Q2V8X0,1,99.2,0.992,4.116e-13,3357.0
O49937:P22798,1,97.3,0.973,5.012507e-27,1076.0
O52183:O52183,1,100.0,1.0,3.11455e-20,787.5
O52183:O52184,1,100.0,1.0,4.72454e-21,887.5
O52183:O53086,1,62.65,0.6265000000000001,4.663000007905e-12,636.0
O53871:O53871,1,99.6,0.996,2.18324e-70,2770.0
O53871:O53872,1,100.0,1.0,2.174e-72,3853.5
O53943:Q79FE1,1,98.8,0.988,6.15e-23,1425.0
O54408:P21476,1,55.3,0.5529999999999999,6.685044365e-06,389.5
O54828:P62881,1,69.9,0.6990000000000001,1.4305e-32,2111.5
O55013:Q5NCF2,1,99.35,0.9935,7.735e-24,985.0
O55013:Q9CQP2,1,95.5,0.955,2.81976e-23,995.5
O55029:Q8CIE6,1,63.65,0.6365000000000001,1.4935e-41,3349.0
O55029:Q9QZE5,1,97.19999999999999,0.972,9.865e-79,4970.5
O55234:Q9R1P1,1,98.45,0.9844999999999999,5.7458214999999996e-33,1436.5
O55234:Q9R1P3,1,88.5,0.885,2.5236000000000002e-14,651.5
O55234:Q9Z2U0,1,100.0,1.0,3.3905001394999997e-34,1541.5
O55234:Q9Z2U1,1,98.30000000000001,0.983,5.745000011e-33,1500.5
O58263:O58268,1,100.0,1.0,1.132502092e-13,652.0
O59800:P87126,1,80.35,0.8035,1.579500002638e-27,1242.5
O59800:Q09882,1,81.0,0.81,2.6044500000000003e-26,1071.5
O60104:O94376,1,80.75,0.8075,3.2023e-15,617.0
O60104:P87306,1,72.3,0.723,3.1195e-15,1354.5
O60104:P87310,1,80.75,0.8075,4.2025e-15,637.5
O60104:Q9P7Y4,1,78.05,0.7805,3.1195e-15,1769.0
O60104:Q9USH1,1,80.75,0.8075,2.1928119500000002e-11,567.0
O60104:Q9Y7N2,1,80.75,0.8075,9.806195e-13,556.0
O60104:Q9Y821,1,69.25,0.6925,3.12453e-15,644.0
O60216:Q9UQE7,1,47.95,0.4795,7.125e-20,2147.5
O60239:O60239,1,97.25,0.9724999999999999,1.1487000000000001e-21,1011.5
O60239:P62491,1,99.7,0.997,8.261385e-24,1057.5
O60260:O60260,1,84.1,0.841,4.9010000000000004e-45,1867.0
O60260:P68036,1,98.8,0.988,1.2675e-22,1458.5
O60306:Q9HCS7,1,97.0,0.97,1.2985e-56,5912.0
O60508:P41223,1,98.75,0.9875,9.44e-19,1620.0
O60508:P62308,1,94.6,0.946,3.112e-09,1412.0
O60508:Q13573,1,98.4,0.984,2.2675e-27,1530.0
O60508:Q96DI7,1,60.55,0.6055,5.7e-22,1623.0
O60508:Q99459,1,85.3,0.853,3.228e-21,1495.0
O60508:Q9NW64,1,100.0,1.0,3.8435e-11,1372.5
O60508:Q9Y3C6,1,100.0,1.0,1.9445e-28,2130.5
O60563:O60563,1,99.6,0.996,2.490626e-27,1463.5
O60563:P50750,1,100.0,1.0,5.12e-31,1934.0
O60609:P07949,1,97.35,0.9735,3.1335e-22,2293.5
O60609:Q5T4W7,1,100.0,1.0,1.426500031335e-14,901.5
O60671:O60921,1,96.9,0.969,2.48169e-44,1970.0
O60671:Q99638,1,98.05000000000001,0.9804999999999999,3.7119e-45,1969.5
O60704:O60704,1,97.5,0.975,2.436e-41,1860.0
O60783:P82664,1,96.3,0.9630000000000001,2.66063665e-14,642.5
O60783:Q92665,1,100.0,1.0,3.87250000033575e-16,826.5
O60783:Q96EL2,1,93.7,0.937,1.126234e-11,515.0
O60783:Q9Y291,1,100.0,1.0,2.6143724999999997e-13,533.0
O60911:P01040,1,88.85,0.8885000000000001,2.9625e-13,996.0
O60921:Q99638,1,97.6,0.976,3.541e-46,2001.5
O60925:Q99471,1,100.0,1.0,2.1715882999999998e-13,622.0
O61233:O61233,1,73.2,0.732,7.585079700000001e-10,621.5
O61233:P11069,1,99.65,0.9964999999999999,8.0215e-15,786.5
O61233:P13579,1,99.65,0.9964999999999999,8.07835e-15,783.5
O62140:O62140,1,98.3,0.983,7.0855e-78,4333.5
O66127:O66129,1,100.0,1.0,9.925e-16,1376.0
O66129:O66129,1,27.0,0.27,1.5787999999999999e-12,746.0
O66186:O66187,1,100.0,1.0,5.4965e-19,798.5
O66186:O66188,0,0.0,0.0,0.0,0.0
O66187:O66187,0,0.0,0.0,0.0,0.0
O66187:O66188,1,33.55,0.3355,2.746000000003659e-08,579.0
O66188:O66188,0,0.0,0.0,0.0,0.0
O66430:O66530,1,33.25,0.3325,1.5550119349999998e-05,364.0
O66530:O66530,0,0.0,0.0,0.0,0.0
O66683:O67268,1,90.25,0.9025,1.3535e-05,644.5
O66950:O66950,1,50.35,0.5035000000000001,2.6613349999999998e-40,1676.5
O67033:O67033,1,96.95,0.9695,1.03635e-38,1548.5
O67033:O67034,1,98.6,0.986,6.23e-17,1156.5
O67108:O67108,1,52.8,0.528,1.059e-50,2386.0
O67175:O67175,1,99.55,0.9955,8.6692e-61,2524.0
O67181:O67182,1,99.55,0.9955,4.2060000000000006e-26,1544.0
O67182:O67182,1,97.4,0.974,8.8435e-25,1351.0
O67268:O67268,1,97.85,0.9784999999999999,1.062745e-23,1157.0
O68106:O68106,1,92.6,0.926,1.255053e-37,1636.0
O68601:O68601,1,99.1,0.991,7.533500000000001e-58,2431.0
O69077:O69077,1,99.0,0.99,2.385e-26,1992.5
O70435:Q9QUM9,1,96.95,0.9695,3.829925e-37,1549.5
O73947:P61875,1,99.35,0.9935,1.681e-40,3562.5
O74499:Q9UUI1,1,100.0,1.0,5.55665e-11,538.5
O74635:Q02061,1,61.95,0.6194999999999999,8.755e-11,3297.5
O74700:P87108,1,100.0,1.0,7.957450000000001e-09,364.5
O74966:Q9USZ3,1,100.0,1.0,1.524e-11,560.5
O74985:Q9UTI3,1,50.5,0.505,9.455000000000286e-23,1596.5
O75012:P38175,0,0.0,0.0,0.0,0.0
O75012:P47150,1,93.4,0.934,1.306000000002701e-09,654.0
O75015:P01857,1,95.65,0.9564999999999999,9.825676e-28,1358.0
O75251:O75306,1,100.0,1.0,9.775e-28,1779.5
O75251:O75489,1,100.0,1.0,9.775014099999999e-28,1205.0
O75306:O75489,1,100.0,1.0,1.41e-33,1912.5
O75306:O95182,1,88.05,0.8805000000000001,8.475e-07,1370.0
O75306:O95299,1,91.19999999999999,0.9119999999999999,1.2265e-18,1672.0
O75306:P03891,1,79.65,0.7965,3.253e-29,2023.5
O75306:P28331,1,99.6,0.996,1.1115e-50,3423.0
O75306:Q16718,1,100.0,1.0,4.1645e-13,1537.5
O75340:Q9Y5Z4,0,0.0,0.0,0.0,0.0
O75380:Q16795,1,100.0,1.0,3.0015e-15,1400.0
O75394:Q8TAE8,1,100.0,1.0,1.8890000859e-07,445.0
O75396:O95486,1,51.95,0.5195,4.738e-20,1288.0
O75396:Q15436,1,88.30000000000001,0.883,4.738e-20,2918.5
O75449:O75449,1,84.0,0.84,5.773999999999999e-28,1373.5
O75489:P56556,1,100.0,1.0,1.2185e-13,984.0
O75489:Q16718,1,100.0,1.0,4.1645e-13,963.0
O75530:O75530,1,99.0,0.99,3.8545000000000002e-59,2750.5
O75530:Q15910,1,77.0,0.77,2.43150000002727e-46,2337.5
O75533:Q15393,1,98.35,0.9835,3.004e-75,6498.5
O75533:Q7RTV0,1,100.0,1.0,3.5785e-17,2816.5
O75533:Q9Y388,1,98.5,0.985,2.0795e-17,2786.0
O75694:Q8N1F7,1,97.05,0.9704999999999999,1.1785e-81,6033.5
O75792:Q8TDP1,1,90.45,0.9045000000000001,1.079e-17,1278.0
O75818:O95059,0,0.0,0.0,0.0,0.0
O75818:O95707,0,0.0,0.0,0.0,0.0
O75818:P78346,0,0.0,0.0,0.0,0.0
O75909:O75909,1,99.15,0.9915,2.9346500000000003e-28,1517.5
O75934:Q99459,1,84.3,0.843,7.38e-29,1797.0
O75934:Q9UMS4,1,100.0,1.0,8.390000000000738e-16,902.0
O76927:P31009,1,92.05,0.9205,2.762e-11,949.5
O76927:P38979,1,92.05,0.9205,2e-11,924.0
O77396:Q8I0U7,1,98.8,0.988,1.80050001308e-35,1611.0
O77396:Q8I374,1,50.15,0.5015000000000001,4.2956999999999995e-20,918.5
O77396:Q8IAR3,1,90.44999999999999,0.9045000000000001,2.037195e-34,1424.5
O78747:W5NYM7,1,100.0,1.0,2.2605e-10,1109.5
O78747:W5PPP6,1,94.05,0.9405,3.2245039055e-27,1394.5
O78748:O78754,1,92.2,0.922,1.9575e-08,1004.5
O78748:O78757,1,92.05,0.9205000000000001,2.3290000000000004e-14,1144.5
O78748:W5PAR2,1,93.1,0.931,1.278e-12,1144.0
O78748:W5QBF5,1,100.0,1.0,9.713e-38,1894.5
O78748:W5QFF9,1,92.4,0.924,1.56e-11,1319.5
O78748:W5QHN8,1,100.0,1.0,3.0585e-19,1386.0
O78749:W5PW27,1,100.0,1.0,4.434e-15,1838.5
O78749:W5Q6E1,0,0.0,0.0,0.0,0.0
O78753:W5PPP6,1,94.0,0.94,1.592e-10,719.0
O78755:W5PWF1,1,94.45,0.9445,7.755e-12,1524.0
O78755:W5Q1B0,1,90.55000000000001,0.9055,5.28e-23,1782.5
O78756:W5NQT7,1,100.0,1.0,3.8865e-11,2057.0
O78756:W5PGA3,1,94.05,0.9405,1.591e-18,1888.5
O78756:W5PVD7,1,95.5,0.9550000000000001,4.5e-09,1789.0
O78756:W5Q1B0,1,100.0,1.0,5.63e-21,2131.5
O78757:W5QFF9,1,100.0,1.0,1.13350731e-13,680.0
O79875:O79881,1,100.0,1.0,5.855000000464e-39,2341.0
O79875:Q9TDR1,1,100.0,1.0,5.855e-39,2698.5
O79880:O79882,1,100.0,1.0,2.8063390999999998e-14,666.5
O79881:Q9TDR1,1,100.0,1.0,4.640000000035565e-49,2940.5
O80842:P37107,1,99.05,0.9904999999999999,2.0633981e-36,1821.0
O85040:P45686,1,99.2,0.992,8.865e-17,1940.5
O87120:Q7DK11,1,100.0,1.0,4.4334999999999996e-21,979.0
O87120:Q7DK12,1,100.0,1.0,2.1275e-21,1338.5
O87798:O87799,1,99.85,0.9984999999999999,4.833e-13,1639.5
O87798:O87802,1,99.75,0.9975,6.02e-33,2290.0
O87880:Q56403,1,99.8,0.998,1.3205e-24,2629.0
O88188:O88188,1,97.8,0.978,4.402e-19,911.0
O88188:Q62192,1,72.25,0.7224999999999999,1.0815e-17,1917.5
O88653:Q9JHS3,1,97.85,0.9784999999999999,4.4524e-19,774.0
O88761:P62193,1,97.4,0.974,1.3425e-55,3256.0
O88761:P62198,1,97.4,0.974,4.399e-53,3229.5
O88761:Q4FZT9,1,96.25,0.9624999999999999,1.053e-49,3561.5
O88761:Q4V8E2,1,93.9,0.9390000000000001,2.979e-38,2935.5
O88761:Q63347,1,96.9,0.969,2.691e-55,3325.5
O92139:O92139,1,98.9,0.989,1.62285e-14,674.5
O94244:O94244,1,97.35,0.9735,1.2725000000000001e-63,2852.0
O94316:Q9UUC6,1,100.0,1.0,1.2215e-15,3477.5
O94609:O94609,1,97.95,0.9795,0.0,7163.0
O94609:P0CH07,1,98.5,0.985,3.775e-13,3880.0
O94609:P46595,1,66.15,0.6615,1.8915e-15,3899.5
O94609:Q9Y818,1,99.05,0.9904999999999999,2.157e-28,4144.5
O94620:Q10163,1,91.05,0.9105,9.555e-11,1270.5
O94646:P87306,1,91.55,0.9155,1.0355e-23,1486.0
O94646:Q9P6Q0,1,93.15,0.9315,8.6750000009135e-12,643.0
O94742:Q08231,0,0.0,0.0,0.0,0.0
O94817:Q9H1Y0,1,98.85,0.9884999999999999,4.777e-16,1249.5
O94829:O94829,1,96.95,0.9695,1.7175e-77,5393.0
O94829:P47813,1,94.1,0.9410000000000001,4.055e-12,2929.0
O94829:P62826,1,60.7,0.607,1.0183e-29,1641.5
O94829:P63279,0,0.0,0.0,0.0,0.0
O94855:Q15436,1,59.25,0.5925,3.4415e-64,3913.0
O94906:P83876,1,43.449999999999996,0.4345,4.1615000130449997e-13,839.5
O94906:Q53GS9,1,95.6,0.956,1.018000032395e-71,3795.5
O94906:Q8WWY3,1,92.85,0.9285,1.3605e-37,2785.5
O95059:P78346,1,100.0,1.0,5.800000000000001e-20,1085.5
O95139:Q9Y6M9,1,100.0,1.0,2.0720002669499998e-14,681.5
O95167:P51970,1,85.19999999999999,0.852,4.4365272350000004e-10,544.5
O95168:Q9Y6M9,1,100.0,1.0,4.2922669500000005e-17,720.0
O95169:P17568,1,95.4,0.954,2.38800001601e-12,659.0
O95178:P17568,1,89.19999999999999,0.892,2.3035024090000002e-08,455.0
O95182:Q16718,1,88.05,0.8805000000000001,8.475004164500001e-07,420.5
O95256:Q13478,1,91.25,0.9125,1.879500000001003e-41,1897.5
O95298:O96000,1,100.0,1.0,5.2550001298e-14,717.0
O95298:P51970,1,100.0,1.0,5.25531155e-14,724.5
O95466:P60953,1,36.95,0.3695,1.1385e-08,749.0
O95486:Q15436,1,94.75,0.9475,0.0,4977.0
O95707:P78346,1,100.0,1.0,1.6575e-19,1114.5
O95711:Q99467,1,100.0,1.0,9.05e-20,2226.5
O95721:O95721,0,0.0,0.0,0.0,0.0
O95721:Q9BV40,0,0.0,0.0,0.0,0.0
O95777:Q9Y333,1,100.0,1.0,4.426652e-11,585.5
O95777:Q9Y4Z0,1,100.0,1.0,4.441865e-11,536.5
O95926:Q99459,1,82.44999999999999,0.8245,9.525e-26,1720.0
O95926:Q9BZJ0,1,97.5,0.975,9.525e-26,2380.5
O95926:Q9HCS7,1,95.1,0.951,9.525e-26,2396.5
O96000:P03905,1,99.75,0.9975,1.298e-21,1714.5
O96000:Q9NX14,1,100.0,1.0,3.9240000129800004e-13,682.0
O96013:P60953,0,0.0,0.0,0.0,0.0
O96019:P60709,1,92.3,0.923,8.19013505e-46,2076.5
O96184:Q8I3T9,1,100.0,1.0,8.935e-14,1100.5
O96258:Q8I3U6,1,80.80000000000001,0.808,2.1560000516500002e-13,672.0
O96940:O96940,1,51.849999999999994,0.5185,3.3508000000000002e-46,2209.0
O96989:P49735,1,98.3,0.983,1.18400000000057e-63,3134.5
O96989:Q9VQY9,1,100.0,1.0,5.35e-24,1863.0
O96989:Q9W0I7,1,100.0,1.0,2.747e-18,1778.0
O97250:Q8I431,1,53.7,0.5369999999999999,2.7110000000000005e-12,808.0
O97250:Q8IDS6,1,53.0,0.53,1.9770000828e-18,883.5
O97250:Q8ILK3,1,100.0,1.0,1.441500000008265e-23,1126.0
O97313:Q8I3U6,1,79.05000000000001,0.7905,5.1650000009179994e-21,1034.0
O97725:P42026,1,100.0,1.0,3.840529175e-18,799.0
P00125:P00126,1,100.0,1.0,6.895e-08,1008.0
P00125:P00129,1,99.45,0.9944999999999999,1.0025e-13,1132.0
P00125:P00157,1,100.0,1.0,7.0501968499999994e-37,1962.5
P00126:P13271,1,94.55000000000001,0.9455,1.2837135e-07,347.5
P00128:P00163,1,100.0,1.0,1.9375e-16,1521.5
P00128:P07143,1,100.0,1.0,4.804e-17,1191.5
P00128:P08525,1,54.05,0.5405,8.44728e-09,408.5
P00129:P00157,1,100.0,1.0,1.116e-12,1389.5
P00131:P07598,0,0.0,0.0,0.0,0.0
P00156:P08574,1,100.0,1.0,6.7850004595999995e-37,2029.5
P00156:P14927,1,100.0,1.0,8.23e-15,1535.0
P00156:P31930,1,100.0,1.0,4.596e-44,2761.5
P00157:P00157,1,90.4,0.904,3.205e-39,2220.5
P00157:P13271,1,78.15,0.7815000000000001,6.66e-09,1251.0
P00157:P13272,1,92.85,0.9285,6.525e-22,1604.0
P00157:P31800,1,99.4,0.994,1.9685e-41,2638.5
P00163:P07256,1,100.0,1.0,1.7445e-46,2704.5
P00163:P08525,1,70.95,0.7095,8.43e-09,1316.5
P00257:P08165,1,100.0,1.0,5.33e-19,1996.5
P00281:P84887,0,0.0,0.0,0.0,0.0
P00281:P84888,0,0.0,0.0,0.0,0.0
P00306:P00311,1,99.7,0.997,1.27356e-17,943.5
P00309:P00313,1,100.0,1.0,1.944e-18,955.0
P00315:P00315,1,87.8,0.878,5.511e-16,841.0
P00315:P00318,1,99.65,0.9964999999999999,2.4435e-18,949.0
P00315:P20116,1,90.85,0.9085,5.1650000000008425e-05,555.5
P00327:P00327,1,30.5,0.305,4.63945e-34,1363.5
P00363:P0AC47,1,99.9,0.999,1.749e-35,2520.5
P00363:P64559,1,96.95,0.9695,2.4315e-09,2065.5
P00388:P00388,1,99.19999999999999,0.992,3.3440000000000003e-99,4122.0
P00388:P06762,1,99.1,0.991,4.922e-23,2668.5
P00395:P00403,1,100.0,1.0,2.827e-37,2378.0
P00395:P00414,1,100.0,1.0,7.54e-30,2444.0
P00395:P10176,1,100.0,1.0,1.619e-05,1745.0
P00395:P10606,1,100.0,1.0,2.099e-16,1958.5
P00395:P13073,1,100.0,1.0,2.5955e-20,2024.0
P00396:P00415,1,97.75,0.9775,8.225e-30,2346.0
P00396:P10175,0,0.0,0.0,0.0,0.0
P00401:P00410,1,58.45,0.5845,1.316e-28,1927.0
P00401:P00420,1,100.0,1.0,6.765e-33,2530.5
P00401:P00424,1,100.0,1.0,3.5125e-17,2032.5
P00401:P04037,1,100.0,1.0,5.775e-18,2028.5
P00403:P09669,0,0.0,0.0,0.0,0.0
P00403:P13073,1,100.0,1.0,2.5955e-20,1107.0
P00410:P00424,1,100.0,1.0,2.085e-08,951.5
P00410:P07255,0,0.0,0.0,0.0,0.0
P00410:Q01519,1,100.0,1.0,1.001e-05,904.5
P00410:Q2V2P9,0,0.0,0.0,0.0,0.0
P00414:P12074,1,100.0,1.0,3.3575e-11,999.5
P00414:P14406,0,0.0,0.0,0.0,0.0
P00415:P00429,1,100.0,1.0,1.841e-10,1072.0
P00420:P04037,1,100.0,1.0,5.775000000000007e-18,1204.0
P00420:P32799,1,44.2,0.44199999999999995,0.00014860000000000947,571.0
P00423:P10175,1,100.0,1.0,9.350000000000004e-05,460.5
P00423:P68530,1,100.0,1.0,1.402e-19,1106.0
P00426:P04038,0,0.0,0.0,0.0,0.0
P00427:P07255,0,0.0,0.0,0.0,0.0
P00429:P00429,1,100.0,1.0,6.123e-11,473.5
P00429:P68530,1,98.65,0.9864999999999999,2.2145e-10,898.0
P00430:P10175,0,0.0,0.0,0.0,0.0
P00459:P00459,1,95.7,0.957,1.5424e-43,1728.0
P00459:P07328,1,46.5,0.46499999999999997,7.001399999999999e-37,1526.5
P00459:P07329,1,46.75,0.4675,4.658e-36,1515.5
P00467:P11347,1,97.85,0.9784999999999999,1.37e-74,3132.0
P00520:P00520,1,99.2,0.992,5.808e-36,1713.0
P00579:P0A7Z4,1,96.69999999999999,0.967,1.3880042845e-44,2204.0
P00579:P0A8T7,1,95.7,0.9570000000000001,8.25e-48,5446.0
P00581:P00581,1,98.6,0.986,2.01232e-82,4197.5
P00581:P03692,1,95.65,0.9565,1.037e-29,2495.5
P00591:P00591,1,62.55,0.6255,3.159e-61,2542.0
P00591:P02703,1,99.15,0.9915,1.0515e-13,1806.0
P00648:P00648,1,100.0,1.0,3.2595e-06,300.5
P00648:P11540,1,100.0,1.0,1.481500004329e-06,442.5
P00709:P00709,1,39.7,0.397,1.1002e-10,452.5
P00709:P15291,0,0.0,0.0,0.0,0.0
P00729:P14306,0,0.0,0.0,0.0,0.0
P00730:P00730,1,80.85,0.8085,8.3735e-65,2613.5
P00730:Q7M3E1,1,95.9,0.959,4.0765e-13,1140.5
P00734:P01008,1,67.8,0.6779999999999999,5.08e-25,1916.0
P00734:P05546,1,61.85,0.6185,1.7770000000000387e-31,1593.0
P00734:P07093,1,99.2,0.992,3.8695e-45,2236.0
P00734:P07359,0,0.0,0.0,0.0,0.0
P00736:P00736,1,97.65,0.9764999999999999,1.39505e-31,1587.0
P00736:P09871,1,69.5,0.6950000000000001,4.0681499999999994e-18,964.0
P00738:P68871,1,82.7,0.827,5.715e-16,1381.5
P00738:P69905,1,99.35,0.9935,3.473e-17,1495.0
P00746:P00751,1,98.35,0.9835,1.3685e-39,3155.5
P00749:P00749,1,100.0,1.0,3.1914999999999995e-19,856.0
P00749:P05121,1,98.65,0.9864999999999999,6.24e-44,2261.0
P00756:P00756,1,84.8,0.848,4.719500000000361e-25,1395.0
P00756:P00757,1,92.94999999999999,0.9295,9.96500003612e-30,1495.5
P00756:P01139,0,0.0,0.0,0.0,0.0
P00757:P01139,0,0.0,0.0,0.0,0.0
P00760:P00974,1,98.85,0.9884999999999999,1.1955e-09,1024.0
P00766:P00974,1,71.4,0.714,1.6440000000000015e-07,660.5
P00797:P01019,1,94.95,0.9495,5.144e-60,2565.0
P00825:P05435,1,51.7,0.517,2.2015e-19,1817.0
P00830:P07251,1,99.5,0.995,1.28287e-77,3268.0
P00830:P38077,1,97.95,0.9795,2.442e-35,2335.0
P00833:P05435,1,100.0,1.0,1.615e-17,1306.5
P00847:P13619,1,100.0,1.0,1.4029999999999999e-24,1082.5
P00854:P81450,0,0.0,0.0,0.0,0.0
P00854:P81451,0,0.0,0.0,0.0,0.0
P00856:P81450,0,0.0,0.0,0.0,0.0
P00873:P00873,1,38.3,0.383,4.48885e-10,448.5
P00873:P00877,1,99.85,0.9984999999999999,3.858e-22,2177.5
P00876:P69249,1,99.55,0.9955,1.446e-20,2054.5
P00877:P00877,1,89.19999999999999,0.892,2.12415e-71,3055.5
P00877:P08475,1,99.05000000000001,0.9904999999999999,3.0015e-21,2162.0
P00880:P04716,1,99.2,0.992,3.7755e-18,1954.0
P00883:P00883,1,99.7,0.997,2.583455e-58,2586.5
P00897:P00897,1,34.85,0.3485,8.651e-41,1814.0
P00897:P00900,1,98.30000000000001,0.983,3.282e-34,2366.0
P00929:P0A2K1,1,99.85,0.9984999999999999,1.447e-41,2255.5
P00968:P00968,1,98.6,0.986,0.0,7514.0
P00968:P0A6F1,1,99.2,0.992,5.285e-72,5166.0
P01019:P01019,1,90.4,0.904,5.6735e-56,2432.0
P01040:P07711,1,98.85,0.9884999999999999,2.9625e-13,1077.0
P01040:P07858,1,63.7,0.637,2.9705000000000003e-13,638.0
P01094:P07267,0,0.0,0.0,0.0,0.0
P01097:P07251,0,0.0,0.0,0.0,0.0
P01112:Q14449,1,47.0,0.47000000000000003,1.138e-22,947.5
P01112:Q8TDF6,1,93.05,0.9305,3.483500000138601e-24,1421.5
P01123:Q03784,1,84.35,0.8434999999999999,1.0656903999999999e-20,896.0
P01130:Q8NBP7,1,96.3,0.9630000000000001,2.90861e-73,3127.5
P01137:P06756,1,93.80000000000001,0.938,1.011e-43,3089.0
P01137:P18564,1,94.1,0.9410000000000001,2.8030010110000003e-37,1719.0
P01236:P16471,1,99.15,0.9915,2.365000000000002e-19,1281.0
P01241:P10912,1,96.4,0.964,8.830000000000003e-18,1182.5
P01241:P16471,1,96.15,0.9615,1.1825000000000866e-17,1148.0
P01308:P06213,0,0.0,0.0,0.0,0.0
P01308:P14735,0,0.0,0.0,0.0,0.0
P01344:P08069,1,94.55,0.9455,3.464e-07,1490.5
P01375:P20333,1,95.3,0.9530000000000001,1.10851484e-20,1008.0
P01555:P01555,1,97.35,0.9735,3.908e-32,1291.5
P01555:P01556,1,96.55000000000001,0.9655,3.482000000000002e-13,855.0
P01584:P27930,1,18.75,0.1875,2.9220000000000045e-05,614.5
P01584:Q9NPH3,1,46.75,0.4675,5.08e-05,1138.0
P01589:P60568,1,88.95,0.8895,6.12565e-15,708.5
P01631:Q921A6,1,69.75,0.6975,1.70620345e-14,764.5
P01660:Q9JL85,1,84.9,0.849,1.57057e-15,757.5
P01661:P01865,1,96.2,0.962,6.20028515e-13,698.0
P01723:P01801,1,96.55,0.9655,9.840023685e-13,714.0
P01731:P14432,1,97.8,0.978,1.9645e-19,1437.5
P01732:P61769,1,56.7,0.567,8.730000054650001e-07,498.0
P01739:P04213,1,80.8,0.808,6.2005e-15,714.0
P01833:P01833,1,97.5,0.975,1.4646e-98,3948.0
P01834:S6C4S0,1,94.85,0.9485,2.672e-16,1161.0
P01837:P01869,1,100.0,1.0,9.075015665e-11,640.0
P01848:P01848,1,98.9,0.989,2.1245e-08,364.0
P01848:P01850,1,100.0,1.0,1.675000011235e-15,806.5
P01849:P01849,1,63.7,0.637,0.0002374,233.0
P01849:P01851,1,99.55,0.9955,3.74750000005245e-07,556.0
P01849:P01852,1,99.55,0.9955,3.7475000000408147e-07,557.5
P01850:Q30154,1,95.65,0.9564999999999999,1.1645000000000988e-16,1010.5
P01850:Q6NSA6,1,94.4,0.944,6.9650010905e-18,954.0
P01850:Q6P4G7,1,94.7,0.9470000000000001,2.77600046455e-18,974.0
P01854:P06734,1,92.94999999999999,0.9295,2.24e-17,1409.0
P01854:P12319,1,99.5,0.995,6.425e-24,1556.5
P01857:P12318,1,95.8,0.958,1.037500000001051e-13,908.5
P01876:P01876,1,100.0,1.0,3.139e-12,1024.0
P01876:P24071,1,55.15,0.5515,2.3865e-06,1233.5
P01887:P01897,1,95.55,0.9555,8.805e-16,1285.5
P01887:P01898,1,90.95,0.9095,8.805e-16,1226.5
P01887:P11610,1,94.85,0.9485,5.325e-15,1208.5
P01887:P14432,1,84.05000000000001,0.8405,1.025e-14,1163.0
P01887:Q31093,1,82.35,0.8235,8.805e-16,1169.5
P01887:Q64329,1,98.45,0.9844999999999999,3.403029915e-14,723.5
P01888:Q1L1H6,1,62.55,0.6255,5.84e-13,970.0
P01888:Q95477,1,79.35,0.7935,1.11e-15,1213.0
P01889:P61769,1,96.3,0.963,3.4785e-14,1334.5
P01897:Q5R1C2,1,98.25,0.9824999999999999,3.85e-11,879.0
P01898:Q64329,1,88.35,0.8835,2.9915e-19,1178.0
P01901:P04214,1,63.05,0.6305000000000001,1.377e-08,1239.0
P01901:Q5R1F1,1,67.0,0.6699999999999999,9.355e-09,1114.5
P01903:P01911,1,96.25,0.9625,1.0504e-30,1394.5
P01903:P04229,1,99.4,0.994,9.4575e-31,1408.5
P01903:P13760,1,96.94999999999999,0.9695,3.21e-28,1297.0
P01904:Q31163,1,99.15,0.9915,4.07595e-31,1411.0
P01909:P01920,1,93.94999999999999,0.9395,1.019017055e-27,1324.5
P01921:P04228,1,95.80000000000001,0.958,2.213503e-28,1313.0
P01946:P02091,1,88.0,0.88,5.6395e-15,807.0
P01947:P02095,1,100.0,1.0,2.2690999999999997e-16,871.5
P01948:P02057,1,100.0,1.0,6.502000000000001e-17,896.0
P01965:P02067,1,100.0,1.0,4.3615e-17,898.0
P01966:P02070,1,100.0,1.0,2.0665e-17,903.5
P02008:P68871,1,79.75,0.7975,8.2451595e-13,790.5
P02067:Q8SPS7,1,99.2,0.992,3.1265e-17,1503.0
P02077:P02077,1,100.0,1.0,1.25325e-16,875.0
P02077:P0CH25,1,100.0,1.0,3.01525e-16,859.0
P02077:P0CH26,1,98.9,0.989,5.59175e-16,852.0
P02091:P02091,1,91.7,0.917,3.333e-15,826.0
P02263:P02263,1,100.0,1.0,8.637e-18,731.0
P02263:P0C1H3,1,100.0,1.0,3.326043185e-13,634.5
P02263:P0C1H4,1,100.0,1.0,6.548510000000001e-13,581.0
P02263:P0C1H5,1,99.45,0.9944999999999999,1.917851e-12,577.5
P02263:P62801,1,100.0,1.0,2.3060431849999997e-13,635.0
P02263:P84229,1,100.0,1.0,4.542185e-16,667.0
P02281:Q6AZJ8,1,100.0,1.0,2.839455e-13,597.5
P02294:P04911,1,100.0,1.0,3.372495e-13,588.5
P02299:P02299,1,100.0,1.0,2.86799e-14,572.0
P02299:P84051,1,100.0,1.0,2.4782e-14,586.5
P02309:P04911,1,100.0,1.0,3.8454950000000003e-13,589.5
P02309:P61830,1,100.0,1.0,7.9545e-13,522.5
P02358:P0A7V8,1,100.0,1.0,1.358000000009155e-18,1012.5
P02358:P60422,1,100.0,1.0,2.26800000002039e-16,859.0
P02359:P68679,1,73.35,0.7335,2.6945000001435503e-06,491.0
P02381:P10663,1,31.0,0.31,3.085255e-08,411.5
P02381:Q03201,1,95.65,0.9565,2.10800843e-30,1289.5
P02381:Q03976,1,87.65,0.8765000000000001,6.47e-19,1119.5
P02407:P32905,1,98.3,0.983,1.6075e-15,961.0
P02407:P41057,1,100.0,1.0,8.655000000002625e-06,480.5
P02550:P02550,1,98.8,0.988,1.808023e-67,2978.0
P02550:P02554,1,99.75,0.9975,2.4834499999999998e-68,2961.5
P02557:P09733,1,99.4,0.994,7.433499999999999e-68,2943.0
P02609:P02609,1,73.1,0.731,2.238e-13,598.5
P02675:P02679,1,100.0,1.0,2.0724000000000002e-54,2240.0
P02699:P02699,1,96.9,0.969,3.981e-32,1808.0
P02699:P04695,1,79.7,0.797,1.3074945e-28,1529.0
P02711:Q6S3H8,1,86.1,0.861,2.4915655e-64,2758.5
P02711:Q6S3H9,1,85.1,0.851,2.8585e-62,2638.5
P02721:P13619,1,100.0,1.0,1.3365e-07,575.0
P02721:P13620,1,100.0,1.0,1.6830000000000772e-07,517.5
P02743:P02743,1,49.25,0.4925,3.1060000000000002e-21,971.0
P02743:P12318,1,13.100000000000001,0.131,0.0001447385,318.0
P02745:P02747,1,73.6,0.736,2.0565003164e-14,848.0
P02746:P02747,1,74.0,0.74,2.0565000964e-14,854.0
P02747:P02747,1,48.599999999999994,0.486,3.561e-14,703.0
P02768:P61769,0,0.0,0.0,0.0,0.0
P02775:P02775,1,60.75,0.6074999999999999,2.0377e-06,291.5
P02916:P68183,1,100.0,1.0,1.0265e-30,2353.0
P02916:P68187,1,100.0,1.0,1.6410785e-61,2878.5
P02930:P0AE06,0,0.0,0.0,0.0,0.0
P03007:P0A988,0,0.0,0.0,0.0,0.0
P03007:P10443,1,94.0,0.94,1.109e-34,4187.0
P03187:P03226,0,0.0,0.0,0.0,0.0
P03226:P03226,0,0.0,0.0,0.0,0.0
P03226:P14348,0,0.0,0.0,0.0,0.0
P03226:P25214,0,0.0,0.0,0.0,0.0
P03429:P03432,1,91.7,0.917,1.5405e-48,2632.5
P03429:P03434,1,91.8,0.9179999999999999,6.5250000016675e-52,2401.0
P03633:P03641,0,0.0,0.0,0.0,0.0
P03641:P69486,1,99.75,0.9975,1.653e-12,990.0
P03680:P03680,1,99.15,0.9915,1.80135e-83,3749.5
P03680:P03681,0,0.0,0.0,0.0,0.0
P03697:P03697,1,22.2,0.222,2.9141499999999997e-07,352.0
P03728:P03746,1,98.65,0.9864999999999999,1.7505e-28,1854.5
P03746:P03746,1,62.7,0.627,1.974e-21,888.0
P03746:P03747,1,99.9,0.999,1.7505e-28,2953.5
P03887:P17694,1,99.85,0.9984999999999999,7.78e-32,2182.5
P03887:P42026,1,94.19999999999999,0.942,4.8305002617999997e-26,1387.5
P03887:Q02377,1,100.0,1.0,9.49e-09,1005.0
P03888:P03925,1,98.4,0.984,1.1685e-17,1348.5
P03888:Q9CQ91,1,100.0,1.0,2.3615e-10,1187.0
P03892:P03910,1,81.0,0.81,2.230000000000574e-33,2123.5
P03892:Q8HXG6,1,99.25,0.9924999999999999,3.843e-13,1193.0
P03893:P03903,1,61.5,0.615,3.0415e-06,757.0
P03893:P03911,1,100.0,1.0,9.585000000012109e-37,2272.0
P03893:P03925,1,55.85,0.5585,1.0135000000000024e-08,842.5
P03893:Q91WD5,1,99.85,0.9984999999999999,6.88e-39,2493.0
P03893:Q9CQH3,1,100.0,1.0,1.0555e-18,1321.0
P03898:P42026,1,94.94999999999999,0.9495,1.1985000000000006e-10,709.0
P03899:P03903,1,89.1,0.891,5.262288000000001e-10,458.0
P03899:Q9CQ91,1,67.3,0.673,2.176e-07,290.5
P03903:Q99LY9,1,100.0,1.0,1.1483e-12,525.0
P03905:Q9NX14,1,99.75,0.9975,3.924e-13,1536.5
P03910:P03920,1,100.0,1.0,4.4490000000002505e-53,3239.5
P03910:P48305,1,100.0,1.0,3.9205e-14,1459.0
P03910:Q02373,1,88.94999999999999,0.8895,6.565e-15,1522.0
P03910:Q02378,0,0.0,0.0,0.0,0.0
P03910:Q8HXG5,1,99.2,0.992,8.26e-12,1581.0
P03911:Q9CQJ8,1,80.1,0.8009999999999999,2.996e-18,1451.5
P03911:Q9D6J5,1,80.25,0.8025,4.472e-22,1654.0
P03911:Q9DCS9,1,77.3,0.7729999999999999,4.344e-14,1380.0
P03915:P17568,1,75.15,0.7515000000000001,9.525e-13,1667.0
P03915:Q9Y6M9,1,81.8,0.8180000000000001,2.958e-18,1711.5
P03915:V9JN72,1,73.85,0.7384999999999999,6.815e-11,1731.0
P03920:P48305,1,100.0,1.0,1.3325e-13,1886.0
P03920:Q02369,1,100.0,1.0,4.9375e-18,2003.0
P03920:Q02373,1,100.0,1.0,2.787e-18,1947.5
P03920:Q8HXG6,1,100.0,1.0,3.843e-13,1910.5
P03921:Q9CPU2,1,100.0,1.0,1.3385e-09,1991.0
P03921:Q9DCS9,1,76.94999999999999,0.7695000000000001,2.6985e-16,1568.5
P03959:P03959,1,14.75,0.1475,4.437e-07,452.5
P03959:P03960,1,99.9,0.999,2.125000000000016e-68,3936.0
P03959:P03961,0,0.0,0.0,0.0,0.0
P04032:P07598,1,100.0,1.0,1.3235e-07,1199.5
P04032:P07603,0,0.0,0.0,0.0,0.0
P04037:P32799,1,49.55,0.49549999999999994,0.00014860000204250002,345.0
P04051:P07703,1,46.25,0.4625,2.119e-32,3525.0
P04051:P20434,1,65.0,0.65,1.5495e-30,2426.5
P04051:P20435,1,98.9,0.989,2.103e-11,4201.0
P04051:P22276,1,98.30000000000001,0.983,0.0,8298.0
P04051:P28000,1,98.7,0.987,6.005e-16,4746.5
P04051:P29056,1,81.30000000000001,0.813,1.8155e-31,4826.5
P04051:P32349,1,94.15,0.9415,2.765e-63,6108.5
P04051:P35718,1,99.3,0.993,5e-26,4763.0
P04051:P47076,1,93.95,0.9395,3.4075e-12,4642.0
P04051:Q04307,1,98.95,0.9895,1.3895e-14,4679.5
P04063:P07596,0,0.0,0.0,0.0,0.0
P04123:P04124,0,0.0,0.0,0.0,0.0
P04123:P06009,0,0.0,0.0,0.0,0.0
P04123:P06010,0,0.0,0.0,0.0,0.0
P04124:P04124,0,0.0,0.0,0.0,0.0
P04124:P04126,0,0.0,0.0,0.0,0.0
P04133:P12537,1,79.2,0.792,1.564e-07,1051.0
P04133:P12538,1,71.15,0.7115,3.6395e-25,1377.0
P04160:P06005,1,100.0,1.0,1.123e-43,2740.5
P04160:P12302,1,100.0,1.0,1.035e-25,2215.0
P04160:P12359,1,100.0,1.0,3.271e-36,2485.5
P04160:P60150,0,0.0,0.0,0.0,0.0
P04160:P69560,1,100.0,1.0,2.63e-44,2793.5
P04213:Q5R1B3,1,90.8,0.908,5.33530915e-12,668.0
P04214:Q5R1F1,1,94.05,0.9405,1.0528999999999999e-12,636.5
P04222:P43627,1,95.35,0.9535,1.0310000000000003e-30,1711.0
P04222:P61769,1,95.45,0.9545,3.4015e-16,1327.0
P04224:Q31164,1,99.45,0.9944999999999999,3.1043e-31,1410.0
P04234:P07766,1,93.2,0.9319999999999999,1.044000018385e-05,427.0
P04271:P09038,0,0.0,0.0,0.0,0.0
P04332:P68930,0,0.0,0.0,0.0,0.0
P04439:P27797,1,99.7,0.997,2.755000000569e-47,2275.5
P04439:P61769,1,96.35,0.9635,8.1e-16,1335.0
P04440:P04440,1,97.8,0.978,1.66844e-30,1347.5
P04440:P20036,1,100.0,1.0,1.5234439999999998e-29,1364.0
P04449:P14126,1,100.0,1.0,0.00014995,1126.0
P04456:P17076,1,100.0,1.0,7.82e-18,1011.5
P04525:P04526,1,97.6,0.976,2.8060000000069652e-30,1683.5
P04526:P04526,1,100.0,1.0,8.8165e-08,435.5
P04526:P04527,1,99.35,0.9935,7.655e-15,1357.0
P04585:P04585,1,100.0,1.0,1.236e-22,1172.0
P04688:P04688,1,77.15,0.7715000000000001,5.1865e-62,2671.5
P04688:P05219,1,98.6,0.986,7.8105e-64,2774.0
P04688:P24339,1,95.45,0.9544999999999999,2.5075e-45,2423.0
P04695:P62871,1,75.2,0.752,5.18e-19,1592.0
P04716:P04716,1,40.8,0.408,8.970499999999999e-10,435.0
P04717:P04717,1,93.6,0.936,1.84295e-73,3176.0
P04717:P07689,1,96.3,0.9630000000000001,5.695e-20,2050.0
P04844:P61803,1,99.3,0.993,3.3495e-13,2361.0
P04899:P62873,1,79.19999999999999,0.792,1.1865e-23,1859.0
P04908:P33778,1,100.0,1.0,2.96123e-13,595.0
P04908:P62805,1,100.0,1.0,3.1621482e-13,626.0
P04911:P36012,1,100.0,1.0,2.1432000000000001e-13,558.5
P04911:P61830,1,100.0,1.0,4.157995e-13,581.0
P04911:Q03433,1,86.95,0.8694999999999999,1.0415004389500001e-13,665.0
P04911:Q12373,1,87.6,0.876,1.1475000000000211e-11,871.5
P04966:P62596,1,98.9,0.989,7.31e-06,2258.0
P04977:P04981,1,99.0,0.99,6.985e-14,950.5
P04977:P0A3R5,0,0.0,0.0,0.0,0.0
P04978:P04981,1,99.7,0.997,6.9850000523e-14,793.5
P04978:P0A3R5,0,0.0,0.0,0.0,0.0
P04979:P0A3R5,0,0.0,0.0,0.0,0.0
P04981:P0A3R5,0,0.0,0.0,0.0,0.0
P04993:P07648,1,98.95,0.9895,4.858e-46,4337.5
P04993:P08394,1,99.15,0.9915,3.812e-12,2857.0
P05106:P06756,1,95.25,0.9525,0.0,5867.5
P05106:P08514,1,99.85,0.9984999999999999,2.33750000011235e-66,3129.0
P05108:P10109,1,69.6,0.696,1.3175e-17,1267.0
P05132:P31324,1,99.15,0.9915,5.265e-22,1380.5
P05198:P41091,1,99.6,0.996,3.2355e-32,2003.0
P05198:P46782,1,63.7,0.637,1.937795e-21,1021.5
P05198:P49770,1,60.9,0.609,2.3940000000000047e-14,990.5
P05198:Q14232,1,93.8,0.938,4.7002085e-29,1358.5
P05198:Q9UI10,1,100.0,1.0,4.837e-23,1617.0
P05219:P05219,1,77.85,0.7785,1.7264500000000001e-63,2790.0
P05230:P21579,0,0.0,0.0,0.0,0.0
P05310:P05311,1,99.8,0.998,1.18535e-63,3599.0
P05310:Q41038,1,99.75,0.9975,8.51e-29,2907.0
P05311:P17227,0,0.0,0.0,0.0,0.0
P05311:P20120,0,0.0,0.0,0.0,0.0
P05317:P05318,1,99.1,0.991,6.68e-06,873.5
P05317:P05319,1,50.85,0.5085,0.0001123,662.0
P05317:P0CX53,1,99.55,0.9955,1.162488e-11,573.5
P05386:P05387,1,100.0,1.0,3.38855e-10,430.5
P05386:P05388,1,100.0,1.0,5.035e-07,918.0
P05387:P05388,1,100.0,1.0,1.319e-06,910.5
P05388:P13639,1,99.75,0.9975,1.651e-27,3559.5
P05417:P05418,1,100.0,1.0,1.3895e-29,1962.0
P05418:P05418,1,45.2,0.452,1.6495e-26,1527.0
P05418:P13627,1,94.9,0.9490000000000001,2.839e-29,2031.0
P05435:P06450,1,51.95,0.5195000000000001,1.9965e-23,1943.5
P05534:P61769,1,99.6,0.996,8.585e-16,1391.0
P05546:P05546,1,37.25,0.3725,1.65975e-36,1564.0
P05737:P0CX23,1,89.3,0.893,6.895000022925e-24,1105.5
P05738:P0CH08,1,89.55,0.8955,1.313e-07,795.5
P05738:P0CX23,1,96.0,0.96,1.0290021645e-22,1083.0
P05738:P26784,1,100.0,1.0,1.5186754e-18,876.5
P05738:P33201,1,100.0,1.0,1.594000935e-24,1148.5
P05738:P36105,1,100.0,1.0,1.528500001594e-15,854.5
P05738:P38754,1,99.6,0.996,9.75500001594e-16,860.5
P05738:P40078,1,100.0,1.0,7.655e-07,828.5
P05738:Q03195,1,17.950000000000003,0.1795,1.4402520000000001e-10,553.0
P05739:P05744,1,91.7,0.917,2.0100005355e-12,670.5
P05739:P36105,1,95.1,0.9510000000000001,3.27701754e-18,822.0
P05739:P38061,1,94.0,0.94,1.70586e-21,859.5
P05740:P38344,0,0.0,0.0,0.0,0.0
P05740:P38805,1,90.35,0.9035,8.635000003732498e-22,1049.0
P05740:Q02326,1,100.0,1.0,5.790000581e-23,1023.5
P05740:Q02892,1,98.05,0.9804999999999999,1.317e-29,1995.0
P05745:P17076,1,100.0,1.0,5.205e-12,902.5
P05747:Q02753,1,91.75,0.9175,1.4815e-06,588.5
P05748:P17076,1,100.0,1.0,1.3433245e-31,1275.5
P05749:P38344,1,38.349999999999994,0.38349999999999995,1.3325e-09,418.5
P05749:Q02892,1,93.6,0.9359999999999999,1.288e-14,1570.0
P05750:P32769,1,53.7,0.537,3.2965e-08,869.5
P05750:P38701,1,100.0,1.0,6.425e-12,803.0
P05750:P39015,0,0.0,0.0,0.0,0.0
P05756:P25368,1,95.75,0.9575,3.350000020135e-15,816.5
P05756:P26786,1,100.0,1.0,3.940500001386e-16,873.0
P05759:P22515,1,99.6,0.996,5.155e-13,3865.0
P05759:P43588,1,99.1,0.991,8.11e-13,1039.0
P05759:P48589,1,100.0,1.0,3.1370000025470004e-10,562.5
P06003:P06005,1,100.0,1.0,1.123000037655e-43,2492.5
P06003:P12302,1,100.0,1.0,1.035e-25,1967.0
P06003:P12359,1,100.0,1.0,3.271000000000004e-36,2237.5
P06004:P06006,1,100.0,1.0,6.380000016295001e-44,2558.0
P06004:P16059,1,100.0,1.0,9.35e-28,2053.0
P06004:Q32902,1,100.0,1.0,2.7025e-06,1562.5
P06004:Q7Y1T5,1,100.0,1.0,1.9165e-14,1790.5
P06005:P12359,1,100.0,1.0,3.2710001123e-36,1942.0
P06005:P69560,1,100.0,1.0,1.386e-43,2250.0
P06006:P06585,1,100.0,1.0,3.8711e-40,2128.0
P06006:P13554,1,100.0,1.0,9.97e-10,1268.5
P06006:P14226,1,100.0,1.0,6.930055599999999e-37,1937.0
P06006:P16059,1,90.80000000000001,0.9079999999999999,8.355e-24,1615.5
P06006:P60147,0,0.0,0.0,0.0,0.0
P06006:Q8VYY1,0,0.0,0.0,0.0,0.0
P06006:Q9XQR6,1,97.1,0.971,2.9635e-43,2719.5
P06008:P06009,1,99.8,0.998,4.9506182000000004e-33,1547.0
P06008:P06010,1,100.0,1.0,1.29815e-37,1757.5
P06009:P06010,1,99.8,0.998,4.9505116150000003e-33,1774.5
P06010:P07173,1,97.85,0.9784999999999999,8.0955e-38,1852.5
P06030:P77921,0,0.0,0.0,0.0,0.0
P06030:P98002,1,55.75,0.5575,6.23e-22,1831.0
P06103:P32481,1,47.75,0.47750000000000004,7.255e-33,1821.0
P06103:P38249,1,95.2,0.952,6.105e-38,2775.0
P06126:P61769,1,93.65,0.9365,3.3195e-13,1204.0
P06213:P06213,1,99.3,0.993,1.0881e-62,3058.0
P06340:Q6ICR9,1,61.2,0.612,4.741e-11,905.0
P06344:P14438,1,94.75,0.9475,2.03014e-28,1331.5
P06367:P25586,1,72.85,0.7284999999999999,6.745000000038005e-21,1076.5
P06367:P26783,1,98.3,0.983,1.5016985e-21,978.5
P06367:P33442,1,80.7,0.8069999999999999,3.6600000000037447e-20,1045.0
P06367:Q3E7X9,1,84.15,0.8415,1.0395000000000706e-08,632.5
P06493:P06493,1,97.5,0.975,8.803500000000001e-44,1948.0
P06493:P33552,1,99.45,0.9944999999999999,3.1765e-12,1219.5
P06493:P61024,1,91.55000000000001,0.9155,2.6895e-11,1203.0
P06506:P82024,0,0.0,0.0,0.0,0.0
P06507:P09595,1,100.0,1.0,1.7285e-15,1037.0
P06508:P82163,1,100.0,1.0,2.1074999999999999e-13,527.0
P06508:P82249,1,100.0,1.0,6.0601319e-09,424.5
P06533:P06533,1,100.0,1.0,8.772499999999999e-07,342.5
P06533:P23308,0,0.0,0.0,0.0,0.0
P06539:P13530,1,99.7,0.997,3.5388999999999996e-17,922.5
P06585:Q8HS25,0,0.0,0.0,0.0,0.0
P06585:Q9XQR6,1,100.0,1.0,1.185e-43,2810.5
P06609:P06609,1,97.8,0.978,7.156e-35,1888.0
P06609:P06611,1,100.0,1.0,2.882635e-36,1747.0
P06609:P37028,1,22.35,0.22350000000000003,2.7827499999999995e-10,559.0
P06710:P06710,1,61.45,0.6145,2.803e-15,1582.0
P06710:P28630,1,100.0,1.0,1.18501378e-43,2222.5
P06710:P28631,1,100.0,1.0,3.516001378e-42,2285.5
P06734:P06734,1,98.85,0.9884999999999999,2.0499400000000001e-22,957.0
P06746:P06746,1,98.55,0.9855,1.4775500000000001e-46,2133.0
P06756:P06756,1,99.35,0.9935,2.11783e-96,4480.5
P06756:P18564,1,99.2,0.992,2.803e-37,2930.0
P06756:P26012,1,96.85,0.9684999999999999,1.1935e-55,3377.0
P06762:P06762,1,100.0,1.0,9.8775e-19,1082.0
P06789:P06790,0,0.0,0.0,0.0,0.0
P06790:P06790,1,93.8,0.938,9.676e-09,417.5
P06844:Q12030,1,81.9,0.819,9.99425e-18,823.0
P06865:P06865,1,81.3,0.813,4.5865e-20,1967.5
P06865:P07686,1,99.85,0.9984999999999999,6.345e-26,2095.5
P06897:P62799,1,100.0,1.0,6.147117e-12,565.5
P06897:P84233,1,100.0,1.0,8.4267e-14,584.5
P06899:P16104,1,99.05,0.9904999999999999,7.927775e-13,579.5
P06996:P0C0V0,0,0.0,0.0,0.0,0.0
P07001:P07001,1,97.15,0.9715,4.4485e-56,2529.5
P07001:P0AB67,1,50.65,0.5065,1.3e-16,1332.5
P07003:P07003,1,97.80000000000001,0.978,1.841e-81,3595.0
P07014:P0AC41,1,100.0,1.0,2.3235e-38,2718.5
P07014:P0AC44,1,100.0,1.0,1.463e-12,1089.0
P07014:P69054,1,100.0,1.0,1.3955e-14,1156.5
P07111:Q7ATU9,1,26.3,0.263,6.650000002242e-07,566.0
P07119:P07122,1,99.7,0.997,9.1534e-18,944.5
P07122:P07122,1,81.9,0.819,3.376e-17,887.5
P07143:P08525,0,0.0,0.0,0.0,0.0
P07151:P13599,1,64.45,0.6445,3.1615001457e-16,891.0
P07237:P07237,1,93.3,0.933,2.074e-30,1283.5
P07237:P55157,1,98.0,0.98,2.940500000000402e-81,4150.0
P07251:P38077,1,98.35,0.9835,2.442e-35,2457.5
P07255:Q2V2P9,0,0.0,0.0,0.0,0.0
P07256:P07257,1,39.65,0.39649999999999996,3.7790000007030004e-32,1584.5
P07256:P08067,1,100.0,1.0,3.956e-30,2042.5
P07256:P08525,1,44.9,0.449,8.43e-09,1113.5
P07256:P22289,0,0.0,0.0,0.0,0.0
P07257:P07257,1,26.45,0.2645,2.3655000000000036e-17,1034.5
P07267:P07267,1,47.45,0.47450000000000003,2.684500000000006e-09,752.0
P07273:P08518,1,97.6,0.976,2.5015e-18,4117.5
P07280:P0CX51,1,100.0,1.0,9.60002399e-17,772.5
P07280:P0CX55,1,100.0,1.0,4.549000165e-17,807.5
P07280:Q08972,1,57.9,0.579,4.7640000000000104e-09,727.5
P07291:P13543,1,100.0,1.0,1.045191e-19,893.5
P07328:P07329,1,99.75,0.9975,1.4383499999999999e-77,3288.5
P07347:P12945,1,100.0,1.0,3.087e-33,2773.0
P07347:Q08689,1,96.25,0.9625,8.965003087e-27,1197.0
P07357:P07358,1,89.5,0.895,6.040506e-67,2932.5
P07357:P07360,1,92.80000000000001,0.9279999999999999,4.6375e-23,1421.0
P07358:P10643,1,77.94999999999999,0.7795,8.31e-61,3607.0
P07437:P07437,1,97.5,0.975,4.2085e-71,3070.5
P07437:P68363,1,98.44999999999999,0.9844999999999999,9.517466e-64,2814.0
P07596:P07596,1,30.35,0.3035,2.548e-09,506.5
P07597:P07597,1,43.9,0.439,2.6565e-08,414.5
P07598:P07598,1,37.55,0.3755,1.7296e-24,1165.5
P07617:P07617,1,96.4,0.964,2.1119999999999998e-41,1641.0
P07617:P23371,1,94.30000000000001,0.9430000000000001,1.5025e-40,1712.5
P07677:P09219,1,99.45,0.9944999999999999,1.57025e-76,3234.0
P07677:P09222,1,90.9,0.909,1.174e-26,2208.0
P07678:P09219,1,93.15,0.9315,1.5205e-17,1957.0
P07678:P09222,1,86.69999999999999,0.867,1.520500001174e-17,975.0
P07686:P07686,1,96.1,0.961,2.6650000000000004e-78,3389.5
P07703:P22276,1,52.3,0.523,2.119e-32,3210.5
P07739:P07740,1,64.0,0.64,6.12e-30,1778.5
P07834:P52286,1,84.5,0.845,1.1135e-19,2084.5
P07839:P07839,1,72.85,0.7284999999999999,8.8145e-16,635.0
P07839:Q9FYU1,1,97.4,0.974,3.803e-14,1519.5
P07919:P08574,1,100.0,1.0,2.209e-08,983.0
P07939:P11077,0,0.0,0.0,0.0,0.0
P07949:P39905,1,91.65,0.9165000000000001,5.215e-12,1807.5
P07949:P56159,1,96.45,0.9645,4.337e-23,2163.5
P07949:Q5T4W7,1,97.35,0.9735,1.4265e-14,2009.0
P07949:Q6UXV0,1,97.55,0.9755,9.175e-19,2260.0
P07949:Q99748,1,92.75,0.9275,5.73e-14,1483.0
P07949:Q99988,0,0.0,0.0,0.0,0.0
P07955:P07962,1,97.4,0.974,4.313e-28,2158.5
P07962:P07964,1,70.75,0.7075,2.6145e-12,1406.0
P07998:P07998,1,91.6,0.916,2.284e-17,761.5
P07998:P13489,1,72.1,0.721,4.6505e-15,1605.5
P08067:P08525,0,0.0,0.0,0.0,0.0
P08067:P22289,0,0.0,0.0,0.0,0.0
P08069:P08069,1,98.8,0.988,2.23e-34,1774.0
P08165:P08165,1,39.9,0.399,9.804e-48,1959.5
P08172:P09471,1,62.25,0.6225,4.11845e-25,1317.0
P08189:P30130,1,98.25,0.9824999999999999,1.478e-20,3061.5
P08189:P31697,1,97.9,0.979,3.3930000000041776e-22,1257.0
P08190:P30130,1,98.25,0.9824999999999999,3.5005e-22,3076.0
P08191:P30130,1,97.55000000000001,0.9755,3.098e-36,3739.5
P08191:P31697,1,99.55,0.9955,3.970510635e-29,1512.0
P08238:P08238,1,95.75,0.9575,8.8955e-34,1627.0
P08238:P11802,0,0.0,0.0,0.0,0.0
P08238:Q16543,1,96.3,0.9630000000000001,1.135e-23,2691.0
P08240:P61011,1,99.1,0.991,7.950002951e-38,1945.0
P08407:P08407,1,97.75,0.9775,9.798e-17,785.0
P08407:P15319,1,26.849999999999998,0.2685,7.0950000000203845e-06,570.0
P08518:P20433,1,95.35,0.9535,2.121e-08,3520.0
P08518:P22139,1,98.75,0.9875,3.8695e-10,3999.0
P08518:P27999,1,98.55,0.9855,2.3055e-17,4198.5
P08518:P34087,1,97.9,0.979,1.3805e-25,4066.0
P08518:P38902,1,37.1,0.371,2.5455e-09,1894.0
P08518:P40352,1,55.8,0.558,9.845e-48,4010.5
P08518:P40422,1,98.55,0.9855,1.3145e-05,3936.0
P08518:P41896,1,90.1,0.901,1.9605e-34,4455.5
P08559:P11177,1,96.6,0.966,1.2650000000011825e-51,2428.5
P08574:P14927,1,100.0,1.0,8.23e-15,1114.5
P08574:P47985,1,100.0,1.0,1.2230006785e-30,1413.0
P08574:Q9UDW1,1,100.0,1.0,1.058e-07,951.0
P08579:P09661,1,61.1,0.611,7.2e-06,620.5
P08581:P14210,1,97.55,0.9755,7.555e-39,3006.5
P08621:P62318,1,84.05,0.8405,3.31790625e-12,573.5
P08708:P08865,1,99.0,0.99,1.0845e-18,1123.0
P08708:P23396,1,100.0,1.0,5.345e-14,957.0
P08708:P63244,1,97.65,0.9764999999999999,4.4725e-19,1519.0
P08709:P08709,1,100.0,1.0,2.9885e-13,1177.5
P08709:P13726,1,98.3,0.983,2.3805e-13,988.5
P08839:P08839,1,22.8,0.228,8.638e-24,1147.0
P08839:P0AA04,1,27.5,0.275,2.8380001739000003e-06,464.0
P08839:P69783,0,0.0,0.0,0.0,0.0
P08878:P08878,1,58.5,0.585,1.27135e-13,602.5
P08878:P0CG56,1,71.45,0.7145,1.3075019505e-11,640.5
P09001:P49406,1,90.55000000000001,0.9055,5.795000000000356e-17,1008.5
P09032:P12754,1,49.400000000000006,0.494,1.3255e-14,1295.5
P09032:P32501,1,36.2,0.362,5.965e-22,1441.0
P09038:Q9BZZ5,0,0.0,0.0,0.0,0.0
P09060:P09060,1,33.150000000000006,0.3315,8.0275e-24,1189.5
P09060:P09061,1,100.0,1.0,5.460014405e-55,2515.5
P09064:P32481,1,63.45,0.6345000000000001,3.391e-20,1908.5
P09064:P32501,1,51.9,0.519,7.455001691e-11,618.5
P09064:P32911,1,94.75,0.9475,2.31718475e-14,653.5
P09064:P38912,1,94.75,0.9475,7.293475e-16,699.0
P09119:P24279,1,41.849999999999994,0.41850000000000004,3.3175e-16,2253.5
P09119:P38132,1,51.3,0.513,1.002e-09,2362.5
P09119:P54784,1,85.1,0.851,3.2485e-36,2120.0
P09144:P12154,1,99.65,0.9964999999999999,6.405011165e-75,4451.0
P09144:P12356,1,100.0,1.0,4.633e-24,2744.0
P09144:P14224,0,0.0,0.0,0.0,0.0
P09144:Q00914,1,93.1,0.931,8.67e-12,2320.5
P09144:Q39615,1,99.65,0.9964999999999999,1.8815e-23,2726.5
P09152:P11349,1,99.95,0.9995,1.0425e-70,5736.5
P09219:P09222,1,89.75,0.8975,1.174e-26,2184.0
P09372:P09372,1,94.65,0.9465,1.3015e-21,818.0
P09372:P0A6Y8,1,96.75,0.9675,2.215e-22,1751.0
P09425:P13339,0,0.0,0.0,0.0,0.0
P09425:P16011,0,0.0,0.0,0.0,0.0
P09425:P19060,1,17.4,0.174,0.00049477,245.0
P09425:P19061,0,0.0,0.0,0.0,0.0
P09471:P62873,1,79.55,0.7955,6.175e-21,1800.0
P09594:P24613,1,100.0,1.0,8.09939e-24,1041.5
P09595:P82162,1,46.1,0.461,4.699000000552e-14,762.5
P09595:Q9ST69,1,100.0,1.0,2.3725024285e-32,1381.5
P09661:P09661,1,98.75,0.9875,1.14937805e-24,1046.5
P09661:P14678,1,100.0,1.0,3.274e-11,830.5
P09661:P62318,1,100.0,1.0,1.222000000008995e-13,776.0
P09669:P20674,0,0.0,0.0,0.0,0.0
P09733:P46675,1,99.2,0.992,9.355e-24,2198.5
P09883:P09883,1,96.0,0.96,2.64125e-13,678.0
P09883:P13479,1,100.0,1.0,1.43200033485e-10,617.0
P0A071:P0A071,1,65.44999999999999,0.6545000000000001,1.803e-30,1322.5
P0A110:P0A110,1,40.400000000000006,0.404,1.44436e-41,1923.0
P0A110:P0A112,1,100.0,1.0,5.795e-26,2061.0
P0A112:P0A112,1,12.2,0.122,0.000543,233.5
P0A1L5:P0A1L5,0,0.0,0.0,0.0,0.0
P0A1L5:P54700,1,100.0,1.0,8.835000000000234e-10,769.0
P0A1L5:P54702,1,100.0,1.0,8.835000000000017e-10,877.5
P0A1L7:P41786,0,0.0,0.0,0.0,0.0
P0A221:Q06081,1,100.0,1.0,1.13195e-30,1220.0
P0A386:P0A444,1,100.0,1.0,1.319e-20,1445.5
P0A386:Q8DIF8,1,100.0,1.0,1.319e-20,1614.5
P0A386:Q9F1L5,1,100.0,1.0,1.2440000131899999e-12,698.5
P0A387:P51765,1,100.0,1.0,4.9955e-19,1420.0
P0A3C8:P21890,1,60.4,0.604,8.925e-15,1080.0
P0A3C9:P0A415,1,85.35,0.8535,2.97355e-13,538.5
P0A3C9:P0A423,1,71.55,0.7155,2.2180010555000002e-08,468.0
P0A3C9:Q8DL31,0,0.0,0.0,0.0,0.0
P0A3F4:Q6V1L5,1,99.05,0.9904999999999999,4.8875e-18,1362.0
P0A401:P0A405,1,100.0,1.0,1.6665e-19,2678.0
P0A401:P0A423,1,69.9,0.6990000000000001,2.03750174e-09,516.0
P0A401:P0A429,1,100.0,1.0,7.4050000000000265e-06,503.5
P0A405:P0A415,1,99.75,0.9975,2.3415e-13,2442.0
P0A405:P0A423,1,81.0,0.81,2.0375e-09,2334.0
P0A405:P0A425,0,0.0,0.0,0.0,0.0
P0A405:P0A429,1,99.75,0.9975,1.366e-05,2282.5
P0A407:P0A415,1,91.55,0.9155,1.561e-13,2306.0
P0A407:Q8DKP6,0,0.0,0.0,0.0,0.0
P0A410:P58575,1,100.0,1.0,4.3974227e-10,478.5
P0A415:P0A423,1,100.0,1.0,2.53468e-11,483.5
P0A431:P0A444,1,97.95,0.9795,3.2695000095100004e-30,1707.0
P0A431:Q9F1L5,1,100.0,1.0,6.045e-12,1051.0
P0A444:Q8CM25,1,99.7,0.997,3.8197655000000004e-39,2034.0
P0A444:Q8DIF8,1,100.0,1.0,9.51025e-39,2195.0
P0A444:Q8DIP0,1,100.0,1.0,1.4865e-09,1307.0
P0A444:Q8DIQ1,1,100.0,1.0,9.51e-39,2449.5
P0A6A8:P0A953,1,24.6,0.246,0.0002454,839.5
P0A6A8:P24224,1,51.1,0.511,4.6789385000000005e-06,340.0
P0A6E6:P0ABA6,1,100.0,1.0,9.435e-20,1309.5
P0A6E6:P0ABB0,1,100.0,1.0,9.435e-20,2037.0
P0A6E6:P0ABB4,1,99.85,0.9984999999999999,9.435e-20,1933.5
P0A6M2:P0AEG4,0,0.0,0.0,0.0,0.0
P0A6M8:P0A7S3,1,60.45,0.6045,2.0015e-13,1992.5
P0A6N4:P0A7L0,1,94.75,0.9475,4.2280000000000006e-27,1193.0
P0A6N4:P0A8N7,1,100.0,1.0,1.3075e-18,1614.0
P0A6P1:P0CE47,1,97.9,0.979,8.225e-46,2292.5
P0A6T9:P27248,1,99.45,0.9944999999999999,1.0535e-18,1744.0
P0A6T9:P32099,0,0.0,0.0,0.0,0.0
P0A6Y8:P0A6Y8,1,99.4,0.994,1.04965e-90,3984.0
P0A705:P0A7S3,1,42.300000000000004,0.42300000000000004,1.693015e-11,565.0
P0A734:P0A734,0,0.0,0.0,0.0,0.0
P0A734:P0AEZ3,0,0.0,0.0,0.0,0.0
P0A780:P0A780,1,100.0,1.0,6.746999999999999e-13,677.5
P0A780:P0A7R5,1,99.05000000000001,0.9904999999999999,1.01652095e-12,655.0
P0A7I4:P0A7S3,1,46.2,0.462,2.001500000000001e-13,912.0
P0A7I7:P0A7I7,1,45.2,0.452,6.218e-18,728.0
P0A7K6:P0ADY3,1,100.0,1.0,2.972e-13,629.5
P0A7K6:P60438,1,56.95,0.5695,5.530000000586e-14,873.5
P0A7L0:P0A9W3,1,40.400000000000006,0.404,1.6705000000000009e-28,1489.5
P0A7L3:P0AA10,1,100.0,1.0,2.10050001066e-13,721.5
P0A7M9:P0A7R1,1,100.0,1.0,9.450070899999999e-06,339.0
P0A7M9:P0A7U3,1,100.0,1.0,5.4514e-11,452.5
P0A7M9:P0AG59,1,100.0,1.0,5.402166e-11,488.0
P0A7N4:P0AG44,1,100.0,1.0,2.7600000011664997e-07,500.5
P0A7N4:P61175,1,95.9,0.9590000000000001,2.1805000044229998e-08,485.0
P0A7R1:P60422,1,100.0,1.0,4.1225e-18,1156.5
P0A7R5:P0AG59,1,98.0,0.98,4.07684e-12,519.0
P0A7R9:P68679,0,0.0,0.0,0.0,0.0
P0A7S3:P0A805,0,0.0,0.0,0.0,0.0
P0A7S3:P0AG63,1,100.0,1.0,7.3350031865e-09,543.0
P0A7S3:P36675,0,0.0,0.0,0.0,0.0
P0A7T7:P68679,1,100.0,1.0,3.2167e-08,326.0
P0A7U3:P0AG20,1,53.55,0.5355,6.2951858999999996e-06,387.5
P0A7U3:P0AG59,1,100.0,1.0,3.183529725e-08,416.0
P0A7V0:P0A7W1,1,100.0,1.0,1.7300067799999998e-23,1099.0
P0A7V0:P68679,1,100.0,1.0,2.0265e-07,846.0
P0A7V3:P0A7V8,1,100.0,1.0,9.155000002389499e-30,1417.0
P0A7V8:P0A7W1,1,100.0,1.0,5.4000000001385e-16,928.0
P0A7V8:P60422,1,100.0,1.0,1.5330000000000246e-25,1335.5
P0A7W1:P0A7W7,1,100.0,1.0,8.208500000000001e-17,736.5
P0A7Z4:P0A8T7,1,99.65,0.9964999999999999,3.276e-43,5022.0
P0A7Z6:P0A7Z6,1,100.0,1.0,5.8405e-10,453.5
P0A7Z6:P0A8T8,1,99.65,0.9964999999999999,3.276e-43,5022.0
P0A7Z6:P0A8V4,1,99.75,0.9975,3.353e-08,4491.5
P0A836:P0A836,1,60.55,0.6054999999999999,5.395156299999999e-51,2217.0
P0A836:P0AGE9,1,99.45,0.9944999999999999,9.855e-46,2427.5
P0A8Q0:P0AC47,0,0.0,0.0,0.0,0.0
P0A8Q3:P0A8Q3,0,0.0,0.0,0.0,0.0
P0A8Q3:P0AC47,1,100.0,1.0,1.073e-14,1106.0
P0A8S9:P0ABY7,1,100.0,1.0,3.8885000014875e-12,725.0
P0A8S9:P76204,1,96.15,0.9615,1.0055e-08,869.5
P0A8T7:P0ABS1,0,0.0,0.0,0.0,0.0
P0A8T7:P0AFG0,1,99.55,0.9955,3.948e-22,4049.0
P0A8T7:P0AFW0,1,58.75,0.5875,3.072e-06,3725.5
P0A8T7:P0AGB6,1,99.0,0.99,2.2315e-19,4704.0
P0A8T7:P13445,1,95.95,0.9595,7.345e-30,4433.0
P0A8T7:P30128,1,33.6,0.33599999999999997,4.0575e-12,2393.0
P0A8T7:P41065,1,99.15,0.9915,2.352e-10,4492.5
P0A8V2:P0ABS1,0,0.0,0.0,0.0,0.0
P0A8V2:P0AFF6,1,99.25,0.9924999999999999,6.61e-26,4858.0
P0A8V2:P0AFW0,1,57.5,0.575,3.072e-06,3758.5
P0A8V2:P0AGB6,1,98.95,0.9895,2.2315e-19,4608.5
P0A903:P0A940,1,98.0,0.98,7.05e-25,3117.5
P0A903:P0AC02,1,100.0,1.0,2.2795669e-20,1141.0
P0A937:P0AC02,1,100.0,1.0,4.6315000000011084e-10,839.0
P0A940:P0AC02,1,98.15,0.9815,1.209e-23,2707.5
P0A940:P77774,1,100.0,1.0,5.805e-42,3523.0
P0A953:P0A953,1,99.35,0.9935,4.026e-76,2912.0
P0A988:P10443,0,0.0,0.0,0.0,0.0
P0A988:P28630,1,98.9,0.989,6.835e-42,2289.0
P0A988:Q47155,0,0.0,0.0,0.0,0.0
P0A990:P69933,1,55.900000000000006,0.5589999999999999,9.94e-05,1416.0
P0A9P4:P0A9P4,1,74.1,0.741,2.0566942e-46,1907.0
P0A9P4:P0AA25,1,99.3,0.993,7.67e-21,1557.0
P0A9V1:P0A9V1,1,59.650000000000006,0.5965,9.8175e-34,1396.5
P0A9V1:P0ADC6,1,95.30000000000001,0.953,2.236596e-39,1895.0
P0A9V1:P0AF98,1,90.80000000000001,0.9079999999999999,1.5751e-38,1774.0
P0AA04:P0AFX4,1,99.0,0.99,3.2036e-14,652.5
P0AA10:P60438,1,96.65,0.9665,5.876090000000001e-14,678.0
P0AA25:P17854,1,96.4,0.964,1.0715e-20,1144.0
P0AA89:P0AA89,1,38.25,0.3825,1.08221235e-08,603.5
P0AAM1:P0AAM1,1,86.3,0.863,1.95235e-17,852.5
P0AAM1:P69739,1,94.1,0.9410000000000001,5.435e-19,1356.5
P0AAV4:P0AAV4,1,93.55,0.9355,1.0662500000000001e-36,1452.0
P0AAV4:P75745,1,96.05,0.9604999999999999,8.855e-37,1848.5
P0AB98:P0ABA0,1,96.9,0.969,8.96685e-14,592.0
P0ABA0:P0ABA4,1,98.94999999999999,0.9895,2.441685e-13,521.5
P0ABA0:P0ABB0,1,99.15,0.9915,9.685e-16,1619.5
P0ABB0:P0ABB4,1,99.85,0.9984999999999999,1.2885038565e-74,3134.5
P0ABI8:P0ABJ1,1,100.0,1.0,4.6225000000010286e-40,2269.0
P0ABI8:P0ABJ3,1,100.0,1.0,1.249e-15,1863.5
P0ABJ9:P0ABK2,1,93.25,0.9325,5.73883e-48,2665.5
P0AC44:P0AC44,0,0.0,0.0,0.0,0.0
P0AC44:P69054,1,100.0,1.0,1.3192149999999998e-12,628.0
P0AC55:P0AC55,1,67.1,0.671,4.7905e-15,609.0
P0AC55:P69681,1,99.5,0.995,3.2305e-20,1748.0
P0ACD8:P0ACD8,1,13.899999999999999,0.139,7.6555e-10,547.0
P0ACD8:P69739,1,73.5,0.7350000000000001,1.819e-37,2481.5
P0ACE3:P0ACF8,0,0.0,0.0,0.0,0.0
P0ACF8:P0ACF8,0,0.0,0.0,0.0,0.0
P0ADC1:P0ADC1,1,93.7,0.937,1.46395e-21,857.5
P0ADC1:P31554,1,100.0,1.0,7.305e-25,2350.5
P0ADC6:P0AF98,1,92.45,0.9245,1.143500030965e-25,1516.0
P0ADY3:P60438,1,96.65,0.9665,1.54809e-14,725.0
P0AE06:P0AE06,1,94.85,0.9485,1.10893485e-33,1566.5
P0AE06:P31224,1,99.80000000000001,0.998,5.905e-47,4180.0
P0AE70:P0AE72,1,96.8,0.968,9.64036855e-12,574.0
P0AEG4:P0AEG4,1,16.85,0.1685,3.79e-05,290.0
P0AEJ6:P0AEJ6,1,60.4,0.604,7.1705e-47,2181.5
P0AEJ6:P19636,1,99.0,0.99,1.5775e-42,2459.0
P0AEP7:P0AEP7,1,30.35,0.3035,2.392e-53,2139.5
P0AES6:P0AES6,1,98.65,0.9864999999999999,8.136e-59,2612.0
P0AEX9:P68183,1,59.0,0.59,0.0002264,1426.0
P0AF14:P0AF14,1,53.95,0.5395000000000001,3.4545e-33,1300.0
P0AFK0:P0AFK0,1,59.2,0.592,2.0025e-36,2416.5
P0AFK0:P0AGG8,1,99.75,0.9975,1.5770000012774998e-77,3461.5
P0AFX7:P0AGB6,1,97.55,0.9755,4.36000000013145e-08,631.5
P0AG01:P0AG01,1,69.3,0.6930000000000001,4.7503355000000005e-30,1457.0
P0AG90:P0AG93,1,100.0,1.0,3.689042805e-31,1641.0
P0AG90:P25714,1,97.25,0.9724999999999999,4.2805e-36,2202.5
P0AG93:P25714,1,97.25,0.9724999999999999,3.689e-31,2075.5
P0AGA2:P25714,1,97.25,0.9724999999999999,1.2005e-29,2067.0
P0AGB6:P0AGB6,1,89.85,0.8985,1.0161449999999999e-16,892.0
P0C074:P49955,1,99.55,0.9955,4.832e-10,2633.5
P0C0V0:P0C0V0,1,93.2,0.9319999999999999,1.5555e-09,1296.5
P0C0V8:P25443,1,84.4,0.8440000000000001,2.173e-14,999.0
P0C0V8:P46654,1,99.25,0.9924999999999999,1.128e-14,973.0
P0C0W1:P26786,1,100.0,1.0,6.47000001386e-17,843.0
P0C0W1:P35997,1,100.0,1.0,2.1440000726e-10,594.5
P0C0W1:P40546,0,0.0,0.0,0.0,0.0
P0C0W1:Q05498,1,94.65,0.9465,1.4625000681e-20,948.5
P0C0W9:P26321,1,99.75,0.9975,1.1721084499999999e-17,830.0
P0C0X0:P26783,1,100.0,1.0,6.305000000000071e-07,651.0
P0C0X8:P0C0Y9,1,100.0,1.0,6.770000000001691e-18,1156.0
P0C0X9:P0C0Y9,0,0.0,0.0,0.0,0.0
P0C0Y7:P0C0Y9,1,100.0,1.0,2.1036e-34,1592.5
P0C0Y8:P0C0Y9,1,100.0,1.0,1.09866e-30,1569.0
P0C0Y8:Q7B302,1,100.0,1.0,1.0701555e-30,1411.5
P0C0Y9:Q7B302,1,100.0,1.0,2.1036e-34,1592.5
P0C1D4:P23230,0,0.0,0.0,0.0,0.0
P0C1D4:P50369,0,0.0,0.0,0.0,0.0
P0C1D4:Q42496,0,0.0,0.0,0.0,0.0
P0C1H5:P62801,1,100.0,1.0,2.2420000000000002e-11,482.0
P0C2H6:P14120,1,93.8,0.938,4.7224545e-16,697.0
P0C2H6:P87262,1,100.0,1.0,4.4315504e-16,728.5
P0C2H6:Q12080,0,0.0,0.0,0.0,0.0
P0C512:P0C512,1,98.94999999999999,0.9895,3.477e-74,3211.5
P0C512:Q0INY7,1,99.1,0.991,6.38e-20,1993.5
P0C6E0:Q9X4Q7,1,31.6,0.316,4.8186415e-07,450.0
P0C6E0:Q9X4Q8,0,0.0,0.0,0.0,0.0
P0CE47:P0CE47,1,99.15,0.9915,3.7705e-68,2846.0
P0CG47:P54578,1,59.45,0.5945,1.1255000487749999e-20,992.0
P0CG47:P61088,1,93.44999999999999,0.9345,1.019500000034455e-11,687.5
P0CG47:P68036,1,96.65,0.9664999999999999,1.5770000000002064e-12,777.5
P0CG47:Q13200,1,16.7,0.167,0.0007561499999999999,257.0
P0CG47:Q6GQQ9,1,96.4,0.964,2.7605e-12,984.5
P0CG47:Q70CQ3,1,74.94999999999999,0.7495,3.7695e-13,1149.5
P0CG47:Q8TAC2,0,0.0,0.0,0.0,0.0
P0CG47:Q93009,1,61.45,0.6145,3.11300048775e-21,1021.5
P0CG47:Q9Y5K5,1,65.9,0.659,3.323000000000017e-10,747.0
P0CH25:P0CH25,1,100.0,1.0,1.8475e-16,853.0
P0CL62:P9WJ85,0,0.0,0.0,0.0,0.0
P0CX23:P26785,1,92.0,0.9199999999999999,1.02904704e-22,994.5
P0CX23:Q02753,1,92.05,0.9205,1.1572499999999999e-23,962.0
P0CX24:Q02753,1,92.05,0.9205,1.1572499999999999e-23,962.0
P0CX25:P0CX45,1,100.0,1.0,1.2805e-12,899.5
P0CX26:P0CX45,1,100.0,1.0,1.2805e-12,899.5
P0CX29:P0CX33,1,94.1,0.9410000000000001,8.725e-05,596.5
P0CX29:P0CX47,1,100.0,1.0,3.8170465e-11,555.0
P0CX29:P32324,1,71.95,0.7195,1.8495e-19,2825.0
P0CX29:P39730,1,54.300000000000004,0.543,3.2610000000126747e-09,647.5
P0CX29:Q03195,1,50.05,0.5005,2.1695e-17,1619.5
P0CX29:Q07381,1,57.65,0.5765,2.0465000000001806e-14,925.0
P0CX29:Q08965,1,83.15,0.8315,2.0465e-14,2290.0
P0CX29:Q99207,1,93.9,0.9390000000000001,1.2675000000027104e-20,1259.5
P0CX31:P0CX35,1,100.0,1.0,1.033e-16,1180.0
P0CX31:P40079,0,0.0,0.0,0.0,0.0
P0CX31:P53914,1,59.55,0.5955,1.038e-14,1114.0
P0CX31:Q06506,1,57.7,0.577,4.25151033e-11,624.5
P0CX35:P0CX37,1,97.45,0.9744999999999999,3.6508799999999996e-34,1475.0
P0CX37:P48234,1,94.8,0.948,1.3405e-16,1489.0
P0CX39:P0CX47,1,97.2,0.972,6.0253909e-20,912.0
P0CX39:P48234,1,92.8,0.9279999999999999,3.359e-26,1675.0
P0CX41:P14126,1,93.85,0.9385,5.905e-18,1505.0
P0CX41:P24000,1,99.2,0.992,1.156000000020015e-09,648.0
P0CX42:P14126,1,93.85,0.9385,5.905e-18,1505.0
P0CX43:P53313,1,83.1,0.831,4.33e-24,1639.0
P0CX45:P17076,1,100.0,1.0,3.706e-13,971.0
P0CX45:P53313,1,58.05,0.5805,8.2550007455e-32,1676.5
P0CX51:P25635,1,58.3,0.583,2.93900011355e-08,534.5
P0CX51:P26783,1,100.0,1.0,7.050708e-17,823.5
P0CX51:P38701,1,100.0,1.0,1.118542265e-11,544.0
P0CX53:P25382,1,95.25,0.9525,2.0225e-13,1687.0
P0CX55:Q3E792,1,100.0,1.0,1.3670000000002541e-10,657.5
P0CX82:P26786,1,98.35,0.9835,6.045024665e-25,1087.5
P0CY47:P0CY48,1,98.19999999999999,0.982,9.57e-29,1891.5
P0CY47:P0CY49,1,95.19999999999999,0.952,3.428e-32,2083.0
P0CY48:P0CY49,1,90.85,0.9085,2.0225e-28,1185.5
P0DJ13:P0DJ18,1,100.0,1.0,8.960000017760001e-28,1252.0
P0DJ51:P0DJ57,1,100.0,1.0,4.2625188e-15,721.5
P0DJ51:P0DJ58,1,100.0,1.0,4.262500000000005e-15,872.5
P0DJ53:P0DJ54,1,100.0,1.0,1.7925000000001466e-09,689.0
P0DJ53:Q245F2,1,100.0,1.0,1.466e-22,1300.0
P0DJ55:Q23TC8,1,100.0,1.0,7.17e-25,1699.5
P0DJ58:Q22A30,1,100.0,1.0,4.60870855e-30,1218.5
P0DJ58:Q24F59,1,100.0,1.0,5.07e-11,789.0
P0DJL7:P0DJL7,1,100.0,1.0,8.6955e-15,669.5
P0DOX7:S6C4R2,1,91.15,0.9115,6.367855e-34,1586.5
P0DOY9:P80371,1,100.0,1.0,1.070500011595e-18,965.5
P0DOY9:Q5SHQ5,1,100.0,1.0,1.0752055e-18,842.5
P0DSN2:P0DSN3,1,98.7,0.987,2.7715e-31,2632.0
P0DSN2:P0DSN4,0,0.0,0.0,0.0,0.0
P10109:P10109,1,100.0,1.0,3.2805e-17,656.0
P10319:P61769,1,93.30000000000001,0.933,2.1655e-15,1350.5
P10321:P61769,1,96.0,0.96,3.4015e-16,1343.5
P10484:P10486,1,95.1,0.951,2.44e-48,4096.0
P10486:P10486,1,97.5,0.975,0.0,5370.0
P10507:P11914,1,99.5,0.995,2.6844500000000002e-70,3090.5
P10662:P40496,1,95.6,0.956,1.436325e-30,1323.5
P10662:P47141,1,22.0,0.22,7.087e-11,543.5
P10662:Q02950,1,78.6,0.786,4.577500000001093e-20,1132.5
P10664:P10962,1,95.25,0.9525,1.144e-27,1512.5
P10664:Q02892,1,97.15,0.9715,1.118500005415e-56,2545.5
P10721:P10721,1,97.9,0.979,1.5878950000000002e-26,1268.0
P10721:P21583,1,98.6,0.986,4.7085e-13,1897.5
P10809:P10809,1,87.5,0.875,5.7055e-70,3434.5
P10809:P61604,1,99.9,0.999,1.693e-13,2121.5
P10828:P19793,1,88.6,0.886,5.003765e-25,1415.0
P10898:P12852,1,76.95,0.7695000000000001,6.31e-12,1664.5
P10912:P10912,1,95.3,0.953,2.58175e-32,1439.0
P10962:P38805,1,100.0,1.0,1.144e-27,1470.0
P11077:P11077,1,96.35,0.9635,2.856545e-44,1864.0
P11142:Q99933,1,52.15,0.5215,0.00048725,1443.0
P11177:P11177,1,37.45,0.3745,2.83475e-34,1408.5
P11342:P21871,1,100.0,1.0,2.03445e-17,924.0
P11347:P11347,1,58.75,0.5875,1.002e-23,2085.5
P11349:P11350,1,99.44999999999999,0.9944999999999999,3.163e-26,2393.0
P11392:P11392,1,99.3,0.993,4.903e-19,928.5
P11392:P11393,1,99.65,0.9964999999999999,2.800500000166e-09,724.5
P11471:P12852,1,100.0,1.0,2.2545000000011926e-16,1012.0
P11610:P11610,1,91.9,0.919,1.2249e-41,1806.0
P11652:P11653,1,99.55,0.9955,5.445000000000237e-80,4371.0
P11653:P11653,1,65.6,0.656,7.4905e-12,689.5
P11802:P30281,1,99.1,0.991,1.253e-25,1649.5
P11987:P18798,1,98.65,0.9864999999999999,5.83e-16,1354.0
P12004:P28340,1,41.650000000000006,0.4165,1.6345e-28,3041.0
P12004:P39748,1,92.0,0.9199999999999999,8.890259999999999e-40,1853.5
P12154:Q00914,1,93.65,0.9365,8.67e-12,2393.5
P12238:P51765,1,100.0,1.0,6.11e-09,1204.0
P12302:P69560,1,100.0,1.0,1.035e-25,1724.5
P12313:P51765,0,0.0,0.0,0.0,0.0
P12319:P12319,1,98.80000000000001,0.988,1.0555000000000001e-26,1220.5
P12329:P12329,1,100.0,1.0,2.6021000000000002e-30,1337.0
P12352:Q00914,1,100.0,1.0,4.72592e-10,443.0
P12359:P69560,1,100.0,1.0,3.2710000263e-36,1995.0
P12528:P12528,1,13.25,0.1325,3.9764999999999996e-05,340.0
P12528:P26746,1,99.1,0.991,2.551e-15,1944.5
P12537:P12538,1,90.65,0.9065,6.175013535000001e-23,1142.0
P12538:P12538,1,79.2,0.792,1.21255e-13,611.5
P12612:P39077,1,98.75,0.9875,4.720591e-66,3436.5
P12629:P24613,1,100.0,1.0,8.0550000001255e-24,1162.0
P12687:P36519,1,98.9,0.989,3.7480003885e-36,1586.0
P12687:Q06678,1,98.9,0.989,3.748000000000061e-36,1749.0
P12694:P12694,1,33.150000000000006,0.3315,1.171e-23,1178.0
P12694:P21953,1,98.30000000000001,0.983,8.68115e-57,2541.5
P12754:P14741,1,52.050000000000004,0.5205,1.4925e-17,1366.0
P12754:P20459,1,89.5,0.895,5.330000000019965e-32,1635.0
P12754:P32502,1,89.7,0.897,1.9969705499999997e-43,2016.5
P12904:P12904,1,91.1,0.911,6.1155e-19,817.5
P12904:P34164,1,95.45,0.9545,3.2055e-11,1296.5
P12943:P12943,0,0.0,0.0,0.0,0.0
P12943:P12944,1,100.0,1.0,8.905e-41,2623.5
P12945:Q08689,1,96.25,0.9625,8.965e-27,2672.0
P12975:P29254,1,87.5,0.875,1.093e-09,2400.0
P12975:P29256,1,100.0,1.0,1.0755000013330001e-10,635.0
P12975:P32422,1,100.0,1.0,1.080815e-10,471.5
P13008:P55830,1,100.0,1.0,1.8035e-15,1031.0
P13232:P16871,0,0.0,0.0,0.0,0.0
P13271:P31800,1,90.35,0.9035,1.2135e-10,1645.0
P13272:P31800,1,99.1,0.991,1.4265e-32,2247.5
P13333:P13341,1,86.95,0.8694999999999999,2.546755e-25,1063.5
P13339:P13339,0,0.0,0.0,0.0,0.0
P13339:P13341,1,62.150000000000006,0.6214999999999999,8.640000000001475e-15,844.5
P13339:P17172,1,73.95,0.7395,8.64e-15,1349.5
P13393:P13393,1,36.35,0.3635,5.083e-16,734.0
P13393:P29055,1,52.650000000000006,0.5265,9.385000000000027e-13,928.0
P13393:P32773,0,0.0,0.0,0.0,0.0
P13393:P32774,0,0.0,0.0,0.0,0.0
P13393:P46678,0,0.0,0.0,0.0,0.0
P13448:P13448,0,0.0,0.0,0.0,0.0
P13448:P13449,1,99.45,0.9944999999999999,1.4253565e-30,1295.0
P13599:P13599,1,66.35,0.6635,2.5618e-36,1603.5
P13599:P20760,1,65.1,0.651,2.180500000000613e-25,1409.0
P13612:P13612,1,99.0,0.99,1.79894e-91,4271.5
P13612:P26010,1,99.4,0.994,2.266e-66,3468.5
P13619:P13621,1,100.0,1.0,1.90795e-24,966.0
P13621:P19483,1,99.35,0.9935,2.9545e-25,1884.5
P13746:P61769,1,95.6,0.956,8.1e-16,1333.0
P13747:P26715,1,98.3,0.983,3.4585e-18,1379.0
P13984:P13984,0,0.0,0.0,0.0,0.0
P13984:P29084,1,96.8,0.968,7.370000000097301e-20,1018.5
P13984:P30876,1,100.0,1.0,4.319e-32,4175.5
P13984:P35269,1,97.2,0.972,9.651345e-17,735.5
P13984:Q00403,1,88.05,0.8805000000000001,7.1423e-29,1362.0
P14115:P47963,1,100.0,1.0,1.4000994e-25,1027.5
P14116:P22450,1,51.099999999999994,0.511,5.04500004725e-07,489.0
P14120:P87262,1,89.3,0.893,1.73815e-15,598.5
P14126:P24000,1,100.0,1.0,0.00014175,1126.0
P14126:P26785,1,94.69999999999999,0.9470000000000001,1.7020000000000004e-23,1328.5
P14126:P38202,0,0.0,0.0,0.0,0.0
P14126:Q02892,1,95.05000000000001,0.9504999999999999,8.830013845e-55,2568.5
P14126:Q07915,1,97.2,0.972,4.393e-18,1542.5
P14126:Q12522,1,85.2,0.852,4.8815000000000646e-33,1678.0
P14127:P32905,1,98.3,0.983,1.876e-15,960.0
P14127:P46654,1,97.55,0.9755,1.876e-15,959.5
P14191:P14191,1,93.9,0.9390000000000001,9.8295e-24,1086.0
P14191:P25401,1,94.2,0.942,1.1510000003195e-22,1249.0
P14210:P14210,1,95.6,0.956,7.555e-39,2862.0
P14224:Q05093,1,92.9,0.929,7.66e-06,610.5
P14226:Q9XQR6,1,91.30000000000001,0.913,6.175e-34,2407.5
P14434:P14483,1,99.2,0.992,9.48735e-30,1360.5
P14438:P14438,1,69.1,0.691,1.615e-23,1088.5
P14483:P14483,1,84.45,0.8445,2.49235e-26,1202.0
P14635:P24941,1,68.2,0.6819999999999999,4.042e-17,1507.5
P14678:P62314,1,100.0,1.0,6.561e-13,562.5
P14682:P22515,1,99.0,0.99,1.8085e-29,4135.0
P14719:P14719,1,82.35,0.8235,1.000500947e-34,1540.5
P14719:Q61730,1,89.05,0.8905000000000001,9.470000000000174e-41,1917.5
P14719:Q8BVZ5,1,89.9,0.899,2.41e-19,1285.0
P14735:P14735,1,98.8,0.988,0.0,6912.0
P14775:P16027,1,100.0,1.0,2.677e-09,2243.5
P14778:Q9NPH3,1,92.6,0.9259999999999999,1.77100001176e-46,2026.5
P14784:P14784,1,97.75,0.9775,1.8915e-33,1458.0
P14784:P31785,1,100.0,1.0,1.4067499999999999e-33,1482.5
P14784:P40933,0,0.0,0.0,0.0,0.0
P14784:P60568,1,99.1,0.991,5.93e-15,1056.0
P14794:Q54XI5,1,100.0,1.0,1.8635e-07,774.0
P14867:P47870,1,95.35,0.9535,5.25205e-34,1484.0
P14868:P14868,1,89.85,0.8985000000000001,1.30055e-71,3105.0
P14868:Q13155,1,99.05,0.9904999999999999,3.291e-05,796.0
P14906:P32915,1,95.25,0.9525,8.50025e-44,2317.0
P14906:P33754,1,84.55,0.8454999999999999,4.2495e-14,1486.5
P14927:P22695,1,100.0,1.0,8.23e-15,1785.0
P15005:P15005,1,98.4,0.984,8.673e-44,1863.5
P15005:P15006,1,97.25,0.9724999999999999,3.112565e-41,1839.5
P15056:Q02750,1,94.2,0.942,2.6996e-40,1808.5
P15170:P62495,1,63.300000000000004,0.633,1.0655885e-42,1866.0
P15170:Q96SW2,1,97.8,0.978,1.1365e-33,2016.0
P15303:P15303,1,97.80000000000001,0.978,0.0,4774.0
P15303:P20606,1,100.0,1.0,1.11e-27,3145.5
P15303:P40482,1,100.0,1.0,0.0,5162.5
P15319:Q47450,1,98.85,0.9884999999999999,7.680001644e-31,1557.5
P15347:Q31NT9,1,100.0,1.0,1.0645000000001543e-20,1336.5
P15357:P80455,1,100.0,1.0,2.8725001224500002e-08,480.5
P15431:P62813,1,100.0,1.0,2.4165e-35,1512.5
P15436:P46957,1,98.0,0.98,1.998e-70,4872.5
P15646:P40470,0,0.0,0.0,0.0,0.0
P15646:Q05498,1,100.0,1.0,2.548e-20,1216.0
P15646:Q06679,1,94.05000000000001,0.9405,3.5225e-43,2829.5
P15646:Q12035,1,89.19999999999999,0.892,1.4865e-17,1078.0
P15646:Q12460,1,97.35,0.9735,5.28e-21,1410.0
P15646:Q12499,1,98.75,0.9875,4.19450000000064e-30,1609.0
P15692:P15692,1,45.8,0.458,1.2212e-08,426.0
P15692:P17948,1,34.6,0.346,2.9843408e-09,546.0
P15692:P31025,0,0.0,0.0,0.0,0.0
P15813:P61769,1,98.0,0.98,5.465e-15,1225.0
P15873:P38629,1,61.05,0.6105,1.1725e-15,1330.5
P15873:P38630,1,98.65,0.9864999999999999,4.003e-41,2314.5
P15927:P15927,1,100.0,1.0,3.982e-08,380.0
P15927:P35244,1,96.45,0.9645,4.5045e-20,819.5
P15934:P15934,1,100.0,1.0,5.1749e-19,745.5
P15934:P26465,1,100.0,1.0,2.029e-20,1929.5
P15979:P15979,1,44.349999999999994,0.4435,1.6944999999999998e-29,1291.5
P15979:P21611,1,63.050000000000004,0.6305000000000001,4.512e-13,1153.5
P16009:P17172,1,98.94999999999999,0.9895,5.62e-48,2540.5
P16009:P19060,0,0.0,0.0,0.0,0.0
P16011:P17172,1,98.75,0.9875,1e-28,1623.0
P16011:P19061,1,98.25,0.9824999999999999,2.3e-23,2307.5
P16027:P16027,1,21.9,0.219,1.84265e-36,1618.5
P16104:P68431,1,100.0,1.0,2.0827000000000002e-14,596.0
P16140:P17255,1,76.75,0.7675000000000001,9.18017535e-73,3339.0
P16140:P22203,1,99.65,0.9964999999999999,3.814e-28,2080.5
P16140:P32610,1,99.65,0.9964999999999999,8.44e-27,2122.5
P16297:P34902,1,99.25,0.9924999999999999,1.28575e-32,1464.5
P16370:P38902,1,39.0,0.39,1.5755000000000138e-10,719.5
P16410:P33681,1,99.55,0.9955,8.465000000013746e-20,1152.0
P16410:P42081,1,61.05,0.6105,1.218008465e-14,802.0
P16435:P16435,1,98.65,0.9864999999999999,2.077655e-100,4177.0
P16456:P16456,1,100.0,1.0,2.0301500000000003e-55,2296.0
P16474:P16474,1,99.2,0.992,1.5398928499999998e-54,2636.0
P16474:Q08199,1,97.65,0.9764999999999999,2.7175e-23,1997.5
P16685:P16687,1,99.85,0.9984999999999999,5.41e-24,1628.5
P16686:P16688,1,99.8,0.998,7.755e-35,1639.5
P16687:P16687,0,0.0,0.0,0.0,0.0
P16687:P16688,1,99.85,0.9984999999999999,4.82e-52,2136.0
P16855:P16856,1,55.8,0.558,2.2961e-54,2247.5
P16856:P16856,1,37.35,0.37349999999999994,5.04e-22,1575.0
P16871:P16871,1,96.35,0.9635,3.8198000000000003e-28,1289.5
P16871:Q969D9,1,77.94999999999999,0.7795000000000001,4.5605e-08,774.5
P16871:Q9HC73,1,83.9,0.839,3.75551e-25,1262.5
P16872:Q8CII9,1,92.35,0.9235,1.9330000916499997e-24,1260.5
P17076:P47047,1,56.05,0.5605,1.1945e-05,647.5
P17076:P53927,1,93.35,0.9335,1.0310006805e-17,793.5
P17076:Q04660,1,98.45,0.9844999999999999,5.7350002998e-17,854.5
P17157:P20052,1,95.9,0.9590000000000001,2.4245e-22,1452.5
P17172:P19060,1,11.9,0.119,3.672000015585e-08,576.0
P17220:P40112,1,100.0,1.0,7.30502467e-37,1582.5
P17220:Q63570,1,97.94999999999999,0.9795,2.626500000000009e-41,1924.0
P17255:P32610,1,78.25,0.7825,3.4385e-25,2128.5
P17291:P80374,1,100.0,1.0,1.058865e-16,746.0
P17291:P80376,1,100.0,1.0,2.1028735e-15,728.5
P17424:Q08698,1,22.05,0.2205,1.911e-07,966.0
P17462:P17462,0,0.0,0.0,0.0,0.0
P17462:P18610,0,0.0,0.0,0.0,0.0
P17558:P21771,0,0.0,0.0,0.0,0.0
P17558:P28778,0,0.0,0.0,0.0,0.0
P17558:P53292,1,97.8,0.978,2.3555000000000083e-24,1243.5
P17558:Q02608,1,100.0,1.0,8.330000028595e-16,782.0
P17558:Q03246,1,94.1,0.9410000000000001,2.358028e-24,987.0
P17558:Q03799,1,100.0,1.0,2.43565e-24,980.5
P17693:P61769,1,91.6,0.9159999999999999,8.585e-16,1297.0
P17694:P23935,1,100.0,1.0,2.811e-12,1588.5
P17694:P34942,1,100.0,1.0,5.185e-32,1911.0
P17694:P42026,1,98.6,0.986,4.8305e-26,1732.0
P17694:P42028,1,99.85,0.9984999999999999,1.8055e-28,1862.5
P17704:P38979,1,100.0,1.0,6.3e-15,1011.5
P17787:P43681,1,89.1,0.891,8.454325e-51,2290.5
P17883:P48589,1,97.55,0.9755,4.481e-17,3517.5
P17883:Q02793,1,97.30000000000001,0.973,5.51e-50,3296.0
P17890:P32910,1,85.1,0.851,9.110027139999999e-10,528.0
P17980:P25788,1,96.25,0.9624999999999999,2.7415000000000046e-37,1850.5
P17980:P35998,1,100.0,1.0,1.644645e-50,2119.5
P17980:P62333,1,100.0,1.0,6.49105e-53,2212.5
P17987:P49368,1,100.0,1.0,1.691511395e-58,3012.5
P17987:P50991,1,97.85,0.9784999999999999,6.8298845e-60,3029.0
P18074:P19447,1,96.7,0.9670000000000001,2.05625e-95,4398.0
P18074:P32780,1,72.69999999999999,0.727,4.6215e-22,2806.0
P18074:P51948,1,97.8,0.978,1.3385e-24,2815.0
P18074:Q13888,1,99.05,0.9904999999999999,3.1335e-59,3547.5
P18124:P47914,1,90.95,0.9095,2.2115e-05,741.0
P18124:Q02543,1,98.6,0.986,1.0480000001522e-26,1241.0
P18187:P18187,0,0.0,0.0,0.0,0.0
P18187:P18188,1,99.9,0.999,4.067e-41,2695.0
P18203:P48452,1,98.1,0.981,5.44e-18,1652.0
P18203:P63099,1,61.400000000000006,0.614,1.30432e-15,741.5
P18259:P18259,0,0.0,0.0,0.0,0.0
P18259:P56582,0,0.0,0.0,0.0,0.0
P18420:P18421,1,100.0,1.0,3.0985006085e-37,1617.5
P18420:P34064,1,100.0,1.0,4.13835e-42,1688.0
P18421:P28075,1,100.0,1.0,1.47530985e-33,1453.0
P18422:P28073,1,100.0,1.0,4.35350029455e-36,1608.0
P18422:P60901,1,97.15,0.9715,4.134043500000001e-37,1550.0
P18422:Q63569,1,95.6,0.956,4.130000000000002e-37,1850.5
P18434:P19156,1,47.7,0.477,4.0915e-25,3073.0
P18464:P61769,1,93.1,0.931,2.1655e-15,1345.5
P18465:P61769,1,93.65,0.9365,2.1655e-15,1357.0
P18484:P84092,1,99.8,0.998,4.886e-20,2344.0
P18508:P62813,1,100.0,1.0,2.1645e-35,1519.5
P18510:P18510,1,55.7,0.557,5.4585e-14,699.0
P18797:P18798,1,62.199999999999996,0.622,7.495000000001174e-13,968.0
P18798:P18798,1,99.7,0.997,9.6695e-39,2077.5
P18798:P22869,1,99.0,0.99,4.045000000004208e-38,2398.5
P18946:Q5ZLR5,1,76.4,0.764,2.3490000032445e-28,1599.0
P19060:P19061,1,98.25,0.9824999999999999,9.905838e-79,3517.5
P19253:P27659,1,99.30000000000001,0.993,3.2645e-31,2015.0
P19253:P62717,1,91.2,0.912,2.560002023e-25,1152.5
P19253:Q9CR57,1,100.0,1.0,6.175000000002647e-20,1050.0
P19263:P38633,1,85.5,0.855,1.795e-07,1068.0
P19263:Q06213,1,91.2,0.9119999999999999,2.3045e-18,1671.5
P19263:Q08278,1,79.30000000000001,0.793,4.6e-20,2231.0
P19387:P30876,1,98.35,0.9835,4.088e-44,4467.0
P19447:P29083,1,94.05,0.9405,1.676e-46,2491.5
P19447:Q92759,1,97.4,0.974,1.0225e-07,1498.0
P19490:P19491,1,94.6,0.946,0.0,5136.0
P19490:Q8VHW5,1,89.6,0.8959999999999999,3.187e-22,1844.5
P19491:P19491,1,99.30000000000001,0.993,4.189e-56,2510.0
P19491:P19492,1,99.25,0.9924999999999999,4.59595e-58,2612.5
P19491:P19493,1,97.30000000000001,0.973,7.04012275e-53,2472.0
P19491:Q71RJ2,1,97.05,0.9704999999999999,1.189e-24,1876.5
P19491:Q8VHW5,1,88.85,0.8885000000000001,1.7995e-22,1813.5
P19492:Q71RJ2,1,93.1,0.931,1.189e-24,1829.5
P19569:P29254,1,87.6,0.876,3.6375e-21,2610.5
P19632:P62871,1,49.85,0.49850000000000005,1.065500011495e-06,477.0
P19735:P20053,1,92.9,0.929,8.0900000004589e-62,3491.0
P19735:P39990,1,15.25,0.1525,2.2611550000000002e-05,378.0
P19735:P49704,1,94.05000000000001,0.9405,9.065e-42,3193.0
P19735:Q06819,1,89.55,0.8955,5.54e-27,1835.0
P19736:P32524,1,93.35,0.9335,1.16e-13,1064.0
P19736:Q02260,1,79.35,0.7935,2.8435e-10,1217.5
P19736:Q04693,1,87.25,0.8725,7.98e-41,4288.0
P19736:Q99181,1,54.65,0.5465,3.257e-07,1144.0
P19793:P37231,1,95.94999999999999,0.9595,1.1090000560499998e-22,1416.5
P19838:P19838,1,96.1,0.961,1.665e-13,776.0
P19838:Q04206,1,100.0,1.0,2.703508995e-42,2154.5
P19913:P19914,1,98.15,0.9815,4.7985e-52,3878.5
P19913:P19915,1,99.05,0.9904999999999999,8.105e-23,3394.5
P19914:P19915,1,98.4,0.984,8.105e-23,1561.0
P19919:P19919,1,28.95,0.2895,7.857e-62,2438.5
P19919:P19920,1,100.0,1.0,1.209e-54,3921.0
P19919:P19921,1,100.0,1.0,4.706e-26,3460.5
P19946:P42921,1,100.0,1.0,2.0380000032585e-16,819.5
P19946:P55874,1,99.2,0.992,1.5570000000000264e-08,587.5
P20042:P41091,1,99.2,0.992,1.0745e-28,2280.0
P20042:P41567,1,100.0,1.0,3.122500000010745e-17,894.5
P20052:P20052,1,91.80000000000001,0.918,5.0995e-22,1120.5
P20053:P39990,1,60.45,0.6045,1.3128e-20,914.5
P20136:P20136,1,43.0,0.43,9.094175e-18,880.0
P20155:Q9Y5K2,1,90.35,0.9035,4.8675e-07,943.0
P20226:P52655,0,0.0,0.0,0.0,0.0
P20226:P52657,0,0.0,0.0,0.0,0.0
P20226:Q01658,0,0.0,0.0,0.0,0.0
P20226:Q15544,0,0.0,0.0,0.0,0.0
P20226:Q9HAW0,1,59.25,0.5925,9.04e-09,884.0
P20248:P24941,1,99.1,0.991,5.62000000001891e-30,1759.5
P20273:P20273,1,94.9,0.949,1.1818e-39,2087.0
P20273:Q8TCD0,1,52.45,0.5245,5.565e-05,966.5
P20273:S6B291,1,80.85,0.8085,2.226506965e-22,1260.5
P20279:P22450,1,98.95,0.9895,1.53e-18,1506.5
P20333:P20333,1,34.5,0.345,3.119779e-05,325.0
P20433:P34087,1,89.85,0.8985000000000001,2.296000000013805e-14,911.5
P20435:P35718,1,92.1,0.921,1.876000000045035e-12,781.5
P20436:P38902,1,39.400000000000006,0.394,1.610735e-10,501.5
P20449:Q12315,1,98.94999999999999,0.9895,1.50650000000523e-23,1426.5
P20618:P28062,1,83.69999999999999,0.837,2.634000047225e-29,1365.5
P20618:P28070,1,100.0,1.0,8.36452e-35,1472.0
P20618:P28074,1,97.15,0.9715,3.86065e-30,1285.0
P20618:P40306,1,77.69999999999999,0.7769999999999999,8.2200000047225e-28,1322.5
P20618:P49720,1,98.05,0.9804999999999999,3.54e-37,1520.0
P20618:Q99436,1,97.5,0.975,2.4637224999999997e-34,1457.0
P20671:Q16778,1,100.0,1.0,2.554095e-13,584.0
P21146:P62871,1,96.94999999999999,0.9695,9.675e-57,3325.5
P21242:P21243,1,97.05,0.9704999999999999,5.6565e-42,1694.5
P21242:P30657,1,97.19999999999999,0.972,1.590000509e-35,1596.0
P21243:P25043,1,95.05,0.9505,2.6445000005665e-33,1511.5
P21243:P38624,1,95.0,0.95,6.100000000000057e-29,1435.5
P21266:P28161,1,44.85,0.4485,2.962024e-19,910.5
P21306:P38077,0,0.0,0.0,0.0,0.0
P21374:P28320,1,100.0,1.0,5.740060949999999e-10,556.5
P21374:Q12046,1,33.5,0.335,2.3065001076e-05,391.0
P21468:P21475,1,100.0,1.0,2.3135001856e-09,485.0
P21549:P21549,1,89.25,0.8925000000000001,5.687e-53,2256.0
P21549:P50542,0,0.0,0.0,0.0,0.0
P21579:P21579,1,39.1,0.391,9.704e-13,629.5
P21579:Q99584,0,0.0,0.0,0.0,0.0
P21611:P21611,1,47.9,0.479,3.135e-10,516.0
P21611:Q95601,1,63.4,0.634,4.512e-13,1169.0
P21611:Q9BCW3,1,61.400000000000006,0.614,4.512e-13,1140.5
P21611:Q9GIP6,1,63.6,0.636,4.512e-13,1161.5
P21670:P48004,1,97.85,0.9784999999999999,1.67500577e-38,1645.5
P21670:P62198,1,95.6,0.956,1.6460002925e-36,1628.5
P21827:Q02821,1,14.6,0.146,2.6390035270000003e-06,558.5
P21871:P21871,1,83.6,0.836,3.7635e-14,736.0
P21873:P21874,1,95.69999999999999,0.9570000000000001,1.400119e-49,2222.0
P21874:P21874,1,96.69999999999999,0.967,7.879e-52,2164.5
P21890:P21890,1,33.3,0.333,5.67515e-27,1129.5
P22029:P22030,1,98.4,0.984,1.4915000000000001e-18,802.5
P22138:P36070,1,92.65,0.9265,2.2895e-44,5106.0
P22138:P40422,1,99.45,0.9944999999999999,6.325e-07,3974.0
P22138:P40992,1,94.4,0.944,3.301e-40,4785.0
P22138:P46669,1,95.05000000000001,0.9505,4.834e-12,3857.5
P22138:Q01080,1,98.4,0.984,4.3995e-44,4831.5
P22139:P22276,1,99.05,0.9904999999999999,4.717e-10,3798.0
P22141:P22141,1,61.2,0.612,1.519e-16,1036.0
P22141:P25451,1,98.95,0.9895,3.6e-34,1394.0
P22141:P30656,1,98.5,0.985,9.551e-34,1399.5
P22141:P40303,1,96.9,0.969,3.031736e-34,1443.0
P22203:P31412,1,100.0,1.0,1.0085000016165e-30,1423.5
P22276:P46678,1,96.85,0.9684999999999999,1.2285e-23,3691.5
P22288:P22288,1,95.8,0.958,1.3779999999999998e-33,1340.5
P22288:P70552,1,95.25,0.9524999999999999,5.07e-14,917.0
P22301:Q13651,1,96.0,0.96,4.893e-12,964.5
P22314:P62979,1,74.25,0.7424999999999999,1.23e-12,2948.0
P22354:P40858,0,0.0,0.0,0.0,0.0
P22354:Q06090,1,100.0,1.0,1.404959e-20,838.0
P22354:Q12487,1,100.0,1.0,1.40400001576e-20,931.5
P22515:P22515,1,99.25,0.9924999999999999,0.0,7297.5
P22524:P22524,1,99.75,0.9975,4.33595e-28,1242.0
P22524:P60293,1,99.0,0.99,4.1060000001994996e-27,1423.5
P22535:P27392,0,0.0,0.0,0.0,0.0
P22605:P22605,1,64.25,0.6425,2.135e-11,1119.5
P22605:P28700,1,96.55,0.9655,7.500003573499999e-23,1433.5
P22641:P23006,1,77.05,0.7705,7.535e-13,1181.5
P22666:Q93WD2,1,60.05,0.6005,1.8355849999999998e-05,281.0
P22681:P68036,1,100.0,1.0,2.017e-19,1577.0
P22798:P23326,1,100.0,1.0,5.35e-10,700.5
P22891:Q9UK55,1,100.0,1.0,2.1170000000000025e-50,2433.5
P22892:P22892,1,100.0,1.0,1.4001045e-19,1302.5
P22892:P35585,1,97.7,0.977,7.596044999999999e-20,1135.0
P22892:P61967,1,100.0,1.0,8.1e-25,2188.5
P23006:P23006,1,15.2,0.152,4.049e-05,334.5
P23230:P23577,1,100.0,1.0,7.67e-21,1431.5
P23246:Q8WXF1,1,86.55,0.8654999999999999,1.00100000797e-34,1518.0
P23248:P39516,1,81.15,0.8115,2.740500000001429e-20,1051.0
P23258:P23258,1,95.7,0.957,1.3381285e-65,2903.5
P23258:Q96CW5,1,93.25,0.9325,1.7e-07,1540.5
P23258:Q96RT8,1,80.44999999999999,0.8045,4.3535e-42,2416.5
P23258:Q9BSJ2,1,91.0,0.9099999999999999,8.568499999999999e-61,2959.5
P23258:Q9UGJ1,1,89.94999999999999,0.8995,7.295031565e-55,2765.5
P23321:P56778,1,91.0,0.9099999999999999,3.205e-33,2177.5
P23321:P83755,1,91.9,0.919,2.027000534e-33,1835.0
P23330:Q642S3,1,93.65,0.9365,1.527775e-57,2832.0
P23369:P36534,1,97.6,0.976,7.705e-17,1074.0
P23396:P62273,1,100.0,1.0,6.455e-08,848.0
P23477:P23478,1,97.75,0.9775,0.0,7454.5
P23528:P53667,1,97.35,0.9735,9.2e-28,1510.0
P23577:P23577,1,69.2,0.692,4.0354999999999995e-40,1700.0
P23577:P49728,1,99.6,0.996,8.035e-20,1451.5
P23577:P50369,0,0.0,0.0,0.0,0.0
P23638:P25451,1,97.8,0.978,5.690000057699999e-35,1556.0
P23638:P40327,1,73.8,0.738,2.549707e-37,1567.5
P23639:P25043,1,63.4,0.634,5.335000000000076e-25,1288.5
P23639:Q12377,1,67.1,0.671,4.7640000000000434e-26,1592.0
P23644:P23644,1,98.05,0.9804999999999999,4.841e-40,2013.5
P23644:P33448,0,0.0,0.0,0.0,0.0
P23644:P49334,0,0.0,0.0,0.0,0.0
P23644:P53507,0,0.0,0.0,0.0,0.0
P23709:P23935,1,100.0,1.0,2.656e-12,976.5
P23709:P42026,1,97.65,0.9764999999999999,6.62500012105e-29,1285.0
P23724:P25043,1,93.25,0.9325,3.08795e-32,1342.5
P23724:P30657,1,98.65,0.9864999999999999,2.771e-32,1350.5
P23755:P23756,1,99.75,0.9975,2.106e-21,2059.0
P23806:P23807,1,77.9,0.7789999999999999,3.830405e-17,747.5
P23873:P23873,1,100.0,1.0,2.454e-10,452.5
P23873:P23874,1,99.4,0.994,7.98e-10,1712.5
P23934:P42028,1,98.55,0.9855,8.22e-08,660.0
P23968:P32366,1,100.0,1.0,1.73900000000583e-21,1481.0
P24071:P24071,1,35.650000000000006,0.3565,4.2246249999999996e-11,609.5
P24173:P24173,1,17.85,0.1785,1.5169e-17,809.5
P24224:P24224,1,97.6,0.976,1.806e-21,852.0
P24279:P38132,1,91.25,0.9125,2.2515000000029253e-87,4275.5
P24319:P24319,0,0.0,0.0,0.0,0.0
P24319:P27152,1,100.0,1.0,1.0752055e-18,842.5
P24613:P28803,1,100.0,1.0,1.054500007005e-13,780.5
P24613:P82411,0,0.0,0.0,0.0,0.0
P24864:P24941,1,63.9,0.639,8.38e-13,1374.0
P24941:P24941,1,99.1,0.991,6.2142e-45,2021.5
P24941:P46527,1,99.1,0.991,7.965e-09,933.5
P24941:P61024,1,75.30000000000001,0.753,2.6895e-11,1029.5
P24941:Q16667,1,22.3,0.223,0.00028590000003732,445.0
P24941:Q5MJ70,1,99.25,0.9924999999999999,2.756e-17,1259.0
P24959:W5P2X9,1,92.15,0.9215,2.7170000000636496e-29,1686.5
P24959:W5Q0A9,1,100.0,1.0,2.5330000001381497e-34,1989.0
P25043:P38624,1,92.1,0.921,5.31469e-30,1288.0
P25046:Q06213,0,0.0,0.0,0.0,0.0
P25098:P62873,1,97.75,0.9775,9.675e-57,3330.0
P25337:P40968,1,91.55,0.9155,2.7295e-19,1427.5
P25337:Q12046,1,94.35,0.9435,1.0370000000502499e-14,810.5
P25348:P32387,0,0.0,0.0,0.0,0.0
P25348:Q06630,1,95.0,0.95,6.10507565e-13,595.5
P25359:P38792,1,86.94999999999999,0.8694999999999999,3.1272e-46,1919.0
P25359:P48240,1,88.4,0.884,1.497e-30,1600.0
P25359:P53256,1,92.75,0.9275,2.8120000003138e-36,1689.0
P25359:P53859,1,83.1,0.831,6.345e-30,1663.0
P25359:Q08162,1,92.25,0.9225,3.138e-46,4032.5
P25359:Q12149,1,91.15,0.9115,6.865000000584e-48,2340.0
P25382:P26321,1,97.0,0.97,3.393e-40,2733.0
P25382:P40078,1,89.35,0.8935,5.8e-35,2278.0
P25398:P62979,1,100.0,1.0,2.9050000001299002e-09,561.0
P25398:Q5RKT7,1,100.0,1.0,2.8810000002364503e-10,592.0
P25443:Q3E7Y3,1,99.6,0.996,8.5400006435e-16,801.0
P25445:P25445,1,34.650000000000006,0.3465,7.35665e-05,282.0
P25445:Q13158,1,100.0,1.0,1.57755e-10,539.0
P25515:P31412,1,100.0,1.0,3.7345e-19,1332.5
P25515:P32366,1,100.0,1.0,3.7345000000000585e-19,1405.5
P25582:Q04660,1,84.2,0.842,1.4465e-41,2852.5
P25582:Q07896,1,90.0,0.9,1.223e-50,3157.5
P25582:Q07915,1,96.4,0.964,6.04e-11,1328.0
P25586:P33442,1,45.85,0.4585,5.44e-10,875.0
P25586:P40546,1,84.2,0.8420000000000001,4.597000000000002e-18,1053.0
P25632:P43609,1,79.0,0.79,1.614500000837e-31,1463.5
P25635:P47083,0,0.0,0.0,0.0,0.0
P25635:Q06078,1,94.44999999999999,0.9445,0.0,5284.0
P25644:P57743,1,96.2,0.962,4.0725e-11,990.0
P25656:P39524,1,99.2,0.992,1.1155e-52,4479.5
P25714:P25714,1,94.85,0.9484999999999999,8.1025e-40,1889.5
P25786:P25788,1,98.45,0.9844999999999999,4.7584e-43,1750.0
P25787:P40306,1,78.9,0.7889999999999999,8.220000000000018e-28,1402.0
P25787:P43686,1,98.19999999999999,0.982,1.483500000000015e-41,1927.5
P25788:P28065,1,95.30000000000001,0.9530000000000001,1.7010000006415e-31,1486.0
P25788:P28070,1,96.95,0.9695,8.345000046135e-35,1594.5
P25788:P28072,1,97.85,0.9784999999999999,3.362000056e-34,1551.5
P25788:P60900,1,97.8,0.978,2.7455435e-37,1556.0
P25788:P62333,1,98.9,0.989,2.7415e-37,1867.0
P25789:P49720,1,99.0,0.99,3.54650065e-37,1629.0
P25789:P49721,1,66.75,0.6675,6.1350000068700005e-25,1194.0
P25963:Q04206,1,99.8,0.998,3.1765e-25,1709.5
P26163:P26163,1,99.45,0.9944999999999999,8.852499999999999e-66,2708.0
P26163:P26164,1,58.2,0.582,8.08e-17,1712.0
P26321:Q02753,1,100.0,1.0,8.70000000000001e-22,1208.5
P26331:P26331,1,98.85,0.9884999999999999,3.1026499999999997e-38,1874.0
P26715:Q13241,1,100.0,1.0,4.3132000000000003e-19,822.0
P26744:P26746,1,99.4,0.994,2.551e-15,1980.0
P26783:Q04305,1,58.0,0.58,1.4800000000000005e-13,985.0
P26783:Q06287,1,98.45,0.9844999999999999,9.75000000929e-28,1351.5
P26783:Q3E792,1,100.0,1.0,3.6595e-10,850.0
P26784:P36105,1,99.2,0.992,1.13400000001691e-17,922.0
P26785:P36105,1,94.1,0.9410000000000001,1.1340000004704e-17,886.0
P26786:P33750,1,54.55,0.5455,4.907500000000001e-16,967.0
P26786:Q3E7Y3,1,99.6,0.996,4.12500001386e-17,845.0
P26908:P55873,1,100.0,1.0,9.507e-13,611.0
P26926:P26926,1,88.9,0.889,9.1545e-31,1421.5
P26926:P26948,1,95.0,0.95,5.295e-17,1176.5
P26927:Q04912,1,94.69999999999999,0.947,9.275e-39,2668.0
P26993:P26993,1,97.1,0.971,1.80708e-19,961.5
P27001:P27002,1,100.0,1.0,2.6665e-47,3802.0
P27043:Q5ZIY8,1,97.85,0.9784999999999999,2.0905e-17,1813.0
P27069:Q6CS01,1,100.0,1.0,2.155000039695e-13,677.5
P27198:P30943,1,90.1,0.901,0.0003296500000007995,510.0
P27248:P27248,1,19.9,0.199,3.4115e-06,793.5
P27344:Q04603,1,100.0,1.0,1.25434e-10,472.5
P27391:P27392,0,0.0,0.0,0.0,0.0
P27406:P27406,1,52.9,0.529,1.66655e-19,893.0
P27406:P28711,0,0.0,0.0,0.0,0.0
P27659:P62830,1,98.4,0.984,1.82e-18,1398.0
P27659:Q8BP67,1,99.85,0.9984999999999999,5.89e-10,1589.5
P27787:Q9SLP6,1,99.4,0.994,1.7355e-17,1425.0
P27929:P33759,1,82.5,0.825,3.4190000022525e-37,1786.5
P27929:P53292,1,77.3,0.7729999999999999,3.1550000856e-31,1531.5
P27930:Q9NPH3,1,99.05,0.9904999999999999,3.40950041265e-46,2082.5
P27986:P27986,1,100.0,1.0,2.48555e-21,1125.0
P27986:P42336,1,99.65,0.9964999999999999,1.478275e-12,713.5
P27988:P27988,1,95.9,0.959,4.181000000000001e-15,773.5
P27988:P27989,1,69.85,0.6985,1.718e-71,3947.0
P27989:P27989,1,41.95,0.4195,3.6005e-56,2802.0
P27997:P27998,1,100.0,1.0,5.35e-21,2119.5
P27998:P27998,1,31.1,0.311,1.65965e-08,395.0
P28004:P38241,1,82.55,0.8254999999999999,7.095002592499999e-19,880.0
P28004:P53277,1,81.69999999999999,0.817,1.0830000000070949e-07,503.5
P28004:Q03654,1,89.85,0.8985,7.0950057e-19,889.5
P28004:Q03772,0,0.0,0.0,0.0,0.0
P28004:Q12309,1,92.1,0.921,7.095e-19,1426.5
P28004:Q12417,1,97.4,0.974,7.095e-19,1495.5
P28005:P41812,1,98.35,0.9835,1.279e-25,2462.0
P28062:P49720,1,84.4,0.844,2.634000035465e-29,1367.0
P28063:Q9R1P3,1,65.8,0.658,6.170005510000001e-10,565.5
P28063:Q9Z2U0,1,94.45,0.9445,4.84450012125e-32,1466.0
P28063:Q9Z2U1,1,95.8,0.958,2.32250000014595e-33,1549.0
P28065:P28070,1,80.0,0.8,3.0290000004564e-27,1320.0
P28065:P60900,1,80.2,0.802,4.489e-26,1373.5
P28068:Q6ICR9,1,99.7,0.997,3.0594999999999998e-30,1335.0
P28070:P28072,1,98.05,0.9804999999999999,1.18764e-35,1476.5
P28070:Q99436,1,99.5,0.995,1.4559999999999999e-36,1508.5
P28072:P28072,1,64.5,0.645,7.24e-19,1113.0
P28072:P60900,1,99.2,0.992,3.32300017235e-35,1544.0
P28072:Q99436,1,98.95,0.9895,3.7607500000000004e-35,1450.0
P28073:P34067,1,100.0,1.0,1.29885e-35,1451.5
P28073:P60901,1,97.45,0.9744999999999999,5.980000172350001e-35,1536.5
P28073:Q9JHW0,1,100.0,1.0,9.37535e-35,1436.0
P28074:P49720,1,98.5,0.985,1.0124899999999998e-34,1475.0
P28076:P99026,1,81.0,0.81,2.65000000043495e-27,1321.5
P28076:Q9QUM9,1,81.25,0.8125,1.7265000000000004e-26,1381.0
P28078:Q31099,1,99.4,0.994,3.1066472e-27,1284.5
P28161:P28161,1,46.1,0.46099999999999997,9.81524e-20,906.5
P28241:P28241,1,98.94999999999999,0.9895,2.37375e-55,2245.5
P28241:P28834,1,99.25,0.9924999999999999,1.1355e-54,2241.0
P28278:P89445,1,92.0,0.92,6.99e-14,1397.5
P28320:Q03654,1,75.8,0.758,2.5175e-19,1218.0
P28340:P49005,1,38.95,0.38949999999999996,3.7035e-38,3189.0
P28340:Q9HCU8,0,0.0,0.0,0.0,0.0
P28472:P31644,1,88.15,0.8815,1.02591e-43,1872.5
P28482:Q15418,1,98.9,0.989,1.3150000000000083e-39,2220.0
P28630:P28630,1,97.80000000000001,0.978,1.8115e-41,1987.0
P28630:P28631,1,100.0,1.0,3.6344999999999995e-42,2136.0
P28635:P31547,1,15.700000000000001,0.157,0.000261662,318.5
P28702:P55055,1,93.75,0.9375,3.5823332e-23,1368.0
P28702:Q13133,1,91.6,0.9159999999999999,1.993005215e-21,1323.5
P28720:P28720,1,96.6,0.966,1.40385e-56,2555.0
P28778:P32611,1,52.6,0.526,4.4395e-13,1015.0
P28778:P40033,1,95.45,0.9545,1.44000000000986e-10,633.5
P28817:P32902,1,24.85,0.2485,4.290500000491e-07,614.0
P29016:P61769,1,79.85,0.7985,7.215e-16,1093.0
P29083:P29084,1,97.3,0.973,2.268000000001956e-15,895.5
P29254:P29255,1,100.0,1.0,1.3005000000000377e-71,4432.0
P29254:P32422,1,94.95,0.9495,2.553e-13,2450.5
P29254:P37277,1,100.0,1.0,9.145e-13,2635.0
P29254:P72712,1,72.2,0.722,1.186e-06,1433.0
P29254:P74564,0,0.0,0.0,0.0,0.0
P29254:Q55329,0,0.0,0.0,0.0,0.0
P29255:P32422,1,95.25,0.9525,2.553e-13,2328.5
P29256:Q55329,0,0.0,0.0,0.0,0.0
P29295:P29295,1,95.44999999999999,0.9544999999999999,1.4164999999999998e-55,2381.5
P29295:P40065,0,0.0,0.0,0.0,0.0
P29311:P29311,1,97.15,0.9715,5.4987000000000005e-24,1334.5
P29311:P32356,1,97.6,0.976,3.337e-25,2824.0
P29469:P29496,1,93.6,0.9359999999999999,3.99e-100,4511.0
P29469:P38826,0,0.0,0.0,0.0,0.0
P29469:P47112,1,89.05,0.8905000000000001,2.5835e-56,3082.0
P29469:P50874,1,93.05,0.9305,1.855e-53,3084.5
P29469:P53091,1,92.3,0.923,1.29219e-43,2015.0
P29496:P38132,1,94.75,0.9475,2.07479255e-95,4318.5
P29496:P40359,1,93.25,0.9325,3.677e-28,2598.0
P29496:Q12146,1,89.05,0.8905000000000001,3.297e-20,2477.0
P29496:Q12488,1,95.65,0.9565,1.7675e-27,2782.5
P30101:P30101,1,99.30000000000001,0.993,1.18185e-81,3338.5
P30130:P30130,1,95.9,0.959,0.0,5640.5
P30130:P31697,1,98.5,0.985,3.881e-14,1145.5
P30153:P63151,1,98.05,0.9804999999999999,2.6365e-37,2759.5
P30153:Q9Y5P8,0,0.0,0.0,0.0,0.0
P30260:Q13042,1,79.75,0.7975,1.1128127e-47,2926.0
P30260:Q9UM13,1,82.3,0.823,3.427e-29,2063.0
P30281:P30281,1,98.0,0.98,2.6245e-25,1374.0
P30328:Q98459,1,99.15,0.9915,3.929e-19,1744.5
P30328:Q98505,0,0.0,0.0,0.0,0.0
P30429:P41958,1,93.25,0.9325,3.408e-19,1500.5
P30475:P61769,1,93.55,0.9355,3.4785e-14,1294.5
P30479:P61769,1,92.65,0.9265,3.4785e-14,1294.5
P30480:P61769,1,95.4,0.954,3.4785e-14,1326.0
P30484:P30484,1,91.69999999999999,0.917,9.535045e-46,2036.0
P30484:P61769,1,94.7,0.9470000000000001,3.4015e-16,1335.5
P30491:P61769,1,92.95,0.9295,2.1655e-15,1347.5
P30504:P30504,1,95.0,0.95,2.9767e-45,2004.0
P30504:P43626,1,92.85,0.9285,7.39e-30,1683.0
P30504:P61769,1,96.35,0.9635,3.4015e-16,1328.0
P30505:P61769,1,96.0,0.96,3.4015e-16,1333.5
P30656:P40303,1,96.05,0.9604999999999999,4.56700007445e-33,1505.0
P30665:P38132,1,97.1,0.971,5.2379255e-96,4423.5
P30748:P30749,1,28.55,0.2855,3.9165000041290005e-05,397.5
P30749:P30749,1,98.8,0.988,5.239e-21,842.0
P30750:P31547,1,100.0,1.0,1.876e-18,1595.0
P30822:P32835,1,94.05,0.9405,3.42e-33,3740.0
P30822:P41920,1,97.4,0.974,5.885e-20,3446.5
P30876:P35269,1,87.85,0.8785000000000001,4.9775e-20,4093.0
P30876:P36954,1,100.0,1.0,3.003e-17,3895.5
P30876:P52435,1,41.2,0.41200000000000003,4.517e-12,2036.5
P30876:P53803,1,100.0,1.0,1.3885e-05,3653.5
P30876:P62487,1,97.05,0.9704999999999999,4.906e-23,3671.5
P30876:Q00403,1,90.85,0.9085,5.87e-30,4355.5
P30943:Q00433,0,0.0,0.0,0.0,0.0
P30988:P62873,1,93.9,0.9390000000000001,1.436e-26,1939.5
P31009:P38979,1,82.0,0.8200000000000001,3.1751589499999997e-23,1027.0
P31009:P48149,1,87.9,0.879,1.906000000000012e-21,1158.0
P31153:P31153,1,98.0,0.98,1.463385e-69,2770.0
P31153:Q9NZL9,1,96.7,0.967,2.40850000006105e-55,2401.0
P31324:P31324,1,32.4,0.324,4.4038e-12,571.0
P31412:P32366,1,100.0,1.0,4.8920000000000016e-30,1819.0
P31412:P32563,1,95.0,0.95,1.6335e-45,2893.0
P31412:P37296,1,73.45,0.7344999999999999,1.6335000001243498e-45,2261.0
P31412:P48836,0,0.0,0.0,0.0,0.0
P31547:P31547,1,100.0,1.0,8.921e-18,988.5
P31891:P31892,1,99.75,0.9975,2.7515e-43,2947.0
P31930:Q9Y6M9,1,89.35,0.8935,1.175e-19,1764.0
P31997:P40199,1,100.0,1.0,1.93925e-17,857.5
P32349:P32910,1,94.1,0.9410000000000001,8.98e-13,1592.5
P32366:P32563,1,95.0,0.95,4.892e-30,2763.0
P32366:P32610,1,100.0,1.0,1.0760048920000001e-24,1371.5
P32366:P32842,1,100.0,1.0,5.125e-19,1511.0
P32366:P37296,1,73.45,0.7344999999999999,4.892e-30,2131.0
P32379:Q05778,1,90.55,0.9055,1.33550000009285e-32,1484.0
P32379:Q07951,1,71.85,0.7184999999999999,1.3685e-11,847.5
P32379:Q12245,1,84.85,0.8485,2.6995000000032088e-18,972.5
P32387:P36516,1,28.6,0.28600000000000003,1.13800008525e-12,736.5
P32387:P36517,0,0.0,0.0,0.0,0.0
P32387:P36526,1,35.1,0.351,5.820001138e-06,384.0
P32387:P36534,1,21.85,0.2185,0.00010458,251.0
P32387:P53881,1,25.049999999999997,0.2505,6.540547e-06,348.0
P32387:Q06630,0,0.0,0.0,0.0,0.0
P32390:P78774,1,94.80000000000001,0.948,1.48200000002834e-52,2609.5
P32390:Q9Y7J4,1,96.7,0.9670000000000001,8.05e-25,1896.0
P32496:P40016,1,100.0,1.0,4.560395e-28,1488.5
P32496:P43588,1,96.7,0.9670000000000001,4.321501254e-28,1341.5
P32496:Q04062,1,100.0,1.0,4.553110000000001e-28,1487.0
P32496:Q08723,1,96.2,0.962,1.3825000000001148e-25,1358.5
P32497:P38249,1,98.45,0.9844999999999999,1.174e-29,2246.5
P32501:P32502,1,97.5,0.975,4.70550004082e-47,2277.5
P32504:P35203,1,91.5,0.915,2.473e-32,1962.5
P32523:P32523,1,100.0,1.0,8.9465e-07,391.0
P32523:Q06091,0,0.0,0.0,0.0,0.0
P32524:Q07350,1,88.35,0.8835,1.5450000000929e-11,719.0
P32529:Q01080,1,100.0,1.0,4.940104000000001e-10,554.0
P32563:P41807,1,89.9,0.899,4.579e-36,3151.0
P32565:P40327,1,94.25,0.9425,1.7545e-46,3120.5
P32565:Q01939,1,100.0,1.0,6.83e-55,3576.5
P32569:P32570,1,78.9,0.7889999999999999,1.499e-08,1157.5
P32569:P32585,1,81.6,0.8160000000000001,2.623e-32,1971.5
P32569:P38304,1,89.15,0.8915,1.1115e-17,1608.0
P32569:P38782,1,83.9,0.839,1.578e-25,1786.0
P32569:Q99278,1,89.45,0.8945000000000001,5.9e-13,1461.5
P32570:P38782,1,71.8,0.718,1.499000000026515e-08,563.0
P32570:Q99278,1,92.0,0.9199999999999999,2.4183500000000003e-08,356.0
P32585:Q99278,1,90.2,0.902,5.9e-13,972.0
P32769:P32769,1,92.1,0.921,5.528e-64,2826.0
P32769:P33309,1,35.75,0.35750000000000004,8.44000003143e-36,1746.5
P32786:P40992,1,88.2,0.882,1.3655e-33,2138.5
P32807:P32807,1,56.3,0.563,2.2825e-23,2209.5
P32807:Q04437,1,96.75,0.9675,1.55103e-79,3359.0
P32833:P50874,1,95.75,0.9575,5.985e-29,1869.5
P32833:P54784,1,92.55,0.9255,1.6490000001769501e-46,2314.5
P32833:P54790,1,96.94999999999999,0.9695,1.6490000000000047e-46,2447.5
P32835:P41920,1,97.8,0.978,4.103500000000009e-21,1142.5
P32851:P61765,1,87.44999999999999,0.8745,3.5745e-16,2208.0
P32902:Q02950,1,28.6,0.286,9.75e-06,682.5
P32905:Q02793,1,56.8,0.5680000000000001,3.5795e-11,893.5
P32905:Q3E7Y3,1,99.6,0.996,8.54000000267e-16,850.5
P32910:P36121,1,96.1,0.9610000000000001,3.8041805e-23,1036.5
P32910:P46678,1,93.9,0.9390000000000001,1.2326805e-23,1043.5
P32915:P33754,1,90.5,0.905,4.2495e-14,1347.0
P32915:P35179,0,0.0,0.0,0.0,0.0
P32915:P52870,0,0.0,0.0,0.0,0.0
P32969:Q02543,1,92.35,0.9235,2.4075011230000003e-25,1203.0
P32974:P37255,0,0.0,0.0,0.0,0.0
P33197:P33197,1,45.3,0.453,1.0041999999999999e-33,1431.5
P33201:P40078,1,98.9,0.989,3.4305e-07,862.5
P33297:P33299,1,100.0,1.0,1.4120303599999999e-30,1361.0
P33297:P38886,1,69.9,0.6990000000000001,2.52750020975e-27,1274.5
P33298:P40327,1,100.0,1.0,5.0954793e-33,1442.5
P33298:Q01939,1,100.0,1.0,1.830793e-34,1476.5
P33298:Q12250,1,100.0,1.0,2.5345000000000005e-41,2273.0
P33299:P38764,1,88.25,0.8825000000000001,3.53652543e-53,2799.0
P33299:P40303,1,66.5,0.665,6.86e-30,1569.0
P33299:P40327,1,99.4,0.994,1.2192792000000002e-35,1524.5
P33299:P43588,1,95.35,0.9535,1.376e-35,1762.5
P33299:P43593,1,95.65,0.9565,2.6810994999999997e-55,2343.5
P33299:P53549,1,99.4,0.994,8.185002792e-33,1485.0
P33299:Q01939,1,100.0,1.0,4.0335e-35,1453.0
P33307:Q02821,1,92.5,0.925,2.147e-46,4069.0
P33308:Q12343,1,97.30000000000001,0.973,3.150000000013915e-09,545.0
P33309:P33309,1,93.25,0.9325,1.0428999999999999e-51,2220.5
P33442:P39516,1,80.7,0.8069999999999999,2.7405000000037445e-20,1046.5
P33442:P39938,1,99.25,0.9924999999999999,4.1585e-13,877.0
P33442:P39939,1,99.25,0.9924999999999999,3.4515e-13,877.5
P33442:P53254,1,97.2,0.972,4.993e-38,3343.0
P33442:Q05946,1,92.6,0.9259999999999999,4.993e-38,2728.5
P33442:Q99216,1,69.95,0.6995,2.19200000003745e-21,1103.0
P33517:P84153,1,56.3,0.563,1.9645e-20,1814.0
P33517:Q03736,1,47.5,0.475,1.0215e-24,1763.5
P33517:Q8KRK5,0,0.0,0.0,0.0,0.0
P33672:Q2TBP0,1,99.2,0.992,7.02305e-35,1463.0
P33672:Q32KL2,1,100.0,1.0,6.261449999999999e-35,1480.0
P33681:P33681,1,20.85,0.2085,6.595000000000001e-13,628.5
P33750:Q12460,1,87.35,0.8734999999999999,1.3425e-39,2348.5
P33754:P52870,0,0.0,0.0,0.0,0.0
P33759:Q03430,1,99.1,0.991,2.839e-13,1146.0
P33759:Q03799,1,99.1,0.991,8.015e-26,1406.5
P33759:Q03976,1,98.35,0.9835,4.767000201950001e-38,1609.0
P33767:P39007,1,93.15,0.9315,1.98650000891e-64,3234.5
P33767:P46964,1,34.35,0.3435,1.8615e-05,818.0
P33767:Q02795,1,20.4,0.20400000000000001,1.0005e-13,966.0
P33778:P62805,1,100.0,1.0,5.87135e-12,521.0
P33893:P53260,1,89.2,0.8919999999999999,1.7225e-15,1270.0
P34087:P34087,1,91.15,0.9115,5.68395e-22,1053.0
P34087:P36100,1,35.75,0.3575,2.8823500000000004e-16,753.0
P34247:Q08965,1,85.3,0.853,1.1685e-18,2504.0
P34690:P34690,1,88.5,0.885,1.613e-66,2833.0
P34690:P52275,1,100.0,1.0,2.13975e-66,2847.0
P34755:P34755,1,98.4,0.984,1.2326e-55,2567.5
P34942:Q02376,0,0.0,0.0,0.0,0.0
P34972:P63096,1,99.4,0.994,1.42100000000453e-30,1802.5
P34998:P55089,0,0.0,0.0,0.0,0.0
P34998:P62873,1,64.4,0.644,2.6855e-13,1585.0
P35154:P51834,1,100.0,1.0,2.098e-09,801.0
P35203:P40969,1,87.4,0.874,2.193e-31,2073.5
P35203:P52286,1,79.1,0.791,4.442500003812e-20,1113.5
P35207:P38701,0,0.0,0.0,0.0,0.0
P35207:Q02793,1,93.05000000000001,0.9305,8.235e-48,4039.0
P35222:P35222,1,99.0,0.99,8.965999999999999e-12,861.0
P35222:Q9NSA3,1,99.1,0.991,0.00013,1710.5
P35244:P35244,1,17.35,0.1735,0.00037005,216.5
P35439:P35439,1,97.30000000000001,0.973,0.0,5018.5
P35439:Q00959,1,96.9,0.969,0.0,4882.0
P35439:Q00960,1,96.35,0.9635,0.0,4781.5
P35520:P35520,1,99.1,0.991,1.1961e-61,2518.5
P35585:P61967,1,95.7,0.9570000000000001,8.1e-25,1815.0
P35672:P40700,1,95.0,0.95,3.6725e-24,2098.0
P35672:P41784,1,95.05,0.9505,9.325e-09,1690.0
P35672:P41785,1,95.0,0.95,5.46e-11,1730.5
P35871:Q5SKU1,1,56.95,0.5695,0.00011184,243.5
P35980:Q9D8E6,1,99.0,0.99,4.2895e-31,1730.0
P35997:Q3E7Y3,1,99.6,0.996,2.1440001257e-10,588.0
P35998:P54578,1,70.85,0.7085,1.727e-32,1713.5
P35998:Q13200,1,100.0,1.0,2.1005000000011715e-48,2600.5
P36040:P40302,1,63.900000000000006,0.639,2.2535000000167303e-22,1114.0
P36040:Q05778,1,90.45,0.9045,1.8738e-32,1290.5
P36048:Q06411,1,85.55,0.8554999999999999,2.099e-24,3579.5
P36070:Q01080,1,92.15,0.9215,6.689000000000001e-44,2261.5
P36105:P51401,1,98.95,0.9895,1.5285000049925e-15,844.0
P36149:Q03784,1,88.05,0.8805000000000001,1.390001057e-21,1043.0
P36516:Q12487,1,100.0,1.0,3.1065000000006296e-26,1401.5
P36517:P36526,1,97.95,0.9795,5.370001417e-16,809.5
P36517:P36534,1,95.55000000000001,0.9555,1.417000000000251e-22,1263.0
P36519:P36528,1,95.15,0.9515,3.1885000388499995e-35,1537.5
P36525:P36534,1,95.25,0.9525,5.2900000000003827e-20,1101.0
P36525:P53724,1,98.65,0.9864999999999999,2.588500000000529e-07,559.0
P36527:P36528,1,95.15,0.9515,1.275e-10,889.0
P36528:P36531,1,90.3,0.903,5.52e-10,724.0
P36528:Q06678,1,95.15,0.9515,3.1885000000000056e-35,1700.5
P36531:P53733,1,90.35,0.9035,6.4904999999999995e-12,467.0
P36534:Q02204,1,96.05000000000001,0.9605,2.9295000000038255e-21,1117.5
P36578:P46779,1,98.85,0.9884999999999999,3.4545e-20,1531.5
P36578:Q02878,1,94.7,0.9470000000000001,4.4075e-33,1802.0
P36578:Q07020,1,97.1,0.971,2.1555e-30,1705.5
P36578:Q969S3,0,0.0,0.0,0.0,0.0
P36897:P36897,1,98.4,0.984,5.806e-51,2207.0
P36897:P62942,0,0.0,0.0,0.0,0.0
P37088:P51168,1,91.45,0.9145,5.9850008615e-57,2565.5
P37198:Q8N1F7,0,0.0,0.0,0.0,0.0
P37231:P37231,1,98.45,0.9844999999999999,3.304648e-28,1546.5
P37255:Q93WD2,1,100.0,1.0,4.8295e-29,2199.5
P37296:Q3E7B6,1,90.2,0.902,6.545e-08,2260.5
P37382:Q02061,1,97.75,0.9775,3.601e-42,4274.0
P37527:P37527,1,96.9,0.969,2.8806500000000003e-42,1772.5
P37527:P37528,1,99.7,0.997,2.466500013985e-36,1619.5
P37571:P37571,1,97.4,0.974,4.1779e-15,854.5
P37571:P37958,1,98.9,0.989,5.471119e-13,733.5
P37719:P37719,1,97.95,0.9795,7.676e-22,833.0
P37727:Q08602,1,89.25,0.8925000000000001,1.402500000001459e-66,3315.0
P37978:P56621,0,0.0,0.0,0.0,0.0
P38011:P38701,1,100.0,1.0,6.755e-15,1068.5
P38077:Q12165,1,96.5,0.965,7.095e-18,1134.5
P38107:Q06198,1,96.75,0.9675,1.888500000992e-09,649.0
P38120:P47150,1,92.75,0.9275,2.7010000000173253e-21,1115.5
P38120:Q03976,1,94.5,0.9450000000000001,1.7325015405e-32,1384.0
P38129:P53040,1,84.85,0.8485,3.434e-38,2629.0
P38132:P53091,1,98.35,0.9835,1.24853069e-43,2109.0
P38170:Q12267,1,61.550000000000004,0.6154999999999999,1.112e-10,3047.0
P38203:P47017,1,100.0,1.0,3.9785000000000004e-14,607.0
P38203:P47093,1,96.65,0.9665,4.5486845e-12,580.5
P38203:P57743,1,100.0,1.0,3.43615e-12,573.5
P38210:P43609,0,0.0,0.0,0.0,0.0
P38241:Q03654,1,84.85,0.8485,3.1701266e-24,1119.5
P38241:Q12046,1,80.4,0.804,2.282e-21,1182.0
P38247:P38247,1,98.7,0.987,2.3762e-20,872.5
P38247:Q00582,1,92.5,0.925,1.302e-19,1394.5
P38247:Q02205,0,0.0,0.0,0.0,0.0
P38247:Q3E830,1,95.3,0.9530000000000001,1.129000001302e-10,643.0
P38249:P38249,1,92.45,0.9245,1.2004999999999999e-52,2779.0
P38251:P38630,1,99.19999999999999,0.992,1.71650000006165e-48,2534.0
P38265:P38907,1,11.8,0.118,0.0002011,258.5
P38265:Q12748,0,0.0,0.0,0.0,0.0
P38291:P41812,1,95.0,0.95,5.925e-20,2350.5
P38291:P53218,1,88.19999999999999,0.8819999999999999,4.472003805e-17,758.0
P38304:P38782,1,88.35,0.8835,1.11150001578e-17,852.0
P38313:Q12493,0,0.0,0.0,0.0,0.0
P38316:Q12380,1,89.94999999999999,0.8995,3.1805e-12,1075.5
P38344:Q03862,1,87.5,0.875,8.76e-28,1792.0
P38377:P60467,0,0.0,0.0,0.0,0.0
P38377:P86218,1,96.05,0.9605,1.7215e-12,1339.5
P38446:Q7A260,0,0.0,0.0,0.0,0.0
P38539:P38539,1,23.049999999999997,0.2305,0.00013149709999999998,320.0
P38539:P38540,0,0.0,0.0,0.0,0.0
P38629:P40348,1,99.6,0.996,4.235e-42,2069.0
P38630:P40339,1,96.65,0.9665,4.5015e-43,2888.5
P38633:Q12343,1,100.0,1.0,4.805000042085e-12,645.0
P38665:Q6CJR7,1,100.0,1.0,4.759e-09,1510.5
P38665:Q6CP75,1,100.0,1.0,4.759000000027755e-09,635.5
P38701:P41057,1,100.0,1.0,3.9245006755e-08,415.5
P38701:P41058,1,90.35,0.9035,5.11500001842e-08,431.5
P38754:Q02326,1,97.30000000000001,0.973,1.3370053950000001e-18,842.5
P38764:P40327,1,90.9,0.909,1.7545000237200003e-46,2556.5
P38786:P53218,1,100.0,1.0,9.660000000000004e-26,1330.0
P38792:P46948,1,93.2,0.9319999999999999,2.43652291e-40,1719.5
P38792:Q12277,1,93.94999999999999,0.9395,2.3875001632e-40,1762.5
P38801:P47047,1,93.9,0.9390000000000001,2.0605e-07,2666.0
P38801:P53261,0,0.0,0.0,0.0,0.0
P38805:P53136,1,96.95,0.9695,7.914849999999999e-45,2036.0
P38826:P54790,1,96.05,0.9605,1.0475e-14,1704.0
P38861:P53145,1,94.55000000000001,0.9455,1.213e-44,2252.5
P38861:Q12522,1,99.6,0.996,1.6713273000000002e-39,1663.0
P38883:P38883,1,88.55,0.8855,1.21278e-42,2512.0
P38883:P53877,1,15.3,0.153,1.7645000000001614e-07,735.5
P38886:Q04062,1,100.0,1.0,2.533445e-27,1349.0
P38886:Q08723,1,91.9,0.919,2.52760935e-27,1173.0
P38907:Q02732,1,88.65,0.8865000000000001,3.8815000380449995e-30,1430.0
P38919:P38919,1,97.8,0.978,2.2805e-20,903.0
P38919:P61326,0,0.0,0.0,0.0,0.0
P38919:Q15029,1,56.9,0.569,1.421e-09,3332.0
P38919:Q96A72,0,0.0,0.0,0.0,0.0
P38919:Q9HCG8,1,98.35,0.9835,6.715e-28,2060.0
P38919:Q9Y5S9,1,29.35,0.2935,1.473e-07,734.0
P38968:Q04491,1,93.15,0.9315,1.071000030375e-33,1913.5
P38989:Q06680,1,62.95,0.6295,4.7005e-30,2919.5
P38989:Q12267,1,98.65,0.9864999999999999,2.9440000011535e-37,1854.5
P39007:P48439,1,98.8,0.988,9.63e-17,2576.0
P39015:P48589,1,92.80000000000001,0.9279999999999999,5.686575e-13,541.5
P39015:Q3E757,0,0.0,0.0,0.0,0.0
P39018:P41094,1,100.0,1.0,1.24185e-20,837.5
P39023:P56537,1,67.4,0.6739999999999999,2.281001178e-36,1633.0
P39023:P83731,1,99.35,0.9935,5.89e-10,1589.0
P39023:Q9UHA3,1,94.65,0.9465,1.7835e-20,1630.0
P39076:P39076,1,66.35,0.6635,5.07e-39,2656.0
P39076:P39077,1,98.35,0.9835,4.942614e-66,3391.0
P39076:P39078,1,99.9,0.999,2.9815e-69,3389.0
P39076:P40413,1,97.05000000000001,0.9704999999999999,4.58191e-62,3098.5
P39077:P39079,1,98.6,0.986,5.2347e-66,3389.0
P39077:P47079,1,99.5,0.995,3.9018600000000003e-64,3250.5
P39078:P42943,1,99.19999999999999,0.992,2.2414999999999997e-64,3189.0
P39078:P47079,1,97.75,0.9775,1.2498675e-66,3292.5
P39079:P42943,1,100.0,1.0,1.4297689e-66,3414.0
P39682:Q00539,1,87.7,0.877,1.8755000000000183e-23,1512.5
P39682:Q03776,1,17.799999999999997,0.178,3.97095e-12,789.5
P39748:P39748,1,93.1,0.931,1.755395e-42,1999.0
P39905:P39905,1,98.4,0.984,1.0952e-13,600.0
P39905:P56159,1,97.95,0.9795,6.4200014415e-15,885.5
P39964:P87312,1,67.15,0.6715,1.373132e-09,617.5
P39964:Q09882,1,66.5,0.665,3.82950002908e-09,564.5
P39964:Q9USV3,1,27.299999999999997,0.273,3.3800000000000036e-05,571.5
P39984:Q12341,1,97.35,0.9735,2.7300001267499996e-50,2407.5
P39990:P40362,1,59.0,0.59,5.3950002317e-12,681.5
P39990:P49704,1,56.6,0.5660000000000001,9.820000000000011e-06,589.5
P39990:Q03338,0,0.0,0.0,0.0,0.0
P39990:Q12460,1,91.15,0.9115,1.1655e-20,1431.5
P40016:Q06103,1,100.0,1.0,1.2395006365e-30,1831.0
P40018:Q00916,1,96.75,0.9675,7.765000000001037e-17,920.5
P40018:Q02260,1,96.65,0.9665,1.21195e-14,646.5
P40018:Q08963,1,95.75,0.9575,8.0654431e-14,698.5
P40033:Q02950,1,22.0,0.22000000000000003,0.00019879999999999998,252.0
P40070:P47093,1,91.0,0.9099999999999999,1.24561e-10,497.0
P40070:P53905,1,94.1,0.9410000000000001,6.345598999999999e-11,557.5
P40078:P53742,1,98.3,0.983,2.243195e-07,377.5
P40079:Q06506,1,84.8,0.8480000000000001,7.185e-27,1761.5
P40089:P53905,1,91.55,0.9155,1.19636e-09,507.0
P40089:Q06406,1,97.45,0.9744999999999999,1.0614000000000001e-10,521.5
P40204:P43321,1,100.0,1.0,1.4846865e-09,507.0
P40227:P49368,1,100.0,1.0,1.6931459999999998e-58,2996.5
P40227:P50990,1,98.25,0.9824999999999999,8.680216050000001e-60,3073.5
P40227:Q99471,1,100.0,1.0,1.15e-16,1861.0
P40227:Q9UHV9,1,100.0,1.0,4.839e-10,1744.5
P40302:Q05778,1,58.449999999999996,0.5845,3.0350000001335496e-22,1096.0
P40303:P40327,1,67.0,0.6699999999999999,7.640000000207099e-32,1499.5
P40306:P49720,1,78.95,0.7895,2.836500009635e-27,1285.5
P40306:P60900,1,78.95,0.7895,5.785000000000172e-29,1426.5
P40327:Q01939,1,100.0,1.0,4.19178195e-56,2351.0
P40337:Q15369,1,95.5,0.9550000000000001,5.4600000000307355e-14,773.5
P40337:Q15370,1,99.5,0.995,5.77500015e-12,629.5
P40359:Q01454,1,95.1,0.9510000000000001,5.485e-27,1747.5
P40359:Q03406,1,97.45,0.9744999999999999,2.83300004675e-27,1268.0
P40359:Q12146,1,91.8,0.9179999999999999,3.2970000367700004e-20,1013.0
P40362:Q02931,1,86.5,0.865,1.497e-60,3618.0
P40362:Q04305,1,54.5,0.545,8.605e-12,1841.5
P40362:Q06078,1,87.69999999999999,0.877,2.0355e-57,4037.0
P40413:P40413,1,96.30000000000001,0.963,6.033e-62,3083.0
P40413:P42943,1,98.8,0.988,5.980832e-61,3122.0
P40429:Q02543,1,91.5,0.915,2.4075045385000003e-25,1151.0
P40482:P40482,1,98.80000000000001,0.988,0.0,4966.0
P40496:Q02950,0,0.0,0.0,0.0,0.0
P40496:Q03799,1,100.0,1.0,8.015142800000001e-26,1121.5
P40546:Q3E7Y3,0,0.0,0.0,0.0,0.0
P40565:Q07930,1,91.30000000000001,0.913,4.899000000004395e-11,705.5
P40567:Q08963,1,100.0,1.0,7.575013895e-14,687.0
P40685:Q3IYV6,1,97.9,0.979,1.976500000000202e-17,1041.5
P40693:Q12080,1,74.3,0.743,9.020000000000008e-17,960.5
P40700:P41786,1,28.85,0.2885,5.03001357e-06,432.0
P40701:P41786,0,0.0,0.0,0.0,0.0
P40858:Q06090,1,29.0,0.29,2.22743085e-08,447.0
P40939:P55084,1,100.0,1.0,4.0625e-73,3849.0
P40969:P52286,1,86.7,0.867,4.4425e-20,1610.5
P41057:Q08745,1,100.0,1.0,6.48045625e-10,452.0
P41091:P41567,1,99.2,0.992,3.1225e-17,2069.5
P41092:P41126,1,100.0,1.0,8.08506845e-25,996.5
P41093:Q9VNE9,1,100.0,1.0,1.8030015235e-25,1161.0
P41105:P47911,1,97.0,0.97,1.3025000000000335e-20,1095.5
P41105:P62911,1,99.55,0.9955,3.31451124e-16,738.0
P41105:Q9D8E6,1,100.0,1.0,1.8715e-20,1547.5
P41227:Q9BXJ9,1,96.05,0.9605,1.4585e-29,2917.5
P41227:Q9NX55,0,0.0,0.0,0.0,0.0
P41783:P41786,1,36.349999999999994,0.3635,9.060000003148e-14,750.0
P41784:P41785,1,100.0,1.0,3.8451e-09,387.0
P41958:P41958,1,96.7,0.967,1.9611e-19,931.5
P42026:P42028,1,98.94999999999999,0.9895,5.5315e-26,1002.0
P42028:Q95KV7,1,61.150000000000006,0.6115,9.485e-07,594.5
P42029:Q02377,0,0.0,0.0,0.0,0.0
P42081:P42081,1,17.7,0.177,1.08305e-06,373.0
P42260:Q63273,1,98.4,0.984,3.7686e-55,2519.0
P42315:P42316,1,99.75,0.9975,9.9400891e-38,1651.0
P42677:P62081,1,96.45,0.9644999999999999,6.565e-12,846.5
P42677:P62244,1,100.0,1.0,8.725000031034999e-11,623.0
P42677:P62277,1,100.0,1.0,5.455008295e-12,670.5
P42677:Q99613,1,99.25,0.9924999999999999,1.263e-10,1626.0
P42771:Q00534,1,95.55,0.9555,4.6735e-15,1185.5
P42773:Q00534,1,100.0,1.0,1.9e-20,1464.0
P42935:Q02908,1,100.0,1.0,5.795e-65,3973.5
P42943:P47079,1,98.75,0.9875,2.0969500000000002e-66,3306.0
P43321:Q05900,1,97.15,0.9715,4.734795e-16,671.5
P43332:Q9V4Q8,1,44.6,0.44599999999999995,6.515007680000001e-11,559.0
P43435:P43455,1,95.0,0.95,1.91800031555e-16,774.5
P43435:Q08636,1,95.0,0.95,3.1555e-23,2642.5
P43435:Q08637,1,89.45,0.8945000000000001,7.56e-19,1974.0
P43563:P53894,1,88.5,0.885,2.46e-20,1595.0
P43588:Q04062,1,95.4,0.954,3.572706e-38,1830.0
P43588:Q08723,1,95.1,0.951,1.56295455e-28,1188.0
P43588:Q12250,1,96.7,0.9670000000000001,1.425e-34,1629.0
P43588:Q12377,1,98.15,0.9815,1.3783225e-35,1718.0
P43609:P43609,1,92.65,0.9265000000000001,3.366500837e-34,1532.0
P43609:Q03124,1,83.65,0.8365,5.8550000837e-33,1726.5
P43609:Q06168,1,95.05,0.9505,1.805000000837e-31,1450.5
P43609:Q07979,1,86.05,0.8605,2.5600000837e-33,1581.5
P43627:P43627,1,95.05,0.9504999999999999,2.6836e-27,1285.0
P43686:P62195,1,100.0,1.0,5.7899450000000005e-53,2202.5
P43686:Q15008,1,100.0,1.0,1.629e-33,2008.0
P43896:P49410,1,96.3,0.9630000000000001,1.8140000000000001e-47,2266.5
P45530:P45531,1,100.0,1.0,3.61742e-17,707.5
P45530:P45532,1,100.0,1.0,3.603520835e-17,758.0
P45531:P45531,1,59.6,0.596,2.222500000001392e-07,528.5
P45531:P45532,1,100.0,1.0,1.3940835e-19,795.5
P45573:P45574,1,100.0,1.0,7.57e-16,1854.5
P45574:P45574,1,58.7,0.587,1.8525e-21,1980.0
P45574:P45575,1,100.0,1.0,1.61800000507e-67,2858.5
P46673:P53011,1,92.30000000000001,0.923,5.1869999999999997e-45,2337.5
P46737:P46737,1,52.699999999999996,0.527,4.414e-12,1026.5
P46737:Q8BPZ8,1,94.35,0.9435,1.593500047535e-39,1702.5
P46776:Q07020,1,96.7,0.967,1.42711805e-25,1041.5
P46778:P47914,1,93.0,0.9299999999999999,1.3560000000000037e-12,753.0
P46778:Q02543,1,90.19999999999999,0.902,9.5025e-25,1002.0
P46779:P62910,1,100.0,1.0,3.0415112400000005e-16,740.0
P46781:P62701,1,100.0,1.0,1.2540000000000001e-25,1450.0
P46782:P62851,1,100.0,1.0,1.3665e-11,885.0
P46782:P62857,1,100.0,1.0,1.599e-07,787.0
P46783:P62273,1,100.0,1.0,1.337506635e-09,455.0
P46948:P46948,1,98.1,0.981,2.2161500000000003e-39,1591.5
P46948:Q12277,1,98.75,0.9875,2.8348e-40,1625.0
P46957:P47110,1,98.6,0.986,2.039e-12,1754.0
P47006:Q01080,1,100.0,1.0,2.7345e-19,1428.0
P47017:P57743,1,97.4,0.974,4.2985000012195e-11,707.5
P47083:P53941,0,0.0,0.0,0.0,0.0
P47083:Q06078,0,0.0,0.0,0.0,0.0
P47083:Q08965,0,0.0,0.0,0.0,0.0
P47093:P57743,1,85.05000000000001,0.8505,1.3041e-10,505.5
P47141:Q02950,1,45.4,0.454,7.3850000045775e-11,681.0
P47142:Q12483,1,95.45,0.9545,9.9129425e-24,1087.0
P47150:Q01163,1,100.0,1.0,5.88e-23,1594.5
P47194:Q8T3S4,0,0.0,0.0,0.0,0.0
P47204:Q9HZJ8,0,0.0,0.0,0.0,0.0
P47822:Q06213,1,100.0,1.0,5.119e-18,723.0
P47822:Q12343,1,100.0,1.0,4.6150850000000006e-18,689.5
P47910:P82163,0,0.0,0.0,0.0,0.0
P47963:P47964,1,100.0,1.0,5.72e-12,796.5
P47963:Q6ZWV7,1,100.0,1.0,3.5415000000000012e-15,886.5
P47963:Q9CZM2,1,99.0,0.99,1.7854335000000003e-29,1179.0
P47964:Q9CZM2,1,92.05,0.9205,2.091e-12,916.5
P47985:Q9UDW1,1,100.0,1.0,1.058e-07,755.0
P48011:Q02061,1,62.15,0.6214999999999999,2.317e-06,1606.0
P48045:Q6CL71,1,100.0,1.0,4.875026285e-14,670.0
P48149:Q9VA91,1,100.0,1.0,5.09500005065e-22,1013.5
P48240:Q12149,1,91.85,0.9185,1.497e-30,1950.0
P48240:Q12277,1,93.85,0.9385,3.5400000000056997e-29,1396.5
P48452:P63099,1,96.95,0.9695,3.7975e-19,1681.5
P48556:Q9UNM6,1,100.0,1.0,1.33150000032245e-29,1775.5
P48588:Q24186,1,100.0,1.0,2.754e-08,778.0
P48643:P50991,1,100.0,1.0,3.13554e-57,2864.5
P48729:Q96SW2,1,97.75,0.9775,1.0765000000000409e-47,2309.5
P48940:Q2FW39,1,100.0,1.0,5.59065e-12,547.5
P49028:P49028,1,97.19999999999999,0.972,5.411199999999999e-23,974.0
P49028:Q9V535,1,100.0,1.0,7.75000002071e-17,846.0
P49028:Q9VEC5,1,95.05,0.9505,1.334e-23,2879.0
P49137:P49137,1,97.65,0.9764999999999999,1.9968e-45,2074.0
P49137:Q16539,1,98.65,0.9864999999999999,1.3381386e-46,2210.0
P49167:Q04660,1,95.1,0.951,1.4045e-12,2254.5
P49207:P61353,1,98.1,0.981,1.9430002887999998e-14,691.0
P49368:P50990,1,100.0,1.0,1.0067e-73,3678.5
P49406:Q6P1L8,1,91.30000000000001,0.913,6.16435e-17,715.5
P49406:Q92552,0,0.0,0.0,0.0,0.0
P49410:P49410,1,58.099999999999994,0.581,4.1246845e-50,2167.0
P49450:Q93077,1,100.0,1.0,9.558095e-13,572.5
P49687:P49687,1,100.0,1.0,4.1985e-49,2578.5
P49687:P52891,1,100.0,1.0,1.092500004416e-49,2948.5
P49687:Q04491,1,100.0,1.0,8.62000000000011e-36,2185.5
P49720:P49721,1,91.25,0.9125,9.6356e-16,705.5
P49720:Q99436,1,99.5,0.995,4.755e-36,1490.0
P49722:P70195,1,99.7,0.997,1.04200002467e-34,1540.0
P49722:Q9QUM9,1,97.55,0.9755,1.378435e-40,1630.0
P49722:Q9R1P0,1,99.75,0.9975,2.52885e-42,1706.5
P49722:Q9R1P1,1,99.5,0.995,8.21502467e-37,1581.5
P49735:Q9V461,1,97.25,0.9724999999999999,6.748e-76,3449.5
P49768:Q92542,1,85.2,0.852,4.805e-26,2669.0
P49768:Q96BI3,1,89.2,0.892,1.510000015975e-24,1491.0
P49768:Q9NZ42,1,85.2,0.852,1.1990000000000481e-12,954.5
P49770:P49770,1,96.15,0.9615,9.457e-47,2191.5
P49770:Q13144,1,98.35,0.9835,7.82e-48,2559.5
P49770:Q14232,1,95.6,0.956,2.4090240599999997e-44,2116.5
P49770:Q9UI10,1,93.5,0.935,2.8217345e-45,2123.0
P49848:Q15542,1,95.35,0.9535,2.075e-07,1973.0
P49955:Q04693,1,93.05,0.9305,3.296e-73,5716.5
P49955:Q06835,1,99.55,0.9955,8.73e-17,2730.0
P50032:P50033,1,99.7,0.997,1.2435100000000001e-17,952.5
P50057:Q8RN59,1,99.45,0.9944999999999999,1.6695e-15,1219.0
P50308:P50308,1,49.85,0.4985,5.238e-18,781.0
P50542:P50542,1,93.65,0.9365,2.7285000000000003e-33,1819.0
P50580:P62751,1,44.75,0.4475,7.095000000000001e-13,884.5
P50613:P51946,1,96.05,0.9604999999999999,5.305000000000007e-31,1849.0
P50616:P50616,1,26.05,0.2605,6.4275e-09,398.5
P50616:Q9UIV1,0,0.0,0.0,0.0,0.0
P50874:P54784,1,90.94999999999999,0.9095,1.4327e-53,2488.0
P50874:P54790,1,95.55,0.9555,1.36100048015e-53,2634.0
P50885:Q582N2,1,100.0,1.0,5.35e-30,1732.0
P50914:Q02543,1,97.8,0.978,3.9540000225299997e-19,948.0
P50914:Q02878,1,100.0,1.0,2.4348e-19,802.0
P50991:P78371,1,96.19999999999999,0.962,2.0791499999999998e-57,2911.0
P50991:Q9NQP4,1,100.0,1.0,1.355e-11,1678.5
P51016:Q52060,1,100.0,1.0,7.920504e-54,2325.5
P51168:P51170,1,90.95,0.9095,2.211115e-61,2630.0
P51398:P82933,1,84.75,0.8475,4.584011125e-44,1960.5
P51398:Q9H2W6,1,84.95,0.8494999999999999,1.757e-31,1692.5
P51398:Q9Y2R9,1,93.5,0.935,1.1085e-26,1536.5
P51665:P62333,1,98.3,0.983,8.08e-37,1802.0
P51665:Q15008,1,100.0,1.0,7.463428499999999e-40,1929.5
P51665:Q9UNM6,1,100.0,1.0,3.2248428500000003e-39,1904.0
P51684:P78556,1,100.0,1.0,3.7915e-10,1016.0
P51834:P51834,1,99.7,0.997,1.957e-26,1181.5
P51946:P51948,1,93.6,0.9359999999999999,4.5005e-31,1506.0
P51970:Q9P0J0,1,100.0,1.0,3.562155e-16,719.5
P51998:Q02204,1,97.0,0.97,2.9295000000000003e-21,1137.5
P52003:Q9HXS2,0,0.0,0.0,0.0,0.0
P52275:P52275,1,91.8,0.918,1.51175e-69,2984.5
P52286:Q08446,1,82.9,0.829,3.7954977e-14,687.5
P52292:Q09161,1,97.85,0.9784999999999999,9.47e-46,3743.5
P52298:Q09161,1,98.25,0.9824999999999999,1.8095e-25,2830.0
P52490:P53152,1,99.65,0.9964999999999999,5.645675e-23,948.5
P52503:Q91VD9,1,91.25,0.9125,1.995e-14,2407.5
P52503:Q9DC69,1,92.35,0.9235,6.085e-15,1223.5
P52868:Q06411,0,0.0,0.0,0.0,0.0
P52891:P52891,1,100.0,1.0,1.2986e-57,3299.0
P53011:P53011,1,89.3,0.893,1.910325e-45,2194.0
P53040:Q03761,1,96.9,0.969,1.7005e-11,1328.0
P53040:Q05027,1,93.15,0.9315,1.3595e-14,1344.5
P53040:Q12030,1,96.9,0.969,9.935e-18,1404.0
P53040:Q12060,1,94.35,0.9435,4.2715e-18,1463.0
P53254:Q05946,1,89.80000000000001,0.8979999999999999,7.075e-82,4547.5
P53256:P53859,1,88.65,0.8865000000000001,4.4345002812e-29,1377.5
P53256:Q05636,1,59.45,0.5945,9.475e-15,1319.5
P53256:Q08285,1,58.85,0.5885,1.5825e-15,1103.0
P53260:Q03557,1,91.2,0.9119999999999999,1.7225e-15,1849.0
P53261:Q12080,1,76.30000000000001,0.763,2.4805e-18,1524.0
P53276:Q02931,1,71.25,0.7125,4.1885e-21,2763.5
P53276:Q04305,1,52.4,0.524,1.11e-06,1735.5
P53276:Q06679,1,70.35,0.7035,4.1885e-21,2492.0
P53298:Q02732,0,0.0,0.0,0.0,0.0
P53298:Q12493,0,0.0,0.0,0.0,0.0
P53305:Q03976,0,0.0,0.0,0.0,0.0
P53313:P53877,1,83.7,0.837,7.035519999999999e-42,2223.5
P53330:Q05123,0,0.0,0.0,0.0,0.0
P53330:Q12406,0,0.0,0.0,0.0,0.0
P53610:P53610,1,13.399999999999999,0.134,0.0004145,280.5
P53610:Q04631,1,62.25,0.6225,4.329e-18,1422.5
P53611:Q7Z6K3,1,92.75,0.9275,2.5555e-29,1951.0
P53612:Q9JHK4,1,95.3,0.953,1.605e-43,2691.0
P53667:P53667,1,95.05000000000001,0.9504999999999999,8.8985e-44,1943.5
P53742:Q02892,1,98.95,0.9895,3.4575000000003625e-74,3436.0
P53859:Q12149,1,86.55,0.8654999999999999,6.345e-30,2013.0
P53894:P53894,1,40.1,0.401,3.064000000000062e-17,1043.0
P53941:Q99207,1,95.3,0.9530000000000001,2.710505785e-32,1593.0
P54030:P54030,1,36.2,0.362,6.778e-09,411.5
P54030:P54049,1,88.95,0.8895,1.7585e-24,1000.5
P54619:P54646,1,91.85,0.9185,7.050000000011365e-54,2605.5
P54619:Q13131,1,84.85,0.8485,7.05002599e-54,2459.5
P54646:Q9Y478,1,89.8,0.8979999999999999,3.141e-28,2160.5
P54784:P54791,1,89.2,0.892,8.4550017695e-50,2472.5
P54790:P54791,1,93.6,0.9359999999999999,8.45500000004746e-50,2605.5
P54999:Q06217,1,100.0,1.0,2.731506825e-11,646.0
P55036:Q9UNM6,1,99.7,0.997,1.7075000000003508e-25,1570.5
P55040:P55040,1,96.15,0.9615,9.065e-29,1086.5
P55055:P55055,1,98.5,0.985,4.618e-27,1464.5
P55072:P55072,1,100.0,1.0,8.0800003456e-81,3568.0
P55072:Q9BZE9,1,98.05000000000001,0.9804999999999999,1.607e-24,2034.5
P55084:P55084,1,99.15,0.9915,4.440125e-71,2854.5
P55273:Q00534,1,95.15,0.9515,6.38e-19,1280.5
P55769:Q8WWY3,1,98.75,0.9875,4.36508985e-22,1132.0
P55828:Q9VH69,1,100.0,1.0,1.0130000000636e-07,449.0
P55841:Q9V9W2,1,100.0,1.0,1.30300008005e-19,924.0
P55841:Q9VNB9,1,100.0,1.0,2.6088e-18,817.5
P55854:P55854,1,99.4,0.994,4.727e-13,529.5
P55854:Q9HC62,1,56.0,0.56,4.7055e-11,829.0
P55854:Q9P0U3,1,76.0,0.76,4.7055e-11,997.0
P55873:P70974,1,100.0,1.0,1.140500000831e-13,745.5
P55899:P61769,1,64.3,0.643,4.4925000816e-17,916.0
P56006:P56006,1,99.3,0.993,8.699905000000001e-40,1667.5
P56006:P56007,1,100.0,1.0,1.6774904999999998e-39,1636.5
P56250:P56251,1,100.0,1.0,6.809e-17,890.0
P56406:Q9FDS0,1,99.1,0.991,7.665000271e-18,838.0
P56422:P56422,1,25.25,0.2525,5.0785e-09,402.5
P56537:P62829,1,74.7,0.747,6.615000000002748e-13,797.5
P56537:Q9BZE4,1,64.1,0.641,2.28100566e-36,1678.0
P56537:Q9UHA3,1,72.95,0.7295,1.0115e-06,956.0
P56582:P56582,0,0.0,0.0,0.0,0.0
P56632:Q9TDR1,1,100.0,1.0,7.95e-10,1852.5
P56761:P56778,1,98.95,0.9895,9.26000016965e-44,2490.0
P56778:P56782,0,0.0,0.0,0.0,0.0
P56778:P56790,1,97.8,0.978,3.111e-06,1544.5
P56778:P83755,1,99.1,0.991,3.75150016965e-44,2546.0
P56778:Q39194,0,0.0,0.0,0.0,0.0
P57743:Q06406,1,97.4,0.974,7.6275e-11,530.0
P57765:P57766,1,92.5,0.925,7.66945e-34,1544.5
P57765:Q97Z84,1,100.0,1.0,1.7871900000000001e-34,1590.0
P57766:P57766,1,57.4,0.574,1.5355e-20,1290.0
P57766:Q97W02,0,0.0,0.0,0.0,0.0
P57766:Q97Z84,1,97.15,0.9715,7.222765000000001e-38,1724.0
P57766:Q980U8,1,85.9,0.859,1.06500721e-32,1590.0
P58192:Q97ZJ9,1,98.05,0.9804999999999999,2.5805e-10,1167.5
P58192:Q980Q9,1,94.6,0.946,7.46e-13,1219.5
P58560:P58565,0,0.0,0.0,0.0,0.0
P58560:P58577,0,0.0,0.0,0.0,0.0
P58564:P58566,0,0.0,0.0,0.0,0.0
P58564:P58568,0,0.0,0.0,0.0,0.0
P58564:P58575,1,100.0,1.0,4.39700000010035e-10,621.0
P58565:P58573,1,81.5,0.815,2.6075e-18,2396.0
P58568:P58576,0,0.0,0.0,0.0,0.0
P58573:P58576,1,80.0,0.8,2.6075e-18,2337.5
P58573:P58577,1,100.0,1.0,6.27125e-19,909.0
P58772:P58772,0,0.0,0.0,0.0,0.0
P58772:P68135,0,0.0,0.0,0.0,0.0
P58815:P58815,1,63.65,0.6365000000000001,1.05584e-36,1986.0
P58815:P58816,1,97.05,0.9704999999999999,2.6815e-22,1937.0
P59823:P59823,1,95.9,0.959,1.4917500000000002e-56,2296.5
P60006:Q9UJX4,0,0.0,0.0,0.0,0.0
P60043:P60044,1,100.0,1.0,1.92295e-18,790.0
P60058:P60467,0,0.0,0.0,0.0,0.0
P60129:P61839,0,0.0,0.0,0.0,0.0
P60150:P61840,0,0.0,0.0,0.0,0.0
P60228:Q9Y262,1,98.8,0.988,2.62600017005e-24,1545.0
P60293:P60293,1,99.2,0.992,4.217e-36,1640.0
P60523:P60523,1,99.2,0.992,3.3685e-16,840.5
P60523:P60526,1,99.6,0.996,5.0585e-17,890.5
P60526:P60526,1,98.6,0.986,3.646e-17,908.0
P60842:P60842,1,97.05,0.9704999999999999,6.464999999999999e-48,1925.0
P60842:Q53EL6,1,97.9,0.979,7.18e-30,1814.0
P60866:P62273,1,100.0,1.0,1.2670000006125e-08,470.0
P60900:P62333,1,98.9,0.989,4.043500000000138e-40,1888.0
P60900:Q99436,1,99.55,0.9955,2.8156355000000003e-37,1579.5
P60953:P60953,1,71.3,0.713,5.246e-26,997.5
P60953:Q07960,1,98.55,0.9855,1.070000043975e-23,1162.5
P61024:Q13309,1,93.5,0.935,1.7845e-07,896.0
P61048:Q8YVQ2,0,0.0,0.0,0.0,0.0
P61048:Q93SX1,0,0.0,0.0,0.0,0.0
P61081:Q8TBC4,1,99.05,0.9904999999999999,6.77e-30,2180.0
P61086:P63279,1,64.45,0.6445,4.791000000000014e-12,809.0
P61088:Q13404,1,98.9,0.989,3.3337e-23,935.0
P61088:Q15819,1,100.0,1.0,2.2160000000000003e-24,983.5
P61088:Q8ND25,1,39.45,0.3945,5.175000000004875e-05,460.0
P61088:Q96FW1,1,97.55,0.9755,3.2400022585e-25,1226.0
P61157:Q148J6,1,97.1,0.971,1.3565e-23,1698.0
P61157:Q3MHR7,1,100.0,1.0,3.401e-39,2209.5
P61201:Q13098,1,100.0,1.0,7.915342899999999e-39,2294.5
P61201:Q13617,1,99.9,0.999,7.915e-39,3114.5
P61201:Q92905,1,99.8,0.998,4.45004887e-43,2116.0
P61353:P62888,1,98.95,0.9895,5.360172100000001e-13,603.5
P61380:P68640,1,98.3,0.983,9.296295e-18,819.0
P61380:Q56973,1,100.0,1.0,4.62e-20,820.5
P61513:P62917,1,100.0,1.0,4.261e-14,1047.0
P61514:P62918,1,100.0,1.0,4.261e-14,1047.0
P61615:P61615,1,35.65,0.3565,1.0790500000000001e-27,1255.5
P61758:Q99471,1,100.0,1.0,5.5821e-14,595.5
P61758:Q9NQP4,1,100.0,1.0,1.481005335e-08,474.5
P61765:P61765,1,90.15,0.9015,2.273505e-71,3408.5
P61769:Q04826,1,93.19999999999999,0.9319999999999999,3.4785e-14,1299.0
P61769:Q29963,1,98.35,0.9835,3.4015e-16,1368.0
P61769:Q30201,1,69.55,0.6955,6.7350000000515e-17,977.5
P61769:Q31610,1,95.19999999999999,0.952,3.4785e-14,1321.5
P61769:Q53GH5,1,86.45,0.8645,3.5175e-13,1209.0
P61769:Q861F6,1,99.6,0.996,1.4285e-16,1378.0
P61769:Q8N423,1,86.35,0.8634999999999999,6.20509795e-14,791.0
P61769:Q8N5T0,1,94.19999999999999,0.942,3.3195e-13,1209.5
P61769:Q8NHL6,1,92.80000000000001,0.9279999999999999,6.20500035725e-14,841.0
P61769:Q95460,1,99.6,0.996,1.0695e-16,1363.0
P61769:Q9BX59,1,86.05,0.8605,3.5175e-13,1174.0
P61769:Q9TNN7,1,96.35,0.9635,3.4015e-16,1336.0
P61824:P61824,1,97.9,0.979,5.823e-19,785.0
P61830:P61830,1,100.0,1.0,9.506e-13,512.5
P61839:P83755,0,0.0,0.0,0.0,0.0
P61941:Q72I01,1,61.95,0.6194999999999999,1.4805e-12,2092.5
P61964:P61964,1,98.8,0.988,2.9465e-51,2451.0
P61964:Q15291,1,99.15,0.9915,1.57550000004482e-43,2252.5
P61994:Q9V138,1,43.0,0.42999999999999994,1.481000004815e-08,547.5
P62010:P62010,1,97.2,0.972,1.6908499999999998e-20,830.5
P62010:Q9UZK4,1,99.7,0.997,2.15350001447e-21,984.5
P62068:P62068,1,85.25,0.8525,2.02625e-55,2236.5
P62068:Q8TAF3,1,90.75,0.9075,1.436e-50,2768.0
P62081:P62244,1,98.5,0.985,1.24100000000694e-22,1091.5
P62081:P62277,1,100.0,1.0,9.41e-20,1138.5
P62100:Q39194,0,0.0,0.0,0.0,0.0
P62136:P62136,1,100.0,1.0,1.26705e-52,2167.0
P62136:Q15435,1,54.5,0.5449999999999999,4.6205e-10,1296.0
P62193:P62198,1,100.0,1.0,4.4124250000000005e-53,2212.5
P62193:Q63347,1,100.0,1.0,1.75805e-08,404.0
P62193:Q63570,1,100.0,1.0,4.03895e-52,2114.5
P62195:Q15008,1,100.0,1.0,8.72e-35,2108.0
P62198:Q4V8E2,1,98.25,0.9824999999999999,5.8400000000002126e-43,1989.0
P62198:Q5U2S7,1,100.0,1.0,1.1280000000000004e-37,2114.0
P62263:P62857,1,100.0,1.0,3.618500000000001e-09,697.0
P62266:P62861,1,97.45,0.9744999999999999,1.1055000000000015e-06,565.5
P62266:Q2NL82,1,59.15,0.5915,1.656e-14,1129.5
P62269:P62851,1,100.0,1.0,4.4225000000021176e-10,640.5
P62277:P62280,1,94.19999999999999,0.942,1.454885e-19,919.0
P62277:P62888,1,100.0,1.0,1.2652220000000001e-15,740.5
P62304:Q8WVK2,0,0.0,0.0,0.0,0.0
P62304:Q9H875,1,60.7,0.607,0.0001170018625,302.0
P62308:Q9H875,1,96.6,0.966,2.0363e-09,423.5
P62310:Q9Y333,1,89.25,0.8925000000000001,6.080745000000001e-11,544.5
P62312:Q9Y4Y9,1,97.3,0.973,1.07005e-08,437.0
P62314:P62316,1,100.0,1.0,5.44e-13,564.5
P62330:P62330,1,72.25,0.7224999999999999,1.4812e-22,886.5
P62424:P62917,1,100.0,1.0,1.1900000813499998e-27,1246.5
P62442:Q72GS2,1,73.05,0.7304999999999999,2.1550000001014002e-08,559.5
P62483:P62483,1,35.45,0.3545,1.8725e-28,1220.0
P62483:P63142,1,94.55000000000001,0.9455,1.2165e-12,1467.0
P62495:P62841,1,99.55,0.9955,6.625e-18,1586.5
P62613:P62655,0,0.0,0.0,0.0,0.0
P62654:P62667,1,100.0,1.0,6.70365e-17,753.5
P62655:P62660,1,100.0,1.0,1.7667015e-13,591.5
P62655:Q72I16,1,100.0,1.0,1.199500048685e-14,753.5
P62655:Q72JR0,1,100.0,1.0,4.45300000002011e-05,440.5
P62667:P62669,1,99.6,0.996,2.001365e-16,739.0
P62701:P62753,1,97.2,0.972,1.1950000030885e-32,1553.5
P62701:P62847,1,100.0,1.0,1.753e-19,1284.5
P62751:Q6ZWV7,1,100.0,1.0,2.25200013295e-05,387.5
P62805:P62807,1,100.0,1.0,1.2265e-12,522.5
P62805:Q5QNW6,1,100.0,1.0,2.089e-12,520.0
P62805:Q6FI13,1,100.0,1.0,7.2364e-13,568.5
P62805:Q93077,1,100.0,1.0,1.9110485e-13,602.0
P62805:Q96A08,1,100.0,1.0,8.447e-12,501.5
P62805:Q9BTM1,1,100.0,1.0,2.4636103e-11,553.0
P62806:P84244,1,100.0,1.0,1.046e-12,517.0
P62806:Q9D2U9,1,100.0,1.0,2.288e-12,514.0
P62807:Q93077,1,100.0,1.0,1.522581e-13,616.0
P62830:Q8BP67,1,100.0,1.0,5.7893075e-16,735.5
P62837:Q13191,1,61.05,0.6105,1.7725e-11,1330.0
P62837:Q96EP0,1,28.9,0.289,1.5260000582500002e-06,492.0
P62837:Q96PU5,1,98.80000000000001,0.988,4.4005e-25,1746.5
P62837:Q9Y297,1,97.55000000000001,0.9755,1.096e-24,1875.0
P62841:Q2NL82,1,86.25,0.8625,2.458e-18,2373.0
P62854:P62857,1,100.0,1.0,9.085002372e-08,465.5
P62861:Q2NL82,1,91.05,0.9105,2.4315e-06,2094.5
P62871:P62871,1,98.05000000000001,0.9804999999999999,2.0615e-56,2565.0
P62873:P62873,1,98.05000000000001,0.9804999999999999,2.0615e-56,2565.0
P62873:P63096,1,79.8,0.798,1.0445e-22,1784.0
P62873:Q96CX2,1,93.2,0.9319999999999999,1.2135e-16,1619.5
P62942:Q04771,0,0.0,0.0,0.0,0.0
P62979:Q15291,1,60.349999999999994,0.6035,2.357007775e-11,628.0
P62979:Q2NL82,1,59.2,0.592,4.27e-09,995.5
P62987:Q96PU5,1,90.85,0.9085,1.0265e-12,1536.5
P62987:Q9UK80,1,94.95,0.9495,1.2425e-13,1410.0
P63106:P68231,1,100.0,1.0,7.5155e-18,931.5
P63165:Q9UBT2,1,96.8,0.968,1.4695e-13,1998.5
P63167:Q8WVS4,1,58.25,0.5825,3.19600027785e-15,803.0
P63167:Q96EX3,1,61.05,0.6105,3.196e-15,1006.5
P63279:Q9UBT2,1,99.65,0.9964999999999999,1.0465000000000799e-13,855.0
P63488:P64201,1,100.0,1.0,1.455516815e-75,3417.5
P64201:P68807,1,100.0,1.0,5.075e-14,1969.5
P64578:P67701,1,100.0,1.0,9.4955e-14,625.5
P64580:P67703,1,100.0,1.0,9.4955e-14,625.5
P65401:P65401,1,35.45,0.3545,2.96066e-11,498.5
P65401:Q7A441,1,98.15,0.9815,6.73000000035335e-14,728.0
P67703:P67703,0,0.0,0.0,0.0,0.0
P67775:Q15257,0,0.0,0.0,0.0,0.0
P67775:Q9Y5P8,0,0.0,0.0,0.0,0.0
P67870:P67870,1,99.25,0.9924999999999999,5.109e-32,1346.5
P67870:P68400,1,99.8,0.998,3.4705e-32,1862.5
P68036:Q05086,1,66.4,0.664,5.41657e-22,1152.0
P68036:Q9H0M0,1,100.0,1.0,1.157e-24,1756.0
P68183:P68187,1,100.0,1.0,1.0265e-30,2146.5
P68187:P68187,1,90.1,0.901,2.2119999999999997e-56,2339.5
P68187:P69783,1,100.0,1.0,1.8045e-24,1869.0
P68231:P68231,1,84.44999999999999,0.8445,4.245e-15,808.5
P68363:Q13509,1,99.0,0.99,4.62085e-69,2983.0
P68431:Q71UI9,1,100.0,1.0,2.7269499999999996e-10,441.0
P68431:Q93077,1,100.0,1.0,2.7123e-12,523.5
P68431:Q9BTM1,1,99.5,0.995,1.26656e-13,569.5
P68433:P68433,1,100.0,1.0,3.431e-14,552.5
P68640:P69968,1,100.0,1.0,2.16250000034845e-07,560.0
P68640:Q56973,1,98.3,0.983,9.269905e-18,834.5
P68871:P69905,1,100.0,1.0,4.049e-17,901.5
P69249:P69249,1,32.849999999999994,0.3285,9.175e-10,432.5
P69486:P69486,1,100.0,1.0,7.75245e-11,528.5
P69560:Q41387,0,0.0,0.0,0.0,0.0
P69801:P69801,0,0.0,0.0,0.0,0.0
P69801:P69805,1,100.0,1.0,9.21005655e-26,1416.0
P69892:P69892,1,100.0,1.0,1.661e-17,924.5
P69892:P69905,1,100.0,1.0,2.966e-17,904.0
P69933:P69933,1,98.45,0.9844999999999999,5.334267e-33,1440.0
P69968:P69968,0,0.0,0.0,0.0,0.0
P70195:Q9R1P1,1,99.2,0.992,1.0502150000000001e-34,1460.5
P71894:P71894,1,19.75,0.1975,5.688e-19,864.5
P72222:P72223,1,100.0,1.0,9.525e-24,1596.0
P72222:P72224,1,99.85,0.9984999999999999,1.7385e-54,3748.5
P72223:P72224,1,99.85,0.9984999999999999,9.525e-24,3270.5
P72504:P72505,1,95.85,0.9584999999999999,7.9485e-18,919.5
P72508:P72509,1,99.7,0.997,7.355000000000001e-19,978.5
P72509:P72509,1,98.7,0.987,1.947e-19,985.0
P72525:P72525,1,99.6,0.996,6.942e-70,3304.5
P72525:Q59961,1,97.6,0.976,1.271e-30,2235.0
P74645:P74645,1,100.0,1.0,7.9135e-06,276.5
P74901:Q56404,1,98.65,0.9864999999999999,2.689e-20,1807.5
P74901:Q5SIT6,1,100.0,1.0,2.5285e-23,2242.0
P74903:Q56403,1,100.0,1.0,1.08e-12,2061.5
P75745:P75745,1,97.0,0.97,3.7203285e-50,2195.0
P75830:P75831,1,98.05,0.9804999999999999,3.094e-47,3015.5
P75831:P75831,1,90.85,0.9085000000000001,2.25399e-24,1247.5
P76014:P76015,1,13.799999999999999,0.138,8.858e-07,362.5
P76014:P76016,0,0.0,0.0,0.0,0.0
P76015:P76015,1,97.35,0.9735,2.5655e-59,2294.5
P76015:P76016,1,99.85,0.9984999999999999,3.7605000000000024e-47,2228.5
P76077:P76079,1,99.25,0.9924999999999999,2.5890165e-32,1820.5
P76079:P76079,1,58.65,0.5865,1.7545e-08,1071.0
P76204:P76204,1,91.3,0.913,2.3379135000000003e-31,1280.0
P76329:P76329,1,29.25,0.2925,1.4984e-18,756.0
P76458:P76458,1,42.0,0.42,2.520795e-25,1104.5
P76458:P76459,1,100.0,1.0,1.5417964e-37,1593.0
P77165:P77324,1,100.0,1.0,1.1905e-28,1744.0
P77324:P77489,1,99.75,0.9975,7.585e-54,3765.0
P77754:P77754,1,98.8,0.988,4.0744999999999997e-10,446.0
P77774:P77774,1,100.0,1.0,1.2175e-08,500.0
P78346:Q969H6,1,98.6,0.986,3.906000000000876e-23,1136.0
P78556:P78556,1,35.0,0.35,8.014e-06,266.0
P78774:Q10316,1,92.65,0.9265,4.613e-12,1383.5
P78774:Q92352,1,94.25,0.9425,1.5115e-25,1534.0
P78789:Q10343,1,100.0,1.0,4.188e-10,1294.5
P80021:Q2EN81,1,100.0,1.0,3.5075e-24,2218.5
P80319:P80319,1,52.75,0.5275000000000001,5.35215e-44,2109.0
P80339:Q5SHP3,1,100.0,1.0,5.515000000001199e-08,546.5
P80339:Q9Z9H5,1,100.0,1.0,9.03500002349e-08,501.0
P80371:Q5SIS0,1,44.25,0.4425,2.936000000000062e-08,648.5
P80372:Q5SHQ5,1,53.9,0.539,3.2559845e-12,594.5
P80373:Q5SHQ5,1,64.85,0.6485,1.89013e-12,613.0
P80374:Q5SHN7,1,100.0,1.0,3.3549800000000004e-14,591.0
P80376:Q5SIS0,1,63.4,0.634,1.3750000021019999e-06,450.5
P80376:Q5SLQ0,1,100.0,1.0,1.30300000006595e-06,486.5
P80592:P80592,1,70.75,0.7075,8.7700005045e-10,677.5
P80592:Q8IFJ9,1,100.0,1.0,2.9315045e-13,734.0
P80592:Q8IFK2,1,91.5,0.915,4.0650050450000005e-11,683.0
P80643:P96618,1,98.85,0.9884999999999999,1.1930000002464e-08,563.0
P81023:P84479,1,100.0,1.0,2.4274999999999998e-17,909.5
P81040:P81040,0,0.0,0.0,0.0,0.0
P81397:P81398,1,98.8,0.988,1.9526205000000003e-18,821.5
P81947:Q6B856,1,99.35,0.9935,2.6408249999999998e-70,3097.5
P82024:Q9M3K7,0,0.0,0.0,0.0,0.0
P82163:P82192,1,100.0,1.0,7.885e-14,887.0
P82163:P82249,1,100.0,1.0,2.783000116e-08,468.5
P82191:P82413,1,90.9,0.909,1.63314675e-08,489.5
P82403:Q9M3K7,1,100.0,1.0,6.980000000004237e-08,576.0
P82649:P82669,1,100.0,1.0,1.13400000008195e-26,1373.0
P82649:P82918,1,100.0,1.0,7.175000000008195e-25,1359.5
P82650:P82675,1,100.0,1.0,5.045e-36,1889.0
P82650:Q9Y3D3,1,100.0,1.0,4.6855e-18,1216.0
P82650:Q9Y676,1,89.9,0.899,1.489000000023505e-22,1258.5
P82663:P82675,1,88.75,0.8875,1.1195e-25,1360.0
P82663:Q9BYN8,1,84.9,0.849,1.21700000011195e-15,766.0
P82664:P82673,1,93.35,0.9335,1.3665000007125001e-18,954.5
P82669:P82916,1,100.0,1.0,4.734500000001134e-14,834.5
P82669:Q3SZ86,1,100.0,1.0,4.330001134e-20,855.0
P82670:Q2M2T7,1,100.0,1.0,1.30450000025055e-11,662.0
P82670:Q6B860,1,100.0,1.0,1.1685025054999999e-15,724.0
P82675:Q96EY7,1,67.55000000000001,0.6755,8.945e-20,1448.0
P82675:Q9Y291,1,83.44999999999999,0.8345,2.5125e-11,1183.0
P82911:P82917,1,100.0,1.0,9.5700000024435e-14,722.5
P82912:P82921,1,91.69999999999999,0.917,1.319500002321e-12,615.5
P82912:Q9H2K0,1,94.05,0.9405,2.3210000000406347e-21,1013.5
P82912:Q9Y2R9,1,99.6,0.996,1.092025705e-24,1120.0
P82912:Q9Y3D5,1,99.6,0.996,2.2850000001092e-14,761.5
P82913:Q3SZ86,1,100.0,1.0,6.283e-20,791.5
P82914:P82932,1,100.0,1.0,2.7724999999999998e-21,879.5
P82914:Q9BYN8,1,81.1,0.811,1.22576e-15,677.0
P82915:P82918,1,100.0,1.0,5.5800007175e-18,844.5
P82917:P82920,1,100.0,1.0,9.287e-13,472.0
P82917:P82931,1,100.0,1.0,9.570000020345e-14,692.5
P82917:Q2NL27,1,100.0,1.0,9.570000200899999e-14,670.0
P82917:Q3SZ86,1,100.0,1.0,9.57000433e-14,624.0
P82918:P82929,1,100.0,1.0,2.05425e-23,974.5
P82918:Q2KID9,1,100.0,1.0,7.175e-25,1441.5
P82918:Q3SZ86,1,100.0,1.0,4.33007175e-20,841.5
P82921:Q96BP2,0,0.0,0.0,0.0,0.0
P82921:Q9Y2Q9,1,95.05,0.9504999999999999,1.32565e-12,511.5
P82921:Q9Y3D5,1,94.0,0.94,1.3833e-12,473.0
P82922:Q58DQ5,1,97.4,0.974,4.03453978e-48,2124.0
P82923:P82928,1,100.0,1.0,9.835e-15,1004.0
P82923:Q58DQ5,1,97.55,0.9755,1.714500000000004e-33,1670.5
P82926:Q2KID9,1,86.7,0.867,3.1495e-11,1196.0
P82926:Q2M2T7,1,94.1,0.9410000000000001,2.2882499999999998e-11,461.0
P82926:Q6B860,1,93.9,0.9390000000000001,2.1696832e-11,500.0
P82928:Q2NL27,1,100.0,1.0,9.835002009e-15,710.5
P82929:Q32PI8,1,96.4,0.964,1.982506855e-23,1275.0
P82930:Q92552,1,96.9,0.969,1.4395000864e-25,1390.0
P82930:Q9BYN8,1,83.35,0.8335,1.21700018995e-15,740.0
P82930:Q9Y676,1,100.0,1.0,1.446575e-25,1073.0
P82931:Q3SZ86,1,100.0,1.0,4.350345e-20,776.5
P82932:Q9BYN8,1,83.30000000000001,0.833,1.2170150100000001e-15,675.5
P82933:Q9Y2R9,1,95.05,0.9505,2.433e-25,1429.0
P82933:Q9Y399,1,82.6,0.8260000000000001,2.8550000000004586e-31,1545.0
P83791:P83791,1,29.799999999999997,0.298,7.256e-09,531.0
P83791:P83794,1,99.7,0.997,3.9380825000000004e-19,1035.0
P84091:Q9D1J1,1,91.44999999999999,0.9145,1.6565e-18,1775.0
P84092:P84092,1,93.5,0.935,1.44085e-46,2022.5
P84092:Q66HM2,1,99.9,0.999,4.886e-20,2352.5
P84253:P84308,1,100.0,1.0,3.10975e-38,1544.5
P84308:P84308,1,70.75,0.7075,1.5380000000000002e-22,1203.0
P84479:P84479,1,98.6,0.986,4.524e-17,907.0
P84750:P84751,1,99.5,0.995,1.952665e-16,812.0
P84887:P84888,1,100.0,1.0,5.6e-14,1608.5
P84888:P84888,1,14.05,0.1405,2.028e-05,347.5
P87123:Q02061,1,38.3,0.383,1.5585e-10,2018.5
P87306:Q9P6Q0,1,94.85,0.9485,8.675e-12,1220.5
P87306:Q9US45,1,91.9,0.919,6.715e-26,1643.0
P87310:Q9Y7N2,1,100.0,1.0,9.78583e-13,578.5
P87312:Q09882,1,69.8,0.698,4.0821500000000003e-25,1226.5
P88911:P88911,0,0.0,0.0,0.0,0.0
P90629:Q952G2,1,13.9,0.139,4.84345e-05,280.0
P90780:P90780,1,95.4,0.954,9.974e-40,1580.0
P92506:P92507,1,38.45,0.38449999999999995,1.2439950000000001e-06,357.5
P94388:P94388,1,41.85,0.4185,1.29575e-35,1480.0
P95493:P95493,1,98.7,0.987,2.749e-29,2122.5
P95673:P97253,0,0.0,0.0,0.0,0.0
P95822:Q31PI7,1,100.0,1.0,7.94004013e-19,929.5
P95989:Q97ZX7,1,95.75,0.9575,4.4725e-05,995.5
P95989:Q980K0,1,90.75,0.9075,8.575e-14,1111.0
P95989:Q980R1,1,97.95,0.9795,2.1525e-41,2680.5
P95989:Q980Z8,1,100.0,1.0,5.91e-08,990.5
P97792:Q80UL9,1,21.950000000000003,0.2195,3.792e-07,380.0
P97802:P97802,1,73.45,0.7344999999999999,6.32e-15,634.0
P98005:Q5SLI2,1,100.0,1.0,3.3075e-53,3541.0
P99026:Q9R1P4,1,98.35,0.9835,3.5135000024755e-35,1583.5
P9WF77:P9WF77,1,15.0,0.15,0.00039915,232.0
P9WF77:P9WJ35,0,0.0,0.0,0.0,0.0
P9WF97:P9WF97,1,23.1,0.231,1.20275e-05,280.5
P9WF97:P9WLM7,1,44.05,0.4405,3.6125119099999994e-05,334.0
P9WFY6:P9WFY6,1,92.85,0.9285000000000001,1.5478500000000001e-37,1460.5
P9WHT9:P9WHT9,1,97.25,0.9724999999999999,7.76e-32,1378.5
P9WHT9:P9WHU1,1,95.9,0.959,6.505514e-35,1560.0
P9WI43:P9WI43,1,97.8,0.978,4.4515e-17,828.0
P9WI81:P9WI81,1,97.0,0.97,8.843005000000001e-30,1336.0
P9WI81:P9WJA9,1,94.30000000000001,0.9430000000000001,2.609e-19,1334.0
P9WJ85:P9WJ85,0,0.0,0.0,0.0,0.0
P9WJK5:P9WJK7,1,97.9,0.979,9.525e-79,4382.5
P9WNE1:P9WNE1,1,99.3,0.993,1.146e-55,2284.5
P9WNK5:P9WNK5,0,0.0,0.0,0.0,0.0
P9WNK5:P9WNK7,1,100.0,1.0,4.60641e-08,379.5
P9WP33:P9WP53,0,0.0,0.0,0.0,0.0
P9WP53:P9WP53,1,96.45,0.9644999999999999,5.76114e-48,1992.0
P9WPC2:P9WPC4,1,72.5,0.725,1.4090000001730501e-21,1050.5
P9WPC3:P9WPC3,1,53.1,0.531,6.13e-24,948.5
P9WPC3:P9WPC5,1,72.5,0.725,1.4090000001730501e-21,1050.5
P9WPC4:P9WPC4,1,98.55,0.9855,3.3595e-31,1251.5
Q00456:Q00459,1,99.75,0.9975,2.9965e-16,1783.5
Q00456:Q00460,1,99.75,0.9975,4.377e-32,2322.5
Q00459:Q00459,1,97.7,0.977,4.3106e-14,622.0
Q00460:Q00460,1,57.6,0.576,2.1535e-06,1087.0
Q00534:Q00534,1,48.6,0.486,4.4155e-32,1378.5
Q00539:Q03776,1,61.15,0.6115,4.1245e-05,1556.5
Q00539:Q03782,1,85.7,0.857,2.0317e-23,929.5
Q00539:Q05900,1,87.1,0.871,1.179518755e-18,794.0
Q007T0:Q0QF01,1,96.95,0.9695,9.31e-39,2966.0
Q00916:Q02260,1,93.5,0.935,7.030000000000036e-15,861.0
Q00916:Q03776,1,61.35,0.6135,6.27e-06,1568.5
Q00916:Q05900,1,99.45,0.9944999999999999,1.86850000035165e-19,900.0
Q00960:Q00960,1,98.69999999999999,0.987,2.4755e-49,2140.0
Q00P86:Q00P86,1,93.55,0.9355,1.16855e-21,966.0
Q01080:Q01080,1,98.2,0.982,1.25185e-27,1282.0
Q01454:Q03406,1,88.1,0.881,1.5055000000000002e-34,1912.5
Q01658:Q14919,1,36.1,0.361,1.2717e-05,262.0
Q01855:Q3E757,1,100.0,1.0,9.830000923e-11,575.5
Q02059:Q02062,1,100.0,1.0,2.979e-78,3013.5
Q02062:Q02062,1,64.35,0.6435,2.4225e-40,2276.5
Q02129:Q02147,1,99.05,0.9904999999999999,5.15e-35,1717.5
Q02147:Q02147,1,99.2,0.992,3.8589999999999994e-51,2105.0
Q02204:Q06090,0,0.0,0.0,0.0,0.0
Q02206:Q02206,1,99.45,0.9944999999999999,3.7425999999999995e-29,1413.5
Q02256:Q12522,0,0.0,0.0,0.0,0.0
Q02260:Q06217,1,93.05,0.9305,3.7375e-12,554.0
Q02293:Q04631,1,100.0,1.0,3.3485e-35,2281.0
Q02354:Q12035,1,87.35,0.8734999999999999,2.576500000000096e-19,1229.0
Q02354:Q12460,1,86.9,0.869,9.610000004605001e-33,1961.0
Q02354:Q12499,1,92.9,0.929,4.1960250000000005e-30,1650.5
Q02376:Q02827,1,71.85,0.7184999999999999,0.000129150044075,320.5
Q02377:Q95KV7,1,80.7,0.8069999999999999,2.7040000004356e-07,429.0
Q02543:Q96EY4,0,0.0,0.0,0.0,0.0
Q02554:Q04693,1,90.80000000000001,0.9079999999999999,1.2825e-18,3698.0
Q02732:Q12493,0,0.0,0.0,0.0,0.0
Q02750:Q02750,1,89.4,0.894,6.4372e-40,1810.5
Q02753:Q08746,1,92.30000000000001,0.923,1.4065000001839e-14,764.5
Q02760:Q02761,1,99.65,0.9964999999999999,2.0745000000004447e-38,2248.5
Q02760:Q02762,1,99.5,0.995,1.3360000002074501e-28,1386.5
Q02761:Q02762,1,99.55000000000001,0.9955,1.336e-28,2015.0
Q02762:Q02762,1,42.85,0.4285,7.243e-17,717.5
Q02763:Q15389,0,0.0,0.0,0.0,0.0
Q02793:Q02793,1,98.45,0.9844999999999999,9.031e-48,2401.5
Q02821:Q02821,1,98.55,0.9855,1.6955000000000002e-44,2689.5
Q02892:Q03862,1,98.65,0.9864999999999999,1.4645000000002194e-63,3047.0
Q02892:Q07915,1,100.0,1.0,1.456e-18,1781.5
Q02892:Q12522,1,96.8,0.968,3.273e-43,2628.5
Q02908:Q06706,1,100.0,1.0,3.8755e-20,2075.0
Q02931:Q04177,1,89.05000000000001,0.8905000000000001,2.4055e-62,3808.0
Q02931:Q04305,1,93.1,0.931,3.1705e-71,3854.5
Q02931:Q06679,1,89.5,0.895,1.2575e-75,4312.5
Q02939:Q12004,1,94.55,0.9455,9.905000000000001e-43,2209.0
Q02939:Q3E7C1,1,100.0,1.0,2.7362e-07,371.5
Q02MM1:Q02MM2,1,98.8,0.988,2.3522393000000002e-23,980.5
Q02MM2:Q02MM2,1,97.0,0.97,1.781055e-21,902.5
Q03020:Q03020,1,100.0,1.0,3.1444999999999997e-15,669.0
Q03020:Q07540,1,99.55,0.9955,9.77171e-13,620.0
Q03124:Q06168,1,85.19999999999999,0.852,1.86355e-31,1515.0
Q03201:Q03430,0,0.0,0.0,0.0,0.0
Q03201:Q03976,1,87.55,0.8755,6.570000000000154e-25,1214.5
Q03337:Q03784,1,81.05,0.8105,2.5975513e-22,1017.5
Q03406:Q08032,1,93.45,0.9345,4.675e-35,2346.5
Q03406:Q12488,1,100.0,1.0,1.7675000467500002e-27,1293.5
Q03430:Q03976,1,99.25,0.9924999999999999,2.839e-13,985.0
Q03433:Q03940,1,85.80000000000001,0.858,4.3895e-20,1742.0
Q03433:Q12464,1,85.45,0.8545,4.3895e-20,1809.0
Q03433:Q12509,1,83.95,0.8394999999999999,4.3895e-20,1700.5
Q03630:Q03784,1,91.05,0.9105,8.9925e-22,887.5
Q03776:Q05900,0,0.0,0.0,0.0,0.0
Q03940:Q12464,1,98.95,0.9895,9.780499649999999e-68,2939.5
Q03Q08:Q03Q08,1,95.3,0.9530000000000001,1.693903e-32,1841.0
Q04062:Q12250,1,100.0,1.0,4.885010305e-31,1807.0
Q04177:Q06512,1,93.7,0.937,1.301e-43,2697.0
Q04217:Q06078,1,95.8,0.958,9.1e-103,5002.5
Q04217:Q08965,1,82.85,0.8285,2.81815e-101,4418.5
Q04305:Q06512,1,58.45,0.5845,1.0175e-11,1484.5
Q04311:Q12522,1,80.25,0.8025,3.39221e-39,1657.5
Q04500:Q99216,1,100.0,1.0,1.1585e-06,705.5
Q04631:Q04631,1,14.95,0.1495,0.0006386,295.5
Q04660:Q07896,1,97.65,0.9764999999999999,9.945e-13,1684.0
Q04693:Q06835,1,93.5,0.935,8.73e-17,3603.5
Q04771:Q04771,1,99.1,0.991,2.11115e-48,2093.5
Q04912:Q04912,1,94.65,0.9464999999999999,4.215e-76,3714.5
Q05093:Q75VY7,1,100.0,1.0,7.481931e-25,1170.0
Q05093:Q75VZ0,1,98.7,0.987,4.178e-25,1107.5
Q05489:Q05489,1,99.45,0.9944999999999999,4.63e-10,823.0
Q05489:Q05490,1,99.5,0.995,1.31600000001951e-33,1701.0
Q05490:Q05490,1,97.8,0.978,1.2201599999999998e-31,1578.5
Q05498:Q3E7Y3,1,95.05,0.9505,5.560000681e-21,954.5
Q05586:Q12879,1,96.5,0.965,0.0,4775.5
Q05599:Q05599,1,99.7,0.997,9.443499999999999e-29,1178.5
Q05636:Q08162,1,95.45,0.9544999999999999,1.5155e-51,4201.5
Q05946:Q99216,1,96.05,0.9605,3.007e-25,2617.0
Q06078:Q12499,1,98.3,0.983,4.1945e-30,3486.0
Q06081:Q06081,1,56.5,0.565,1.95765e-09,414.5
Q06090:Q12487,1,100.0,1.0,9.5901576e-24,989.5
Q06103:Q12377,1,100.0,1.0,8.4657e-37,2031.0
Q06128:Q06129,1,98.7,0.987,2.7925e-38,2148.0
Q06156:Q12267,1,60.449999999999996,0.6045,5.7e-35,3545.5
Q06265:Q9NPD3,1,100.0,1.0,1.098500001414e-38,1718.0
Q06265:Q9NQT4,1,98.05,0.9804999999999999,5.8000000000001415e-34,1638.0
Q06265:Q9NQT5,1,93.9,0.9390000000000001,2.388500000000014e-33,1626.0
Q06265:Q9Y2L1,1,96.55,0.9655,9.905e-50,3926.5
Q06287:Q06512,1,94.9,0.9490000000000001,9.29025735e-37,1911.5
Q06512:Q99207,1,93.1,0.931,2.710500000009745e-32,2092.0
Q06559:Q9VH69,1,100.0,1.0,1.412e-07,817.5
Q06609:Q06609,1,94.3,0.943,4.80265e-50,2114.0
Q06675:Q12493,0,0.0,0.0,0.0,0.0
Q06680:Q06680,1,89.1,0.891,7.211249e-67,4365.0
Q06696:Q12483,1,100.0,1.0,1.3450016795e-21,1069.0
Q06706:Q06706,1,98.25,0.9824999999999999,3.013e-21,4244.5
Q07478:Q07478,1,37.1,0.371,3.73012e-11,547.5
Q07717:Q8MHU4,1,92.9,0.929,2.5815e-17,1272.5
Q07951:Q12245,1,79.55000000000001,0.7955,3.7622e-16,688.0
Q08032:Q12488,1,93.45,0.9345,1.7675e-27,2204.0
Q08096:Q08965,1,39.25,0.39249999999999996,6.865e-40,2466.0
Q08162:Q12277,1,97.35,0.9735,5.7e-41,3774.5
Q08210:Q08210,1,41.900000000000006,0.419,4.414201e-33,1516.5
Q08231:Q08231,1,98.85,0.9884999999999999,2.6735e-44,2409.0
Q08278:Q08278,0,0.0,0.0,0.0,0.0
Q08278:Q12343,1,92.65,0.9265,4.21392e-20,820.5
Q08602:Q08603,1,98.0,0.98,1.2565e-43,2742.5
Q08698:Q08698,1,43.85,0.4385,6.4035e-65,3161.5
Q08723:Q12377,1,95.35,0.9535,1.13707375e-36,1771.0
Q08965:Q12035,1,79.25,0.7925,5.745e-17,2456.0
Q08972:Q3E757,0,0.0,0.0,0.0,0.0
Q09024:Q09024,1,94.80000000000001,0.948,1.323e-31,1470.5
Q09024:Q7KUD5,0,0.0,0.0,0.0,0.0
Q09028:Q09028,1,96.25,0.9625,6.038e-66,2930.5
Q09028:Q15022,1,97.4,0.974,4.7865e-16,1743.5
Q09161:Q09161,1,96.05000000000001,0.9604999999999999,1.26355e-76,4679.0
Q0INY7:Q0INY7,1,34.7,0.347,3.017e-09,415.0
Q0KKI6:Q0KKI6,1,87.75,0.8775,1.6969e-33,1552.5
Q0KKI6:Q6GMX6,1,90.45,0.9045000000000001,5.87558e-32,1545.5
Q0KKI6:Q6N089,1,89.15,0.8915,4.16749995e-32,1578.0
Q0P7K7:Q0P7K7,1,28.2,0.28200000000000003,2.74655e-21,869.5
Q0P7Q2:Q0P7Q2,1,37.4,0.374,6.176e-09,467.0
Q0P9J4:Q0P9J4,1,75.65,0.7565,5.1479e-63,2441.5
Q0QLF1:Q0QLF2,1,98.15,0.9815,1.0755e-60,2660.0
Q0QLF1:Q0QLF3,1,98.15,0.9815,4.065e-25,1685.5
Q0QLF1:Q0QLF4,1,98.15,0.9815,5.5500000010755e-51,2157.5
Q0QLF2:Q0QLF2,1,55.05,0.5505,3.6215e-06,1665.0
Q0QLF2:Q0QLF3,1,100.0,1.0,4.065e-25,2064.5
Q0QLF3:Q0QLF4,1,100.0,1.0,4.065e-25,1562.0
Q0WWQ1:Q0WWQ1,1,61.2,0.612,6.0345e-24,1037.5
Q0WWQ1:Q94CD5,1,78.55,0.7855,5.32e-24,1486.0
Q0ZCG9:Q6PJF2,1,90.94999999999999,0.9095,2.265e-18,1233.0
Q0ZCI9:Q6PIL8,1,93.05000000000001,0.9305,7.57e-19,1251.5
Q10163:Q9USX8,1,91.75,0.9175,9.555000000000107e-11,761.0
Q10163:Q9UUC6,1,92.4,0.9239999999999999,9.555122149999999e-11,588.5
Q10316:Q92352,1,98.15,0.9815,5.515000000015115e-14,832.0
Q12146:Q12488,1,91.5,0.915,1.427514295e-20,991.0
Q12220:Q3E7X9,1,60.4,0.604,1.58046e-06,391.0
Q12220:Q99216,1,91.1,0.911,3.007e-25,2577.0
Q12315:Q12315,1,21.1,0.211,7.236e-12,690.5
Q12341:Q12341,1,24.200000000000003,0.242,2.67865e-22,1026.5
Q12460:Q12499,1,95.85,0.9585,2.7733250000000002e-45,2327.5
Q12464:Q12464,1,96.45,0.9644999999999999,4.7565499999999995e-67,2853.5
Q12834:Q13257,1,94.69999999999999,0.947,5.58e-30,1755.0
Q12834:Q9UJX5,1,98.7,0.987,3.3205e-56,3120.0
Q12874:Q15393,1,98.45,0.9844999999999999,6.13e-09,4223.5
Q12879:Q12879,1,93.7,0.937,0.0,4542.0
Q12988:Q16082,1,96.0,0.96,1.572961e-11,580.0
Q12RS4:Q12RS4,1,24.3,0.243,4.666e-07,407.5
Q13007:Q6UXL0,1,98.1,0.981,3.736000000001155e-18,1105.5
Q13007:Q8N6P7,1,96.9,0.969,3.736000000000021e-18,1135.0
Q13042:Q9BS18,0,0.0,0.0,0.0,0.0
Q13084:Q8IXM3,1,97.55,0.9755,1.343e-14,949.5
Q13084:Q8TAE8,0,0.0,0.0,0.0,0.0
Q13084:Q9BYD2,1,89.6,0.8959999999999999,2.6075e-13,939.0
Q13084:Q9BZE1,0,0.0,0.0,0.0,0.0
Q13084:Q9HD33,1,99.35,0.9935,3.132001049e-24,1128.5
Q13098:Q15370,1,100.0,1.0,4.175e-19,1588.0
Q13131:Q13131,1,95.95,0.9595,1.30459e-39,1923.0
Q13131:Q9Y478,1,90.55000000000001,0.9055,4.385e-08,1477.5
Q13144:Q9NR50,1,87.6,0.876,1.0175e-47,2497.0
Q13158:Q13158,0,0.0,0.0,0.0,0.0
Q13200:Q99460,1,95.25,0.9524999999999999,1.9755e-49,3554.5
Q13257:Q15013,1,92.85,0.9285,1.1025514999999999e-30,1287.5
Q13405:Q9BQC6,0,0.0,0.0,0.0,0.0
Q13405:Q9BYD3,1,89.25,0.8925000000000001,9.385e-23,1194.5
Q13405:Q9P015,1,100.0,1.0,3.9845e-25,1384.0
Q13418:Q9NVD7,0,0.0,0.0,0.0,0.0
Q13426:Q13426,1,100.0,1.0,1.1783775e-19,907.0
Q13426:Q9H9Q4,1,99.55,0.9955,3.0250000017835e-21,1113.5
Q13478:Q13478,1,97.8,0.978,3.04825e-53,2132.0
Q13478:Q14116,1,93.15,0.9315,1.2015e-21,1501.0
Q13509:Q13509,1,94.25,0.9424999999999999,6.2455e-70,3018.5
Q13509:Q71U36,1,98.80000000000001,0.988,1.154185e-68,2985.0
Q13564:Q15843,1,100.0,1.0,8.03e-15,2065.5
Q13564:Q8TBC4,1,99.85,0.9984999999999999,2.5628e-75,3377.5
Q13573:Q99459,1,92.45,0.9245,1.363000004322e-21,1059.0
Q13573:Q9Y3C6,1,71.5,0.7150000000000001,1.915000000046255e-21,1059.0
Q13617:Q15369,1,100.0,1.0,1.153e-17,2104.5
Q13617:Q15843,1,99.05,0.9904999999999999,2.1095e-10,1886.0
Q13635:Q13635,1,88.80000000000001,0.888,6.361000000000001e-103,5372.5
Q13635:Q15465,1,94.45,0.9445,6.04e-25,3339.5
Q13889:Q92759,1,96.1,0.9610000000000001,4.878e-43,2322.5
Q13UL1:Q13UL1,1,27.1,0.271,4.7855e-14,577.5
Q14141:Q15019,1,96.75,0.9675,2.7375026359999997e-38,1641.0
Q14141:Q16181,1,96.7,0.9670000000000001,8.3002636e-40,1660.5
Q14197:Q9P015,1,86.80000000000001,0.868,1.564e-15,1006.0
Q14449:Q14449,1,64.0,0.64,7.884e-12,570.0
Q14654:Q14654,1,72.35,0.7235,2.49442e-44,1881.5
Q14657:Q9BXV9,1,98.0,0.98,5.5900001036499994e-06,400.5
Q14657:Q9NPF4,1,100.0,1.0,1.0365e-13,1485.0
Q14683:Q9UQE7,1,100.0,1.0,6.20500002201e-25,1293.0
Q14691:Q9Y248,1,100.0,1.0,1.0625000009285e-20,1018.5
Q148J6:Q3MHR7,1,98.75,0.9875,1.4345e-25,1417.5
Q15022:Q15910,1,91.7,0.917,6.4171e-16,764.0
Q15024:Q9Y2L1,1,95.65,0.9565,6.08e-51,3890.5
Q15029:Q9BUQ8,1,57.85,0.5785,2.1845e-10,3349.0
Q15029:Q9P013,0,0.0,0.0,0.0,0.0
Q15116:Q15116,1,96.65,0.9664999999999999,1.53335e-19,859.5
Q15116:Q9BQ51,1,91.05,0.9105,6.1282935e-14,703.0
Q15116:Q9NZQ7,1,95.6,0.956,1.4129e-17,808.5
Q15233:Q8WXF1,1,100.0,1.0,9.5597e-41,1633.5
Q15257:Q15257,1,88.44999999999999,0.8845000000000001,9.8625e-38,1921.0
Q15369:Q15370,1,100.0,1.0,1.619e-18,721.0
Q15369:Q8WXH5,1,65.2,0.652,2.7606885e-12,557.0
Q15369:Q93034,1,97.7,0.977,4.6885e-15,1341.5
Q15369:Q96DX5,1,94.2,0.942,4.603e-13,1136.0
Q15389:Q15389,1,42.7,0.427,2.5235e-22,985.5
Q15393:Q7RTV0,1,98.95,0.9895,1.937e-18,4497.5
Q15393:Q9BWJ5,1,98.45,0.9844999999999999,2.207e-09,4151.0
Q15418:Q15418,1,98.7,0.987,3.778e-39,1950.5
Q15428:Q99459,1,100.0,1.0,1.1020249999999999e-08,489.0
Q15465:Q96QV1,1,94.55,0.9455,2.2115e-21,1889.0
Q15542:Q15542,1,92.95,0.9295,7.812500000000001e-78,3474.5
Q15542:Q16594,1,96.5,0.9650000000000001,9.115e-17,2053.5
Q15542:Q7Z7C8,1,72.0,0.72,1.852e-21,1521.0
Q15544:Q16514,1,100.0,1.0,2.4054999999999998e-14,563.0
Q15631:Q99598,1,94.65,0.9465,5.9235e-25,1266.5
Q15828:Q99538,0,0.0,0.0,0.0,0.0
Q15831:Q9Y376,1,98.4,0.984,2.0085000021970004e-34,1949.5
Q15843:Q8TBC4,1,99.85,0.9984999999999999,8.03e-15,1863.0
Q15910:Q15910,1,78.4,0.784,6.139e-74,3214.5
Q16082:Q16082,1,100.0,1.0,9.548461e-11,573.0
Q16531:Q66K64,1,82.05,0.8205,7.075e-46,4874.5
Q16531:Q92466,1,99.30000000000001,0.993,1.2825e-56,4987.0
Q16531:Q96SW2,1,97.4,0.974,9.56e-62,5183.5
Q16539:Q16539,1,98.8,0.988,4.24e-50,2314.0
Q16540:Q96A35,1,82.65,0.8265,4.39205645e-10,546.5
Q16540:Q9HD33,1,85.69999999999999,0.857,9.51892e-08,391.0
Q16540:Q9NP92,0,0.0,0.0,0.0,0.0
Q16854:Q16854,1,50.5,0.505,1.7685e-23,1012.5
Q16A03:Q16A04,1,100.0,1.0,5.165e-18,1753.0
Q1D098:Q1D0A0,1,91.3,0.913,9.68e-28,1830.0
Q1D098:Q1D0B0,1,93.45,0.9345,2.701475e-51,2178.0
Q1D0A0:Q1D0A0,1,46.0,0.46,1.658e-05,372.0
Q1D0A0:Q1D0B0,1,95.25,0.9525,9.68e-28,1842.0
Q1D4I4:Q1D4I4,1,23.4,0.23399999999999999,1.0274e-16,692.5
Q1EHA2:Q1EHA4,0,0.0,0.0,0.0,0.0
Q1EHA4:Q1EHA4,0,0.0,0.0,0.0,0.0
Q1G929:Q1G929,1,36.35,0.3635,2.4355e-07,399.5
Q1G929:Q1GBI8,1,39.7,0.397,3.524500023555e-09,659.5
Q1HBG9:Q1HBG9,1,100.0,1.0,4.5575e-41,2305.5
Q1JQ91:Q5E9B8,1,98.8,0.988,6.040000004906e-14,868.5
Q1PDC7:Q1PDC7,0,0.0,0.0,0.0,0.0
Q1PW30:Q1PW30,1,24.950000000000003,0.2495,1.3125000000000001e-14,865.5
Q1Q0T2:Q1Q0T2,1,98.35,0.9835,1.9930000000000003e-99,4233.5
Q1Q0T2:Q1Q0T3,1,99.2,0.992,1.8005e-39,2939.0
Q1Q0T2:Q1Q0T4,1,99.2,0.992,3.091e-47,3249.0
Q228N4:Q24I07,0,0.0,0.0,0.0,0.0
Q22AV9:Q22DC6,1,55.7,0.5569999999999999,7.915000000000018e-15,850.0
Q22AV9:Q22MB0,1,100.0,1.0,2.118e-09,863.5
Q22AV9:Q24D42,1,100.0,1.0,4.715000000010765e-38,1916.5
Q22AV9:Q24F70,1,100.0,1.0,5.99e-15,1021.5
Q22CK0:Q238Q8,1,100.0,1.0,1.661000021605e-12,704.0
Q22EB6:Q23UD3,0,0.0,0.0,0.0,0.0
Q22EY1:Q22W36,1,97.85,0.9784999999999999,1.1545021265e-18,912.5
Q22HE3:Q23CT9,1,100.0,1.0,6.41e-18,1209.0
Q22P47:Q23YQ0,1,82.35,0.8235,6.1e-29,3508.5
Q22RT0:Q23YQ0,1,81.4,0.8140000000000001,6.1e-29,2144.0
Q22UP3:Q23DN6,1,96.1,0.961,3.836e-37,2039.0
Q22W36:Q23ZH7,1,98.25,0.9824999999999999,3.3965000021265e-15,803.0
Q22W36:Q24C34,1,98.25,0.9824999999999999,8.1715e-24,1027.0
Q22Z05:Q22ZH1,1,24.9,0.249,0.00023925000000000015,556.0
Q22Z05:Q24HY8,1,53.95,0.5395,2.4085e-20,1967.5
Q230V2:Q23KG1,1,100.0,1.0,8.885000000005914e-27,1354.0
Q231U7:Q23TC8,1,100.0,1.0,7.17e-25,1416.0
Q238Q8:Q23KG1,1,100.0,1.0,1.721e-20,1225.5
Q239R1:Q24HY8,0,0.0,0.0,0.0,0.0
Q23CT9:Q23Q81,1,100.0,1.0,8.52845e-43,2031.5
Q23CT9:W7XFS0,1,100.0,1.0,1.2305e-15,1219.0
Q23DG3:Q23YQ0,1,82.9,0.829,6.100000000031045e-29,1454.0
Q23K64:Q23UD3,0,0.0,0.0,0.0,0.0
Q23K82:Q23YQ0,1,82.9,0.829,6.100000000000001e-29,1660.0
Q23YQ0:Q24G80,0,0.0,0.0,0.0,0.0
Q24169:Q7K2L1,1,85.8,0.858,1.5330000000000128e-48,2780.0
Q24186:Q9W237,1,98.9,0.989,4.2602e-21,927.0
Q24367:Q24367,1,99.65,0.9964999999999999,5.7142999999999994e-21,1209.5
Q24367:Q9VB22,1,100.0,1.0,5.595e-21,1639.0
Q245F2:Q245F2,0,0.0,0.0,0.0,0.0
Q24C34:W7XFS0,1,100.0,1.0,1.230500006045e-15,859.5
Q24SP7:Q24SP7,1,29.200000000000003,0.292,1.29285e-40,1770.0
Q26066:Q26069,1,100.0,1.0,3.02377925e-18,836.0
Q26454:Q9V461,1,98.95,0.9895,1.048000857e-76,3571.0
Q26454:Q9XYU0,1,98.95,0.9895,8.7894e-83,3745.5
Q2EN80:Q9TDR1,1,48.6,0.486,1.29455e-10,537.5
Q2FW06:Q2FZ42,1,72.4,0.724,5.020000000007885e-15,961.0
Q2FW16:Q2FW16,0,0.0,0.0,0.0,0.0
Q2FW16:Q2FZ42,1,85.55,0.8555,3.139591e-11,606.5
Q2FW31:Q2FXZ7,0,0.0,0.0,0.0,0.0
Q2FXC3:Q2FXC3,1,97.75,0.9775,4.63945e-28,1328.5
Q2HR63:Q2HR63,0,0.0,0.0,0.0,0.0
Q2HR63:Q2HRA7,0,0.0,0.0,0.0,0.0
Q2M2T7:Q6B860,1,100.0,1.0,1.30461685e-11,550.0
Q2MFS1:Q2MFS1,1,99.8,0.998,2.2615699999999998e-39,1572.0
Q2NKZ1:Q32L40,1,98.69999999999999,0.987,2.4541486e-59,3012.0
Q2NKZ1:Q3ZCI9,1,98.8,0.988,2.47857e-59,2988.5
Q2RI40:Q2RI41,1,99.65,0.9964999999999999,6.285e-50,2412.0
Q2RI40:Q2RI42,1,97.55,0.9755,8.765000003076e-47,2006.5
Q2RI41:Q2RI41,1,22.6,0.226,4.6865e-31,1299.0
Q2RI41:Q2RI42,1,21.95,0.2195,1.524500000001368e-19,1043.5
Q2RI42:Q2RI42,1,21.25,0.2125,2.7904999999999997e-19,780.5
Q2RSB2:Q2RSB4,1,97.85,0.9784999999999999,6.825e-22,1841.0
Q2RSB4:Q2RSB4,1,45.05,0.4505,2.9865e-11,1163.5
Q2T801:Q2T801,1,30.8,0.308,2.172e-50,2031.5
Q2TBP0:Q2TBX6,1,100.0,1.0,2.7262e-37,1545.0
Q2TBP0:Q2YDE4,1,97.94999999999999,0.9795,5.6201354999999995e-37,1569.5
Q2TBP0:Q3MHN0,1,97.7,0.977,1.6905e-34,1416.0
Q2TBP0:Q3T108,1,97.30000000000001,0.973,2.43e-34,1421.0
Q2TBX6:Q3T108,1,97.85,0.9784999999999999,1.911905e-35,1491.0
Q2V3I3:Q6XAT2,0,0.0,0.0,0.0,0.0
Q2W6R1:Q2W6R1,1,88.5,0.885,5.42915e-45,1864.5
Q2YDE4:Q3T0Y5,1,97.95,0.9795,7.81735e-41,1634.5
Q2YDE4:Q58DU5,1,97.15,0.9715,2.9220435e-37,1550.0
Q2YLR9:Q2YLR9,1,99.2,0.992,2.7568e-51,2244.5
Q2YT83:Q2YTB1,1,100.0,1.0,1.13275e-13,656.5
Q2YTB0:Q2YYL6,1,100.0,1.0,5.365000000001605e-09,581.5
Q2YTB1:Q2YYM8,1,71.9,0.7190000000000001,4.3595005535e-11,608.0
Q30066:Q5SU54,1,89.9,0.899,2.3227514000000002e-27,1302.5
Q30066:Q67AJ6,1,87.75,0.8775,2.323619e-27,1284.5
Q306N3:Q306N4,1,100.0,1.0,5.250006035e-19,918.0
Q306N3:Q306N5,1,100.0,1.0,5.259365e-19,853.5
Q306N4:Q306N4,1,26.25,0.2625,5.209e-08,369.5
Q306N4:Q306N5,1,100.0,1.0,9.371035e-22,935.5
Q31LJ0:Q31LJ1,1,100.0,1.0,1.8030000005835e-76,4513.5
Q31LJ0:Q31NT9,1,100.0,1.0,1.0645e-20,2727.0
Q31LJ0:Q31PI7,1,100.0,1.0,4.013e-24,2788.5
Q31LJ1:Q31PI7,1,100.0,1.0,4.013e-24,2666.0
Q31NB2:Q31NB3,1,99.2,0.992,3.7755e-18,1954.0
Q31NB3:Q31NB3,1,98.15,0.9815,3.8989550000000003e-69,3046.0
Q31NL7:Q31QV2,1,100.0,1.0,9.140633000000001e-10,474.0
Q31NT9:Q31NU0,1,100.0,1.0,5.220000000000011e-06,506.5
Q31PI7:Q31QV2,1,100.0,1.0,6.330000000401301e-14,731.5
Q31RG0:Q31RG1,1,99.65,0.9964999999999999,1.269e-17,924.0
Q32904:Q41038,1,100.0,1.0,2.6820000000000002e-27,1242.0
Q32KL2:Q5E9K0,1,86.5,0.865,5.8286e-14,636.0
Q32P78:Q3T0Q3,1,98.1,0.981,7.345e-10,1088.0
Q32PE0:Q5E9B8,1,93.5,0.935,1.081000000000049e-09,730.0
Q33CP6:Q45841,1,100.0,1.0,6.28e-20,1480.0
Q33CP8:Q45841,1,100.0,1.0,6.28e-20,1480.5
Q35915:Q95339,0,0.0,0.0,0.0,0.0
Q380Y8:Q38E75,1,85.8,0.858,2.102500000000851e-39,1937.5
Q380Y8:Q38FJ3,1,67.6,0.6759999999999999,2.072e-15,1235.0
Q381A3:Q38BY1,1,91.5,0.915,1.087e-22,1388.5
Q381J6:Q383V6,1,100.0,1.0,8.236500000000001e-18,722.0
Q381T7:Q38AB0,1,57.95,0.5795,1.184e-08,903.5
Q381T7:Q57WF8,1,63.2,0.632,2.5665000014085002e-27,1289.5
Q381T7:Q57Z82,1,98.15,0.9815,1.8035e-28,1660.5
Q382E8:Q38DP8,1,99.7,0.997,1.9175000000000003e-23,1242.0
Q382E8:Q57UA2,1,96.35,0.9635,4.7375e-21,1169.0
Q382Z8:Q383E1,1,100.0,1.0,5.495e-15,1348.5
Q382Z8:Q383I8,1,100.0,1.0,4.567e-17,1080.0
Q382Z8:Q389I7,1,100.0,1.0,5.495e-15,918.0
Q383B7:Q57UC5,1,99.75,0.9975,4.5985e-25,942.5
Q383B7:Q581Q0,1,99.75,0.9975,1.807e-08,636.5
Q383B7:Q586A2,0,0.0,0.0,0.0,0.0
Q383D1:Q383R4,1,96.95,0.9695,5.89e-23,2990.0
Q383D1:Q38DK6,0,0.0,0.0,0.0,0.0
Q383D1:Q57UW6,1,99.15,0.9915,7.095e-22,2128.5
Q383G5:Q57YD4,0,0.0,0.0,0.0,0.0
Q383M2:Q38CI0,0,0.0,0.0,0.0,0.0
Q383R2:Q57U68,1,90.35,0.9035,1.587e-18,1175.0
Q383R2:Q580D5,1,94.6,0.946,1.5870000000001003e-18,1003.0
Q383R2:Q583E5,1,26.25,0.2625,5.65500849e-05,343.5
Q383R4:Q388R7,1,96.75,0.9675,6.015e-40,3188.0
Q383R4:Q389T7,1,93.80000000000001,0.938,2.8465e-41,3177.5
Q383R4:Q38AS2,1,96.75,0.9675,2.055e-34,3078.5
Q383R4:Q38AX6,1,96.7,0.9670000000000001,1.001e-50,3435.0
Q383R4:Q38BS2,1,82.15,0.8215,7.06e-22,2418.5
Q383R4:Q38BW5,1,96.95,0.9695,2.717e-21,2876.0
Q383R4:Q38C96,0,0.0,0.0,0.0,0.0
Q383R4:Q38DK6,0,0.0,0.0,0.0,0.0
Q383R4:Q38DR3,1,96.95,0.9695,1.687e-54,3638.0
Q383R4:Q57VB2,1,59.95,0.5994999999999999,1.5025e-18,1974.5
Q383R4:Q57XL2,1,78.25,0.7825,1.258e-31,2605.0
Q383R4:Q586A1,1,96.55000000000001,0.9655,6.13e-34,3217.0
Q383R4:Q587C2,1,96.65,0.9664999999999999,1.628e-39,3255.0
Q383R4:Q587C4,0,0.0,0.0,0.0,0.0
Q383S1:Q387S8,0,0.0,0.0,0.0,0.0
Q383S1:Q583E5,1,100.0,1.0,1.2235000000008406e-15,814.0
Q383S4:Q38ED8,0,0.0,0.0,0.0,0.0
Q383Y4:Q38CI0,0,0.0,0.0,0.0,0.0
Q383Y4:Q38EM7,1,96.75,0.9675,3.2720000000000012e-31,1525.0
Q384J9:Q38BK6,1,100.0,1.0,3.4575e-13,961.5
Q384J9:Q4FKG9,1,100.0,1.0,3.457500023085e-13,672.0
Q384N9:Q38DR3,1,100.0,1.0,9.015e-23,1651.5
Q384N9:Q38FI3,0,0.0,0.0,0.0,0.0
Q385D9:Q57U30,1,100.0,1.0,3.0820000000000073e-09,760.5
Q385D9:Q57VV0,1,100.0,1.0,1.35357585e-19,951.5
Q385D9:Q57XX0,1,100.0,1.0,2.7570000000007585e-11,783.5
Q385E9:Q38CL1,1,100.0,1.0,2.2228585e-19,820.0
Q385E9:Q57V35,1,100.0,1.0,2.2215e-19,1085.0
Q385E9:Q582N2,1,100.0,1.0,2.2215e-19,1553.0
Q385G9:Q57Z82,1,98.35,0.9835,1.236e-25,2048.5
Q385L5:Q38FG8,1,90.95,0.9095,1.860415e-15,682.0
Q385L5:Q4GZ98,1,90.1,0.901,3.6112e-16,711.5
Q385L8:Q388L7,1,97.65,0.9764999999999999,1.6145e-31,2417.5
Q385L8:Q4GZ99,1,98.4,0.984,4.0385e-34,2559.5
Q385L8:Q57UA2,1,96.6,0.966,1.4665e-20,2187.5
Q385R2:Q386U1,0,0.0,0.0,0.0,0.0
Q38610:Q9AYV5,1,97.7,0.977,5.830000000003117e-11,745.5
Q386Q7:Q580V1,0,0.0,0.0,0.0,0.0
Q386U1:Q387P8,0,0.0,0.0,0.0,0.0
Q386Z1:Q389K3,0,0.0,0.0,0.0,0.0
Q386Z1:Q389N4,0,0.0,0.0,0.0,0.0
Q386Z1:Q580D5,1,92.85,0.9285,2.108e-29,1910.0
Q387C7:Q580V1,1,91.05000000000001,0.9105,1.8400300000000002e-50,2559.0
Q387P8:Q387P8,1,98.95,0.9895,7.30712e-37,1496.5
Q387P8:Q38E61,1,98.1,0.981,3.712e-39,2794.5
Q387P8:Q57W60,1,93.9,0.9390000000000001,3.7120000044579996e-39,1839.5
Q387S8:Q580D5,1,98.35,0.9835,4.9825e-15,901.5
Q388L7:Q38DR3,1,98.55,0.9855,1.6145e-31,1805.0
Q388L8:Q57UC5,1,100.0,1.0,4.1690000000000003e-10,724.5
Q388M2:Q389K3,0,0.0,0.0,0.0,0.0
Q388M2:Q38CK0,0,0.0,0.0,0.0,0.0
Q388M2:Q57YA9,0,0.0,0.0,0.0,0.0
Q388M2:Q580R4,0,0.0,0.0,0.0,0.0
Q388R7:Q38D60,1,93.69999999999999,0.937,2.457500000000006e-25,1320.0
Q389F9:Q389L3,1,89.3,0.893,8.815744999999999e-21,1057.5
Q389F9:Q4GZ99,1,98.5,0.985,4.2980403849999995e-29,1522.0
Q389F9:Q57UW6,1,98.35,0.9835,4.298e-29,2347.5
Q389K3:Q580D5,0,0.0,0.0,0.0,0.0
Q389L3:Q38DK6,0,0.0,0.0,0.0,0.0
Q389L3:Q38DR3,1,99.45,0.9944999999999999,8.81e-21,1593.5
Q389L3:Q38F25,1,100.0,1.0,1.6302700000000001e-18,861.0
Q389L3:Q57UK0,1,86.05000000000001,0.8605,2.673e-17,729.5
Q389N4:Q57WG1,0,0.0,0.0,0.0,0.0
Q389N4:Q583E5,0,0.0,0.0,0.0,0.0
Q389T7:Q38BW5,1,93.4,0.9339999999999999,2.56e-21,1216.0
Q389T7:Q57VB2,0,0.0,0.0,0.0,0.0
Q389T7:Q585C2,1,84.35,0.8434999999999999,2.039e-28,1841.5
Q38AB0:Q57Z82,1,59.1,0.591,1.18400000036e-08,543.0
Q38AB0:Q584V5,1,71.1,0.7110000000000001,1.184e-08,1560.5
Q38AM5:Q57TZ4,1,95.0,0.95,3.8965e-27,2047.0
Q38AM5:Q57UC5,1,95.0,0.95,1.24321335e-27,1129.0
Q38AM5:Q580U5,1,94.25,0.9425,2.334500000000004e-09,658.0
Q38AS2:Q38BW5,1,99.8,0.998,2.7170000000002054e-21,1079.5
Q38AS2:Q38C96,0,0.0,0.0,0.0,0.0
Q38AS2:Q57W62,1,96.75,0.9675,8.270003708499999e-31,1378.5
Q38AS2:Q57YD4,1,92.05,0.9205,7.208e-16,601.0
Q38AS2:Q57ZP8,1,95.15,0.9515,2.055e-34,1963.5
Q38AS2:Q580M9,0,0.0,0.0,0.0,0.0
Q38AS2:Q585C2,1,92.25,0.9225,2.033e-16,1617.5
Q38BP1:Q580V1,1,90.30000000000001,0.903,1.0675e-25,1827.5
Q38BP1:Q586G5,1,91.1,0.911,1.067500000044705e-25,1194.5
Q38BS2:Q38C96,0,0.0,0.0,0.0,0.0
Q38BW5:Q38FQ8,1,89.1,0.891,2.56e-21,1531.0
Q38BW5:Q581T4,0,0.0,0.0,0.0,0.0
Q38BX0:Q38BX0,1,87.0,0.87,5.9555e-45,2174.0
Q38BX0:Q4GZD1,1,93.65,0.9365,9.209500000000001e-46,2149.5
Q38BY1:Q57WF2,0,0.0,0.0,0.0,0.0
Q38C60:Q57XS8,1,82.1,0.821,3.9942765e-25,1072.5
Q38C96:Q57VB2,0,0.0,0.0,0.0,0.0
Q38C96:Q580M9,0,0.0,0.0,0.0,0.0
Q38CD1:Q584U5,1,88.9,0.889,1.4655e-05,576.0
Q38CI4:Q57YL6,1,94.2,0.942,1.629986e-23,1037.5
Q38CY7:Q57V54,1,100.0,1.0,7.785009235e-24,1045.0
Q38CY7:Q57VM1,1,100.0,1.0,9.236745e-30,1238.5
Q38D60:Q38DR3,1,93.9,0.9390000000000001,2.4575e-25,1770.0
Q38DC9:Q38E75,1,93.30000000000001,0.933,6.495e-36,2012.0
Q38DC9:Q38FJ3,1,95.65,0.9565,1.79514505e-58,2418.0
Q38DC9:Q586R9,1,94.19999999999999,0.942,9.935e-28,1696.0
Q38DK6:Q4GZ99,0,0.0,0.0,0.0,0.0
Q38DK6:Q57UA2,0,0.0,0.0,0.0,0.0
Q38DP8:Q4GZ99,1,99.75,0.9975,1.3598447e-30,1401.0
Q38DR3:Q57XL2,1,87.7,0.877,1.258e-31,1772.0
Q38DR3:Q57YK5,1,98.2,0.982,5.205e-25,1708.5
Q38DR3:Q581U4,1,99.85,0.9984999999999999,1.615e-15,1351.5
Q38E61:Q57UW6,1,98.05,0.9804999999999999,2.2315e-55,3613.5
Q38E75:Q38FJ3,1,93.85,0.9385,9.47e-32,1979.0
Q38E75:Q57TZ4,1,95.1,0.9510000000000001,6.495e-36,2300.0
Q38E75:Q57WG6,0,0.0,0.0,0.0,0.0
Q38ED8:Q57U68,1,98.05,0.9804999999999999,4.127e-20,1227.5
Q38ED8:Q57WF8,1,99.65,0.9964999999999999,1.217000000006475e-19,1014.5
Q38ED8:Q57Z82,1,100.0,1.0,4.1270000180350004e-20,948.0
Q38EM7:Q57UC5,1,90.5,0.905,1.243e-27,1384.5
Q38EM7:Q57WW5,1,95.5,0.9550000000000001,1.5625e-19,1199.5
Q38EP7:Q57ZS6,1,81.8,0.8180000000000001,4.4995e-17,1135.0
Q38ET1:Q57WW0,1,76.6,0.766,3.3395000000000003e-16,1062.5
Q38ET1:Q580V1,1,98.35,0.9835,5.6795e-52,2536.5
Q38F25:Q57UK0,1,86.6,0.866,1.2263500000000001e-17,787.0
Q38FG8:Q4GZ98,1,99.65,0.9964999999999999,3.2237999999999997e-16,699.0
Q38FG8:Q585A3,1,97.3,0.973,2.19150042285e-17,826.5
Q38FQ8:Q4GZ99,1,94.75,0.9475,4.0385e-34,1988.0
Q3ACS0:Q3ACS2,1,58.65,0.5865,4.956e-12,2085.0
Q3ACS0:Q3ACS3,1,100.0,1.0,5.29500000025105e-52,2412.5
Q3IY09:Q3IY10,1,99.55000000000001,0.9955,5.92e-30,2012.5
Q3IY10:Q3IY10,1,47.099999999999994,0.471,1.255e-26,1553.5
Q3IY10:Q3IY11,1,99.85,0.9984999999999999,1.0215000000000446e-37,2239.5
Q3IYV6:Q3IYV6,1,97.6,0.976,5.377650000000001e-16,805.5
Q3J170:Q3J1A5,1,100.0,1.0,2.4345004306e-28,1396.5
Q3J170:Q3J1A6,1,100.0,1.0,2.1036e-34,1592.5
Q3J1A5:Q3J1A6,1,100.0,1.0,1.09866e-30,1569.0
Q3M8Q7:Q3M8Q7,0,0.0,0.0,0.0,0.0
Q3MHL7:Q3MHL7,1,95.44999999999999,0.9544999999999999,3.5955e-63,3142.0
Q3MHL7:Q3T0K2,1,99.4,0.994,1.41550037615e-57,3025.5
Q3MHL7:Q3ZCI9,1,99.4,0.994,1.4157457e-57,2941.5
Q3MHN0:Q3T108,1,100.0,1.0,7.2685e-36,1483.5
Q3T0X5:Q3T108,1,96.7,0.967,1.7380000001774e-34,1577.0
Q3T0X5:Q58DU5,1,98.65,0.9864999999999999,2.8154000000000002e-43,1748.5
Q3T0X5:Q5E987,1,98.45,0.9844999999999999,1.101774e-41,1683.0
Q3T0Y5:Q3ZCK9,1,99.5,0.995,1.9465e-42,1707.0
Q3UIU2:Q9DCS9,1,88.2,0.882,1.538000000010515e-10,622.5
Q3ZBG0:Q5E987,1,98.45,0.9844999999999999,2.6850000000000003e-39,1603.5
Q3ZDQ8:Q3ZDR0,1,100.0,1.0,2.1805e-70,4835.0
Q3ZTX8:Q3ZTX8,1,97.2,0.972,6.156499999999999e-14,657.5
Q3ZTX8:Q6EZC2,1,99.0,0.99,6.005e-14,1308.5
Q41038:Q9SQL2,1,99.7,0.997,7.153510000000001e-26,1194.0
Q43965:Q43965,1,96.8,0.968,1.1500999999999999e-26,1336.5
Q43998:Q43998,1,13.05,0.1305,1.8719999999999998e-07,390.0
Q45871:Q45871,1,50.8,0.508,2.3995e-07,1102.0
Q45871:Q45878,1,91.4,0.9139999999999999,1.1735e-18,1350.5
Q46702:Q46704,0,0.0,0.0,0.0,0.0
Q46702:Q46705,0,0.0,0.0,0.0,0.0
Q46704:Q46704,0,0.0,0.0,0.0,0.0
Q46704:Q46705,1,95.1,0.9510000000000001,9.03500000002116e-15,912.0
Q46864:Q46864,0,0.0,0.0,0.0,0.0
Q46864:Q46865,1,95.3,0.9530000000000001,1.789500794e-07,459.0
Q47155:Q47155,1,34.1,0.34099999999999997,4.309e-31,1290.5
Q47PJ1:Q47PJ3,1,98.0,0.98,7.255029315e-53,2428.0
Q47PJ2:Q47PJ3,1,88.8,0.888,2.863e-18,1611.5
Q47PJ2:Q47PJ5,1,84.75,0.8475,2.8630028255e-18,973.0
Q47PJ3:Q47PJ3,1,94.6,0.946,4.57450000007255e-42,2068.5
Q47PJ3:Q47PJ4,1,92.5,0.925,6.995000000000007e-30,1634.0
Q47PJ3:Q47PJ5,1,95.05,0.9505,2.8255e-24,1658.5
Q4CPD8:Q4DZP2,0,0.0,0.0,0.0,0.0
Q4CQ63:Q4DIZ9,1,100.0,1.0,1.604685e-35,1476.0
Q4CQ63:Q4DK40,1,100.0,1.0,4.541e-15,1016.0
Q4CQ63:Q4E3M0,1,100.0,1.0,3.7045e-12,954.0
Q4CQW2:Q4DNZ7,1,98.2,0.982,1.4215e-33,1649.0
Q4CQW2:Q4DZP2,1,98.2,0.982,1.4325e-30,1599.5
Q4CUC7:Q4DN73,1,100.0,1.0,3.2085e-12,859.5
Q4CXR4:Q4D6H7,1,100.0,1.0,1.005000000000392e-06,476.5
Q4CYE4:Q4DZ41,1,100.0,1.0,4.778e-15,1024.0
Q4D6H7:Q4DMK9,1,95.45,0.9545,1.756e-14,941.5
Q4D6I5:Q4DZ41,1,100.0,1.0,2.7570000000024227e-24,1192.0
Q4D7C8:Q4E0Q3,1,100.0,1.0,6.79e-09,789.0
Q4DEK4:Q4E0Q3,1,100.0,1.0,2.641001715e-19,982.0
Q4DGZ5:Q4E093,1,100.0,1.0,3.0853985e-17,718.0
Q4DIV9:Q4DQ35,1,88.19999999999999,0.882,1.831621e-18,786.5
Q4DJY1:Q4E093,1,100.0,1.0,3.71250000030825e-07,497.0
Q4DQ35:Q4DZ31,1,99.65,0.9964999999999999,6.211225e-22,946.5
Q4DTX6:Q4E0Q3,1,100.0,1.0,1.9295e-09,786.5
Q4DZP2:Q4E4Q8,1,100.0,1.0,1.7155014325e-24,1033.0
Q4E4Q8:Q4E661,1,91.9,0.919,2.4719999999999996e-24,912.5
Q4FQF7:Q4FTX3,1,97.65,0.9764999999999999,1.27e-39,2014.0
Q4GZ98:Q57WG6,0,0.0,0.0,0.0,0.0
Q4GZ98:Q584Y2,1,99.6,0.996,3.1570000000000033e-16,924.0
Q4GZ99:Q57UW6,1,98.55,0.9855,3.447e-34,2358.0
Q4GZ99:Q57VQ9,0,0.0,0.0,0.0,0.0
Q4GZA2:Q57WG6,0,0.0,0.0,0.0,0.0
Q4GZA2:Q57YI7,1,98.4,0.984,3.68250729e-35,1804.0
Q4GZA2:Q585A0,1,97.6,0.976,7.29e-41,2425.5
Q4H132:Q70Q12,0,0.0,0.0,0.0,0.0
Q4J9K7:Q4J9K8,1,94.65,0.9465,1.5272840000000001e-15,785.5
Q4J9K8:Q4J9K8,1,58.349999999999994,0.5835,2.0935000000078401e-07,619.5
Q4J9S1:Q4J9S1,1,99.7,0.997,5.33775e-21,1099.5
Q4KFT4:Q4KFT4,1,100.0,1.0,6.83e-09,368.0
Q4L5E3:Q4L5E4,1,99.05,0.9904999999999999,2.6525e-45,3836.0
Q4L5E4:Q4L5E4,1,97.45,0.9744999999999999,0.0,5627.0
Q4PRD1:Q4PRD2,1,97.6,0.976,1.7947e-18,787.5
Q4PRD2:Q7LZ61,1,98.30000000000001,0.983,1.737e-18,1812.0
Q4U2R6:Q9BYD3,0,0.0,0.0,0.0,0.0
Q4U2R6:Q9H9J2,0,0.0,0.0,0.0,0.0
Q4U2R6:Q9HD33,0,0.0,0.0,0.0,0.0
Q4U2R6:Q9NZE8,0,0.0,0.0,0.0,0.0
Q4V8E2:Q63569,1,100.0,1.0,4.459e-42,2066.0
Q50541:Q9KX50,1,95.5,0.9550000000000001,6.375e-23,1464.5
Q50EJ2:Q50EJ2,1,97.45,0.9744999999999999,1.0914999999999999e-21,1031.5
Q50LE9:Q50LF0,1,100.0,1.0,2.3115e-34,4074.0
Q50LE9:Q50LF1,1,78.19999999999999,0.782,1.9145000000000006e-13,883.5
Q50LF0:Q50LF1,1,85.5,0.855,1.9145e-13,3450.5
Q50LF0:Q50LF2,1,100.0,1.0,7.34e-72,4859.5
Q50LF1:Q50LF2,1,89.4,0.8939999999999999,1.9145e-13,1701.0
Q51422:Q51422,1,49.849999999999994,0.4985,4.9995e-69,3020.5
Q51422:Q9HVT7,1,99.75,0.9975,3.3715e-60,3477.0
Q51422:Q9HVT8,1,100.0,1.0,2.1505e-77,3844.0
Q51537:Q51537,1,100.0,1.0,1.90125e-11,507.5
Q52437:Q52440,0,0.0,0.0,0.0,0.0
Q52440:Q52440,1,41.4,0.414,3.8489999999999996e-08,435.5
Q52L64:Q99LC4,1,83.9,0.839,1.882000936e-29,1504.5
Q52SA8:Q52SA8,1,60.9,0.609,6.465000000000656e-08,756.5
Q52SA8:Q52SA9,1,100.0,1.0,9.4450656e-16,919.0
Q53079:Q53079,1,64.55,0.6455,6.774e-26,1119.0
Q53079:Q53080,1,94.0,0.94,6.1350706999999995e-33,1480.5
Q53122:Q53123,1,98.85,0.9884999999999999,3.647e-26,2128.5
Q53123:Q53123,1,16.6,0.166,1.16295e-06,335.0
Q53EH2:Q53EH2,1,56.05,0.5605,3.8353e-51,2183.0
Q53EL6:Q53EL6,1,98.45,0.9844999999999999,1.04855225e-09,728.0
Q53W17:Q53W17,1,99.5,0.995,1.1483500000000001e-52,2865.0
Q53W63:Q53W63,1,32.8,0.328,1.3065e-05,299.5
Q53W63:Q5SHR6,1,32.75,0.3275,4.9335000001755004e-06,500.0
Q53W63:Q5SKW1,1,36.55,0.3655,8.01500000045805e-07,628.5
Q54714:Q54715,1,100.0,1.0,1.0216e-18,975.5
Q548M1:Q548M1,1,77.80000000000001,0.778,5.7631e-65,3158.5
Q548M1:Q7BGE6,1,96.4,0.964,3.747e-13,2093.0
Q54944:Q57231,0,0.0,0.0,0.0,0.0
Q54G86:Q551M2,1,100.0,1.0,1.1285e-19,1159.0
Q56217:Q56220,1,43.3,0.433,5.775e-06,919.0
Q56217:Q56225,1,100.0,1.0,2.22901e-14,625.0
Q56217:Q56226,1,37.85,0.3785,7.434e-05,233.0
Q56218:Q56224,1,100.0,1.0,1.85422e-25,984.5
Q56219:Q56224,1,38.0,0.38,2.6194850000000005e-10,457.5
Q56220:Q56224,1,51.75,0.5175000000000001,5.54e-18,1260.0
Q56221:Q56222,1,100.0,1.0,2.301e-27,1847.0
Q56221:Q56223,1,33.05,0.3305,8.88e-14,1446.5
Q56222:Q56223,1,39.05,0.39049999999999996,1.9115e-42,2110.0
Q56223:Q56224,1,98.5,0.985,7.22e-28,2715.5
Q56223:Q5SI52,1,98.5,0.985,3.2565e-15,2610.0
Q56223:Q5SKZ7,0,0.0,0.0,0.0,0.0
Q56224:Q5SKZ7,0,0.0,0.0,0.0,0.0
Q56224:Q60019,1,49.0,0.49,5.540000029435e-18,1047.0
Q56225:Q56227,1,100.0,1.0,3.926e-17,2171.5
Q56225:Q56229,1,100.0,1.0,3.926e-17,1677.5
Q56226:Q56227,1,100.0,1.0,1.3225e-11,2038.5
Q56226:Q56229,1,100.0,1.0,1.3225e-11,1544.5
Q56228:Q56229,1,61.4,0.614,2.021e-16,1770.5
Q56229:Q56229,1,61.75,0.6174999999999999,6.405e-15,1726.0
Q56304:Q56304,1,51.4,0.514,5.1177e-45,2153.0
Q56403:Q56403,1,59.85,0.5985,2.26e-17,2215.5
Q56403:Q56404,1,100.0,1.0,1.2605e-61,3117.0
Q56992:Q56992,1,44.95,0.4495,1.0993500000000001e-20,1155.0
Q56992:Q56993,1,95.95,0.9595,8.175000000008395e-32,1739.0
Q56993:Q56993,1,40.55,0.40549999999999997,3.9211000000000006e-24,1040.5
Q57231:Q57231,0,0.0,0.0,0.0,0.0
Q57565:Q57565,1,94.3,0.943,1.3128949e-38,1946.0
Q57565:Q58440,1,100.0,1.0,4.1998999999999995e-12,584.5
Q57815:Q57815,1,96.75,0.9675,7.884e-42,1924.0
Q57U68:Q57Z82,1,98.05,0.9804999999999999,1.803500000000001e-28,1396.5
Q57U68:Q586A2,1,95.75,0.9575,5.96500000138e-31,1376.5
Q57UA2:Q57UK0,1,76.95,0.7695,3.9111850000000005e-15,660.5
Q57UA2:Q582T9,1,71.7,0.717,3.89952212e-15,706.0
Q57UC5:Q580U5,1,100.0,1.0,2.3345e-09,689.0
Q57UC5:Q586A2,1,95.0,0.95,1.2435965e-27,1126.5
Q57UM6:Q586A6,1,82.85,0.8285,1.555589e-21,885.0
Q57UW6:Q581T4,0,0.0,0.0,0.0,0.0
Q57UZ6:Q57W62,1,82.5,0.825,9.59e-15,1032.5
Q57UZ6:Q57WW0,0,0.0,0.0,0.0,0.0
Q57UZ6:Q57YD4,0,0.0,0.0,0.0,0.0
Q57UZ6:Q57Z45,1,80.19999999999999,0.802,9.59e-15,1628.5
Q57UZ6:Q585C2,1,82.6,0.826,9.59e-15,1416.0
Q57V35:Q582N2,1,100.0,1.0,4.463e-36,1830.0
Q57V54:Q582N2,1,100.0,1.0,1.6785e-29,1705.5
Q57VB2:Q585I1,1,45.55,0.4555,2.7500000000015026e-06,524.0
Q57WG1:Q57YI7,1,96.4,0.964,3.619775e-32,1518.0
Q57WG1:Q584F4,1,96.4,0.964,1.805e-08,996.5
Q57WW0:Q580I0,0,0.0,0.0,0.0,0.0
Q57WW0:Q580V1,1,76.9,0.769,3.3395e-16,1181.5
Q57WW0:Q584U8,1,79.3,0.793,3.3395013755e-16,848.0
Q57WW0:Q586G5,1,85.0,0.8500000000000001,3.339500000003442e-16,822.0
Q57WW5:Q57Z82,1,100.0,1.0,1.5625012360000002e-19,849.0
Q57XL2:Q586A1,1,77.35,0.7735,3.8800125799999997e-26,1274.5
Q57YD4:Q585C2,1,99.5,0.995,5.175e-16,1580.5
Q57YI7:Q585A3,1,97.1,0.971,4.22850000007275e-24,1155.5
Q57Z45:Q580V1,1,97.35,0.9735,8.03e-53,2978.0
Q57Z45:Q584U8,1,98.15,0.9815,3.0055e-30,2407.0
Q57Z82:Q584V5,1,100.0,1.0,1.8035e-28,2156.0
Q57ZS6:Q580D5,1,84.65,0.8465,1.004000000006785e-31,1482.5
Q57ZS6:Q583E5,1,81.8,0.8180000000000001,8.40500000001105e-28,1330.5
Q57ZS6:Q586A6,1,81.8,0.8180000000000001,8.60500000001105e-28,1343.0
Q57ZS6:Q586R9,1,84.65,0.8465,4.7055e-42,1724.5
Q580V1:Q584U8,1,99.7,0.997,8.105e-34,2116.5
Q580V1:Q586G5,1,99.2,0.992,4.4705e-36,1964.0
Q581Q0:Q584V5,1,100.0,1.0,1.807e-08,1790.5
Q58293:Q58293,1,94.6,0.946,1.14754e-52,2119.5
Q584U8:Q586G5,1,100.0,1.0,3.0055044705e-30,1393.0
Q585I1:Q586A1,1,92.45,0.9245,3.2090000000613005e-23,1312.0
Q58634:Q58634,1,66.25,0.6625,3.043000000000001e-17,1022.0
Q58634:Q60177,1,100.0,1.0,3.44255e-33,1399.0
Q587A7:Q587B3,1,92.75,0.9275,2.2560000000000325e-28,1483.5
Q587B3:Q587B3,1,85.2,0.852,7.2355e-28,1119.5
Q58876:Q59072,1,98.65,0.9864999999999999,3.248e-21,1637.5
Q59054:Q59054,1,51.099999999999994,0.511,4.59045e-43,1837.5
Q59062:Q59062,1,81.55000000000001,0.8155,5.7355e-36,1545.0
Q59062:Q59063,1,79.80000000000001,0.798,6.03500000035015e-26,1297.5
Q59072:Q59072,1,96.5,0.965,6.721e-58,2387.5
Q59109:Q59110,1,55.9,0.5589999999999999,1.4735001105e-45,1975.5
Q59110:Q59110,1,38.45,0.38449999999999995,9.965e-26,1424.0
Q59111:Q59111,1,21.95,0.2195,1.6119e-15,657.0
Q59111:Q59112,1,100.0,1.0,3.807000000003932e-46,1998.5
Q59961:Q59961,1,96.2,0.962,1.5536e-29,1290.5
Q59DX6:Q9VMN9,1,99.8,0.998,1.781e-35,1993.0
Q59DZ4:Q9VMN6,1,100.0,1.0,5.435000000000035e-38,1991.5
Q5D6Y4:Q5D6Y5,0,0.0,0.0,0.0,0.0
Q5D6Y5:Q5D6Y5,0,0.0,0.0,0.0,0.0
Q5F881:Q5F881,1,100.0,1.0,6.1294999999999996e-09,319.0
Q5F881:Q5F882,0,0.0,0.0,0.0,0.0
Q5HED0:Q5HED0,1,98.7,0.987,6.2759e-20,816.5
Q5HED0:Q5HGK0,1,97.85,0.9784999999999999,4.46650000013825e-09,586.5
Q5I7K3:Q8L804,1,100.0,1.0,1.9005e-06,673.5
Q5I7K5:W5AP46,1,100.0,1.0,8.989e-06,260.5
Q5JDH1:Q5JDH6,1,87.9,0.879,6.31510455e-08,411.5
Q5JDH3:Q5JJF1,1,100.0,1.0,5.3505235e-18,767.5
Q5JDH5:Q5JFZ5,1,98.95,0.9895,1.99250000000005e-19,998.5
Q5JDH5:Q5JJG2,1,100.0,1.0,9.28e-10,836.5
Q5JDJ0:Q5JJF6,1,100.0,1.0,2.1095e-24,1680.5
Q5JDJ0:Q5JJF8,1,100.0,1.0,1.7315e-22,1699.5
Q5JDM8:Q5JE32,0,0.0,0.0,0.0,0.0
Q5JDM8:Q5JJF4,0,0.0,0.0,0.0,0.0
Q5JE32:Q5JE32,1,39.8,0.398,7.277000000000001e-91,4262.0
Q5JE32:Q5JE33,1,99.65,0.9964999999999999,0.0,6275.0
Q5JE32:Q5JE34,1,100.0,1.0,2.06e-44,4543.0
Q5JE32:Q5JE88,1,100.0,1.0,5.25e-16,3852.0
Q5JE32:Q5JIY4,1,97.75,0.9775,1.594e-28,4129.5
Q5JE32:Q5JJC9,1,100.0,1.0,1.239e-07,3718.5
Q5JE32:Q5JJF4,1,42.5,0.42500000000000004,2.5775e-21,3031.0
Q5JE34:Q5JJD0,1,47.0,0.47,0.00036055,763.0
Q5JF31:Q5JGL0,1,100.0,1.0,1.281e-08,1310.5
Q5JF31:Q5JIT2,1,92.85,0.9285,1.96174355e-20,913.5
Q5JF32:Q5JF32,1,32.4,0.324,1.5120000000000001e-19,911.0
Q5JF32:Q5JH72,0,0.0,0.0,0.0,0.0
Q5JFE2:Q5JJG8,1,100.0,1.0,4.769e-08,893.5
Q5JFV9:Q5JFW0,1,100.0,1.0,1.763e-07,1142.5
Q5JFW0:Q5JFW0,1,99.25,0.9924999999999999,5.122849999999999e-47,1935.5
Q5JFZ5:Q5JJG2,1,100.0,1.0,1.08850000019925e-09,520.0
Q5JGN5:Q5JJE2,1,100.0,1.0,8.335e-23,889.0
Q5JGN5:Q5JJF1,1,100.0,1.0,5.389500000000001e-22,884.0
Q5JH47:Q5JJ62,1,100.0,1.0,1.890500000000002e-18,1024.0
Q5JI51:Q5JJG7,1,91.75,0.9175,4.580500030035001e-16,847.0
Q5JI52:Q5JIY4,1,46.45,0.4645,9.51000000000002e-07,661.5
Q5JIH3:Q8NKS2,1,94.35,0.9435,1.7115e-20,1431.0
Q5JII0:Q5JII0,1,98.6,0.986,2.3313e-09,433.5
Q5JII0:Q5JII1,0,0.0,0.0,0.0,0.0
Q5JII1:Q5JII1,0,0.0,0.0,0.0,0.0
Q5JII1:Q5JII7,0,0.0,0.0,0.0,0.0
Q5JJ62:Q5JJ62,1,19.55,0.1955,2.5675e-07,314.0
Q5JJC9:Q5JJF4,1,47.2,0.472,6.840000000009099e-06,522.0
Q5JJG3:Q5JJG8,1,100.0,1.0,1.867000000000011e-22,1179.5
Q5KSB7:Q7M413,1,100.0,1.0,5.7985e-15,774.5
Q5KSB7:Q7M419,1,100.0,1.0,6.44e-15,768.0
Q5KWZ6:Q5KWZ7,1,100.0,1.0,4.5235e-21,2055.0
Q5KWZ7:Q5KWZ7,1,99.3,0.993,1.9840037189999998e-70,3209.0
Q5L1X8:Q5L1X8,1,26.35,0.2635,6.214e-26,1116.0
Q5L3Y1:Q5L3Y2,1,98.6,0.986,1.420500000006215e-35,1651.5
Q5L3Y2:Q5L3Y2,1,96.55,0.9655,9.6190015e-41,1764.0
Q5M2Z6:Q5M2Z6,1,94.44999999999999,0.9445,2.20705e-31,1190.5
Q5NIJ6:Q5NIJ6,1,98.55,0.9855,3.7392499999999997e-47,2623.5
Q5P5I0:Q5P5I1,1,100.0,1.0,5.465e-50,3771.5
Q5P5I1:Q5P5I2,1,100.0,1.0,1.2565e-33,1757.0
Q5P8S7:Q5P8S7,1,46.2,0.462,1.3841e-29,1198.0
Q5QNW6:Q93077,1,100.0,1.0,4.209581e-13,613.5
Q5R1B3:Q5R1B3,1,98.8,0.988,7.141000000000001e-13,609.0
Q5RKV6:Q96B26,1,96.35,0.9635,1.880501012e-40,1719.0
Q5SGX1:Q5SGX2,1,100.0,1.0,2.6665e-47,3802.0
Q5SHE6:Q5SHQ8,1,99.75,0.9975,2.213e-07,1383.0
Q5SHP2:Q5SJH5,1,100.0,1.0,1.5410000000004957e-13,844.5
Q5SHQ5:Q8RR57,0,0.0,0.0,0.0,0.0
Q5SHR6:Q8RQE9,1,98.3,0.983,1.4695e-40,4466.5
Q5SIT5:Q5SIT6,0,0.0,0.0,0.0,0.0
Q5SIT6:Q5SIT7,1,100.0,1.0,1.4975e-07,1981.5
Q5SIX3:Q5SJ23,1,97.35,0.9735,4.3945e-34,2799.0
Q5SJ82:Q5SJ82,1,56.05,0.5605,3.62055e-23,925.5
Q5SJ82:Q5SJ83,1,95.69999999999999,0.957,1.34050000032735e-22,1046.0
Q5SJH5:Q5SJH5,0,0.0,0.0,0.0,0.0
Q5SKW1:Q8RQE9,1,97.75,0.9775,3.123e-38,4712.5
Q5SL87:Q9F1Q3,1,99.8,0.998,7.43e-26,1477.0
Q5SLI2:Q5SLI2,1,33.2,0.332,1.5405e-11,523.0
Q5T4W7:Q5T4W7,1,36.8,0.368,9.1295e-07,327.5
Q5TBB1:Q8TDP1,1,89.9,0.899,1.07900000002011e-17,971.5
Q5XJY5:Q5XJY5,1,98.5,0.985,1.748025e-42,1914.0
Q5XJY5:Q9JIF7,1,93.3,0.933,2.981e-17,1976.5
Q5Y7C3:Q5Y7C3,1,98.6,0.986,6.013000000000001e-29,1294.5
Q5ZIS0:Q9YHT2,1,86.25,0.8625,3.3355e-11,1058.0
Q5ZS31:Q5ZYD0,1,100.0,1.0,2.3101849999999998e-11,531.5
Q5ZSB6:Q5ZSB6,1,94.2,0.942,1.6e-29,1374.0
Q5ZY48:Q5ZYD0,0,0.0,0.0,0.0,0.0
Q60177:Q60177,1,65.5,0.655,9.48e-17,1092.0
Q60692:Q9QUM9,1,97.5,0.975,1.133500027935e-34,1532.5
Q61730:Q8BVZ5,1,93.15,0.9315,2.41e-19,1543.5
Q63273:Q63273,1,99.7,0.997,3.4381645000000005e-52,2410.0
Q63347:Q63569,1,99.85,0.9984999999999999,1.611634e-50,2128.0
Q64339:Q9WTV6,1,37.35,0.3735,4.328000000002438e-09,620.0
Q64845:Q64845,0,0.0,0.0,0.0,0.0
Q65914:Q65914,0,0.0,0.0,0.0,0.0
Q65AT0:Q65AT0,1,13.95,0.1395,5.9215e-06,313.5
Q65AT0:Q65AT1,1,99.55,0.9955,4.5805e-25,2104.0
Q65XY8:Q6L7B0,1,82.1,0.821,2.208e-13,1335.5
Q65Z69:Q65Z69,1,26.15,0.2615,7.929e-22,974.5
Q65ZC0:Q65ZC0,1,81.65,0.8165,1.9271e-30,1446.0
Q65ZC0:Q91Z05,1,84.25,0.8425,8.600002058e-28,1469.0
Q66K64:Q66K64,1,90.69999999999999,0.907,1.962508505e-18,970.5
Q66K64:Q9BW61,1,85.25,0.8525,2.858e-08,1262.0
Q68E01:Q9BQ15,1,99.85,0.9984999999999999,2.4535e-17,1909.5
Q68E01:Q9NRY2,0,0.0,0.0,0.0,0.0
Q69535:Q69535,1,100.0,1.0,3.441e-23,1089.5
Q69535:Q9QJ26,0,0.0,0.0,0.0,0.0
Q69535:Q9QJ27,0,0.0,0.0,0.0,0.0
Q695T7:Q9BYF1,1,100.0,1.0,7.285000000000048e-63,3792.0
Q6C326:Q6C338,1,99.4,0.994,3.405e-37,2438.0
Q6C326:Q6CFT7,1,100.0,1.0,1.414645e-78,3295.0
Q6C338:Q6C877,1,96.85,0.9684999999999999,2.66e-14,1080.0
Q6C338:Q6CFT7,1,99.4,0.994,3.405e-37,2405.0
Q6C4W9:Q9B6C7,1,100.0,1.0,2.7526085e-14,622.0
Q6C674:Q9B6D3,1,99.3,0.993,5.055e-13,1920.5
Q6C7X4:Q9B6C7,1,100.0,1.0,2.7485e-14,1445.0
Q6CGB4:Q9B6E9,1,100.0,1.0,7.527e-15,713.0
Q6CIM1:Q6CPG3,1,100.0,1.0,4.35600000005435e-08,488.5
Q6CIM1:Q6CRK7,1,100.0,1.0,5.435e-19,1074.0
Q6CJ70:Q6CJ70,1,96.55,0.9655,8.24e-22,1510.5
Q6CJ70:Q6CTL1,1,72.8,0.728,2.4601494500000002e-16,823.5
Q6CJK0:Q6CNL2,1,100.0,1.0,1.5755012145e-11,657.0
Q6CJL7:Q6CR18,1,100.0,1.0,1.7985e-11,891.5
Q6CJR7:Q6CL98,1,100.0,1.0,3.5675e-29,1908.5
Q6CJR7:Q6CP75,1,100.0,1.0,2.7755e-20,1772.0
Q6CK37:Q6CPM4,1,23.450000000000003,0.2345,1.8737650000000002e-11,619.0
Q6CK37:Q6CRD4,1,89.6,0.8959999999999999,9.317000000000001e-37,1834.0
Q6CK59:Q6CK60,1,100.0,1.0,9.2685e-13,548.5
Q6CK59:Q6CMU6,1,100.0,1.0,1.7016350000000003e-11,526.5
Q6CKL3:Q6CN12,1,94.0,0.94,3.0742165e-22,950.5
Q6CKL3:Q6CW21,1,96.0,0.96,8.125003071e-16,787.0
Q6CL77:Q6CMU6,0,0.0,0.0,0.0,0.0
Q6CL77:Q6CTI2,0,0.0,0.0,0.0,0.0
Q6CLK3:Q6CQN5,0,0.0,0.0,0.0,0.0
Q6CLK3:Q6CT27,0,0.0,0.0,0.0,0.0
Q6CLY5:Q6CXF3,1,95.65,0.9565,1.57350000021855e-42,2342.0
Q6CMG3:Q6CX80,1,96.95,0.9695,4.627513015e-23,1058.0
Q6CN12:Q6CWU3,1,90.65,0.9065000000000001,4.341e-15,934.5
Q6CNI7:Q6CRK7,1,99.05,0.9904999999999999,1.2445001313000001e-37,1812.0
Q6CNI7:Q875N2,1,80.65,0.8065,1.4000000000615502e-15,957.0
Q6CNL2:Q6CW21,1,100.0,1.0,1.58350000368e-12,691.5
Q6CNL2:Q6CXT6,1,100.0,1.0,1.6701500000000001e-12,528.0
Q6CPD1:Q6CQN5,0,0.0,0.0,0.0,0.0
Q6CPD1:Q6CT27,0,0.0,0.0,0.0,0.0
Q6CPG3:Q6CRK7,1,100.0,1.0,4.356e-08,881.5
Q6CPG3:Q6CVZ5,1,100.0,1.0,9.23500020745e-09,478.0
Q6CPM4:Q6CPM4,1,21.9,0.219,5.107e-10,547.0
Q6CQN5:Q6CT27,0,0.0,0.0,0.0,0.0
Q6CR18:Q6CWR9,1,100.0,1.0,1.7985e-11,810.0
Q6CRA3:Q875N2,1,93.75,0.9375,2.511001054e-12,687.0
Q6CRK7:Q6CVZ5,1,100.0,1.0,3.733e-15,1030.5
Q6CRK7:Q6CWU3,1,100.0,1.0,1.756e-16,1067.5
Q6CS01:Q6CWD0,1,100.0,1.0,1.2925e-14,999.0
Q6CTD6:Q6CW21,1,94.05,0.9405,7.820000435050001e-17,810.0
Q6CUS2:Q6CWC7,1,90.5,0.905,1.0555e-24,2158.0
Q6CW21:Q6CXT6,1,100.0,1.0,8.665000368e-14,702.5
Q6CW78:Q6CWT9,1,100.0,1.0,1.8415000000040007e-11,672.5
Q6CWT9:Q6CXM0,1,100.0,1.0,7.5997e-22,873.0
Q6CXM0:Q875N2,1,92.75,0.9275,4.594319e-16,707.0
Q6EDW1:Q6EDW3,0,0.0,0.0,0.0,0.0
Q6EDW1:Q6EDX0,0,0.0,0.0,0.0,0.0
Q6G2A9:Q6G2A9,1,49.7,0.497,7.22e-17,828.0
Q6GMW3:Q6GMW3,1,92.1,0.921,4.8116475e-31,1477.5
Q6GMX0:S6B291,1,91.85,0.9185,2.04196e-32,1538.5
Q6GMX4:S6B2B6,1,91.75,0.9175,4.9309e-34,1560.0
Q6GMX6:Q8N355,1,94.45,0.9445,8.025000631500001e-28,1440.0
Q6HAC3:Q6HAD7,1,11.3,0.113,0.0003296535,267.5
Q6HAC7:Q6HAD0,1,91.2,0.912,1.8315e-15,1423.0
Q6HAD0:Q6HAD2,1,51.75,0.5175000000000001,5.310000000000001e-10,783.5
Q6HAD0:Q6HAD5,1,58.45,0.5845,1.8315002602999997e-15,811.5
Q6HAD1:Q6HAD2,1,97.9,0.979,5.495e-31,2302.5
Q6HAD2:Q6HAD2,1,11.05,0.11050000000000001,0.00020784499999999999,272.5
Q6HAD4:Q6HAD5,1,62.85,0.6285000000000001,2.7390000000000003e-22,1010.5
Q6HAD5:Q6HAD6,1,52.65,0.5265,4.3745e-19,1479.0
Q6HAD5:Q6HAD7,1,62.9,0.629,2.471e-21,1542.5
Q6HAD6:Q6HAD7,1,89.75,0.8975,3.7753635e-51,2136.5
Q6HAD6:Q6HAD8,1,49.4,0.494,2.7475e-11,1364.5
Q6IAA8:Q9UHA4,0,0.0,0.0,0.0,0.0
Q6IPQ0:S6C4S0,1,90.65,0.9065,4.1077305e-33,1559.0
Q6IV62:Q6IV66,1,99.85,0.9984999999999999,6.02e-33,2292.0
Q6IV65:Q6IV66,1,99.75,0.9975,4.833e-13,1639.5
Q6N030:Q6P5S8,1,87.15,0.8714999999999999,2.5515003779e-29,1499.5
Q6N089:Q6PIL8,1,92.69999999999999,0.927,7.732679e-33,1581.0
Q6N095:Q6PIL8,1,85.5,0.855,5.9854400000000005e-31,1463.5
Q6NER4:Q6NER4,1,15.5,0.155,1.518775e-10,506.5
Q6P1X5:Q7Z7C8,1,87.35,0.8734999999999999,1.852e-21,3156.5
Q6P4F2:Q6P4F2,1,42.4,0.424,1.8185e-05,254.0
Q6PJF2:S6C4S0,1,89.5,0.895,3.8642e-34,1561.5
Q6PJG0:S6C4S0,1,91.80000000000001,0.918,5.6485e-35,1591.0
Q6QCL4:Q6QCL5,1,94.80000000000001,0.948,1.068e-29,2172.5
Q6QCL4:Q6QCN5,1,90.65,0.9065,1.3991862e-23,1013.0
Q6QCL5:Q6QCN5,1,89.2,0.8919999999999999,9.51e-26,2116.5
Q6S3H8:Q6S3I0,1,82.9,0.829,4.0195023135000005e-61,2736.5
Q6TKR8:Q6TKR9,0,0.0,0.0,0.0,0.0
Q6TLM0:Q6TLM1,0,0.0,0.0,0.0,0.0
Q6TPG9:Q6TPH0,1,99.6,0.996,2.70767e-20,861.5
Q6TPH0:Q6TPH0,1,68.0,0.6799999999999999,2.31600000003217e-11,692.5
Q6TS43:Q6TS43,0,0.0,0.0,0.0,0.0
Q6TS43:Q914N6,0,0.0,0.0,0.0,0.0
Q6U8B1:Q6U8B1,1,92.44999999999999,0.9245000000000001,6.919495e-24,1050.5
Q6UXL0:Q9NYY1,1,99.1,0.991,4.911000000000751e-18,1110.0
Q6V1L5:Q6V1L5,1,51.4,0.514,9.297e-32,1270.0
Q6V7J5:Q9GJ77,1,94.7,0.9470000000000001,1.748e-16,1394.0
Q6VY99:Q6VY99,1,99.35,0.9935,8.6585e-66,2924.0
Q6XBY4:Q6XBY7,1,91.75,0.9175,7.555e-16,1158.0
Q6XBY7:Q6XBY7,1,100.0,1.0,1.0411e-16,814.5
Q6ZYL4:Q92759,1,100.0,1.0,1.04025e-06,361.0
Q70LC6:Q70LC7,1,100.0,1.0,8.7328e-10,509.5
Q70LC7:Q70LC7,0,0.0,0.0,0.0,0.0
Q716H4:Q716H4,1,100.0,1.0,4.128e-15,736.5
Q71CG3:Q71CG4,1,67.5,0.675,1.7725e-20,1917.0
Q71CG3:Q71CG5,1,99.75,0.9975,1.1131824499999999e-80,3393.5
Q71RW8:Q9AM02,1,99.7,0.997,6.3956e-18,962.0
Q72C27:Q72C27,1,29.45,0.2945,4.4315e-26,1094.0
Q72EF3:Q72EF3,1,68.0,0.68,4.2262e-40,2155.5
Q72EF3:Q72EF4,1,100.0,1.0,7.63e-18,1788.0
Q72EF4:Q72EF4,0,0.0,0.0,0.0,0.0
Q72G84:Q72GV5,1,100.0,1.0,1.30500000004195e-13,737.5
Q72GR8:Q72GS0,1,100.0,1.0,2.1745e-23,1912.5
Q72GR9:Q72GR9,0,0.0,0.0,0.0,0.0
Q72GR9:Q72GS0,1,100.0,1.0,1.543e-10,978.5
Q72GS0:Q72GS0,1,97.4,0.974,1.3371500000000001e-53,2803.5
Q72GS2:Q72I01,1,61.7,0.617,0.0001715,1932.0
Q72H91:Q72H91,1,49.4,0.494,1.257e-16,821.0
Q72HM5:Q72I32,1,98.25,0.9824999999999999,1.4695e-40,4468.5
Q72HM5:Q72L95,1,97.69999999999999,0.977,2.6585e-38,4714.5
Q72HR2:Q72L76,1,100.0,1.0,2.3550199999999998e-12,632.5
Q72I32:Q72I32,1,99.75,0.9975,5.479e-40,1628.5
Q72IC0:Q72IC1,1,72.65,0.7265,2.6405e-42,2497.0
Q72IC1:Q72IC1,1,99.4,0.994,8.47115e-64,2979.0
Q72IN1:Q72L76,1,100.0,1.0,6.3250000002718e-13,743.0
Q72J04:Q72J05,1,99.9,0.999,1.7055805e-74,3646.5
Q72LA5:Q72LA6,1,99.6,0.996,1.3340000001354e-26,1400.0
Q72LA6:Q72LA6,0,0.0,0.0,0.0,0.0
Q750S2:Q750S2,1,91.75,0.9175,2.2378e-78,4585.0
Q75VY6:Q75VY8,1,100.0,1.0,2.40915e-29,1270.0
Q75VY6:Q84Y02,1,100.0,1.0,2.102865e-28,1271.5
Q75VY7:Q84Y02,1,100.0,1.0,3.416e-28,1274.5
Q76FB0:Q9TM46,1,100.0,1.0,2.98e-19,1808.5
Q76FB0:Q9ZQS5,1,100.0,1.0,7.9950298e-14,689.5
Q76KA9:Q76KA9,1,22.35,0.2235,2.8155e-28,1258.0
Q76RF4:Q76RF4,0,0.0,0.0,0.0,0.0
Q76RG8:Q76RG8,1,97.2,0.972,1.6495e-37,1536.5
Q79PF4:Q79PF4,1,98.55000000000001,0.9855,3.88559e-77,3250.0
Q79PF4:Q79PF5,1,84.1,0.841,3.2015e-13,983.0
Q79PF4:Q79PF6,1,70.15,0.7015,4.787e-09,941.5
Q79PF6:Q79PF6,1,93.95,0.9395,4.5675e-31,1375.0
Q79T00:Q9AET5,1,16.9,0.16899999999999998,2.7245e-21,1225.5
Q79V60:Q79V62,1,98.05000000000001,0.9804999999999999,1.1995e-13,1083.0
Q79V61:Q79V62,1,97.35,0.9735,1.7685e-13,576.0
Q79V62:Q79V62,1,97.7,0.977,1.3608e-13,622.5
Q7CJV2:Q8ZIK3,1,98.35,0.9835,1.837e-25,2327.0
Q7DK11:Q7DK12,1,100.0,1.0,2.306e-21,1333.5
Q7DK12:Q7DK12,1,15.4,0.154,6.6405e-08,370.5
Q7JMX2:Q9GNZ8,1,66.95,0.6695,2.1025e-25,1382.5
Q7JVK6:Q7JVK6,1,98.25,0.9824999999999999,9.427e-23,1174.0
Q7JVK6:Q9VF77,1,87.9,0.879,4.53600917e-18,1056.5
Q7K6A9:Q8I6T3,1,96.0,0.96,6.081899999999999e-32,1377.5
Q7L523:Q9Y2Q5,1,95.4,0.954,2.682e-18,1223.5
Q7L576:Q8WUW1,0,0.0,0.0,0.0,0.0
Q7L576:Q9Y2A7,1,96.5,0.965,3.9475e-102,6282.5
Q7L5N1:Q92905,1,39.8,0.398,0.000104452111,314.0
Q7L5N1:Q99627,1,92.0,0.9199999999999999,2.5625e-22,1374.0
Q7L5N1:Q9UNS2,1,98.6,0.986,2.0440014635e-40,2014.5
Q7M413:Q7M418,1,100.0,1.0,4.968e-16,840.5
Q7M7C7:Q7M7F7,1,100.0,1.0,3.1990000000000003e-19,978.0
Q7M7F7:Q7M7F7,1,75.1,0.751,1.1209000000000001e-15,797.5
Q7NLD6:Q7NLD7,1,99.7,0.997,3.979e-18,946.5
Q7NU07:Q7NU07,1,23.45,0.2345,1.0304e-18,823.0
Q7RTN6:Q9Y376,1,91.5,0.915,2.008500006635e-34,1967.5
Q7SIB4:Q7SIB4,1,76.6,0.766,8.528000000000001e-47,2111.0
Q7SID0:Q7SID0,1,100.0,1.0,2.4475e-15,773.5
Q7TMF3:Q8K3J1,1,91.44999999999999,0.9145000000000001,3.0195001432e-22,951.5
Q7VD37:Q7VD38,1,96.2,0.962,2.6835027814999996e-65,2773.5
Q7VD37:Q7VD39,1,100.0,1.0,9.38e-44,2183.5
Q7VD38:Q7VD39,1,96.2,0.962,9.38e-44,2341.0
Q7VD39:Q7VD39,1,70.15,0.7015,1.0387e-33,1394.0
Q7VL95:Q7VL95,1,93.2,0.9319999999999999,6.065000000016775e-11,703.0
Q7W6X1:Q7W6X1,1,19.5,0.195,2.2041e-16,752.0
Q7WTR6:Q7WTR6,1,19.049999999999997,0.1905,3.784e-44,2141.5
Q7WXQ3:Q7WXQ4,1,100.0,1.0,1.2145e-56,2912.5
Q7WXQ4:Q7WXQ4,0,0.0,0.0,0.0,0.0
Q7Z2W9:Q9H9J2,1,77.5,0.775,1.6075000000000275e-14,993.5
Q7Z2W9:Q9NVS2,0,0.0,0.0,0.0,0.0
Q7Z2Z2:Q9Y3A5,1,15.75,0.1575,0.00029465,1154.0
Q7Z3Y4:S6C4S0,1,90.8,0.908,4.246349999999999e-34,1579.0
Q7Z6A9:Q92956,1,96.25,0.9624999999999999,4.1977625e-14,728.0
Q7Z6M4:Q7Z6M4,0,0.0,0.0,0.0,0.0
Q7Z6M4:Q96CB9,1,99.1,0.991,3.927e-21,1710.0
Q7Z7F7:Q96GC5,1,100.0,1.0,1.3180000000000021e-05,534.0
Q7Z7F7:Q9H2W6,1,98.3,0.983,1.2965e-11,943.5
Q7Z7F7:Q9NQ50,1,100.0,1.0,9.145009675e-10,480.5
Q7Z7H8:Q96EL3,1,100.0,1.0,2.7540000007875e-16,807.5
Q7Z7H8:Q9BQC6,0,0.0,0.0,0.0,0.0
Q80ZV0:Q9CWY8,1,82.75,0.8275,1.9725e-20,1295.0
Q81FK8:Q81FK8,1,24.65,0.2465,1.0447999999999999e-07,359.0
Q81RQ8:Q81RQ8,1,98.6,0.986,8.554e-74,3726.5
Q81U22:Q81U22,1,28.2,0.282,9.4045e-24,975.5
Q835S6:Q835S6,1,99.0,0.99,2.10905e-14,576.5
Q83XC9:Q83XD0,1,33.150000000000006,0.3315,7.540000013979999e-10,766.0
Q83XC9:Q83XD1,0,0.0,0.0,0.0,0.0
Q83XD0:Q83XD0,1,100.0,1.0,2.73758375e-24,1499.0
Q83XD0:Q83XD1,0,0.0,0.0,0.0,0.0
Q84406:Q84406,1,91.1,0.911,6.9035e-29,1243.0
Q84FS5:Q84FS6,1,100.0,1.0,1.7190200000000002e-33,1373.0
Q84IX8:Q84IX9,1,99.05,0.9904999999999999,2.7165e-55,3711.0
Q84IX8:Q84IY0,1,99.65,0.9964999999999999,3.6545e-26,3141.0
Q84IX9:Q84IY0,1,98.69999999999999,0.987,3.6545e-26,1690.0
Q858G5:Q858G8,0,0.0,0.0,0.0,0.0
Q85FP8:Q85FY7,1,100.0,1.0,1.333e-13,2354.5
Q85FQ6:Q85FY6,0,0.0,0.0,0.0,0.0
Q85FQ6:Q85G73,0,0.0,0.0,0.0,0.0
Q85FS8:Q85FY7,1,100.0,1.0,0.00033755,2234.5
Q85FS9:Q85FY6,1,100.0,1.0,1.264e-15,2273.5
Q85FS9:Q85FY7,1,100.0,1.0,9.39e-22,2618.0
Q85FS9:Q85FZ1,1,100.0,1.0,1.34500001264e-07,508.5
Q85FY0:Q85FY7,1,96.4,0.964,2.3945e-15,2340.5
Q85FY6:Q85G47,1,100.0,1.0,1.0175e-13,2445.0
Q85FY7:Q85G47,1,100.0,1.0,1.151e-12,2263.5
Q85FY7:Q85G51,1,100.0,1.0,3.809e-06,2300.5
Q85FZ1:Q85G47,1,100.0,1.0,3.72010175e-09,462.0
Q86TS9:Q8TCC3,0,0.0,0.0,0.0,0.0
Q86TV6:Q86TV6,1,80.5,0.8049999999999999,4.43e-51,3669.0
Q86TV6:Q9BYI3,1,89.9,0.899,1.506e-24,2656.5
Q86U44:Q9HCE5,1,92.25,0.9225,9.7108265e-37,1522.0
Q86VN1:Q96H20,1,100.0,1.0,1.7395600000000002e-27,1243.5
Q86VN1:Q9BRG1,1,100.0,1.0,4.738500000001728e-15,932.0
Q875M0:Q8J287,1,100.0,1.0,5.1307145e-24,950.0
Q87GI3:Q87GI4,1,100.0,1.0,1.3445008495e-13,721.0
Q87RI8:Q87RI8,1,44.15,0.4415,1.3913499999999998e-22,1163.5
Q88JL2:Q88JL2,1,13.55,0.1355,5.2815e-05,321.5
Q89VT6:Q89VT8,1,62.8,0.628,0.00022095,1170.5
Q89VT8:Q89VT8,1,18.05,0.1805,5.22e-13,604.5
Q8AYA3:Q8JIV9,1,100.0,1.0,2.46557e-18,808.0
Q8AYM0:Q8AYM0,1,78.8,0.788,4.917e-14,752.0
Q8AYM0:Q8AYM1,1,100.0,1.0,9.8625e-17,891.5
Q8CGP6:Q9D2U9,1,100.0,1.0,2.3673900000000004e-13,595.5
Q8CII9:Q9JIE6,0,0.0,0.0,0.0,0.0
Q8CIX8:Q8CIX8,1,23.25,0.2325,9.8495e-28,1334.5
Q8CM25:Q8DIN8,0,0.0,0.0,0.0,0.0
Q8CM25:Q8DIQ1,1,100.0,1.0,3.7655e-42,2518.0
Q8CM25:Q8DJ43,1,83.75,0.8375,1.7445e-05,1144.0
Q8DF91:Q8DF91,1,99.85,0.9984999999999999,2.0677e-54,2516.0
Q8DHA7:Q8DIQ1,0,0.0,0.0,0.0,0.0
Q8DHN2:Q8DHN2,1,73.8,0.738,2.9695028615000005e-45,1973.5
Q8DHN2:Q8DHX3,1,100.0,1.0,4.6155e-09,1207.5
Q8DHN2:Q8DIW5,0,0.0,0.0,0.0,0.0
Q8DIN8:Q8DIQ1,0,0.0,0.0,0.0,0.0
Q8DIQ1:Q9F1L5,1,100.0,1.0,2.428e-12,1767.5
Q8DIS5:Q8DIS5,1,89.55000000000001,0.8955,1.56695e-65,2865.5
Q8DIS5:Q8DIS7,1,100.0,1.0,3.716e-16,2060.0
Q8DJ01:Q8DLN5,1,49.6,0.496,0.00021660000000023774,420.0
Q8DJ01:Q8DMU4,1,100.0,1.0,4.96e-09,697.5
Q8DJ02:Q8DKZ4,1,100.0,1.0,1.683e-12,860.0
Q8DJ02:Q8DLN5,0,0.0,0.0,0.0,0.0
Q8DJD9:Q8DKZ4,1,100.0,1.0,8.05e-33,1852.5
Q8DJD9:Q8DL31,1,100.0,1.0,1.837e-30,1797.5
Q8DJU2:Q8DL31,1,100.0,1.0,2.65050000001837e-19,931.5
Q8DJU2:Q8DLN5,1,100.0,1.0,7.435064e-13,581.0
Q8DKX9:Q8DL29,1,98.9,0.989,9.295e-14,2205.0
Q8DKX9:Q8DL30,1,100.0,1.0,4.8635e-21,2259.5
Q8DKX9:Q8DMR6,1,98.85,0.9884999999999999,2.324e-54,3466.5
Q8DKZ3:Q8DL31,0,0.0,0.0,0.0,0.0
Q8DKZ4:Q8DL31,1,100.0,1.0,1.84505e-30,1184.0
Q8DL31:Q8DL32,1,100.0,1.0,2.569000032715e-28,1494.5
Q8DL31:Q8DL61,1,100.0,1.0,2.1565e-09,765.0
Q8DL31:Q8DLL4,0,0.0,0.0,0.0,0.0
Q8DQF7:Q8DQF8,1,96.25,0.9625,9.655000000000816e-39,1970.0
Q8DYM4:Q8DYM5,1,94.4,0.944,1.1465001933e-71,3055.5
Q8DYM5:Q8DYM6,1,94.85,0.9485,1.6295e-46,2477.0
Q8E0S7:Q8E0S7,1,95.2,0.952,2.548e-32,1314.5
Q8EIX3:Q8EIX4,1,99.15,0.9915,6.53e-11,1586.0
Q8EIX4:Q8EIX4,1,100.0,1.0,1.3278e-09,436.0
Q8GAV3:Q8GAV3,1,83.55,0.8354999999999999,4.5955e-11,519.5
Q8GAV3:Q8GAV4,0,0.0,0.0,0.0,0.0
Q8GNY5:Q8GNY5,1,98.3,0.983,1.22795e-31,1348.0
Q8GU20:Q8GU20,1,99.15,0.9915,4.0891e-77,3326.5
Q8H1R0:Q9CAJ0,1,99.05000000000001,0.9904999999999999,2.955e-28,1707.0
Q8HAX7:Q9P0J0,1,100.0,1.0,3.5395100000000003e-16,703.0
Q8I261:Q8I6T3,1,97.15,0.9715,2.1539000000000001e-32,1397.5
Q8I261:Q8IDG3,1,93.25,0.9325,3.319491e-30,1319.0
Q8I261:Q8IJT1,1,97.15,0.9715,1.0447e-31,1344.0
Q8I261:Q8IKC9,1,62.8,0.628,1.0455000000000002e-16,1026.5
Q8I374:Q8IBI3,1,84.65,0.8465,3.883e-20,1278.5
Q8I374:Q8IK90,1,86.8,0.868,3.883e-20,1270.0
Q8I3R0:Q8IIU8,1,100.0,1.0,1.541e-24,1435.0
Q8I3R0:Q8IL02,1,100.0,1.0,1.541000000000003e-24,1331.5
Q8I713:Q8IAX6,1,95.0,0.95,2.3420000000000005e-11,737.0
Q8IAX5:Q8IFP2,1,100.0,1.0,4.825e-22,898.0
Q8IBI3:Q8IDG2,1,94.05,0.9404999999999999,8.5405e-35,1435.5
Q8IBY4:Q8IJK8,1,100.0,1.0,3.8735e-16,633.5
Q8IBY4:Q8IKM5,1,56.3,0.563,1.6670341550000001e-10,519.0
Q8IDB0:Q8IJK8,1,67.75,0.6775,0.00030960005645,338.0
Q8IDG2:Q8IDG3,1,100.0,1.0,9.4195e-38,1546.5
Q8IDR9:Q8IIU8,1,97.85,0.9784999999999999,9.390000000036165e-30,1491.0
Q8IE09:Q8IEM3,1,100.0,1.0,8.69000000000741e-09,647.5
Q8IE09:Q8IJC6,1,75.3,0.753,5.985e-18,1489.5
Q8IEM3:Q8IJC6,1,100.0,1.0,2.4245e-09,1569.0
Q8IFJ9:Q8IFK4,1,100.0,1.0,4.5625e-13,621.0
Q8IFK2:Q8IFK4,1,91.5,0.915,4.081315e-11,570.0
Q8IFK4:Q8IFK4,1,70.25,0.7025,2.0400016315e-07,491.0
Q8IFP2:Q8IIA2,1,100.0,1.0,4.0115003515000004e-16,796.5
Q8IG33:Q8IG33,1,41.1,0.41100000000000003,4.5745000000000004e-08,365.5
Q8IIJ8:Q8IIJ8,1,98.3,0.983,1.241255e-78,3834.5
Q8IIJ8:Q8IKC8,0,0.0,0.0,0.0,0.0
Q8IJK8:Q8IKM5,1,63.5,0.635,1.6394155000000001e-12,553.0
Q8IJT1:Q8IKC9,1,62.35,0.6234999999999999,3.5975e-14,973.5
Q8IXH7:Q8WX92,1,100.0,1.0,5.86e-14,1894.0
Q8IXH7:Q9H3P2,1,99.8,0.998,3.63e-23,1739.5
Q8IXL6:Q96MK3,1,95.85,0.9585,6.05676e-55,2688.5
Q8IXM3:Q96A35,1,100.0,1.0,2.508000000000006e-16,943.0
Q8IYU8:Q9BPX6,1,96.45,0.9645,9.760000001119e-31,1815.5
Q8JU63:Q8JU67,0,0.0,0.0,0.0,0.0
Q8JU64:Q8JU67,0,0.0,0.0,0.0,0.0
Q8JU64:Q9E3V8,0,0.0,0.0,0.0,0.0
Q8JU64:Q9E3W0,0,0.0,0.0,0.0,0.0
Q8JU67:Q9E3W0,1,23.3,0.23299999999999998,0.00025525,678.0
Q8JZL3:Q8JZL3,1,93.5,0.935,1.7469555000000002e-29,1324.5
Q8K3J1:Q91WD5,1,98.8,0.988,1.519e-27,1775.0
Q8K3J1:Q9DC70,1,100.0,1.0,7.234e-27,1025.5
Q8K3J1:Q9Z1P6,1,85.9,0.859,1.08e-05,649.5
Q8KNF1:Q8KNF1,1,93.4,0.934,1.7725e-36,1477.5
Q8LTE3:Q8LTE4,1,99.4,0.994,2.2260000000000002e-35,1911.5
Q8N4T8:Q8N4T8,1,99.55,0.9955,9.6455e-41,1628.5
Q8N4T8:Q92506,1,98.4,0.984,9.115780999999999e-41,1697.0
Q8N5N7:Q9BYD3,1,99.4,0.994,1.576e-16,1093.0
Q8N983:Q9H9J2,1,21.45,0.21450000000000002,2.5811499999999998e-12,561.5
Q8NBP7:Q8NBP7,1,93.65,0.9365,1.625675e-41,1783.0
Q8NKS2:Q8NKS2,1,94.4,0.944,1.6802750000000002e-41,2011.5
Q8NNL5:Q8NS29,1,62.3,0.623,4.3325e-06,1496.5
Q8NS29:Q8NS29,1,59.25,0.5925,8.444999999999999e-05,250.0
Q8PJB3:Q8PJB5,1,98.65,0.9864999999999999,5.825e-17,1155.5
Q8PJB5:Q8PJB5,1,8.7,0.087,0.0003882,244.0
Q8PJB5:Q8PJB6,1,91.15,0.9115,1.22201267e-33,1545.0
Q8PJB6:Q8PJB6,1,27.0,0.27,1.3715000000000002e-16,743.0
Q8PPZ5:Q8PPZ5,1,19.9,0.199,3.376e-11,537.0
Q8PS64:Q8PS64,1,23.4,0.23399999999999999,2.7675e-06,290.5
Q8QY02:Q8QY02,1,61.0,0.61,2.6805e-31,1436.5
Q8RCC2:Q8RCC2,1,40.5,0.405,6.71531e-22,968.0
Q8RCC2:Q8RCC3,1,25.5,0.255,0.00041875,603.5
Q8RM02:Q8RM03,1,99.44999999999999,0.9944999999999999,1.832e-27,3092.0
Q8RM02:Q8RM04,1,99.75,0.9975,1.443e-27,3025.5
Q8SRR4:Q8SUP0,1,98.8,0.988,3.349000000007505e-18,934.5
Q8ST28:Q8ST28,1,35.0,0.35,3.4539e-15,699.0
Q8ST28:Q8SVZ5,1,95.3,0.9530000000000001,2.977e-30,2312.5
Q8T3S4:Q8T3S4,0,0.0,0.0,0.0,0.0
Q8TAE8:Q9BYD3,0,0.0,0.0,0.0,0.0
Q8TAE8:Q9P015,0,0.0,0.0,0.0,0.0
Q8TBC4:Q8TBC4,1,94.85,0.9485,2.2995000854e-63,2784.0
Q8TCC3:Q9BQC6,0,0.0,0.0,0.0,0.0
Q8TCC3:Q9NX20,1,100.0,1.0,5.3e-20,1093.5
Q8TCD0:S6B291,1,91.55,0.9155,6.870121299999999e-32,1586.0
Q8TCJ2:Q9H0U3,1,92.7,0.927,4.442e-13,2604.0
Q8TDF6:Q8TDF6,1,90.75,0.9075,1.8804500000000001e-34,1942.0
Q8TDP1:Q8TDP1,1,85.75,0.8574999999999999,1.4009e-16,723.0
Q8U000:Q8U005,1,100.0,1.0,2.22446775e-09,446.0
Q8U093:Q8U093,1,99.45,0.9944999999999999,4.266e-62,2662.5
Q8U093:Q8U094,1,57.949999999999996,0.5795,5.455e-24,1671.0
Q8U094:Q8U094,1,99.15,0.9915,3.9920000000000003e-38,1603.0
Q8U0E7:Q8U0M8,1,84.80000000000001,0.8480000000000001,4.6476385e-21,1018.0
Q8U0Z6:Q8U0Z7,1,96.1,0.9610000000000001,3.3615e-25,1644.0
Q8U0Z6:Q8U0Z8,1,100.0,1.0,8.905e-24,1596.5
Q8U0Z7:Q8U0Z8,1,96.1,0.9610000000000001,9.24115e-24,962.5
Q8VIM0:Q8VIM0,1,39.8,0.398,1.4529e-09,460.0
Q8VLK7:Q8VPC2,1,98.25,0.9824999999999999,1.587e-22,1413.5
Q8VLK7:Q8VPC3,1,97.6,0.976,2.449e-11,1121.0
Q8VPC2:Q8VPC3,1,99.35,0.9935,2.44900000001587e-11,758.5
Q8VUS7:Q8VUS8,0,0.0,0.0,0.0,0.0
Q8VUS7:Q8VUT0,1,100.0,1.0,9.185e-45,2754.5
Q8VW82:Q8VW85,1,98.95,0.9895,3.6755e-45,2793.0
Q8WUW1:Q9NYB9,0,0.0,0.0,0.0,0.0
Q8WVK7:Q8WVK7,0,0.0,0.0,0.0,0.0
Q8WVK7:Q96BD8,0,0.0,0.0,0.0,0.0
Q8WVS4:Q96EX3,1,90.6,0.906,1.46245e-58,2607.0
Q8WWY3:Q8WWY3,1,96.5,0.965,4.7265e-26,1417.0
Q8WXE1:Q8WXE1,1,13.7,0.137,0.0005946,274.0
Q8YJQ6:Q8YJQ6,1,97.0,0.97,8.482e-41,1648.0
Q8YVQ2:Q93SW9,0,0.0,0.0,0.0,0.0
Q8Z6A3:Q8Z6A3,1,49.7,0.497,3.8221e-08,396.0
Q8Z6A3:Q8Z6A4,1,39.95,0.3995,2.0170000000182002e-07,557.0
Q8Z6A4:Q8Z6A7,1,98.55,0.9855,6.1850008055e-29,1316.5
Q8ZPG9:Q8ZPH0,1,100.0,1.0,3.97e-43,2903.0
Q8ZQZ7:Q8ZRW0,1,97.1,0.971,1.4365e-26,2229.0
Q8ZRW0:Q8ZRW0,1,94.2,0.942,1.112e-69,3453.0
Q91753:Q91753,1,92.05,0.9205,9.9051122e-54,2633.0
Q91753:Q91754,1,96.94999999999999,0.9695,1.122000000504e-58,3161.0
Q91VD9:Q9CXZ1,1,94.9,0.949,5.89e-20,2504.5
Q91VD9:Q9DCT2,1,93.15,0.9315,5.4e-32,2774.5
Q91WD5:Q9CPP6,1,91.3,0.913,6.29e-11,1429.5
Q91WD5:Q9DC70,1,98.8,0.988,5.715e-27,1785.5
Q91WD5:Q9DCT2,1,98.8,0.988,2.0235e-35,1977.0
Q91YT0:Q9CXZ1,1,96.9,0.969,5.89e-20,1764.0
Q92506:Q92506,1,96.80000000000001,0.968,6.877e-43,1728.5
Q92542:Q96BI3,1,100.0,1.0,1.05e-24,2657.0
Q92542:Q9NZ42,1,100.0,1.0,1.199e-12,2275.5
Q92665:Q96EL2,1,100.0,1.0,6.776335e-14,605.5
Q92834:Q92834,1,99.7,0.997,1.214625e-67,2879.5
Q92905:Q92905,1,38.150000000000006,0.3815,3.599e-16,675.5
Q92905:Q99627,1,94.15,0.9415,1.0325e-23,1469.5
Q92905:Q9BT78,1,58.0,0.58,8.435e-06,1128.0
Q92905:Q9H9Q2,1,100.0,1.0,3.7175e-28,1565.0
Q92956:Q92956,1,97.05,0.9704999999999999,3.0492e-14,693.0
Q92BJ8:Q92BJ8,1,69.6,0.696,2.1036e-15,674.0
Q92M24:Q92M25,1,100.0,1.0,5.36e-13,1600.0
Q92M25:Q92M25,0,0.0,0.0,0.0,0.0
Q939U1:Q939U4,1,99.8,0.998,2.2755000000000004e-19,1111.0
Q939U4:Q939U4,0,0.0,0.0,0.0,0.0
Q93AT8:Q93AT8,1,99.45,0.9944999999999999,3.917e-79,3776.0
Q93MS3:Q93MS3,1,27.950000000000003,0.2795,2.7444e-17,760.0
Q93TK0:Q93TK0,1,40.0,0.4,1.08065e-59,2409.0
Q93UT0:Q93UT1,1,100.0,1.0,4.34e-47,2282.0
Q93UT1:Q93UT1,1,58.6,0.586,4.2845e-21,1791.5
Q93VE0:Q93WL4,1,100.0,1.0,1.031055e-30,1364.0
Q93WD2:Q93WL4,1,100.0,1.0,2.067089e-29,1328.0
Q93WE0:Q93WL4,1,100.0,1.0,1.20655e-30,1349.0
Q93WL4:Q93WL4,1,100.0,1.0,7.6465e-29,1277.0
Q93WL4:Q9FEK6,1,100.0,1.0,2.2867300000000003e-30,1374.0
Q940H6:Q940H6,1,92.45,0.9245,3.4706665e-37,1820.0
Q940H6:Q9CAJ0,1,96.1,0.961,9.610000000000007e-37,1937.5
Q950Y8:Q951C1,0,0.0,0.0,0.0,0.0
Q951A1:Q951B0,0,0.0,0.0,0.0,0.0
Q951A1:Q951B8,0,0.0,0.0,0.0,0.0
Q951A5:Q951C1,0,0.0,0.0,0.0,0.0
Q951C1:Q951C1,0,0.0,0.0,0.0,0.0
Q95477:Q95477,1,80.3,0.803,2.32886e-41,1843.0
Q96A35:Q9BRJ2,1,88.7,0.887,9.1252579e-22,1002.0
Q96A35:Q9HD33,1,100.0,1.0,4.618114e-27,1178.5
Q96BP2:Q9Y2Q9,1,100.0,1.0,1.69407e-13,572.5
Q96BZ9:Q96BZ9,1,18.45,0.1845,3.8115e-08,515.0
Q96BZ9:Q9H0U4,1,29.2,0.292,3.679500000000262e-07,616.0
Q96CW9:Q96CW9,1,29.1,0.291,5.26e-30,1237.5
Q96CW9:Q9HBW1,1,95.05000000000001,0.9505,1.16029555e-51,2422.5
Q96DI7:Q99459,1,84.3,0.843,2.3675000001049997e-47,2388.0
Q96EL3:Q9NVS2,1,97.2,0.972,2.759085e-16,694.0
Q96EX3:Q9NP97,1,60.8,0.608,9.780000000014486e-13,839.0
Q96EY7:Q9Y291,1,79.5,0.7949999999999999,3.967e-11,1337.0
Q96GA7:Q96GA7,1,27.2,0.272,1.13445e-23,1033.5
Q96H20:Q9BRG1,1,100.0,1.0,4.738500000000011e-15,963.5
Q96JM7:Q96JM7,1,97.9,0.979,7.094500000000001e-55,2351.5
Q96MK3:Q96MK3,1,98.65,0.9864999999999999,6.007e-54,2663.0
Q96PU5:Q96PU5,1,82.0,0.82,7.124e-50,2326.0
Q96QV1:Q96QV1,1,97.45,0.9744999999999999,5.0432999999999997e-70,3033.5
Q96SW2:Q96SW2,1,95.6,0.956,1.6092511e-50,2220.5
Q96Y29:Q974U9,1,99.15,0.9915,8.035e-49,3498.0
Q96Y29:Q974V0,1,99.7,0.997,1.9245e-24,3083.5
Q96Y66:Q96Y66,1,91.0,0.91,2.522500216e-88,3669.0
Q96Y66:Q96Y68,1,93.65,0.9365,6.825e-46,2808.0
Q96Y68:Q96Y68,1,87.35,0.8734999999999999,2.828500000006825e-34,1586.0
Q970U6:Q970U6,1,34.85,0.3485,1.6576799999999998e-28,1218.0
Q970U6:Q976J8,1,100.0,1.0,7.435e-08,1189.0
Q974U9:Q974V0,1,99.45,0.9944999999999999,1.9245e-24,1532.5
Q97EM7:Q97EM8,1,96.3,0.963,5.1e-15,1238.5
Q97EM8:Q97EM8,1,97.65,0.9764999999999999,5.9715e-47,1907.5
Q97LM8:Q97LM8,1,27.0,0.27,9.669e-18,753.0
Q97P32:Q97P32,1,61.2,0.612,3.8165e-51,2168.5
Q97P32:Q97P33,1,98.8,0.988,5.435e-41,2204.5
Q97QZ1:Q97QZ1,1,96.8,0.968,1.3524e-35,1547.0
Q97QZ1:Q97QZ2,1,98.8,0.988,1.9265e-08,977.0
Q97QZ2:Q97QZ2,0,0.0,0.0,0.0,0.0
Q97Z79:Q980A5,1,98.3,0.983,3.746e-36,2127.0
Q97Z83:Q97ZS7,0,0.0,0.0,0.0,0.0
Q97Z83:Q9UWW1,1,100.0,1.0,7.72e-22,1513.5
Q97ZJ9:Q980A3,1,98.85,0.9884999999999999,1.862500000001272e-10,730.0
Q97ZJ9:Q980Q9,1,100.0,1.0,6.883615e-10,444.0
Q97ZJ9:Q980R2,1,97.6,0.976,2.5805e-10,2669.5
Q97ZS7:Q9UWW1,1,100.0,1.0,9.565000000000505e-14,988.0
Q97ZX7:Q980R1,1,96.95,0.9695,4.4725e-05,2103.5
Q980L5:Q980R2,1,86.15,0.8614999999999999,9.55e-09,2690.0
Q980R1:Q980Z8,1,97.95,0.9795,5.91e-08,2018.0
Q98459:Q98505,0,0.0,0.0,0.0,0.0
Q99459:Q9BW85,1,89.55,0.8955,7.98863e-19,894.0
Q99459:Q9BZJ0,1,93.15,0.9315,1.36983e-21,1143.0
Q99459:Q9HCS7,1,81.25,0.8125,1.0500116949999999e-57,3202.5
Q99459:Q9UMS4,1,86.9,0.869,3.31850003228e-13,796.0
Q99471:Q9UHV9,1,100.0,1.0,9.305000883e-11,582.5
Q99538:Q99538,1,38.5,0.385,1.5246749999999998e-36,1617.5
Q99598:Q99598,1,90.8,0.908,8.380999999999999e-24,1241.0
Q99627:Q9H9Q2,1,94.15,0.9415,1.032537175e-23,1140.5
Q99627:Q9UBW8,1,93.4,0.9339999999999999,2.562510935e-22,1103.5
Q99627:Q9UNS2,1,93.4,0.9339999999999999,2.5625e-22,1627.5
Q99748:Q99748,1,44.3,0.443,2.6375e-08,389.5
Q99832:Q9NQP4,1,67.6,0.6759999999999999,3.734e-12,1036.5
Q99933:Q99933,1,94.95,0.9495,1.131e-10,493.0
Q99LY9:Q9CQH3,1,100.0,1.0,2.069500010575e-12,631.0
Q99LY9:Q9ERS2,1,76.25,0.7625,4.720691e-10,457.5
Q9AJC4:Q9AJC4,1,97.3,0.973,5.0960000000000004e-86,4004.0
Q9AJC4:Q9AQH6,1,90.25,0.9025,2.4805e-53,3094.5
Q9AQ22:Q9AQ22,1,23.35,0.23349999999999999,6.2575e-07,318.0
Q9AYV4:Q9AYV5,1,97.7,0.977,5.83e-11,1054.0
Q9B6C7:Q9B6C8,1,59.65,0.5965,1.35725e-13,659.5
Q9B6C7:Q9B6D4,1,95.0,0.95,7.681715e-10,434.5
Q9B6C7:Q9B6E9,1,82.6,0.8260000000000001,6.448e-12,504.5
Q9B6C8:Q9B6D4,1,100.0,1.0,9.155e-11,1391.5
Q9B6D3:Q9B6D4,1,100.0,1.0,3.72e-11,2102.0
Q9B6D3:Q9B6E9,1,100.0,1.0,2.231e-17,2249.5
Q9BPX6:Q9BPX6,1,91.19999999999999,0.912,1.4455000000000001e-36,1871.5
Q9BQ15:Q9BQ15,1,97.15,0.9715,3.3035e-14,671.5
Q9BQ48:Q9HD33,1,100.0,1.0,7.68e-06,655.5
Q9BQI0:Q9BQI0,1,89.1,0.891,2.9540040949999997e-08,499.0
Q9BRG1:Q9BRG1,1,100.0,1.0,8.65885e-14,627.5
Q9BRJ2:Q9HD33,1,95.5,0.9550000000000001,2.5840000154e-26,1218.5
Q9BRJ2:Q9NYK5,1,76.95,0.7695,3.4445e-16,1210.0
Q9BRT9:Q9Y248,1,98.25,0.9824999999999999,2.64835e-27,1127.5
Q9BRX5:Q9Y248,1,97.6,0.976,1.0800009285e-23,1102.5
Q9BS40:Q9UI42,0,0.0,0.0,0.0,0.0
Q9BXJ9:Q9GZZ1,1,95.6,0.956,3.3615e-27,2528.0
Q9BXJ9:Q9NX55,1,96.15,0.9615,4.572e-11,2539.0
Q9BYC8:Q9NRX2,1,100.0,1.0,4.54450578e-18,824.5
Q9BYC8:Q9NWU5,1,72.4,0.724,2.760500000001021e-07,534.0
Q9BYC8:Q9NYK5,1,92.65,0.9265000000000001,2.577e-17,1350.5
Q9BYC9:Q9H9J2,1,88.44999999999999,0.8845000000000001,1.2065e-15,1254.0
Q9BYD1:Q9H9J2,1,86.35,0.8634999999999999,3.06927455e-24,1124.0
Q9BYD1:Q9Y6G3,0,0.0,0.0,0.0,0.0
Q9BYD3:Q9P015,1,95.6,0.956,3.40435e-41,1599.0
Q9BYF1:Q9BYF1,1,96.44999999999999,0.9645,4.9715000002532006e-64,3751.5
Q9BYN8:Q9Y2R5,1,87.35,0.8735,9.3517e-14,612.0
Q9BYN8:Q9Y3D3,1,87.9,0.879,1.22304e-15,636.0
Q9BYN8:Q9Y3D5,1,86.95,0.8695,6.501700000000001e-14,560.0
Q9C9G4:Q9C9G4,1,97.30000000000001,0.973,1.0805e-32,1752.0
Q9CAJ0:Q9SSM7,1,96.25,0.9625,2.2405e-31,1687.5
Q9CPP6:Q9DCT2,1,88.85,0.8885000000000001,6.29e-11,916.0
Q9CPP6:Q9Z1P6,1,80.55,0.8055,1.080004263e-05,373.5
Q9CPU2:Q9CQZ6,1,100.0,1.0,1.40255e-09,392.0
Q9CPU2:Q9CR61,1,100.0,1.0,1.33858355e-09,477.0
Q9CQ18:Q9CWY8,1,92.19999999999999,0.9219999999999999,3.5115e-10,1070.5
Q9CQ54:Q9DCS9,1,78.4,0.784,1.601000033795e-12,658.5
Q9CQ91:Q9DCJ5,0,0.0,0.0,0.0,0.0
Q9CQ91:Q9ERS2,1,100.0,1.0,4.41900001759e-11,516.0
Q9CQC7:Q9D6J5,1,85.85,0.8585,6.89975e-15,590.5
Q9CQH3:Q9DCS9,1,82.9,0.829,1.0578795e-17,726.5
Q9CQJ8:Q9CR21,1,100.0,1.0,5.895000000002324e-13,770.0
Q9CQJ8:Q9D6J5,1,100.0,1.0,2.89295e-24,969.0
Q9CQZ5:Q9DC69,1,100.0,1.0,2.0115e-13,1457.5
Q9CQZ5:Q9DCT2,1,92.55000000000001,0.9255,1.1615e-13,1026.5
Q9CQZ6:Q9CR21,1,100.0,1.0,1.5188e-10,452.5
Q9CR61:Q9DCS9,1,100.0,1.0,8.355000041505e-14,734.0
Q9CXZ1:Q9DC69,1,87.7,0.877,5.89e-20,1363.0
Q9CXZ1:Q9DCT2,1,93.95,0.9395,5.8900000000054e-20,1017.0
Q9D1J1:Q9DBG3,1,95.5,0.955,1.6565e-18,2047.5
Q9D2Y4:Q9QZL0,1,92.35,0.9235,2.1555687e-32,1663.5
Q9DBG9:Q9DBG9,1,37.35,0.3735,7.301e-06,293.5
Q9DC69:Q9DC70,1,92.5,0.925,5.715000000000128e-27,1383.5
Q9DC69:Q9DCT2,1,92.5,0.925,2.02351279e-35,1575.0
Q9DCT2:Q9Z1P6,1,85.15,0.8515,1.08e-05,758.0
Q9E3V8:Q9E3W0,1,94.75,0.9475,7.74e-67,3905.5
Q9E958:Q9E958,1,100.0,1.0,3.210525e-21,842.0
Q9F1Q3:Q9F1Q3,1,100.0,1.0,3.123500743e-19,987.5
Q9FDS0:Q9FDS0,1,97.30000000000001,0.973,3.982e-17,730.0
Q9FZA0:Q9LJ64,1,100.0,1.0,2.727e-06,1221.5
Q9GJ77:Q9GJ77,1,84.30000000000001,0.843,2.700907e-42,1910.0
Q9GZZ1:Q9GZZ1,1,98.15,0.9815,4.10485e-27,1119.0
Q9H1Y0:Q9H1Y0,1,97.55000000000001,0.9755,1.5045e-47,1884.5
Q9H221:Q9H222,1,92.69999999999999,0.927,4.951e-71,3698.0
Q9H222:Q9H222,1,94.4,0.944,1.3244e-67,3566.0
Q9H2W6:Q9NQ50,0,0.0,0.0,0.0,0.0
Q9H3L0:Q9H3L0,1,99.35,0.9935,1.52135e-27,1093.5
Q9H477:Q9H477,1,38.65,0.3865,4.4514082e-30,1328.0
Q9H5Q4:Q9H5Q4,1,88.15,0.8815,1.727455e-42,1820.0
Q9H9J2:Q9Y6G3,1,87.95,0.8795,1.18e-07,1082.0
Q9HB90:Q9Y2Q5,1,99.8,0.998,1.0255e-19,1328.5
Q9HTK8:Q9HTK9,1,100.0,1.0,8.565e-10,1624.0
Q9HVV6:Q9HXH4,1,97.6,0.976,5.857e-40,1830.0
Q9HX32:Q9I5U2,1,100.0,1.0,1.3735e-24,2313.0
Q9HXH4:Q9HXH5,1,97.15,0.9715,3.3386e-38,1987.5
Q9HYZ6:Q9HYZ6,1,71.7,0.717,4.07e-34,1372.5
Q9HYZ6:Q9HYZ7,1,99.8,0.998,2.438e-15,1201.5
Q9HZJ8:Q9HZJ8,1,19.0,0.19,2.426e-05,257.5
Q9I0Q8:Q9I0Q8,1,33.1,0.33099999999999996,1.6685000000000002e-15,640.0
Q9I297:Q9I297,1,66.75,0.6675,1.7019999999999998e-72,3078.0
Q9I297:Q9I299,1,98.75,0.9875,6.175002726e-81,3696.0
Q9I299:Q9I299,1,96.7,0.967,6.1750000013435e-81,3934.0
Q9I2N0:Q9I2N0,1,23.15,0.2315,2.1497e-23,1284.0
Q9I2Q0:Q9I2Q0,0,0.0,0.0,0.0,0.0
Q9I2Q0:Q9I2Q1,1,99.65,0.9964999999999999,2.8039349999999996e-19,864.0
Q9I2Q1:Q9I2Q1,0,0.0,0.0,0.0,0.0
Q9I4L4:Q9I4L4,0,0.0,0.0,0.0,0.0
Q9I4L4:Q9I4L6,0,0.0,0.0,0.0,0.0
Q9I6B4:Q9I6B4,1,93.15,0.9315,4.77285e-37,1549.0
Q9I6T0:Q9I6T0,1,79.4,0.794,1.3902e-82,3357.0
Q9ICW1:Q9ICW1,0,0.0,0.0,0.0,0.0
Q9JHF9:Q9QUK6,1,58.1,0.581,2.5305e-16,893.0
Q9JIF7:Q9QZE5,1,91.44999999999999,0.9145,5.64e-53,3960.0
Q9JL85:Q9JL85,1,81.6,0.816,3.212e-15,710.5
Q9K6M5:Q9K6M5,0,0.0,0.0,0.0,0.0
Q9KDE1:Q9KDE1,1,87.95,0.8795,3.8890000000000003e-29,1178.5
Q9KKG7:Q9KKG8,1,100.0,1.0,1.1525e-17,1263.5
Q9KPS2:Q9X4Q6,1,32.85,0.3285,8.3500701e-10,734.0
Q9KPS2:Q9X4Q7,1,35.3,0.353,6.415701000000001e-11,731.0
Q9KQH9:Q9KQH9,1,37.45,0.3745,2.11635e-42,1646.0
Q9KTW3:Q9KTW3,1,68.95,0.6895,1.6534500000000001e-65,2537.0
Q9KVR1:Q9KVR1,1,62.6,0.626,1.37e-14,760.0
Q9KX50:Q9KX50,1,13.649999999999999,0.1365,0.0005993,244.0
Q9KX50:Q9KX51,1,95.5,0.9550000000000001,1.322e-13,1248.5
Q9L868:Q9L869,1,100.0,1.0,5.695e-47,2749.5
Q9L869:Q9L869,0,0.0,0.0,0.0,0.0
Q9LJ64:Q9LJ64,1,99.7,0.997,3.492e-46,2212.0
Q9M602:Q9M602,1,75.45,0.7545,9.2433e-52,2201.0
Q9NBA8:Q9NBA8,1,96.8,0.968,0.0,5279.5
Q9NQR1:Q9NQR1,1,98.05,0.9804999999999999,1.77875e-25,1082.5
Q9NQT5:Q9Y3B2,1,95.5,0.9550000000000001,4.1640000000015385e-27,1413.5
Q9NR50:Q9UI10,1,85.25,0.8525,3.912000000000003e-35,1880.5
Q9NRN9:Q9NRN9,1,96.35,0.9635,1.1718000000000001e-35,1397.0
Q9NRN9:Q9UI30,1,98.3,0.983,2.0235e-20,1103.5
Q9NSD9:Q9NSD9,1,58.099999999999994,0.581,6.22e-10,2361.0
Q9NSD9:Q9Y285,1,99.9,0.999,8.380000000000101e-82,3880.5
Q9NW64:Q9Y3C6,1,76.25,0.7625,3.843500000511e-11,697.0
Q9NWU5:Q9Y6G3,1,90.75,0.9075,5.435e-10,729.5
Q9NYB9:Q9Y2A7,1,99.2,0.992,7.01e-19,3256.0
Q9NYK5:Q9Y6G3,0,0.0,0.0,0.0,0.0
Q9NYY1:Q9UHF4,1,99.15,0.9915,4.911e-18,1183.5
Q9P289:Q9Y376,1,99.25,0.9924999999999999,4.1370009895000003e-32,1836.0
Q9P7Y4:Q9USH1,1,97.3,0.973,2.1925e-11,1721.0
Q9P7Y4:Q9Y7N2,1,97.3,0.973,9.775e-13,1710.0
Q9P805:Q9P805,1,30.549999999999997,0.3055,3.988215e-08,466.0
Q9Q0U6:Q9Q0U6,1,90.19999999999999,0.902,5.605e-15,640.0
Q9QJ26:Q9QJ27,1,35.8,0.358,4.536000000764e-09,659.0
Q9QJ26:Q9WT32,0,0.0,0.0,0.0,0.0
Q9QJ27:Q9QJ27,0,0.0,0.0,0.0,0.0
Q9QJ27:Q9WT35,0,0.0,0.0,0.0,0.0
Q9QUK6:Q9QUK6,1,88.35,0.8835,6.326e-61,3329.5
Q9R1P0:Q9R1P3,1,67.6,0.6759999999999999,9.7300000006155e-26,1249.0
Q9R1P3:Q9R1P3,1,60.1,0.601,2.2345000000000012e-17,1025.0
Q9R1P4:Q9Z2U1,1,98.9,0.989,1.1024755e-41,1679.0
Q9R1T5:Q9R1T5,1,18.950000000000003,0.1895,2.50237e-08,396.0
Q9RE09:Q9RE09,1,96.75,0.9675,7.405329199999999e-26,1143.5
Q9RQJ2:Q9RQJ2,1,19.3,0.193,5.458e-21,917.5
Q9RSK9:Q9RSW6,1,98.55,0.9855,6.0150000003524496e-05,406.0
Q9RSK9:Q9RXK1,1,100.0,1.0,3.70500002162e-12,655.0
Q9RW50:Q9RW50,1,98.65,0.9864999999999999,3.924625e-31,1473.5
Q9RW50:Q9ZNA2,1,97.2,0.972,4.6150014920000004e-27,1247.5
Q9RX88:Q9RXJ5,1,96.8,0.968,8.235000000035381e-15,817.0
Q9RXX8:Q9RXX8,0,0.0,0.0,0.0,0.0
Q9SBR3:Q9SBR4,1,97.35,0.9735,6.141123e-26,1572.0
Q9SCL7:Q9SCL7,1,46.6,0.466,1.5058e-31,1251.5
Q9SCL7:Q9ZST4,1,100.0,1.0,1.592e-20,1386.5
Q9SLP6:Q9SLP6,1,34.099999999999994,0.341,4.7865e-27,1094.0
Q9SSM7:Q9SSM7,1,97.55,0.9755,9.764499999999999e-30,1256.0
Q9TM20:Q9TM21,0,0.0,0.0,0.0,0.0
Q9TM20:Q9TM47,1,100.0,1.0,3.843e-07,1248.0
Q9TM21:Q9TM47,0,0.0,0.0,0.0,0.0
Q9TM46:Q9TM47,1,100.0,1.0,2.007500578e-45,2515.0
Q9TM46:Q9ZQS5,1,100.0,1.0,7.995e-14,1702.0
Q9UBE0:Q9UBT2,1,93.15,0.9315,3.028e-51,2877.0
Q9UBQ5:Q9Y262,1,94.8,0.948,3.659500000257e-14,1010.5
Q9UBU9:Q9UBU9,1,99.5,0.995,1.6825000000000019e-22,1275.5
Q9UBU9:Q9UKK6,1,98.1,0.981,7.905046255e-23,1069.5
Q9UBW8:Q9UNS2,1,100.0,1.0,1.0935000000002045e-27,1744.0
Q9UHA4:Q9Y2Q5,1,98.65,0.9864999999999999,7.9645e-20,784.0
Q9UI42:Q9UI42,1,54.900000000000006,0.549,3.8415e-55,2231.5
Q9UJX2:Q9UJX4,1,97.05,0.9704999999999999,5.605000011595001e-54,3458.0
Q9UJX2:Q9UM11,1,93.9,0.9390000000000001,7.69500000023985e-54,3023.0
Q9UJX4:Q9UJX5,1,96.1,0.961,1.1595e-62,3800.5
Q9UJX5:Q9UJX6,1,97.1,0.971,1.153e-69,3852.5
Q9UK45:Q9Y4Y9,1,100.0,1.0,8.1795e-10,498.0
Q9UK55:Q9UK55,1,36.9,0.369,3.3345000000000003e-37,1590.0
Q9UK80:Q9UK80,1,90.05,0.9005000000000001,5.0225000000000005e-55,2264.0
Q9US45:Q9Y821,1,80.4,0.804,5.03000283e-18,842.5
Q9UUT7:Q9UUT8,1,100.0,1.0,1.8165000000000001e-28,1079.5
Q9UUT7:Q9UUU0,1,100.0,1.0,9.975058650000001e-29,1225.5
Q9UUT7:Q9UUU1,1,100.0,1.0,9.975e-29,1822.0
Q9UUT8:Q9UUU1,1,100.0,1.0,7.22e-31,1809.0
Q9UUT9:Q9UUU2,1,67.9,0.679,6.67e-20,1473.5
Q9UUT9:Q9UUU3,1,58.2,0.5820000000000001,1.667e-20,1907.0
Q9UUU1:Q9UUU3,1,99.85,0.9984999999999999,2.4395e-61,3795.0
Q9UUU2:Q9UUU3,1,62.400000000000006,0.624,5.16e-52,2928.0
Q9UXC0:Q9UXC2,1,99.05,0.9904999999999999,5.47036015e-42,1761.5
Q9UXC0:Q9UXC4,1,99.05,0.9904999999999999,3.466500000036015e-35,1642.5
Q9UXC2:Q9UXC4,1,100.0,1.0,3.466500547e-35,1555.0
Q9V2F3:Q9V2F3,1,93.35,0.9335,2.47865e-73,3048.0
Q9V2F3:Q9V2F4,1,91.44999999999999,0.9145,8.7e-73,4862.5
Q9V2S9:Q9V2T8,1,94.80000000000001,0.948,1.0949850000000001e-59,2980.0
Q9V2T8:Q9V2T8,1,99.6,0.996,7.725999999999999e-68,3296.0
Q9V444:Q9V452,1,100.0,1.0,4.007095e-08,384.5
Q9V452:Q9V452,1,30.1,0.301,0.0004029,212.5
Q9V4Q8:Q9V4Q8,1,61.1,0.611,3.1698e-20,850.5
Q9V535:Q9VEC5,1,96.25,0.9625,7.915e-15,2686.0
Q9V9W2:Q9VNB9,1,100.0,1.0,2.478500008005e-18,936.5
Q9V9W2:Q9VZS5,1,98.1,0.981,3.801000000011015e-13,759.0
Q9VA91:Q9VBU9,1,100.0,1.0,3.815e-12,839.5
Q9VB22:Q9VB22,1,99.85,0.9984999999999999,1.3487550000000002e-35,2048.5
Q9VBN5:Q9VJ19,1,70.5,0.7050000000000001,4.11035e-16,652.0
Q9VGW6:Q9W2V7,1,98.7,0.987,6e-16,2132.0
Q9VNB9:Q9VNE9,1,100.0,1.0,2.4785000000001525e-18,1052.5
Q9VQY9:Q9W2V7,1,100.0,1.0,6.0000000535e-16,827.0
Q9W0A8:Q9W499,1,100.0,1.0,1.784004172e-13,651.5
Q9W0I7:Q9W2V7,1,100.0,1.0,6.02747e-16,742.0
Q9W0I7:Q9XYU1,1,97.95,0.9795,2.747e-18,2014.0
Q9W2V7:Q9XYU1,1,97.95,0.9795,6e-16,1967.0
Q9WT50:Q9WT50,0,0.0,0.0,0.0,0.0
Q9WTV6:Q9WTV6,1,95.05000000000001,0.9504999999999999,2.5990250000000003e-56,2315.0
Q9WXZ2:Q9WZX7,1,100.0,1.0,1.0025000000000604e-34,1710.5
Q9WXZ2:Q9X1W7,1,97.05,0.9704999999999999,7.09e-28,1562.0
Q9WXZ2:R4NRX5,1,97.05,0.9704999999999999,1.38e-27,1562.5
Q9WYT9:Q9WYT9,1,38.1,0.381,1.5946999999999999e-09,409.0
Q9WYT9:Q9WZV7,1,29.85,0.2985,2.261500005285e-08,563.0
Q9WYT9:R4NPW0,1,29.85,0.2985,2.261500005285e-08,563.0
Q9WYU3:Q9WYU4,1,99.15,0.9915,4.879000000000004e-33,1607.5
Q9WYU4:Q9WYU4,1,69.55,0.6955,1.6809999999999998e-34,1434.5
Q9X005:Q9X005,1,13.65,0.1365,1.8935e-05,270.5
Q9X005:Q9X006,1,96.05,0.9604999999999999,9.50000001693e-27,1173.5
Q9X0C6:Q9X0C6,1,99.19999999999999,0.992,7.180839500000001e-40,1716.0
Q9X0C6:Q9X0C8,1,98.30000000000001,0.983,2.3511235e-37,1560.5
Q9X0D2:Q9X0D2,1,99.75,0.9975,1.4550000000000001e-39,1496.0
Q9X0D2:Q9X0D3,1,100.0,1.0,1.2220035880000001e-39,1647.5
Q9X0X1:Q9X0X2,1,99.5,0.995,4.593e-13,997.5
Q9X0X1:Q9X0X3,1,98.4,0.984,4.593e-13,2156.0
Q9X0Z9:Q9X100,1,100.0,1.0,3.6750000000000003e-70,3059.0
Q9X1I9:Q9X1R4,1,96.15,0.9615,2.4935e-30,2851.0
Q9X1R4:Q9X1R4,1,46.25,0.4625,6.8672999999999996e-71,3607.0
Q9X1X0:Q9X1X1,1,68.8,0.688,3.1540000000000022e-40,2029.0
Q9X1X1:Q9X1X1,1,41.75,0.4175,1.2888e-39,1782.5
Q9X4Q6:Q9X4Q7,1,40.55,0.40549999999999997,8.9915e-10,579.0
Q9X4Q7:Q9X4Q8,0,0.0,0.0,0.0,0.0
Q9XJR1:Q9XJR6,0,0.0,0.0,0.0,0.0
Q9XJR6:Q9XJR6,0,0.0,0.0,0.0,0.0
Q9XYU0:Q9XYU1,1,96.9,0.969,1.4605000000002194e-71,3492.5
Q9Y2Q9:Q9Y399,1,89.94999999999999,0.8995,6.15e-15,967.5
Q9Y2Q9:Q9Y3D9,1,91.8,0.9179999999999999,6.150038565e-15,691.5
Q9Y2Z4:Q9Y2Z4,1,94.75,0.9475,1.0605499999999999e-44,2152.5
Q9Y376:Q9Y376,1,98.55,0.9855,4.11135e-33,1992.5
Q9Y3D5:Q9Y3D9,1,100.0,1.0,1.3787559499999998e-13,597.5
Q9Y5K2:Q9Y5K2,1,96.8,0.968,6.341e-36,1599.5
Q9Y5Z4:Q9Y5Z4,1,99.4,0.994,2.82425e-27,1214.5
Q9YAV0:Q9YAZ5,1,31.15,0.3115,5.355e-25,1579.5
Q9YBF1:Q9YBF1,1,60.3,0.603,7.145e-07,763.5
Q9YBF1:Q9YE85,1,100.0,1.0,5.71138e-29,1183.5
Q9Z2U0:Q9Z2U1,1,98.7,0.987,2.6400000000000003e-39,1602.5
S0BAP9:S0BBU7,1,65.95,0.6595,7.225000004849501e-08,638.5
S0BBU7:S0BBU7,1,73.05,0.7305,3.28250048495e-10,702.5
S0BBU7:S0BCU7,1,78.4,0.784,7.331099999999999e-14,749.5
S5UCA2:S5UCA2,1,70.2,0.702,3.6419999999999998e-47,2006.0
S6B291:S6B291,1,98.05,0.9804999999999999,2.9707550000000004e-29,1438.0
S6C4S0:S6C4S0,1,83.85,0.8385,2.0885e-32,1481.5
T2G9X8:T2GAT5,1,99.05,0.9904999999999999,4.066500000000483e-22,1326.5
T2G9X8:T2GB49,1,99.35,0.9935,4.8305e-35,2688.5
T2GAT5:T2GAT5,0,0.0,0.0,0.0,0.0
T2GB49:T2GB49,1,34.9,0.349,9.187e-49,2223.5
U5T880:U5T8F2,0,0.0,0.0,0.0,0.0
V5IRU7:V5IRU7,0,0.0,0.0,0.0,0.0
V5IRU7:V5IRV0,0,0.0,0.0,0.0,0.0
V5IRV0:V5IRV0,1,97.8,0.978,7.323700000000001e-19,821.0
V5V9F4:V5V9F4,1,100.0,1.0,4.14815e-22,1243.0
W0RYI4:W0RYM0,1,100.0,1.0,9.051e-19,946.0
W0RYM0:W0RYM0,1,100.0,1.0,4.473e-19,964.0
W0RYM0:W0RZ90,1,100.0,1.0,5.9250001626e-19,1062.5
W0RYM0:W0RZB2,1,99.7,0.997,7.669799999999999e-18,951.0
W0RYM0:W0RZE2,1,100.0,1.0,1.3615e-18,947.0
W0RYM0:W0RZJ2,1,98.05,0.9804999999999999,5.925e-19,2589.0
W0RYM0:W0S1U6,1,100.0,1.0,5.951798e-16,893.0
W0RYM0:W0S279,1,99.65,0.9964999999999999,4.4468e-18,949.5
W0RZ90:W0RZB2,1,99.7,0.997,2.342500001626e-17,1045.5
W0RZE2:W0RZJ2,1,98.05,0.9804999999999999,7.69e-19,2592.0
W0S1U6:W0S279,1,99.65,0.9964999999999999,1.658e-17,911.5
W1B6A5:W1B6A5,1,59.25,0.5925,1.8134e-33,1387.5
W1B6A5:W1B830,1,92.05000000000001,0.9205,4.12145e-38,1776.0
W1B6A5:W1B8C5,1,95.30000000000001,0.9530000000000001,1.4556175e-39,1886.5
W1B830:W1B8C5,1,93.65,0.9365,5.9256965e-30,1638.5
W1Q731:W1Q9V2,0,0.0,0.0,0.0,0.0
W5NQT7:W5PGA3,1,100.0,1.0,5.035000000003167e-13,764.0
W5NQT7:W5PZE3,1,99.2,0.992,2.160008295e-11,546.0
W5NQT7:W5Q5T4,1,100.0,1.0,5.3755e-11,470.0
W5NQT7:W5QC06,1,100.0,1.0,5.7025e-13,604.5
W5NRY1:W5PUX0,1,99.05000000000001,0.9904999999999999,6.215e-26,1779.5
W5P0I2:W5PB27,0,0.0,0.0,0.0,0.0
W5P2X9:W5Q0A9,1,100.0,1.0,4.3890185000000005e-31,1355.5
W5P5V3:W5Q1B0,1,94.25,0.9424999999999999,1.86800000528e-14,747.0
W5P6B2:W5Q0A9,1,100.0,1.0,2.633e-06,882.0
W5P9Q8:W5PYA5,1,95.55000000000001,0.9555,2.07672e-13,658.5
W5P9Q8:W5QHN8,1,94.4,0.944,7.1302671e-15,652.5
W5PB27:W5PE07,1,95.7,0.957,1.837500000658e-17,863.5
W5PB27:W5PI58,1,93.1,0.931,6.58e-27,1507.5
W5PB27:W5PJ73,1,99.1,0.991,1.1755e-34,1874.0
W5PB27:W5PNX7,1,100.0,1.0,5.255e-15,1070.0
W5PB27:W5PPP6,1,96.9,0.969,9.804499999999999e-27,1055.0
W5PB27:W5QB34,1,96.15,0.9615,2.8685e-33,2818.5
W5PB27:W5QC06,1,100.0,1.0,5.665e-14,1059.0
W5PE07:W5PUX0,1,96.80000000000001,0.968,1.9035e-20,1749.5
W5PE07:W5QC06,1,98.25,0.9824999999999999,2.78450001537e-11,624.5
W5PFI3:W5PFI3,1,98.9,0.989,2.5585e-97,5876.5
W5PGA3:W5PZE3,1,89.4,0.894,2.6360000000037244e-09,581.0
W5PGA3:W5Q1B0,1,92.65,0.9265,1.530082e-17,754.5
W5PGA3:W5Q5G6,1,90.8,0.908,5.82e-21,1790.5
W5PGA3:W5Q5T4,1,84.65,0.8465,1.858000000036705e-08,542.0
W5PGA3:W5QHN8,1,96.6,0.966,6.6376e-17,670.0
W5PI58:W5QC06,1,96.4,0.964,1.0935e-13,1217.0
W5PNX7:W5QBF5,1,96.5,0.965,3.9475e-12,981.5
W5PUP9:W5Q0A9,1,93.2,0.9319999999999999,5.87e-11,983.5
W5PWF1:W5QHN8,1,100.0,1.0,3.94900030585e-12,582.0
W5PYA5:W5QHN8,1,100.0,1.0,2.0530850000000002e-17,765.0
W5Q0A9:W5Q0A9,1,97.0,0.97,1.1756e-33,1489.5
W5Q1B0:W5QF73,1,91.35,0.9135,1.6600295e-14,609.0
W5QFF9:W5QHN8,1,100.0,1.0,2.455500030585e-11,577.5
W5QG39:W5QHN8,1,93.8,0.938,9.100000000000248e-06,452.5
